"","baseMean","log2FoldChange","lfcSE","stat","pvalue","padj"
"EIF3H",3265.12741380323,0.598615709324121,0.178534380166369,3.35294361100811,0.000799569948009109,0.00249107439263272
"ZNF546",125.404565576518,1.98306920050288,0.355501144485128,5.57823577016878,2.42970192898831e-08,2.10334371069364e-07
"ZNF84",667.72622613727,1.90749461439412,0.229647706917728,8.3061774924558,9.88343611791765e-17,5.75448533500876e-14
"DENR",1314.72583056628,0.748299336846944,0.18922839456641,3.95447701472904,7.67022448765927e-05,0.000303679527915406
"CLASP2",906.984394275192,1.70378737168207,0.232497359624272,7.32820095004726,2.33262781586592e-13,1.51897040272637e-11
"CLIC4",7033.6859897963,1.50215770932779,0.211690546083976,7.09600753135142,1.2841248286425e-12,5.35503964327701e-11
"ATG4C",148.304892729137,1.68820395778639,0.305899670411413,5.5188158768392,3.41291552207648e-08,2.85795582381667e-07
"MRPS31",219.008559076626,0.900779636010268,0.268701064625545,3.35234859327994,0.000801290563474692,0.00249486442191649
"UHRF2",544.101658336017,1.0452900898918,0.226839409656847,4.60806211527826,4.06439256217871e-06,2.1274118233974e-05
"TOP2A",5131.74033220109,1.4630576749769,0.211824221365169,6.90694230125223,4.95211226808714e-12,1.56410159104018e-10
"LNX2",141.232919140043,0.963810096056314,0.297814280289879,3.236278982721,0.00121098965150343,0.00360709466463465
"PPM1L",221.156195052974,1.46845431183142,0.276215409110801,5.31633740694881,1.05876742973207e-07,7.90322776733637e-07
"TBCB",985.921809161381,-0.968845861401002,0.204255274676268,-4.74330889587337,2.10255289011814e-06,1.16327940225765e-05
"FAIM2",320.827803856271,-0.990846473140684,0.252973305648653,-3.91680248870543,8.97312059380575e-05,0.000350497030929318
"MID1",2286.67901148401,0.691582905737857,0.196973059128622,3.51105328209508,0.000446334927795118,0.00148448357369492
"SYNE1",2339.71812046488,1.65242218124168,0.244238908114469,6.7655976437105,1.32760022003726e-11,3.42847009919888e-10
"TMEM30A",972.264845090632,1.12653109688661,0.227212858195718,4.95804289348901,7.12068444567388e-07,4.39404829446883e-06
"POU2F1",1141.47902175929,1.4770976985688,0.26413456418745,5.59221661546929,2.24188876118296e-08,1.96373583700787e-07
"PGM2",114.806046668827,1.42084384248981,0.362860078898058,3.91567969340872,9.01498701492549e-05,0.000351993457490069
"ESS2",238.169908379025,-0.84240298335132,0.257902279874951,-3.26636501142904,0.00108937731721125,0.00329040484765241
"VCPKMT",164.314662130585,0.81066408416691,0.280913644697289,2.88581241769326,0.00390404768649646,0.00990827282075434
"PALM2",212.344124459453,1.98591082068964,0.35601658625775,5.57814129269774,2.43102162561479e-08,2.10334371069364e-07
"ICK",499.347031375315,1.4019188216492,0.247685997524234,5.6600649033946,1.51315756894534e-08,1.40763473847942e-07
"GNG2",1683.05963385982,1.37432975290345,0.187351888021063,7.33555325980457,2.2080740776706e-13,1.46855183309971e-11
"FKTN",765.302111988546,2.04818484690353,0.280172309159794,7.31044710680301,2.66254943109816e-13,1.67859326554201e-11
"SLC16A9",327.738620188046,1.32850032536698,0.247479602055814,5.36812050096704,7.9561391772694e-08,6.12362873846132e-07
"ZNF195",234.459712300091,1.62074048715501,0.314052449463296,5.160731877509,2.45986272962607e-07,1.687298773239e-06
"SLC7A14",389.400947254954,0.981098285323837,0.244356049787051,4.01503578969637,5.94367748387301e-05,0.000239928710176897
"PSMG3",305.245489471526,-0.867700229807937,0.251489168217059,-3.45024891513033,0.000560069887666696,0.00182054901416255
"KLHL9",752.507669274502,1.21978403806594,0.232465174352082,5.24716892096061,1.54454271205513e-07,1.11265529577305e-06
"SIRT6",243.09043608475,-0.970396522979574,0.283944216863393,-3.4175604409173,0.000631850628140717,0.00202593376007024
"EPRS",1508.37759604251,1.66050725656907,0.229231088147214,7.24381352455423,4.36241121938646e-13,2.29044578213477e-11
"PSMB6",1693.95159591273,-0.749101692052518,0.194806616653413,-3.84536061927132,0.000120375273619068,0.00045790717074617
"NAA16",302.220435518553,1.57455152827349,0.295790952755741,5.32319029234722,1.01962982360359e-07,7.6514753555939e-07
"VPS41",867.800720148375,1.45432223526518,0.245338785895418,5.92781214742425,3.06997401973126e-09,3.48870296754305e-08
"ATP2B1",1547.47001250408,1.69974215875404,0.236779623537489,7.17858290911983,7.04376711643647e-13,3.18352543006796e-11
"CLDN12",245.740769003295,1.64732681497712,0.285909741850275,5.7617022921863,8.32697810392432e-09,8.35060073684326e-08
"SNRPB",2919.20535752803,-1.07410501820998,0.189986024255363,-5.65360016569564,1.57121476419132e-08,1.45616888913537e-07
"THUMPD2",139.856839329624,1.10134117420256,0.314646131439162,3.50025334544914,0.000464816173681852,0.00153871253749263
"ZNF585A",307.251101208389,1.51070036568922,0.245868652815107,6.14433905417486,8.02971606398444e-10,1.10080511913183e-08
"NTNG1",558.560510587286,0.78672903504938,0.211023952969812,3.72815040177891,0.000192890255058094,0.000702799592297232
"PCYOX1",2524.43380316295,1.17584431122111,0.21932512955177,5.36119282648623,8.26742096301874e-08,6.3336635210495e-07
"ZFP37",250.789720182222,1.3833862338163,0.254365015966967,5.43858686131569,5.37048257569113e-08,4.294213032989e-07
"GGPS1",688.964419010203,1.26817025769948,0.216000569316546,5.8711431257433,4.32800414355919e-09,4.70933337564607e-08
"MYO1C",2932.42057233853,-0.562463179197062,0.184126756864947,-3.05476069189453,0.00225240167322024,0.00621559794458386
"PPP4R2",765.290739769549,1.18169028349091,0.22758185694176,5.19237473219718,2.07628566793658e-07,1.44827875554872e-06
"CAPG",2059.06561270092,-0.777092924965625,0.19830104241174,-3.91875360570278,8.90080455058388e-05,0.00034794693302401
"CD63",10701.2343234399,-0.581243149545374,0.190612355598163,-3.04934665815008,0.00229339677898639,0.00631082605460308
"COG6",197.506612053141,1.85704047421094,0.282603457445496,6.57118809160039,4.99153567822471e-11,1.02929625298059e-09
"ST3GAL4",530.234416925065,-0.737218161457832,0.220260475086318,-3.34702883560441,0.000816827131745536,0.00253765064344548
"KCTD9",2330.27100646802,1.44113075028049,0.231738991252783,6.21876682249167,5.01077290773322e-10,7.36948443398862e-09
"NCBP2",1430.00973066176,1.07443295545547,0.189394093093339,5.67300140097801,1.40317081799071e-08,1.32146382078706e-07
"ETNK1",919.560513697022,1.64356726381368,0.256478246236048,6.40821312502675,1.47234999280787e-10,2.570250481272e-09
"CPSF6",1745.41023704484,0.61589792518317,0.183159375226004,3.36263390516156,0.0007720267327164,0.00241133499540137
"MAN1A2",496.085812344715,1.04692952080371,0.212962510983827,4.91602731376145,8.83180807669071e-07,5.33357146693622e-06
"ZNF700",158.9832449273,1.24316680587408,0.351183501068768,3.53993511110492,0.00040022542359964,0.00134422505693561
"FAM200A",196.3524630791,1.57364000576878,0.285429004090232,5.51324491631309,3.52277469082144e-08,2.93258401091259e-07
"RC3H1",1145.36647350203,1.60789998284884,0.254068300855216,6.32861312267808,2.47374470097374e-10,4.02054598526076e-09
"SQSTM1",18299.9790103147,-0.657832398463485,0.181295007650298,-3.62851910259098,0.000285051661280377,0.000995568575636264
"HNRNPU",6979.27490880272,0.822858883807046,0.189396938780913,4.34462610168635,1.39513083640691e-05,6.51983239790158e-05
"AP4E1",216.926233918199,1.7792858418236,0.343226442003064,5.18399990233771,2.17177045914632e-07,1.50638990922427e-06
"KRIT1",628.148823363936,1.88638443596426,0.267824070651329,7.04337153631002,1.87643002085865e-12,7.17100553917333e-11
"ZBTB1",597.839477751849,1.5045191729134,0.248285955198984,6.05962254976376,1.36441340977285e-09,1.72037757069194e-08
"NFXL1",154.320633613042,1.35995951911105,0.333742118169527,4.07488130826883,4.60378217490588e-05,0.0001907418834961
"CTSB",5852.78936857101,-0.507493804714846,0.173664345402004,-2.92226826145621,0.00347492102619918,0.00894299748240236
"ADCY7",148.988879142822,0.937130058199122,0.317520389604324,2.95140119778424,0.00316335732995165,0.00827073221355511
"ZNF415",225.550336656317,1.26502668586136,0.26286276580032,4.81249857510182,1.49054935849671e-06,8.50833768765882e-06
"MIOS",321.079692924734,1.17558525637097,0.267556144424578,4.39378904528338,1.11391913227743e-05,5.32122180081177e-05
"HSPA4",1671.43095877319,0.828284410221569,0.192636445362466,4.29972847901687,1.71007493915984e-05,7.83263384905326e-05
"ARMC8",700.664931633139,1.36615571024351,0.236214121438972,5.78354800263908,7.31413038675804e-09,7.41754739427573e-08
"ZNF160",653.680028534916,1.69028920521985,0.269354922582938,6.27532323898552,3.48908663557255e-10,5.4130061941845e-09
"IRF2BP1",270.371049081164,-0.745221417808217,0.250430621127175,-2.97575997078159,0.00292263515708849,0.00773356059143881
"DUS3L",286.756239280326,-0.766405313920791,0.256974421300098,-2.98241867826126,0.00285980612465127,0.0075929079994094
"CLOCK",572.854667206987,1.85335815800627,0.284173547567765,6.52192357054032,6.94113847008355e-11,1.36046314013638e-09
"DDX46",656.888839589389,1.76730229525964,0.238355552897634,7.41456313383496,1.22026369679782e-13,9.51037013457071e-12
"HLA-DRB5",278.73654066514,-0.933543544379495,0.261279515906435,-3.57296874629009,0.000352956900903512,0.00120095132524681
"FOXJ3",1726.37686381207,0.824494807857856,0.210937923217516,3.90870828384732,9.27909277128251e-05,0.000361307868804698
"OXR1",728.028473086242,1.39338138541336,0.232099393205364,6.00338228450466,1.93248887463931e-09,2.32415247644956e-08
"MTM1",144.019949737412,1.70152395040955,0.309482730173278,5.49796090223474,3.84208086193985e-08,3.17171946384325e-07
"FASTKD1",261.107005765781,1.32704190137261,0.260077380155322,5.10248873077729,3.35215713737951e-07,2.23582556238426e-06
"SOCS5",641.930630822698,1.47619199612125,0.22276903837021,6.62655819193345,3.43604056062343e-11,7.5577621042335e-10
"SECISBP2",808.660147475503,0.783576164833174,0.208962778462446,3.74983607415037,0.000176950205032635,0.000647966381580843
"RPA2",857.107871658224,-0.598588515462852,0.20051166577203,-2.98530518490336,0.00283295526993786,0.00753960457529715
"CCT3",5066.64810627857,-0.541113518591013,0.177470673934529,-3.04903061781709,0.0022958108217766,0.00631571303889517
"SMAD4",949.443056701698,0.955257132103516,0.219960603113755,4.34285557768495,1.40642594488264e-05,6.56332107611899e-05
"TMEM167A",882.125388441951,1.73103938311294,0.238152902753675,7.26860501424742,3.63218732151143e-13,2.0223493428215e-11
"C5orf22",362.659695769052,1.25415368132193,0.267987547196604,4.6798953699212,2.87021356040121e-06,1.54650919003e-05
"NOTCH3",998.628847850813,-0.599350416855918,0.201404741258237,-2.97585058381245,0.00292177177836852,0.00773356059143881
"RARS",915.237653743736,0.557889428707472,0.192290708664258,2.90128125577587,0.00371640147492289,0.00947577068490127
"RAB30",847.822643018286,1.2152933641346,0.216377659939344,5.61653806809479,1.9482134289336e-08,1.73568105486811e-07
"C7orf50",357.114664214345,-0.865341412937107,0.246440930280601,-3.51135427037959,0.000445829826329021,0.00148330205748055
"EMSY",922.318540639927,1.31623063278327,0.256303073442875,5.13544615404946,2.81475464396085e-07,1.90824941547428e-06
"SGMS2",196.217603189709,1.42378426032826,0.274238002301921,5.19178322616556,2.08289431673548e-07,1.45186534838365e-06
"RPS6KA5",142.436970710962,1.50454541138527,0.344554922015266,4.36663450513299,1.26175600244017e-05,5.95558460283872e-05
"ALMS1",717.597507565612,1.57861813516923,0.279709521922366,5.64377688796516,1.66359633136813e-08,1.52465523035942e-07
"JMY",339.80015799122,1.59389516871384,0.280501733218198,5.68230060622823,1.32894808966366e-08,1.26358580129596e-07
"ZSCAN12",295.798102612413,1.17367099500512,0.240830963548006,4.87342232790248,1.09681402182139e-06,6.45437882757914e-06
"BCL7B",481.342319116836,-0.828070575806934,0.221705274208831,-3.73500620931079,0.000187710555672852,0.000684583301418529
"ERAP1",236.143821738847,1.32584476316639,0.289178645612482,4.58486400459566,4.54282020334737e-06,2.35541301061982e-05
"IARS2",1670.45326687248,0.823978524110204,0.198831901253059,4.14409618837524,3.41156535431981e-05,0.000144739279370156
"PTPRN",156.342644654071,-1.02273278817111,0.303749134515539,-3.36703111863117,0.00075982113880902,0.00237856678090724
"MMP16",1535.15734141685,1.45943004009207,0.26100822237082,5.59150982614881,2.25103552589054e-08,1.97000438861755e-07
"PDCL",796.34432000456,0.636166333233798,0.197188860575015,3.22617784482702,0.00125455375999539,0.00371894972040563
"PTMA",5996.17164180795,-0.611810261011038,0.184398123052621,-3.31787683563595,0.00090704470921012,0.00278990942565624
"SELENOH",572.712101644703,-0.731238242814988,0.22094767832798,-3.30955386518939,0.000934447839138012,0.0028670690365121
"KATNBL1",154.515279005857,1.19817628182633,0.307174500023274,3.90063720046928,9.59398356427029e-05,0.000372397056153519
"MPP6",298.227228499749,1.32091147871436,0.26115853838972,5.05789122139747,4.23918118116398e-07,2.74603503476185e-06
"ZNF737",202.752025804583,1.58829281900345,0.282008338441383,5.63207750445149,1.78051628886734e-08,1.61683947038614e-07
"SLC7A1",2338.34465232649,-0.915798315219133,0.180514304512017,-5.07327282286467,3.91031239053543e-07,2.56150046601719e-06
"AURKAIP1",256.443759311221,-0.932059134271582,0.282321684445061,-3.30140823615324,0.000962007974262836,0.0029443274363802
"TMA7",910.751605111422,-0.595857170263647,0.199104831318479,-2.99268062114746,0.00276538975801476,0.00739779130400814
"KIAA0753",824.742993721689,0.710027745369167,0.208447294356974,3.40626990414765,0.000658570372855463,0.00209801401690485
"EXOC8",326.570224191658,1.41802329956667,0.253009148179233,5.60463251930374,2.08697266207599e-08,1.84766148561969e-07
"ZFAND6",930.984000293504,0.768980610397606,0.210930897235666,3.64565182472271,0.000266714890925102,0.000938479911260809
"SOCS6",1108.18175537869,1.20443296067759,0.219287623384641,5.49248034197061,3.96327678357264e-08,3.2636034612148e-07
"TGDS",245.607485423056,1.38402468365779,0.280961066245267,4.92603726969626,8.39139988405247e-07,5.09558748787432e-06
"CNOT3",241.269631900077,-1.12820969955229,0.355725925375052,-3.17157007424405,0.00151617283866479,0.00439703450252097
"CRYZL1",475.279226523494,0.734095773848906,0.214087928746527,3.4289451915715,0.000605931877034349,0.00195350508465327
"EEF1A2",218.87498920076,-0.901713521113724,0.289724996181228,-3.1123083372126,0.00185630506281352,0.00525714091894942
"RABGGTB",458.285963864405,1.02848253000033,0.219787038232755,4.67945033642595,2.8764502195238e-06,1.54902634781537e-05
"RC3H2",1833.31432041504,1.56941531072599,0.231858609442176,6.76884638660524,1.29813278996039e-11,3.37241951575537e-10
"NCBP1",1397.70756631238,1.09107162601179,0.228385125512408,4.7773322521064,1.77636129173751e-06,1.00045554123029e-05
"UHMK1",1967.42503364777,1.61069597712144,0.257176464982623,6.26299913263941,3.77642720999935e-10,5.79520566272458e-09
"TMX4",1697.51246997842,0.831143856854263,0.194300691249309,4.27761657207803,1.88905038672697e-05,8.55344040614068e-05
"REV3L",956.828504407757,1.72642522842054,0.277471081575336,6.22200057252379,4.90855245390787e-10,7.22988871856846e-09
"NEPRO",633.106000775174,1.40114324724294,0.217916778371854,6.4297171503335,1.27841607334926e-10,2.29650858330507e-09
"IPO7",2561.99050439749,1.38959247934115,0.22061393863267,6.29875196442085,3.00051676287646e-10,4.72915842658459e-09
"CWC27",337.639350275397,0.974044938606038,0.228656940591839,4.2598529311417,2.0456145735463e-05,9.19087292281492e-05
"INVS",834.140789013851,0.761990924610833,0.202056386350787,3.77117961165529,0.000162477669830636,0.000600524262876639
"KXD1",1286.29515383603,-0.658740410493865,0.1952080575436,-3.37455542964324,0.000739350246936402,0.00232541745922355
"TMEM237",1075.34604020137,0.637280031754539,0.214264991629807,2.97426110960577,0.00293695042147724,0.00776440578840323
"FEN1",882.961933315845,-0.877256350881719,0.201732542624353,-4.34861098496766,1.37002481804597e-05,6.42373550403554e-05
"RAB5A",739.188643783334,1.06752310023844,0.218108939137328,4.89444909713811,9.85814878686518e-07,5.882538998904e-06
"TNFAIP6",131.895843357797,0.976414156157315,0.304695634384749,3.2045557795041,0.00135271076573023,0.00398486046404698
"ZNF680",165.906432138386,1.24951927203592,0.288862896464712,4.32564821348926,1.52083969006401e-05,7.03752746715921e-05
"RAB1B",2803.71477871041,-0.968105447063043,0.191565103275091,-5.05366285670948,4.33416411014814e-07,2.79711075410188e-06
"CDC45",282.927343837156,-1.20520942830107,0.240268028288094,-5.01610404383875,5.27297812679712e-07,3.33708040275178e-06
"SWAP70",1302.35024082844,1.33359473147372,0.20853355407827,6.3951086306867,1.60433256572828e-10,2.776168485241e-09
"DTYMK",806.425756328192,-1.14092807374364,0.216720145779845,-5.26452245423761,1.40554221251607e-07,1.02445190128748e-06
"CCDC117",532.508312685452,0.74883465067102,0.217286818771713,3.44629579881586,0.000568327901493473,0.00184436379310898
"TSNAX",375.031512155583,2.0558504383987,0.2523333502809,8.14735918224882,3.7195763478676e-16,1.75316031862826e-13
"ZNF770",626.989860390283,1.68674403504321,0.229060710161988,7.36374227535737,1.78824790135813e-13,1.29047820004986e-11
"PDCD4",1111.69336836893,1.01166867275118,0.19312136082668,5.23851255200668,1.61875968327335e-07,1.15936927243413e-06
"POLDIP3",3664.16012072558,-0.560826928947053,0.180816158248295,-3.10164165846799,0.00192450767573205,0.00542081014327426
"SSR1",2078.46282549185,1.11119771101193,0.211752415365787,5.24762708889252,1.54070762505322e-07,1.11070095213232e-06
"PM20D2",285.853102591441,0.994574876639285,0.255792811143312,3.88820495851253,0.000100988332971432,0.00039030945714613
"EIF4E",411.828363979226,1.08886983513394,0.249305385871706,4.36761456767838,1.25610909753974e-05,5.93459085797057e-05
"CLDND1",1262.62622785601,0.786547039610113,0.222531714472346,3.53453907221775,0.0004084870371751,0.0013682587796816
"CREBRF",677.675304781948,1.87724202295908,0.247371772537788,7.5887479145274,3.23011472522528e-14,3.61264053680743e-12
"SEPT10",1142.98584771065,1.34030246850177,0.224791957944218,5.9624128939451,2.48540150417095e-09,2.88738310895353e-08
"WWTR1",3680.72589376624,0.986362205345357,0.198408324927586,4.97137509580485,6.64796878453296e-07,4.12032529926783e-06
"VPS13A",531.093128882767,1.73106886390885,0.287240245696928,6.02655404262303,1.67492323566906e-09,2.05687223159459e-08
"METAP2",1133.8886972979,1.62850443685768,0.212624598133189,7.65905944634674,1.87299692728797e-14,2.40765241380471e-12
"ACVR2B",203.729374869587,1.09722957643642,0.308631072149943,3.5551494176949,0.00037776434868218,0.00127557933028519
"VPS50",232.099278498819,1.33670259203809,0.272202883232558,4.9106849132677,9.07588239238305e-07,5.45766001942937e-06
"SNAPC2",439.425265092524,-0.772516859800581,0.244487885548967,-3.15973471677744,0.00157912848679374,0.00456090276109846
"GPX4",5351.25008639296,-0.695380879619013,0.188346456824183,-3.69203058737726,0.000222470700845251,0.000794951262442707
"HEATR1",1392.14076610079,1.39801462454938,0.240433920698085,5.81454821553602,6.07978605630528e-09,6.28816325865304e-08
"ZNF528",390.682091988173,1.54475966287436,0.240280253073371,6.42899132623546,1.2845345608118e-10,2.30331939907883e-09
"UHRF1",372.430537521234,-1.07914073200557,0.228038573018558,-4.73227278052538,2.22019771600905e-06,1.22222007747817e-05
"ZRANB3",152.307347003002,1.35806207670786,0.308413569840409,4.4033797780383,1.06577355357691e-05,5.11096251613578e-05
"ZNF347",272.398342257838,1.77169043785088,0.302906515221469,5.84896774688228,4.94632978895649e-09,5.27005083434783e-08
"NSUN3",330.627291329275,1.68067897412357,0.2589139138262,6.49126556887846,8.51182824813975e-11,1.62331552986681e-09
"TUBB2A",333.168902285806,-1.03351151786036,0.235603523212174,-4.38665561435441,1.15106821648441e-05,5.48544689781545e-05
"ILK",2050.40866670602,-0.538793855537322,0.185434317793677,-2.90557789921502,0.00366575588748988,0.00937077783429103
"GUF1",402.732236399927,1.62601989732442,0.263180806395077,6.17833769717803,6.47800368511083e-10,9.19932288023343e-09
"MYL6",5886.48694530808,-0.660134029350774,0.17551236987423,-3.76118235896318,0.00016911207853731,0.000622951750413954
"MRPL4",648.50259739815,-0.738545893803334,0.213764905031689,-3.45494455085529,0.000550406006285469,0.00179266819684553
"ZFP30",277.246555284599,1.16462439092168,0.286518479107465,4.06474442608242,4.80851233773734e-05,0.000198311062995518
"SYNE2",1359.20796023771,1.41037573236087,0.229567910504722,6.14361009454699,8.06667146017524e-10,1.10434182728651e-08
"TTYH3",2182.7766392398,-0.653905040116122,0.187638787013612,-3.4849140229663,0.000492295197442267,0.00162154338245709
"PDE3B",143.936537117902,0.959778824067123,0.310552843669701,3.09054914044815,0.00199786742507625,0.00559719552035232
"GPALPP1",325.040833463889,0.751977827222698,0.259974896768825,2.8925016860046,0.00382187130860418,0.00971715443425743
"CFAP97",523.861548416147,1.92610759615721,0.264661199460691,7.27763495397929,3.39723098028862e-13,1.95498792109865e-11
"WRAP53",317.731614359598,-0.778994142990529,0.240245870258201,-3.24248713267503,0.00118491298757157,0.00354114394655296
"PHAX",657.186644400728,1.18881628315151,0.21063612874734,5.6439334041194,1.662083863123e-08,1.52465523035942e-07
"IDI1",846.182750127118,1.04026274916781,0.22008940586911,4.7265462190691,2.28370829870462e-06,1.25369632504594e-05
"SNX18",331.273431322473,0.851812421415267,0.233839836987448,3.64271730766297,0.000269775061478421,0.000947563363560472
"PRIMPOL",157.9770002221,0.953842716841459,0.291526239625721,3.27189318555359,0.00106829928617548,0.00323349827924949
"RFX7",635.995602695574,1.59279787676498,0.283318777214406,5.6219283890231,1.88837546585618e-08,1.68844989711332e-07
"NME7",221.042336834543,1.23107854603338,0.278155751288227,4.4258604768439,9.60585989816667e-06,4.64933013555275e-05
"DLD",1182.47342588894,1.35724852637623,0.227627030203947,5.96259822552788,2.48258321636394e-09,2.88738310895353e-08
"HS3ST3B1",853.699772744394,0.629762444187952,0.197987712494219,3.18081580040651,0.00146860975452162,0.00428167874823417
"LRRC15",134.771370404987,-0.895148916300721,0.299621076926913,-2.98760329373984,0.00281174261898319,0.00749747533477791
"NEURL1B",289.79226385756,-0.736791528189258,0.237477389437341,-3.10257549122865,0.00191844611374389,0.00540755350503908
"ERAP2",250.077231642471,1.82536715870804,0.283016921134736,6.44967499253883,1.12090267230346e-10,2.06990571836935e-09
"TMEM132B",2555.52172255003,1.11458085223485,0.193908857282935,5.74796256268247,9.03252311594134e-09,8.97629656642443e-08
"E4F1",272.492261453405,-0.815099976395416,0.252675989601472,-3.22587032381279,0.0012559024535843,0.0037218330795142
"EHBP1",1641.08716893698,1.44455296991908,0.238131600311498,6.06619603626513,1.30975250794227e-09,1.6620423491811e-08
"AGO2",2934.51642634319,0.891226926765453,0.208096119542707,4.28276571770744,1.84584496753587e-05,8.3731317546609e-05
"SLC25A24",594.865000162633,1.37801073076971,0.220522030799023,6.24885743060106,4.13466107632609e-10,6.27631794516766e-09
"ZNF780A",260.639553037533,1.8123250382749,0.298663214509896,6.06812272227402,1.29414003738508e-09,1.64857118275901e-08
"PYROXD1",155.782573435644,1.04277704349165,0.355190370953134,2.93582576772397,0.00332661110786419,0.00863540433927084
"ZNF578",146.505629448748,1.01880867529889,0.33202363247558,3.06848240802204,0.00215148995514772,0.0059734775809403
"GALC",251.400756890062,1.05873807140555,0.259737531002564,4.07618439783775,4.57807193802218e-05,0.000189756097330584
"ZNF383",258.300422195905,1.06025657210155,0.250437036187265,4.233625298571,2.29953965727155e-05,0.000102158184594586
"ITFG1",594.339096142135,0.919485034393039,0.213117315164917,4.3144548516929,1.59997226440471e-05,7.35214738768701e-05
"PLAGL1",850.688288938452,1.29158833970816,0.237205398194962,5.44502085338962,5.17993167958672e-08,4.17515991567992e-07
"ZNF574",555.395530022274,-0.67023001186266,0.214547767811288,-3.1239197624847,0.00178459114335307,0.00507582848761744
"ZNF280D",284.73476681205,1.38468731556595,0.258673312440783,5.35303507926795,8.64910735088337e-08,6.6056222653583e-07
"AASS",359.081364849599,1.66118528924555,0.268623899212706,6.18405619944547,6.24751094946401e-10,8.93610742453681e-09
"TFAM",515.411346701456,1.56566412521375,0.218084998794955,7.17914635974482,7.01480202869816e-13,3.18352543006796e-11
"MGAT1",922.897663860787,-0.676383355011247,0.222591969491879,-3.03866916922142,0.00237625647680851,0.00651167957016906
"EBP",564.715538242966,-0.764891127388026,0.214064618807423,-3.57317865815152,0.000352673964021122,0.00120040127093572
"ELAVL3",457.933613347973,-0.725068678724487,0.222850804105015,-3.25360584466552,0.00113950265926459,0.00342092730403425
"PAFAH2",240.581384820283,-1.0966372200275,0.260713348850367,-4.20629486316367,2.59591495370049e-05,0.000113591362562898
"NR1D2",1055.52525823137,1.46580205122278,0.217705678271678,6.73295277761925,1.662540334249e-11,4.11395605709914e-10
"SHISAL1",382.89626820755,-0.84022087864963,0.226298344359786,-3.71289008333965,0.000204905893305936,0.000740744533214811
"DNAJA1",2863.37235397061,0.770737194372299,0.191088230088349,4.03341008504789,5.49732212022464e-05,0.000223551743409957
"MT1M",139.053190755454,-1.10765758403586,0.297486614202562,-3.72338630094342,0.00019656840547421,0.00071530664609696
"PDE12",407.961342283122,0.803344693085455,0.240754715215063,3.33677657099192,0.000847560538720749,0.00262300352311701
"NAA15",692.640920850218,1.67320577667544,0.228935248256346,7.30864202615886,2.69855617885408e-13,1.69052588976568e-11
"CAND1",2420.26963075991,1.65783052531619,0.226075128136928,7.33309559073692,2.24896401993155e-13,1.4741884681644e-11
"STRN",738.498634859788,1.66554618458024,0.262600500985493,6.34250954712478,2.26052196265689e-10,3.71671866883354e-09
"TCF3",1531.72840033559,-0.573722496140769,0.194750109037044,-2.94594184813339,0.00321972925647455,0.00839538466295708
"FKBP8",1536.37590920178,-0.642774213695436,0.219998035226397,-2.92172706467113,0.00348096436429292,0.00895622180342379
"PSMB5",1414.97145961373,-0.612644615645044,0.191742911603486,-3.19513566640711,0.00139765124160593,0.00410259548915051
"CMYA5",156.809960910019,2.12443590640423,0.347808439887549,6.10806312546957,1.00847469148247e-09,1.34165087315772e-08
"CWC22",543.83644108825,1.20726486994376,0.23086836992996,5.22923460805832,1.70213252352735e-07,1.20772098336012e-06
"DCTN4",1820.36689549663,0.890557870318077,0.198254925211564,4.49198358813903,7.05628624244489e-06,3.52564973385763e-05
"CD164",2232.28447101375,1.45675323791749,0.243735927456076,5.97676860002519,2.27607138222441e-09,2.6804886656813e-08
"MTDH",3614.64760254037,1.14838404181741,0.203939936233384,5.6309914724266,1.79176587414125e-08,1.62025640875138e-07
"CLHC1",147.783591212687,1.48730440259899,0.355119395488098,4.1881812750744,2.81198873740085e-05,0.00012186105307703
"MTAP",1763.09516338945,1.23649947975804,0.216706628964064,5.70586827762929,1.15751490730216e-08,1.11932827677076e-07
"TCAIM",250.787761432497,1.22556991130174,0.250113776435263,4.90004960450049,9.581246157258e-07,5.73022202202657e-06
"PIK3R1",6070.00274347278,1.63429117161628,0.230385435653312,7.09372607249178,1.305484146625e-12,5.37162850121469e-11
"PRR14L",1007.15722565491,1.4102094422478,0.260211331928771,5.41947743703117,5.977349291615e-08,4.72932080642728e-07
"OGA",2741.9222886572,1.33286875593225,0.215182233001209,6.19413943866251,5.8604329343421e-10,8.44345926988619e-09
"EPS15",981.352934771622,1.40220519333589,0.24689400251967,5.67938134999524,1.35182784001676e-08,1.27919617213059e-07
"ZNF430",185.534381819377,1.73928360203014,0.325377336578623,5.34543561121649,9.0199859198286e-08,6.85712908098798e-07
"ELF2",494.754914252717,1.2536096991291,0.242656929868517,5.16618132360104,2.38925017288294e-07,1.64341891669182e-06
"RHOU",275.538402303819,1.40760843188527,0.26722737383275,5.26745599336037,1.38327306466011e-07,1.01119917237856e-06
"KLHL13",470.645522688447,1.44708756646144,0.247390743140394,5.84940062062151,4.93347536862206e-09,5.26201931019624e-08
"ZNF417",519.652902046891,0.703007599908757,0.231200784907968,3.04067998812633,0.0023604456239049,0.00647193650565393
"NFE2L2",2538.71329288591,1.46167535067585,0.239331832542109,6.10731692124021,1.01319928091949e-09,1.34432258479103e-08
"PUM2",2194.63449456922,1.51740710843641,0.22351507349291,6.78883569113982,1.13042092866077e-11,3.05707823821974e-10
"ZNF577",191.779909701152,0.920128842415334,0.27921489948838,3.29541455023114,0.000982765864437997,0.00299951172562667
"CENPM",114.184535720259,-1.1929861185464,0.349972597362606,-3.40879865319955,0.000652496195544366,0.0020813430046723
"VAV3",802.609801250221,1.70266610074684,0.211714749518435,8.04226490889141,8.81929748929214e-16,3.3574387134236e-13
"ORC5",302.263605946953,1.05326582884544,0.279559887206728,3.76758568394533,0.000164833972997235,0.000608097899637208
"PCOLCE",4706.97327902199,-0.670379031788392,0.195510291595479,-3.42886825198666,0.000606103668920002,0.00195350508465327
"RFC2",610.055502135875,-0.707108477674865,0.212513992371002,-3.32735021249994,0.000876761101024508,0.00270095903452866
"PEX2",565.603183695754,0.924341824958738,0.216223830151444,4.27493040110948,1.91197012771723e-05,8.63352204568664e-05
"FBLIM1",535.092978541604,-0.680313986586768,0.217595084426785,-3.12651358085103,0.00176892334063566,0.00504285807189279
"ARFGEF1",1897.70626236796,1.82858350345965,0.245358918959548,7.45268813220167,9.14573026917036e-14,7.80383087967657e-12
"C12orf4",371.936774090335,1.33304841161224,0.269750740825225,4.94177850090108,7.74131350657013e-07,4.74743005502052e-06
"TNFRSF11B",929.580298701434,1.33471888268544,0.232938419199716,5.72992161306412,1.00477054765994e-08,9.88590345997817e-08
"HDAC9",3054.26480153696,1.64635091921705,0.224886717755533,7.32080104884963,2.46495058766442e-13,1.57406973656145e-11
"RSRP1",528.625816592637,0.71739937645278,0.218843505440959,3.27813875493931,0.00104494017180896,0.00316875545973194
"TRMT11",163.191925030479,1.22642599636737,0.290687459303055,4.21905368503966,2.45329857309636e-05,0.000107875385502034
"YTHDF3",1900.12984361547,1.62261442473787,0.240254713384916,6.75372566838365,1.4409609321863e-11,3.64680901093543e-10
"DYNC1I2",1511.72597353858,0.945104941810695,0.198362816445867,4.76452673310683,1.89297420617522e-06,1.05499204350914e-05
"PPP2R3A",519.578796661908,1.61890296511492,0.290560412073739,5.5716570387575,2.52327773434987e-08,2.16612341843842e-07
"TARBP1",203.05585312655,0.955919574082961,0.318421350632525,3.00205866278779,0.00268160494520411,0.00721460335624633
"CHORDC1",683.227242109068,1.32646649868672,0.214160527887597,6.19379542892664,5.87324462588772e-10,8.44961850392974e-09
"INTS6",452.500439902421,1.34915330192462,0.262110760025202,5.1472640871168,2.64313096103639e-07,1.8042558794716e-06
"SETX",3604.98329624558,1.82310794233473,0.247606423114672,7.36292669391055,1.79921187721642e-13,1.29047820004986e-11
"AHI1",269.63789152701,1.82892906570487,0.281911159537228,6.48760789997514,8.72098815328634e-11,1.65682035971647e-09
"CDC6",485.525121914474,-0.822199211554578,0.215839474797385,-3.80930880380618,0.000139355821025927,0.000522874873584012
"IER3IP1",523.709014225958,0.693379415422012,0.212529926426837,3.26250249590477,0.00110433200364404,0.00332736012151472
"FLNA",11442.9983499376,-0.7447763469366,0.202455560530146,-3.67871519550435,0.000234411855979395,0.000834907718777997
"DDX6",4547.07034929536,1.24172273141275,0.23310563169654,5.32686714763392,9.9921192050698e-08,7.50964281638428e-07
"TVP23B",544.464778437633,0.838759638961364,0.222482350797559,3.7700052878557,0.000163244088622442,0.000602906712382438
"STX16",1596.05293674443,0.68501072701298,0.182703306494477,3.74930667734624,0.000177324131654865,0.00064909550855024
"KCTD18",307.805018225429,1.08750246218785,0.251526864690248,4.32360361795587,1.53500990932299e-05,7.09646337341379e-05
"AP2S1",1776.2042728254,-0.628986710755387,0.189994501416163,-3.31055217949522,0.000931120903279155,0.00285774719400219
"TRAPPC8",477.337177427023,1.79698723369334,0.263219522542625,6.82695271359416,8.67372691253325e-12,2.47413685822058e-10
"ANKRD36B",287.137748877753,1.53360742265449,0.271631634488606,5.64590875264502,1.64310981285398e-08,1.51429245136208e-07
"DBN1",1743.38580822879,-0.629335904556177,0.211732320658434,-2.9723185510795,0.00295559853302827,0.00780509843574887
"ZC3H8",113.916766813361,1.61661525998317,0.347841647568271,4.64756095563824,3.35882856910184e-06,1.78644197619398e-05
"LRPPRC",2182.24237875372,1.67323362301793,0.247150921326244,6.77008855172028,1.28703597017249e-11,3.35239000862297e-10
"STARD4",285.452147988632,1.77362765245906,0.25991946302381,6.8237585282199,8.86889117056101e-12,2.52253691971876e-10
"SUPT20H",633.543406583931,1.21220059058671,0.266663402805848,4.54580785301567,5.47249443952964e-06,2.78635545074405e-05
"TMEM47",954.685724356903,1.6202138149085,0.20897973892137,7.75297080602684,8.97672615859984e-15,1.35705825128774e-12
"NOVA1",163.560235480963,0.875196144861121,0.285636462161528,3.06402109253894,0.00218383512400293,0.00605478993203951
"PBLD",120.96596081511,1.05587006832927,0.315099412807596,3.35091093607972,0.000805462033977762,0.00250627576620933
"MED10",495.234179530528,-0.662770299139957,0.214156045556293,-3.09480079078945,0.00196945125423933,0.0055285390001307
"ZNF12",548.922052908227,1.58699625615667,0.236011038362341,6.72424589616098,1.76504144992061e-11,4.27148661890323e-10
"THADA",774.319923078868,0.743468814062636,0.208392285265787,3.56764077477438,0.000360209866016027,0.00122226851348188
"NCAPH2",421.461457118717,-0.755627337980954,0.249029821296827,-3.03428454490315,0.00241106904954797,0.00658883529884754
"RBM45",107.208830810473,1.12726920760796,0.349105016555626,3.22902609286436,0.00124212561129392,0.00369029878885389
"MET",300.596295059419,0.957441194524536,0.25207805485854,3.79819336142462,0.000145754601743038,0.000544407187944373
"MDN1",1891.07995182696,1.01011396242685,0.227869470891284,4.43286219288573,9.29903059159509e-06,4.50964256715376e-05
"PLIN3",1877.62328368573,-0.699291754300987,0.205339511858905,-3.40553918712679,0.000660335357991131,0.00210228349096051
"ANAPC11",1079.23349409808,-1.06190836402889,0.198394317754777,-5.35251400365934,8.67405880078027e-08,6.61957085660163e-07
"LPAR6",139.833039893239,1.07888682010945,0.299350894546236,3.60408750989322,0.000313251508428688,0.00108184348584339
"BTBD1",1019.1165333694,0.9426704268546,0.203838540107448,4.62459369242783,3.75333402036492e-06,1.97609043263681e-05
"ABCC2",574.252418846995,0.661019441316901,0.213585720881018,3.09486719706854,0.00196901038125364,0.0055285390001307
"RUFY3",867.3089405972,1.66354321108076,0.227799490902857,7.30266430573439,2.82124460689209e-13,1.74529244493862e-11
"KNTC1",755.655749070926,1.31612558175066,0.247596262423482,5.31561166904689,1.06299634662351e-07,7.92284475819238e-07
"TMEM161B",143.493652414084,1.31955065803999,0.330466702249392,3.99299127282169,6.5244970702128e-05,0.000261773295504525
"APPBP2",1114.4395163507,1.31621388840857,0.254815043273843,5.16536964026126,2.39964223075255e-07,1.64875003063174e-06
"DPY19L3",632.602233989387,2.00629840177409,0.254242769564938,7.89127024224632,2.99126121705838e-15,6.8854659363823e-13
"AVL9",1354.85692579824,1.09397900763581,0.222906419075827,4.90779499384297,9.21060561852121e-07,5.5319523308327e-06
"GAS2L3",376.262424840918,1.00969390037555,0.272541492356786,3.70473461359695,0.000211612167889086,0.000760819919275761
"GRIK2",408.336736168484,1.61927837850352,0.268200431657576,6.03756812953577,1.56454113974703e-09,1.94057997508974e-08
"SMOX",597.490352150245,-0.710259338792221,0.223087679983273,-3.18376765066307,0.00145371648939086,0.00424325739073746
"SRSF1",3563.4576287766,0.56975910529892,0.182685391843777,3.11879948116569,0.00181589495647787,0.00515006540951804
"TEFM",160.934558503333,1.13525667267661,0.293924337220087,3.86241127023973,0.000112273348799851,0.00043050958229231
"SEMA5A",3656.64467491588,1.50599295369226,0.233251487385113,6.45652025877876,1.07137845458849e-10,1.99708172194291e-09
"CHD2",3361.19204407508,1.26306330402429,0.217927966300096,5.79578346674882,6.80029585151049e-09,6.93910601425266e-08
"ZNF407",293.966858346367,1.23875814124046,0.282200343160567,4.38964080400013,1.13538044040059e-05,5.41329267778661e-05
"THAP3",313.669684000276,-0.741326945352674,0.243083340924485,-3.04968223051933,0.00229083608796571,0.00630553270263755
"ECHDC1",420.845204508111,1.09679099279162,0.225051234465628,4.8735168922574,1.0962888913226e-06,6.45437882757914e-06
"CERS6",461.729352206729,0.94040832959035,0.23355986805848,4.02641231735447,5.66343445251777e-05,0.000229646350721101
"ATL3",2527.21172953862,1.05810208589545,0.216765939952222,4.88131154797047,1.05382600240754e-06,6.24971226592561e-06
"MMGT1",398.234886122828,1.07027160013777,0.238123708675612,4.49460327193109,6.96997711222434e-06,3.49133772554638e-05
"VAMP4",259.159118882971,1.37907549059475,0.266486828456942,5.17502309055991,2.27882796496019e-07,1.57622915424011e-06
"TRPM7",927.172500929876,1.82074108323908,0.266884082874149,6.8222168352305,8.96462148163652e-12,2.53519495500681e-10
"TTC14",451.599611278977,1.92982250872953,0.266708181263832,7.23570795460718,4.63106924445537e-13,2.38951732288555e-11
"IL1RAP",82.0542456316473,1.35440489691061,0.391623335817105,3.45843766966723,0.000543317974083616,0.00177249878295308
"GNB4",3055.19225047755,1.66182491036575,0.235588880645602,7.05391912305761,1.73947507347752e-12,6.72551729581269e-11
"METTL26",420.443048262999,-1.01971293182137,0.248087531483394,-4.1102949661524,3.95154018832657e-05,0.000165379893378674
"FOXO3",2199.46802404138,0.919096312049907,0.204940148813617,4.48470598548155,7.30145419463884e-06,3.62800168767747e-05
"SNRK",253.180239110028,1.01007217601597,0.258769258196048,3.90337006434792,9.48624878442673e-05,0.00036922882606471
"SNX14",489.154870774667,1.26225899740243,0.23147944373841,5.453006871871,4.95251545674467e-08,4.0081764506017e-07
"FUBP1",1943.47440805162,0.744963744959287,0.194854873108478,3.82317225674185,0.000131745672090794,0.000497337399830159
"CDKN2AIP",413.677381000089,0.910741432581062,0.221500723780146,4.11168603442142,3.92780197945981e-05,0.000164525535305515
"PLCE1",303.854874376382,1.10239763837334,0.260316727650256,4.23483211518563,2.28722519009698e-05,0.000101656735211405
"RFLNB",334.940242300096,-0.962819503831184,0.233151835738728,-4.12958148401683,3.63424184519171e-05,0.000153071173547692
"PDAP1",1016.47508425818,-0.648812088312728,0.221886924242096,-2.92406634833886,0.00345491097608127,0.00890539292740947
"LRRTM2",159.44998798993,1.9555692453579,0.31906885215115,6.12898824869156,8.84396574028588e-10,1.19750441720041e-08
"ZNF486",250.688670507738,1.01384608529842,0.264157110034828,3.83804200903299,0.000124019268556917,0.000469962756575945
"CDC42EP2",446.309631306369,-0.69064763026326,0.222865830671462,-3.09893907102063,0.001942149562461,0.00546429686447952
"SAMD9",239.796807169875,1.26989312146166,0.290762393574902,4.36745999318694,1.25699811716213e-05,5.93595771167499e-05
"CBFB",1287.40592559667,1.15272159405993,0.207574862486489,5.55328126080276,2.80356428264745e-08,2.38399306440244e-07
"ZNF17",209.422128249898,1.02454478324877,0.270125841724223,3.79284253853338,0.000148932601607293,0.000555339729546169
"LCOR",609.084858571438,1.71659653897816,0.267558134038441,6.41578902150486,1.40095353098689e-10,2.47618536601933e-09
"TYRO3",698.361637085194,-0.632121722966067,0.214124589101182,-2.95212112546012,0.00315599105169526,0.00825746746753361
"MDM1",161.929871750473,1.49022326440903,0.308637761385716,4.82838929921685,1.37641813974839e-06,7.92541404725396e-06
"LRCH1",156.841739264545,1.09093978992213,0.294775725714547,3.70091460983653,0.000214823763887129,0.000770128799331694
"CHD7",207.709831380994,1.30118137068765,0.290258878683887,4.4828305565968,7.36594163118949e-06,3.65637363417822e-05
"SEC23IP",721.155500663115,0.935095799012088,0.235543473780012,3.96994993750253,7.18877346860372e-05,0.000286335934777624
"TAF1A",327.849464130876,1.39225135447024,0.274639461060214,5.06937841013676,3.99117010968597e-07,2.61101135133323e-06
"ZBED6",942.752018784397,1.89113842282604,0.292074994141371,6.47483852010515,9.49133911773378e-11,1.79284875166658e-09
"PCSK1",297.574450101433,0.86798931873589,0.238150411102254,3.64471056219677,0.000267692894670963,0.000940917710033093
"CTR9",1211.62449174468,1.51079479844767,0.219126745718399,6.89461614324889,5.40104435155534e-12,1.67584755459858e-10
"ECD",467.333109787642,0.783843503330607,0.239575428712204,3.2718025698379,0.00106864172647092,0.00323349827924949
"EDRF1",387.819767299709,1.3405967149753,0.235240731590557,5.69882905018613,1.20633113263089e-08,1.16037566091161e-07
"TBCEL",429.885136946443,1.32953964824011,0.248595210564929,5.34821103439099,8.88278565380048e-08,6.76842281765336e-07
"ATAD2",1127.46965932094,1.2266192975804,0.217599655073446,5.63704614865488,1.7299176569744e-08,1.57692940382102e-07
"ZFP1",212.022142885716,1.22948390204559,0.281434864237226,4.36862684151755,1.25030191938259e-05,5.9099753572344e-05
"CBX5",5765.09614185873,1.12026425080316,0.224776727785945,4.98389785204985,6.23159860917638e-07,3.8915055541721e-06
"LEMD3",599.967026313738,0.977336567090104,0.215342299494654,4.5385257303541,5.66488844738931e-06,2.8769146153032e-05
"TMED7",611.017817987708,1.19531625620076,0.22910890897676,5.21724040125391,1.81608489706664e-07,1.28214039309312e-06
"TOX3",200.999521567899,1.25193829995882,0.276408818290894,4.52929941852028,5.91795849934355e-06,2.99162171739032e-05
"CD276",2944.19679743825,-0.672987282250804,0.187605805835392,-3.58724123304207,0.000334195116896756,0.00114538201767455
"ARPC1B",1523.10942807952,-0.741672425986675,0.204813961542239,-3.62120052950453,0.000293239107651661,0.00101967928258236
"FKBP4",2519.24040136535,-0.866975133030661,0.197352946116665,-4.39301844786321,1.11787637353493e-05,5.33754961179387e-05
"OMA1",146.640235906093,1.30522473167984,0.301576741817678,4.32800196664017,1.50468126381476e-05,6.97580100666907e-05
"ICAM1",533.904398531603,-1.54443675902751,0.21015914841425,-7.34889140292496,1.99857476250905e-13,1.38334916079123e-11
"GSK3B",1236.69685736698,1.18176835702451,0.221731728169094,5.32972149174469,9.83634919979825e-08,7.40034071513209e-07
"ASCC3",726.841851296416,1.65955067719947,0.254142518679361,6.53000011892242,6.57696391375266e-11,1.29937702232183e-09
"NUCKS1",7253.21094300029,1.20575582395972,0.213763419957278,5.64060878236647,1.6944997279011e-08,1.54724707626984e-07
"HES1",270.312283547203,-0.78820508012532,0.259854170343115,-3.03325930495772,0.00241927619291759,0.00660761472337151
"TNIK",199.588619320699,1.39300136735725,0.290991353802887,4.78708851363621,1.69218215127325e-06,9.56551623832246e-06
"BRF2",601.733403400797,-0.723917825400792,0.220765048219422,-3.27913241357518,0.00104126765530032,0.00315858634758276
"IBTK",1012.96724648136,1.80678242149085,0.255735652168318,7.06503925507295,1.60570595431067e-12,6.35564362180131e-11
"KDM7A",682.407586386411,1.96144833425327,0.284365315650224,6.8976356338264,5.28751522241006e-12,1.64578068149103e-10
"STON1",587.376344069463,1.37549473691331,0.244127684494212,5.63432508592001,1.7574523068818e-08,1.59736115091975e-07
"SCP2",920.841561488765,1.08014440109604,0.203147986763064,5.31703226946487,1.0547336866843e-07,7.87905964588768e-07
"PLAUR",284.851724904959,-0.934701379915019,0.23963767297785,-3.90047761814735,9.60031017530243e-05,0.000372496550823769
"CSNK1G3",415.89607920595,1.65484517525666,0.251057382004695,6.59150175964835,4.35399663078292e-11,9.18888244168216e-10
"ITM2C",1015.8879072021,-0.716286448417396,0.199235475675392,-3.59517523668535,0.00032417329788058,0.0011145075729149
"LANCL1",953.152640398047,1.36612206299741,0.243045859236963,5.62084072234893,1.90030412068051e-08,1.69758214679564e-07
"ZNF527",198.738516430132,1.27185588275851,0.283089773569078,4.49276519855693,7.03042857941544e-06,3.5162800444191e-05
"POC1B",108.700386663124,1.09614451870133,0.339534359694617,3.22837582531331,0.00124495295532762,0.00369491584762602
"MAK16",483.341560254788,1.64771220763455,0.236602782279373,6.96404409010285,3.30641054044497e-12,1.12463407317266e-10
"SPATA13",3246.55353732834,0.948247258034441,0.215719013510416,4.3957518746425,1.1038997610967e-05,5.28355891457211e-05
"GCFC2",233.848349017178,0.989305132596804,0.257354786275865,3.84412952606346,0.000120981098094901,0.000459505337276798
"NBEA",155.886553892396,1.60248676344206,0.372500046286273,4.30197735387802,1.69280616472865e-05,7.76072043468465e-05
"DRAP1",686.065297532874,-1.22098056416363,0.239392580299751,-5.10032751489123,3.39066250784587e-07,2.25542859560876e-06
"AKT1",1718.90360280775,-0.667434511658071,0.194921219453587,-3.42412444129509,0.00061678370430648,0.00198340646693487
"PPP6R3",1831.70756388802,1.4126755984735,0.236250731607491,5.97956073558547,2.23740130480603e-09,2.64585401612546e-08
"SNX4",444.112931481335,1.35831400263835,0.265726734266832,5.11169493873501,3.19281122269061e-07,2.14399223081355e-06
"PNPLA8",530.750155596848,1.46065108219329,0.218765623792684,6.67678521364717,2.4424049329579e-11,5.67486479493365e-10
"C18orf25",265.757496233524,0.763755969363343,0.264005688360876,2.89295270153174,0.00381638763540528,0.00970570524543716
"UBAC1",708.227080501099,-0.622595523948227,0.212642489235537,-2.92789802351588,0.00341261953333964,0.00881014818492324
"CAMK2D",1853.42133278362,1.30503371162405,0.225390459000673,5.79010184109059,7.03437595495746e-09,7.14115417458143e-08
"SCAND1",1380.16944648684,-0.698842800180597,0.192053048467876,-3.63880087171587,0.000273910487813181,0.000960044620529344
"KLHL15",514.002873153972,1.32432577755551,0.246264263054511,5.37766122103704,7.54596333820073e-08,5.84886022877923e-07
"ADNP",3790.20160821782,0.755678304934794,0.208753085668108,3.61996232302995,0.000294645916215212,0.00102305236296439
"ZNF507",806.257692518234,1.96453220829079,0.257191460973496,7.63840370459745,2.19931348743143e-14,2.62274757814413e-12
"SERINC1",2618.73697601221,1.83524072112193,0.214693595603768,8.54818568742495,1.25038439812676e-17,1.23763047726586e-14
"ECI1",321.18448655794,-0.806652581951588,0.255829252266918,-3.15308970652806,0.00161552152965776,0.00465785962730921
"PLCB4",97.1705412540476,1.88988936221209,0.384692845291156,4.91272293037247,8.98201642177072e-07,5.41437262744742e-06
"ANP32E",1060.49688158919,1.35750288574186,0.205722845570716,6.59869778670366,4.1478485140248e-11,8.84814754133997e-10
"IL6ST",2252.13198895916,1.4113264929183,0.2260272227625,6.24405536496488,4.26368960177239e-10,6.43323165828402e-09
"KLHL24",1312.65400977919,1.77918062478733,0.242025694375026,7.351205537832,1.96427095491736e-13,1.37889034835263e-11
"PPP2R5D",973.059470951846,-0.579544339463165,0.200873802614017,-2.88511658524616,0.00391268736174347,0.00992002548835472
"VPS8",644.129312343169,1.47272802358747,0.271349317848435,5.42742482371038,5.71729348727604e-08,4.54901695635517e-07
"BTF3L4",725.05757569717,0.936838217530083,0.220578872014072,4.24718019897353,2.16477843242359e-05,9.66485201810045e-05
"BTBD2",2057.99862757465,-0.567395456261154,0.196681819696211,-2.88483936714404,0.00391613422383301,0.00992368063172022
"CNST",598.735531591087,1.0041685548976,0.218045504181112,4.60531648505591,4.11839034790497e-06,2.1545363458543e-05
"ZNF26",194.903590297078,0.955655479948924,0.273744737623066,3.49104603159465,0.000481133350352222,0.00158794861680103
"PARP11",260.616720267689,1.70466786825015,0.282098677084646,6.04280702719724,1.51455762839548e-09,1.88567187495075e-08
"JPT2",1817.94157083264,-0.623551619967913,0.17928515945718,-3.47798792636174,0.000505192679502053,0.00166036136234341
"SLC25A25",527.499725153572,-0.733494165097812,0.212069936376961,-3.45873713940293,0.000542714282217136,0.00177111307793775
"TRIP13",417.349042376644,-0.672153386825327,0.220740081200666,-3.04499927321445,0.00232680872194219,0.0063921045600288
"POT1",419.906356095382,1.18467116673968,0.264206333215988,4.48388633353164,7.32957158438183e-06,3.64014548631266e-05
"WAPL",1059.48287368103,1.50103966292817,0.264126543339555,5.68303224639738,1.32327306576368e-08,1.25939969278162e-07
"PPP2R1B",1251.36500214304,1.19438347973173,0.210882158934035,5.66374835011691,1.48101560235391e-08,1.38423913428697e-07
"GRIP1",61.1882447381681,1.21582842296392,0.411400460737122,2.95534045048339,0.00312324192828477,0.00818392320519282
"PPP2R5A",442.476761758163,0.729597666506308,0.221130061354982,3.29940516470566,0.000968899586900128,0.00296142421449378
"TRAPPC6B",196.933796295381,1.50311912231038,0.311149055785207,4.83086512513159,1.35941072439361e-06,7.8411697844102e-06
"YIF1A",708.595978404874,-0.693295283299311,0.22346085071892,-3.10253577335285,0.00191870356735677,0.00540755350503908
"BMP5",137.850668352533,1.5471449067371,0.332389158445415,4.65461904345225,3.24580265657143e-06,1.72911489207449e-05
"LRRC17",414.773569438135,1.01975208196382,0.225368247019053,4.52482590361369,6.04452422252664e-06,3.04781970221949e-05
"MAP3K1",146.999943575227,1.35660282332493,0.328952091820352,4.12401336564781,3.72327274600805e-05,0.000156731076400584
"MPHOSPH9",348.249210637042,1.21250881756154,0.288698075971963,4.19991998034407,2.67009328251506e-05,0.000116468431938191
"RAP1A",417.042356570468,0.820207480137982,0.230646238734459,3.55612770725595,0.000376361181409449,0.00127140715822209
"EHD2",4572.02702139895,-0.610102304605358,0.187010674342949,-3.26239294494239,0.00110475891279001,0.00332736012151472
"UGCG",574.813075137895,1.09479129113166,0.246849578092955,4.43505433385591,9.2049070041155e-06,4.4727623724465e-05
"FAT1",5728.41338614325,1.34553469229655,0.25476573884327,5.28145856034556,1.28159472656842e-07,9.44543901978721e-07
"CDKN2AIPNL",326.664657527095,-0.749873547199196,0.243540258860026,-3.07905374950835,0.00207659212886629,0.00578012061066324
"DHX30",2077.17808361374,-0.559234569583404,0.188825689150573,-2.96164453099101,0.00306000838058447,0.00803820672797907
"ZNF234",320.355904325252,1.1093669849568,0.256414993298944,4.32645131505019,1.5153079235263e-05,7.01520946074058e-05
"ENAH",5435.28982171748,1.06161800913134,0.219620156338491,4.83388240328501,1.33895700513361e-06,7.72769471534256e-06
"MED17",665.476381717233,0.658662533925947,0.208849481413722,3.15376667189882,0.00161177895320086,0.00464977793027751
"DIS3",740.575850429707,1.85201752033753,0.21761475316482,8.51053291839464,1.73135743000357e-17,1.55790689474321e-14
"BCLAF1",2015.22084246669,1.59627909372409,0.19974270934798,7.99167638676185,1.33116087245669e-15,4.39099619576343e-13
"EFCAB7",271.630146235538,1.43920119671186,0.261862763975853,5.49601315918505,3.8847353327323e-08,3.2015912009479e-07
"SLAIN2",560.750246181519,0.868450786616346,0.222765607541091,3.89849580553476,9.67920771272931e-05,0.000375263603370915
"SPAST",264.328910472537,1.70089419905652,0.302193417515511,5.62849519701803,1.81788563470762e-08,1.635766546576e-07
"GAB1",135.035243261669,1.36200026861642,0.310814230662186,4.38203960518374,1.17573429165622e-05,5.59491250904483e-05
"VCAM1",350.786608317232,1.24480107524082,0.229220250450211,5.43058945619294,5.61682150152035e-08,4.47987906704661e-07
"NDUFAF4",184.337882869935,0.840883090502379,0.270704305894598,3.10627896266189,0.00189457891058368,0.00534565052934926
"ZBED5",857.269757534862,1.43467250244531,0.238136266427247,6.0245863596069,1.69542659561626e-09,2.07689757962991e-08
"NSD3",2203.38433466584,1.26993367866435,0.205903127417911,6.16762695443098,6.93224508329454e-10,9.6914352873516e-09
"VKORC1",1263.17082449026,-0.839345657623276,0.187090647536544,-4.48630473342785,7.24690718641784e-06,3.60451695131476e-05
"KIAA0232",1026.28617566625,1.5407094270837,0.250151169252126,6.15911343404847,7.31533155292495e-10,1.01695437796139e-08
"AGPAT2",403.637929268208,-0.755181267536096,0.2441604074888,-3.09297185118245,0.00198162930467443,0.00555642120613811
"KLHL28",142.205607062384,1.67449655216004,0.340443440865646,4.91857486783206,8.71765740369897e-07,5.27751516708332e-06
"LMNA",16092.980676476,-0.764122937121366,0.196905757287674,-3.88065309845158,0.000104176342866578,0.000401376972243436
"ASF1B",874.102144759665,-0.945463987192558,0.198967118083749,-4.75186048980513,2.01553425266328e-06,1.11888715832087e-05
"ZFHX3",2551.59645300276,0.936919450014622,0.252710155493221,3.70748634215357,0.000209326702242934,0.000754246705060269
"TMED1",412.055598561575,-0.706043348825537,0.228916952446918,-3.08427725111034,0.00204047343958411,0.0056923917996064
"ZNF738",274.456775119998,0.83717953740474,0.254486020201779,3.2896877272117,0.00100298626055206,0.00305275461468151
"ALDH3A1",1613.69642638538,-0.979451701694165,0.209766958135126,-4.66923728313413,3.02320036174081e-06,1.62099876384131e-05
"UQCR11",1376.75456313251,-0.576692033216158,0.193988960495448,-2.97280851314057,0.00295088484929532,0.00779499819544305
"SH3GL1",1822.70531712585,-0.592814903516611,0.201354701798536,-2.94413241022674,0.00323861409442428,0.00843351810223929
"RAVER2",237.728410540095,1.46842672814803,0.260057569134443,5.64654485172431,1.63704471656569e-08,1.5101089100249e-07
"STON2",96.0002565940341,1.05434815559857,0.358533870068744,2.94072120828197,0.00327449102838627,0.00851126895981285
"ZFP90",696.978630460192,1.25413622504339,0.229079522420912,5.47467626870215,4.38312155449837e-08,3.58843152575888e-07
"SF3A2",1028.60533603533,-0.65333707395561,0.222005744207909,-2.94288364603647,0.00325170606465763,0.00846093234174059
"SEC24A",591.763336022121,1.23816616739399,0.240359787086639,5.1513033124284,2.58682427686794e-07,1.76825874947782e-06
"FAM102B",212.659450634361,1.59792341992483,0.281289838163227,5.68070083995563,1.34143929760961e-08,1.27058049452057e-07
"PAK2",1820.19586982088,0.745326341230972,0.197013465293776,3.78312385967924,0.000154872296639748,0.00057520675127213
"SCARF2",780.73041582291,-0.6148733459782,0.211867280215444,-2.90216283209445,0.00370595854639274,0.0094624779382393
"SESN1",237.560442353829,1.24485678033895,0.267089319191671,4.66082576460351,3.1494325373022e-06,1.68412119147581e-05
"TUBB6",1096.12436056069,-0.908570731436043,0.197564495799494,-4.59885632668605,4.24816616579303e-06,2.21773991081326e-05
"TMEM123",2282.52007567241,1.3175750125967,0.212191104844398,6.2093791045713,5.31943543295176e-10,7.74290763461126e-09
"SLC33A1",367.228088485529,0.731589246322209,0.241264306103552,3.03231446929496,0.00242686232467377,0.00662285174789661
"ZNF326",509.314389329716,1.37107894061659,0.236350828308142,5.80103294086641,6.59076499922951e-09,6.75314616587719e-08
"ZNF699",232.503709652146,1.31741663598478,0.282083707251581,4.67030389248897,3.00754479885051e-06,1.61435349343939e-05
"MAP1B",7302.32092520392,1.10867373836688,0.246158419914085,4.50390337553284,6.67165498751901e-06,3.35038260103821e-05
"NDUFB2",697.017470857334,-0.690452782641192,0.203988694241327,-3.38476004863465,0.000712405014179337,0.00224566395870926
"TNRC6A",3048.63881514869,1.32865684453031,0.215897491619681,6.15410968678987,7.55004190430918e-10,1.0437194800119e-08
"RASAL2",2189.15245036194,1.40779554774721,0.234175402791191,6.01171400141676,1.83571973096785e-09,2.22671003641173e-08
"ERCC1",915.741747412246,-0.620737229959409,0.204908062981164,-3.02934506787304,0.00245084574523667,0.00667541859833587
"CARMIL2",212.171612528173,-0.877041380557398,0.270794900286897,-3.23876623831618,0.00120047920176345,0.00358225599609725
"RBP4",323.788499511311,-0.7805445367389,0.250158115748201,-3.12020473293205,0.00180725381727174,0.00512996796196033
"ZNF10",221.457765011763,1.94304356786346,0.292882893314476,6.63419958016178,3.26268124704374e-11,7.25708291758179e-10
"YKT6",1553.11656627361,-0.631087852628862,0.213362141657133,-2.95782488743013,0.00309818071330314,0.00812984960240575
"ABL2",3233.48609817615,1.01821049993873,0.224719059562133,4.53103756273598,5.86947001238596e-06,2.96862617182403e-05
"NUP35",252.562352250834,1.06220389287199,0.261712610529297,4.05866530742919,4.93539902859631e-05,0.000202783642943322
"TMEM168",399.641182922471,1.65398960588261,0.289073323740749,5.72169574307027,1.05466054653339e-08,1.02949014690212e-07
"SKAP2",116.490073971937,1.34364952240047,0.342723303955209,3.92050819682828,8.83624302807274e-05,0.000345969673622879
"TCF12",1647.04821386026,1.90502054767346,0.249247140214366,7.64309891794564,2.12054949776455e-14,2.58468475314234e-12
"ORC4",419.897203577606,1.19750807298258,0.245606687679943,4.87571443715365,1.0841535055705e-06,6.40653814814139e-06
"STK17B",206.753301414227,1.2015229681502,0.288975218531329,4.15787545470768,3.21221060672738e-05,0.00013698604302192
"KEAP1",1356.33504420145,-0.683265192826743,0.207607011913734,-3.29114699223481,0.000997797605622494,0.00303789624744739
"GPCPD1",672.628690549099,1.15827541588066,0.237420302019832,4.87858622883863,1.06848949962e-06,6.32530446605189e-06
"ATAD1",517.527189176663,1.40271515448616,0.247464298977647,5.66835361820359,1.44176169913518e-08,1.35265945952986e-07
"ZFYVE16",556.922725977588,1.67164220475178,0.297952426454419,5.61043326494777,2.01820690010875e-08,1.793196759181e-07
"CGGBP1",1906.02318080306,1.60799360129275,0.223754051848655,7.1864334433612,6.65056864685572e-13,3.07604338628869e-11
"BSG",9765.93501304144,-0.789960642431111,0.199127881188055,-3.96710213415608,7.27518210155574e-05,0.000289195792936541
"MARF1",130.789789207621,0.935852545344963,0.306633705748851,3.05202111770281,0.00227306108566971,0.00626441516460327
"PHF3",753.108645973958,1.66933140373846,0.245752730203397,6.79272780553379,1.10032868883999e-11,3.00857827683376e-10
"NCS1",3535.63709503184,-0.584926348647996,0.184168399578433,-3.17604078651338,0.00149299958468999,0.00434127787581125
"CIP2A",365.715455509818,1.02721153211629,0.245759103033895,4.17974967940301,2.91830151543178e-05,0.000125794732302008
"DNAJB2",1069.78654979626,-0.630239412121218,0.207856698344405,-3.03208613020954,0.00242869893393196,0.00662421109067472
"RAB33B",91.6578390586308,1.54923104426208,0.377148732878307,4.10774559001891,3.9953984569283e-05,0.000167144775683332
"LRP1B",267.574608908122,1.71647553050197,0.287565655563658,5.96898655069745,2.38731787871052e-09,2.78980783512122e-08
"LSM4",565.530255593232,-0.927686184193417,0.217182280447121,-4.27146350191902,1.94194313599348e-05,8.75688071073508e-05
"CFL2",1056.62221501379,0.921131139809295,0.198592539898405,4.63829678738447,3.51292098805829e-06,1.86139678478592e-05
"CAVIN1",7420.61478213295,-0.805855686467387,0.20174784013673,-3.9943708241002,6.486627441971e-05,0.00026046506458673
"TENM3",888.938253113147,0.682943373060985,0.211008109671761,3.23657405453921,0.00120973833130244,0.00360445213823949
"RBM12B",974.70570350596,1.36856517180186,0.248772673171097,5.50126810295041,3.77069320322456e-08,3.11798841483013e-07
"CLTA",1255.04742207836,-0.585708837987488,0.194438036177685,-3.01231615738108,0.00259262422264677,0.00700758999338005
"FEM1B",932.722250094041,1.33600896925925,0.228618883445924,5.84382597413592,5.10153230537913e-09,5.40631335745638e-08
"PDK3",511.881442020224,1.0816783895047,0.284011742413555,3.80856925249818,0.00013977320209359,0.000524043619061497
"C1orf122",352.572758082692,-0.70220637329495,0.238159862636227,-2.94846648600701,0.00319354764263932,0.00833590046593988
"RPRD1A",416.72895039392,1.1822445521262,0.23041004251914,5.13104610892989,2.88136310551887e-07,1.95206926888609e-06
"BICC1",563.930954755515,1.32603287872571,0.280523473190111,4.72699437108089,2.27867579366159e-06,1.25162780275596e-05
"NR3C1",3707.87987665958,1.60179124501201,0.224988395960903,7.11943937451049,1.08366940032408e-12,4.67186303676836e-11
"MCRIP1",395.953403421814,-0.891734727882159,0.25381697120344,-3.51329827810219,0.000442580331777518,0.00147447328304742
"GK5",243.944854240887,1.52396984558558,0.310747584926555,4.90420495446737,9.38065042740296e-07,5.62725320790512e-06
"SKP2",548.990681348066,0.721501892831794,0.218612731005825,3.30036539734994,0.000965590199204022,0.00295346470695965
"SMARCA2",1432.75499629275,0.757649866752878,0.198239102023517,3.82189920666104,0.000132427819702584,0.000499305189856235
"RPN1",4542.75709484288,-0.606376692981499,0.178284159711318,-3.40118097964147,0.000670953915924455,0.00213265955678235
"HOOK3",1864.85478586386,1.37230031106852,0.241929709330077,5.67231000635903,1.40884731382539e-08,1.32458705819706e-07
"FBXL17",107.313860069415,1.20729178796385,0.350555835485332,3.44393578926563,0.000573311841265826,0.00185870966421525
"ARRDC3",2049.60170692621,1.7190322893663,0.23337025974472,7.36611550780601,1.75671626123223e-13,1.28799833730938e-11
"PHACTR2",477.125492612437,1.91880943886474,0.268933431317613,7.13488624104382,9.68672392980268e-13,4.22375301573511e-11
"RCN2",1166.92767261088,0.826867745973038,0.20075666966341,4.11875604112865,3.80923160829725e-05,0.000160032998552318
"IFNAR1",1489.92773381459,1.00808726824152,0.211344371787986,4.76987988709157,1.8433580076469e-06,1.03198854975617e-05
"SRD5A1",256.723255177343,-1.41461593633321,0.25842786049871,-5.47392968236205,4.40163781924464e-08,3.59763923492018e-07
"SMIM29",154.145036336302,-0.89862191266474,0.305959464753222,-2.93706198430417,0.00331337870394684,0.00860556872518127
"LYSMD3",308.836389244668,1.35627603464769,0.269356038170585,5.03525387386618,4.77215937904974e-07,3.0434815421285e-06
"LRRFIP1",1969.45167635082,1.46456050037514,0.21255800353801,6.89016868806469,5.57262673973242e-12,1.70417243953714e-10
"SSH2",802.823833582326,0.780996461180601,0.22890994339089,3.4118066240878,0.000645338760961985,0.0020611691048731
"CARNMT1",294.5596224604,1.83772175797988,0.290304256924518,6.33033003872798,2.44637357073828e-10,3.98259960578413e-09
"RND3",2213.53397114129,1.33391576909253,0.207684796463721,6.42278968805281,1.33799293081192e-10,2.37763986161155e-09
"VCAN",11577.9725895783,1.70604501167688,0.257571693269604,6.62357338269751,3.50617739327571e-11,7.67790792890332e-10
"AP1G1",2002.50679502486,0.845975337640462,0.203432730708672,4.15850160735418,3.20341979235242e-05,0.000136728974147064
"PIGK",373.809894047458,1.17603882027841,0.231071242277259,5.08950749858913,3.58994664301094e-07,2.3768088209045e-06
"CHN1",89.5656335456376,1.04518054337215,0.36107846581966,2.89460779944204,0.00379632532669158,0.00966213116060511
"HIRIP3",261.861301496332,-0.937309982153754,0.252602022646154,-3.71061946509724,0.000206752698209948,0.000746058405717122
"HNRNPH3",1580.78577234684,0.815759717654452,0.197276731596842,4.13510357279009,3.54794583702465e-05,0.000150069507709043
"PROS1",501.904483566242,1.41626392543621,0.227621242784624,6.22202000178113,4.9079444789996e-10,7.22988871856846e-09
"RSL1D1",2924.54648904384,0.515762720766216,0.175096771041111,2.94558670442369,0.00322342790550338,0.00840060279322602
"RNF126",337.108133450029,-0.786774356350456,0.257791382923084,-3.05198082041866,0.00227336626300818,0.00626441516460327
"B4GAT1",273.520194793912,-1.08054684567851,0.249514747823343,-4.33059310162914,1.48708253794382e-05,6.91080367678191e-05
"EIF2AK2",1200.14164136343,1.42656178582971,0.240290200659895,5.93682880913175,2.905878065028e-09,3.32897929255175e-08
"KLHL2",128.935906753861,1.43172977942699,0.319591182891244,4.47987884545052,7.4685419670603e-06,3.69604820463468e-05
"POLR2E",1208.05813635161,-0.943127140688214,0.210494309008508,-4.48053510392099,7.44561321384716e-06,3.68667731819206e-05
"SNRPA",1010.70703811209,-0.716466550846396,0.197150394138781,-3.63411168400734,0.000278940021966551,0.000976635421798698
"SETD2",2260.6408629564,1.55739925830692,0.248934777799648,6.25625423684419,3.94333723229665e-10,6.01404498078155e-09
"PTGS2",4071.4592654208,0.921571879203251,0.216631741441686,4.25409440495738,2.0989673989027e-05,9.38797077014863e-05
"HSPBP1",467.941172538697,-0.662214097926675,0.227496494951822,-2.91087604697785,0.00360416968461389,0.00923003144587536
"FZD3",423.570477143682,0.93663384281541,0.221866250999063,4.22161477285414,2.42558394675606e-05,0.000106941781313993
"ZFP69B",105.32157913088,1.44948740591839,0.33352671619431,4.34594092628529,1.3867989135575e-05,6.48702062683939e-05
"UTP14C",244.143496625939,1.72342454659437,0.271574540326926,6.34604607825048,2.20919090980395e-10,3.6750540546621e-09
"TCERG1",814.654592929049,1.13618928529367,0.216240468354544,5.25428609149511,1.48599740386564e-07,1.07674980259605e-06
"DIP2B",2065.98657953021,0.98417652378694,0.222002492684147,4.43317780754458,9.28542265932234e-06,4.50746020019483e-05
"FANCA",920.908407215142,-0.578981381867384,0.193189886763995,-2.99695492122049,0.00272691033564008,0.00732057458697192
"DYNC2LI1",145.800232141433,1.41399538447296,0.305835808791931,4.62338072856257,3.77535858562827e-06,1.98557381937028e-05
"USP33",1096.45924380677,1.44060518490466,0.249118501490389,5.78281089636466,7.34626294359148e-09,7.44250876311858e-08
"TAB1",453.943062012621,-0.641450935293552,0.218588852013229,-2.93450891656054,0.00334075954570332,0.00865624030978311
"ZKSCAN1",2434.33666569925,1.48890841299366,0.227754794317928,6.53733071768082,6.26264651110768e-11,1.24975151546258e-09
"CEP295",369.355680043002,1.37161888690896,0.260260628747917,5.2701743383456,1.36294242389292e-07,9.99289193458675e-07
"IGFBP2",451.047847447234,-0.780325218618393,0.232485291079032,-3.35644984246821,0.000789500399029587,0.0024620273943273
"STAM2",435.383773334549,1.58506691821673,0.25205248280929,6.28863838415761,3.20262507484674e-10,5.00783301592939e-09
"THAP5",580.92973356532,1.65097724707946,0.241508266860929,6.83611069939136,8.13720742384347e-12,2.33455301684645e-10
"ZNF595",117.087607634429,1.42946393194197,0.345697485014835,4.13501397581943,3.54933034498757e-05,0.000150069507709043
"ZNF883",116.892323685995,1.27759008748144,0.325156867006538,3.92914994920206,8.52466721473805e-05,0.00033469716815342
"ZNF23",256.616534081235,1.47050408474662,0.264938888012408,5.55035199165533,2.85094991568064e-08,2.42012883922873e-07
"FOXN3",618.024351620099,1.1158463108207,0.248083254128028,4.49787034091728,6.86375330149019e-06,3.44161247103089e-05
"SEMA3A",401.371780898892,2.0091099796712,0.264843840645003,7.58601738586102,3.29888179707354e-14,3.6280368919371e-12
"EFHC1",301.818321162781,1.04030467218296,0.257260661889045,4.04377670703357,5.25970145034843e-05,0.000215126136179954
"DMAC2",1285.53636355302,-0.606479286561014,0.18714955524542,-3.24061302612075,0.00119272977691677,0.00356127883315904
"PUS7",481.50317906995,0.975322299943119,0.224909401931455,4.33651190909468,1.44761587287232e-05,6.74599901586171e-05
"TRAPPC13",152.451670145681,1.4306050018179,0.294229287847816,4.86221141437777,1.1608154395934e-06,6.79866936159498e-06
"G2E3",262.008247140632,1.41392216297265,0.270053142887104,5.2357182288515,1.64344513335358e-07,1.17280605118484e-06
"HSDL2",1004.00272071863,1.3491489163246,0.21724886015334,6.21015417697628,5.29326420015108e-10,7.7161603907357e-09
"PAWR",253.457822587355,1.29240946053535,0.286385352378736,4.51283366904248,6.39671871987418e-06,3.21721147811558e-05
"UEVLD",428.989116231294,1.9095847878767,0.256204091257084,7.45337351369835,9.09832245235997e-14,7.80383087967657e-12
"GAPVD1",2601.85421404748,0.811355275971559,0.197189782767988,4.11459085041031,3.87866775484785e-05,0.000162605054796628
"UTP20",1300.98556270989,1.69032394269292,0.25238625812506,6.69736916443109,2.12205070753097e-11,5.00096616741464e-10
"CTDSPL2",621.145498687159,1.35145268219138,0.222604493937201,6.07109343701135,1.27042239634039e-09,1.62463060451902e-08
"NAP1L1",6499.2323023165,0.784226506056008,0.174709117168512,4.48875547404661,7.16404730123632e-06,3.57048037198575e-05
"ZNF268",632.734089099977,1.57555089187807,0.231406176027227,6.80859482200118,9.85566203053333e-12,2.74792514868222e-10
"CCNJ",131.610168003899,1.30740066371898,0.373612395913063,3.49935033746365,0.000466393346614894,0.00154290151898203
"YTHDC2",486.5885309877,1.76921976217023,0.272350652077006,6.49610988142591,8.24234664244713e-11,1.5780028446217e-09
"ZFX",1224.23026986613,1.60310297234779,0.27039718249249,5.92869702846227,3.0534787722956e-09,3.47919558322606e-08
"SUGT1",451.734540067176,1.09659368452277,0.231899885913713,4.72873749032717,2.25920257814994e-06,1.24231039547378e-05
"ZMYM4",1382.13629936091,1.35949473692254,0.238737288397631,5.69452198291798,1.23718046028099e-08,1.1854416452915e-07
"CHIC1",213.669104617234,1.93775341934613,0.292837883910863,6.61715415187185,3.66179601788843e-11,7.96581472199113e-10
"ZNF621",1449.90429882386,1.00496415248542,0.205660995219336,4.88650826285087,1.02640021793719e-06,6.09802482421507e-06
"RORB",706.408942969319,1.77201501568324,0.246688350652941,7.18321319589281,6.80917920406028e-13,3.10783876941658e-11
"ETF1",1236.736532504,0.999128144707471,0.206448719503556,4.83959477738617,1.30104134306355e-06,7.52642151586381e-06
"ALG11",101.146431751606,1.13195042375826,0.346975238552345,3.26233776358511,0.00110497400681136,0.00332736012151472
"LMF2",521.320109983976,-0.702786521664861,0.217708759568999,-3.22810401867237,0.00124613652274647,0.00369616346966384
"LRIG2",392.274779236888,0.748217260726511,0.234429334714427,3.19165373069868,0.00141460809529459,0.00414499435382649
"ALDH3B1",589.48149741119,-0.773402252452364,0.226979197140451,-3.40737064099225,0.000655919915820177,0.0020902431831256
"BAG3",1714.98721178003,-0.563641924013129,0.183944254258773,-3.0641996744307,0.00218253186283909,0.00605287205894686
"CENPJ",174.048903342372,1.39667827666224,0.298585330139054,4.67765203337951,2.90178415685556e-06,1.56097062959545e-05
"ZNF146",1557.51420160319,1.62687841241985,0.236085877532626,6.89104502743932,5.53840031607019e-12,1.70245609715723e-10
"RNF145",2170.17760823792,0.555290375267615,0.182842664055484,3.03698471106892,0.00238957575642597,0.00654093496601335
"YIPF4",559.924561696356,0.798764764767271,0.229962640108256,3.4734544897869,0.000513804491375803,0.0016851016751616
"RICTOR",529.390189032406,1.92001015599399,0.289017813030994,6.6432242907744,3.06894277022049e-11,6.88807155093931e-10
"CD47",1985.24112849548,1.09735820023646,0.205823030923506,5.33156175629489,9.73716958109437e-08,7.33474159160366e-07
"FLVCR1",208.30955099525,1.13678935746136,0.290131355284679,3.91818856099139,8.92169048779951e-05,0.000348625710415474
"TOP2B",3028.6664144556,1.77754485019965,0.222453290153865,7.99064310970707,1.34236638821963e-15,4.39099619576343e-13
"DIXDC1",1260.91204095803,0.808861707013917,0.218862998190245,3.69574443237234,0.000219243431253345,0.0007842686962579
"H2AFY",993.753213629904,-0.594132926710197,0.205671117779846,-2.88875235922122,0.00386773538871372,0.00982871498780191
"EBAG9",284.104667644285,1.17607831638659,0.243062213977854,4.83858966451177,1.30763701215611e-06,7.56015837986052e-06
"PRADC1",280.294787827534,-0.800636607653276,0.260708138881456,-3.07100733827617,0.00213337907608342,0.00592818250844293
"SEC24B",789.484194428243,1.59636115224554,0.273192886845972,5.8433481584225,5.11619328829137e-09,5.41605146176556e-08
"ASPM",1205.33919405618,1.22883495036121,0.270098736343959,4.54957682140482,5.37539074875606e-06,2.7411446486959e-05
"PRRC1",1463.78105719938,0.867162773599701,0.205844435049358,4.21270933747503,2.52325678242355e-05,0.000110754747815647
"SDF4",1809.66141155659,-0.720805353120906,0.205592937187408,-3.50598305069136,0.000454924188235513,0.00150950037383678
"NRGN",82.5332966436123,-1.09210816204078,0.365673632480051,-2.98656524571911,0.00282130627527487,0.00751972453548585
"FAM171B",314.744800714402,1.83814377810913,0.259131817761049,7.09347001071141,1.30790308021089e-12,5.37162850121469e-11
"TNRC6B",1944.01600181785,1.39955953572552,0.235289075906019,5.94825548247955,2.710153582621e-09,3.12646855020776e-08
"TAF1",1553.20430827671,1.44737954974304,0.219719072005129,6.58740971611809,4.47565967517756e-11,9.36576732873309e-10
"AIP",1025.51351244098,-0.969406199460648,0.208265128749306,-4.65467361378366,3.2449431630048e-06,1.72911489207449e-05
"CALM3",6338.96848106627,-0.62221428216507,0.184203188957764,-3.37786921977631,0.000730498131673942,0.00229903672728416
"KATNAL1",387.471742130878,1.87393783213093,0.259471640187286,7.22212967389547,5.11796326465425e-13,2.54560805997727e-11
"SNRNP70",1272.7821483299,-0.688012350661045,0.206063645071033,-3.33883422485261,0.000841307548971034,0.00260715783334856
"ELOVL6",360.286806700723,1.68902423426202,0.276368875020958,6.11148500037836,9.87082814310615e-10,1.31495904388243e-08
"ZNF281",523.912292500424,1.17057183969115,0.231043650276596,5.06645319310783,4.05296350511482e-07,2.64444513998856e-06
"DLGAP5",415.019525889037,1.12147403185235,0.238489351188654,4.70240715680936,2.57112142262917e-06,1.39906321281932e-05
"SUMO1",1428.1435221354,0.945101964944877,0.197858278381543,4.77666121769428,1.78229670023105e-06,1.00290919493388e-05
"SELENOT",987.040978697657,0.752414086672254,0.204980426501487,3.67066309458965,0.000241922044650803,0.000858259640843602
"POC5",121.599429964862,1.20161877352539,0.332418323849839,3.61477899175074,0.000300603947901189,0.00104179897630461
"GPX1",3349.1762195303,-0.968621746366979,0.199145732657852,-4.86388401819862,1.15104377444517e-06,6.75342695877786e-06
"STK17A",881.189532473892,0.753705226694268,0.201266514217146,3.74481184625227,0.000180529017394243,0.00065985089149491
"BRMS1L",167.763507701198,1.63771180083514,0.322342466508043,5.08065790578753,3.76129931033916e-07,2.48286472736068e-06
"RBM43",285.055720153959,1.60471066479098,0.282614912350715,5.67808206383528,1.36213366940987e-08,1.28771719769044e-07
"TXNDC16",114.669116428965,1.42075522415874,0.327955854568028,4.33215386878856,1.47657686648686e-05,6.86802529346191e-05
"RBL1",437.543484692193,1.35690165605799,0.250006015052621,5.42747603801611,5.71565373705245e-08,4.54901695635517e-07
"SLC16A4",127.279443017689,0.924348518215433,0.315585816274675,2.92899259265477,0.00340062526198524,0.00878605816839727
"TNFRSF19",333.138746812665,0.817615990744466,0.245101317717256,3.33582862123838,0.000850455735319585,0.00262974410127874
"NOSIP",1037.90480495786,-0.920869065486592,0.195528753588859,-4.70963502085692,2.48160773438426e-06,1.35482368201519e-05
"MORC3",665.955957666581,1.59823519534594,0.230094118464301,6.94600629521914,3.75772007923519e-12,1.24394359010936e-10
"CDH6",853.622821657067,1.14055806078737,0.233117414317474,4.89263345737906,9.94956037214184e-07,5.93257521466626e-06
"NSL1",715.596779563072,0.759922026115498,0.204110292960613,3.72309507322172,0.000196795373437072,0.00071586938856308
"C3orf58",102.118269120647,1.1842661276437,0.354054287105181,3.34487159391995,0.000823206728502565,0.00255506434578814
"PLEKHG1",492.734018400078,0.815037029398564,0.232469181608938,3.50600033844326,0.000454894641498547,0.00150950037383678
"SNX30",1334.26492326238,0.619242025688224,0.202691052992684,3.05510290930589,0.00224983309949104,0.00621167308752087
"KIAA1143",743.791343519317,0.801872906194768,0.207839131771511,3.8581421090438,0.000114252214476137,0.000437304106297295
"ERLEC1",737.319413476693,0.967300094555061,0.205444571407012,4.70832637694142,2.49758972540281e-06,1.36129642632363e-05
"ST8SIA5",187.058085702095,-0.800042211631639,0.271349481673331,-2.9483830471981,0.00319440983048235,0.00833595267653949
"EIF2A",1015.9692160627,1.43792783745088,0.216049836213325,6.65553773450256,2.82266122187432e-11,6.42268983312919e-10
"GNAI3",1111.04269834013,1.36610192206086,0.21814708993569,6.26229725303043,3.79346929343657e-10,5.81234660471133e-09
"GRWD1",615.293369647973,-0.698149534979261,0.234188783951634,-2.98113992992699,0.00287177539176149,0.0076205986133124
"KLHL7",359.895355256721,0.858783495370583,0.227718132812419,3.77125653001027,0.00016242758763366,0.000600524262876639
"ZNF493",112.080998552294,1.45234336839335,0.372906888281199,3.89465417248655,9.8338929091165e-05,0.000380366830849688
"GTPBP10",390.913219580114,1.38826378408253,0.236834040226355,5.86175780624985,4.57992709638557e-09,4.93813925926192e-08
"NXT2",124.583166045323,1.01479048512416,0.324824240805298,3.12412177923763,0.00178336630803204,0.00507380273552778
"ASNSD1",517.62725392332,1.28546524897026,0.23060883645235,5.57422373203757,2.48636030493434e-08,2.14372772632754e-07
"HMGB1",3289.79152307277,0.559659999412155,0.176824840272518,3.16505304656078,0.00155054679670686,0.00448641891096929
"FAM160A1",1037.27301228759,0.603794244658767,0.206561948575222,2.92306617372409,0.00346602846002449,0.00892475278286223
"TMX1",572.011926095038,1.48854200904532,0.216808626408909,6.86569549238264,6.61680824161762e-12,1.94920142784319e-10
"REV1",526.345375270947,1.30268396757995,0.233435139812711,5.58049644378785,2.39833056318722e-08,2.08599964098656e-07
"GIPC1",211.680536684384,-0.850877944246581,0.286864691461332,-2.96612991969168,0.00301573064941243,0.00793242146369498
"ALG10",119.196315735822,1.3302517534163,0.352407303463755,3.77475648302821,0.000160164044876312,0.000593080327791147
"SETD7",1473.05228455788,1.01911443696434,0.212332551359297,4.79961471022809,1.58971162429212e-06,9.01717229641454e-06
"FAR2",130.784685336503,1.29750803670649,0.311536161730578,4.16487135714473,3.11528170995812e-05,0.000133311968720992
"NIPAL2",72.3192572479109,1.27769006208083,0.412664963549091,3.09619225022683,0.00196023223724033,0.00550734563843451
"TNPO1",3491.74164867937,1.83338004897857,0.230294474155706,7.96102492558717,1.70620008718989e-15,4.73365699911955e-13
"TUBB3",6122.05195073248,-0.919263068168439,0.189874378596865,-4.84142765844246,1.28909605380598e-06,7.46167996524654e-06
"ELK3",1925.15869448496,1.21733534746999,0.226433289458736,5.37613241577641,7.61028323153349e-08,5.88949049458315e-07
"FBXO28",886.069182580696,0.989658662153146,0.220358232007342,4.49113542588312,7.08444851009983e-06,3.53793498249083e-05
"ALDH1L2",501.890179712238,1.29844248313394,0.286234232081253,4.53629348835309,5.72514954527724e-06,2.90453768319601e-05
"CDC27",1462.22905389424,1.38237294489222,0.217650168438697,6.35135251586802,2.13429981124965e-10,3.5745007667934e-09
"GAN",109.803233353394,1.39777727796194,0.345831521966426,4.0417867926384,5.30454528557202e-05,0.000216691660076731
"BET1",374.25331209605,0.763814978487819,0.237491239490109,3.21618170054492,0.00129908552902519,0.00383602284197237
"STAT1",2311.45454656331,0.855900890296573,0.197436856791617,4.33506136698644,1.45719465197712e-05,6.78424866663664e-05
"COMMD2",506.180126388681,0.65670639524673,0.218059118383672,3.01159795616189,0.00259876539673998,0.00702035477536363
"NPAT",483.568766600238,1.74095802880377,0.271034188726931,6.42338900852762,1.33273328870387e-10,2.37255289417103e-09
"C5",329.061703934614,1.37280019840742,0.271147270980792,5.0629320127093,4.12857117460059e-07,2.68669279988144e-06
"SLF2",407.732001974113,1.44276913503944,0.28558523540927,5.0519738283102,4.37267627128039e-07,2.81592386032097e-06
"ZFP82",349.917824343273,1.44252716499601,0.263882308067846,5.4665550546311,4.58865950395447e-08,3.73815240906513e-07
"GFPT1",2068.10357297629,1.17509027476764,0.225232132059071,5.21724082627538,1.81608073134762e-07,1.28214039309312e-06
"RPS19BP1",226.463688925907,-0.838645608619489,0.267980303257459,-3.129504662937,0.0017510129345193,0.00499755652418456
"ZNF611",269.096900492475,1.26897854209419,0.309041118417753,4.10618026685634,4.02255602562267e-05,0.000168209799499844
"PHPT1",1468.04497673482,-0.688322443214442,0.200704693785117,-3.42952837939799,0.000604631199067864,0.00195094711850474
"RRM2B",496.021527668619,1.66880586246462,0.245338568260615,6.8020526666313,1.03138876192095e-11,2.85553269188148e-10
"MECOM",2121.43437359859,1.97585162414783,0.217404990337755,9.08834530926912,1.00557725482987e-19,2.48830091707652e-16
"PLAA",519.665545204762,0.69861311065727,0.209371474879675,3.33671581125729,0.000847745834557618,0.00262300352311701
"NOP58",1169.72707391016,0.974668722327144,0.205817429256415,4.73559856348641,2.1840952662792e-06,1.20483877251776e-05
"MATR3",4243.94870670196,1.47992971240628,0.199287765580671,7.42609416134585,1.11851386475493e-13,8.92826631721318e-12
"ZNF765",129.437669950072,1.34291971245264,0.324130519079278,4.14314491664445,3.42575317013086e-05,0.000145278941208034
"HPCAL1",1126.77882367468,-0.624694173178136,0.208965089042866,-2.98946669053408,0.00279464916760434,0.00746194698164224
"IMPACT",504.28688970556,1.55923803253792,0.242175143279484,6.43847263357855,1.20681713625217e-10,2.19578603209999e-09
"PRPF39",367.479986407822,1.74317037211437,0.257312954118793,6.77451462979825,1.24824603715236e-11,3.29470380686242e-10
"WIF1",487.259264981831,0.755838575436297,0.218033105533212,3.46662298639398,0.00052704056218697,0.00172337214553242
"CDK13",1042.11779771765,0.725397671700248,0.21115147686977,3.43543735736049,0.000591598217683398,0.00191173331982706
"RB1",436.204496251703,1.61767692989073,0.293335198012402,5.51477265889632,3.49231095441167e-08,2.90967119753928e-07
"TDRD3",147.476415332599,1.68901811139187,0.345599513120556,4.88721206850395,1.02273911109996e-06,6.08688867491038e-06
"GPD2",848.949386858875,1.41602902379508,0.220227888218817,6.42983518230951,1.27742379427055e-10,2.29650858330507e-09
"NXPE3",854.85839206898,0.644138343281485,0.210513172743984,3.05984815527365,0.00221449234870052,0.00613463343617065
"ZNF594",277.905683109404,1.8151779195107,0.342999849363277,5.29206622941754,1.2094207479359e-07,8.94013933014902e-07
"CCT8",2895.81367264126,1.07381593456946,0.184925203799063,5.80675815145378,6.36940359017304e-09,6.56028686113764e-08
"SLC27A4",404.029882119419,-0.694634451211002,0.238540204673878,-2.91202253373044,0.0035909672913734,0.00920574831650193
"HSDL1",560.978432600745,1.07223738501581,0.228366079762952,4.69525678300738,2.66272018905529e-06,1.44493445346871e-05
"MAP1S",440.906205809762,-0.79474902889471,0.253243336701864,-3.13828209359895,0.00169941239542813,0.00486712496815614
"DYRK1A",1788.03162139404,0.79183837300315,0.205521469132593,3.8528255775181,0.000116762567886485,0.000445706092148258
"CEP85L",123.952937861262,1.21585467891846,0.310518724380047,3.91555994359413,9.01946307963959e-05,0.000352029359472684
"ZNF550",347.350310663024,0.957150012732129,0.228058563149608,4.19694836060258,2.70535587361258e-05,0.000117703790931944
"DDX21",1000.01223187458,1.81020681459955,0.228416833274234,7.92501493279281,2.28118917412243e-15,5.64480261136595e-13
"PCDH20",135.550785749195,1.68382545831855,0.327696332115809,5.13837139233979,2.77129757969821e-07,1.88524422294521e-06
"NMT2",522.411187428685,0.83545007929319,0.216996902696421,3.85005531835625,0.00011809115022635,0.000450083251806088
"CDKN2D",101.324110069913,-1.1382824398031,0.338221156983145,-3.36549744538844,0.000764057747029223,0.00238983650499057
"NHP2",807.175824823077,-0.79548639154885,0.220750784431791,-3.60354955746328,0.00031390086383945,0.00108343308097675
"DNAJB14",412.459407112262,1.45391755040835,0.241020001223079,6.03235226549791,1.61590049471576e-09,1.99677691594215e-08
"UTP15",275.912441342138,1.37124762262409,0.282169999082785,4.85965066123768,1.17593064959143e-06,6.86687998209791e-06
"ZC3HAV1",1006.30145235109,0.864241272791055,0.232384412540375,3.71901567468902,0.000200000641881634,0.000725130532360592
"KIF5C",336.725434952261,1.25926862067706,0.239028294050373,5.26828267624118,1.37705942214121e-07,1.00740089876967e-06
"ZNF593",265.621000599835,-1.1782074039224,0.260420588082565,-4.5242483038586,6.0610534034391e-06,3.05459809507333e-05
"MPDZ",762.887437584184,1.84246670301289,0.231743446512079,7.95045871088683,1.8582216674106e-15,4.73365699911955e-13
"SSX2IP",553.217469635732,1.20360979062325,0.215480572951779,5.58569978785326,2.32761026389714e-08,2.02984021075365e-07
"AMD1",1224.77721473002,1.46148070374478,0.222860800374167,6.55781860825708,5.46005660598722e-11,1.11430186156828e-09
"TERF1",374.652565755652,1.01495987353476,0.232173664869342,4.37155468991686,1.23364939624578e-05,5.84512666716639e-05
"RNF169",1103.53381411598,0.989834009631785,0.228611337397359,4.32976780985849,1.49266642384814e-05,6.9298368964582e-05
"C1R",4990.70282783696,-0.553602423346323,0.176003942386374,-3.14539785779925,0.00165861100914205,0.00476543737837098
"SLC35A1",158.302521919301,1.18595528171317,0.292016989190251,4.06125439825186,4.88097486636322e-05,0.000200797544585466
"ANKRD49",168.645509481915,1.61586086288047,0.283526971609557,5.69914337852012,1.20410925993836e-08,1.15936512206906e-07
"RAB1A",2638.01382429531,0.968608427402544,0.183639065033992,5.27452275594657,1.33102002832624e-07,9.7660757897503e-07
"MTIF2",537.615100148018,1.42170856439675,0.219814717003459,6.46775877328713,9.94671131440477e-11,1.87172145608324e-09
"CCDC191",191.919824279709,1.84570969827639,0.304741883923309,6.05663282813097,1.39000368784098e-09,1.74819015276366e-08
"ZNF460",566.383319618578,1.09341170784846,0.295287582548778,3.70287059960552,0.000213173627630808,0.000765044440279094
"CKAP2",720.76117940007,1.19058530670934,0.21547336060469,5.52544084042764,3.28659311831461e-08,2.76151941299473e-07
"OSBPL9",617.817999951839,1.9041684437576,0.254505336740594,7.48184092382485,7.32886270067891e-14,6.71676694549258e-12
"ZNF124",118.102819380548,0.950953189925429,0.325299715482391,2.92331393070925,0.00346327147694937,0.00891997425939237
"CEMIP2",803.862602406343,0.808577615980611,0.235975211716318,3.42653624547929,0.000611332167026964,0.0019684338936997
"MAP3K2",1613.57903952511,1.96915953172247,0.269709165646687,7.3010478787437,2.85535109073239e-13,1.74667725759489e-11
"CDK6",6316.87882776765,1.62778447866528,0.275656647922194,5.90511598735225,3.52398728830479e-09,3.91475041297877e-08
"SERTAD1",395.432329408818,-0.954961389958571,0.222508119279861,-4.29180469031542,1.77226803287378e-05,8.07761801792531e-05
"GPS1",1120.33657170697,-0.645719022716419,0.203400654650715,-3.17461624607485,0.00150034780657505,0.00435624599280722
"TUFM",1839.91941681588,-0.715498641306402,0.208781149175431,-3.42702702869595,0.000610228326952349,0.00196551903032032
"SLC2A12",318.242294642317,1.02520409270408,0.23841678498057,4.30004998510331,1.70759589843818e-05,7.82490009386164e-05
"ENPP1",664.106238313619,1.3042810531301,0.240926686757927,5.41360141826292,6.17695818668984e-08,4.8761663352052e-07
"LTA4H",936.64706180997,0.657609484796645,0.195645149056443,3.36123582909243,0.00077594542812765,0.00242204599419977
"RNF219",131.502398544272,1.46932777997564,0.326934880231446,4.49425212426236,6.98148727888059e-06,3.49533439991705e-05
"ZNF254",363.068820978596,0.99666964262424,0.289406571388687,3.44383901803551,0.000573517071706083,0.00185876620031002
"SH3GLB1",1316.81191532593,1.35877467873069,0.201939344131078,6.72862776977583,1.7127056717417e-11,4.20654112627775e-10
"DCAF10",540.862342792566,1.15338107154599,0.225206829916251,5.12143025136009,3.03226898258071e-07,2.04869613580777e-06
"SH3YL1",312.706522596521,1.34830903064348,0.24923464099529,5.40979787263586,6.30959220686203e-08,4.9588798895855e-07
"STAU2",160.154125009326,1.07276292846197,0.30979609860247,3.46280322218821,0.000534579195167067,0.00174686856182358
"TUBD1",124.532882626834,1.39013651624823,0.326746985498691,4.25447388329096,2.09541113812452e-05,9.37630173831667e-05
"CCDC82",262.747547562875,1.29239805158963,0.275448686802545,4.69197390843282,2.70581642134285e-06,1.46671253770271e-05
"NEK11",239.658188214518,1.02263093265245,0.25700451612532,3.97903876581606,6.91944589982908e-05,0.000275941480727269
"RAB18",595.733916089395,1.4801402673782,0.220177921766429,6.7224736045441,1.78665111554293e-11,4.30274275952407e-10
"IQCG",153.35648141051,1.37075619135768,0.329617207443036,4.15863055812879,3.20161223997639e-05,0.000136710776321339
"DNAJB1",4377.75194553625,-0.576127990928545,0.180481516720165,-3.19217170488336,0.00141207363489167,0.00414001920561545
"MUT",492.714210499816,1.55620087063942,0.234661794044793,6.631675501221,3.31897604288821e-11,7.34926730928579e-10
"TTC37",1070.56877897306,1.77114711876397,0.241068549754821,7.34706837770964,2.02601238863344e-13,1.39260212657596e-11
"UBE2Q2",425.38147023669,1.15363519695924,0.241874506910953,4.76956092517826,1.84627898813589e-06,1.03303953785014e-05
"PRKCI",775.673266589111,1.79251443849333,0.246917699700292,7.25956235891179,3.88344730226004e-13,2.11199787899834e-11
"CDK5RAP2",4379.11336589031,0.805009268773186,0.190167307317222,4.23316331355702,2.30427047354748e-05,0.000102322427757618
"C2CD5",708.045273173776,1.68932281024455,0.237480273505573,7.11352899046121,1.13112712335487e-12,4.82581735645107e-11
"PAIP2",1160.10496897858,0.871880064223444,0.186276092872741,4.68057951386756,2.86065132602472e-06,1.54303688419579e-05
"CAMK2N1",521.324515393288,-0.730892276638972,0.215689809726231,-3.38862683205421,0.000702435346780555,0.0022191845076393
"UAP1",875.502987835921,1.0332402351658,0.209182632815979,4.93941691648351,7.83565203090595e-07,4.7993368689299e-06
"PPP1R2",628.085139914524,0.730195452406226,0.217797828913957,3.35262962008081,0.000800477489255126,0.00249311711411178
"PREPL",1213.07921438325,1.70536979694912,0.258148347801577,6.60616196645169,3.94411375445327e-11,8.48670390034315e-10
"C5orf24",648.489850363283,1.64371841615902,0.231052054030393,7.11406104159888,1.12677277523993e-12,4.82581735645107e-11
"SBNO1",2106.1272798693,1.49608747271266,0.257374541564549,5.81288057326154,6.14068717673037e-09,6.33503434170687e-08
"MED23",606.031995293789,1.75296104909946,0.276636593963942,6.33669256833008,2.347497340448e-10,3.84694183373416e-09
"ZNF790",105.406481843069,1.58756979415751,0.398065008971278,3.98821739760618,6.65716446351659e-05,0.000266340395553303
"C3orf38",520.268164688389,0.960398095563096,0.240731622072978,3.98949704776198,6.62135433105539e-05,0.000265014820739128
"ALKBH8",276.84558377819,1.67989562721913,0.274285157398001,6.12463190919778,9.08934861293943e-10,1.22737206781548e-08
"OGFRL1",85.9905762117842,1.36196016046173,0.38111326827351,3.57363617024297,0.000352058025553197,0.00119871700616634
"ISCA2",202.415622473477,-0.906958797546651,0.286869539682618,-3.16157232500208,0.00156919844487203,0.0045348689656477
"WDR43",962.111834200977,1.13889965670177,0.218771453404787,5.2058878751173,1.93071204597424e-07,1.35533247028745e-06
"TMEM167B",616.371697529672,0.967790716341899,0.21872705430728,4.42465025374635,9.65986521686291e-06,4.67090111951681e-05
"PPP1R16A",172.66447149888,-0.942126084470697,0.295453633382842,-3.18874428343858,0.00142892220049877,0.00417827826899169
"AHR",10918.7925632451,0.98206416390509,0.237421309586136,4.13637750384323,3.52831566565093e-05,0.000149372405725461
"TRIM33",488.528963482686,1.61613986487196,0.255512023554906,6.32510299275476,2.5306373547141e-10,4.09285106813074e-09
"TRIM38",503.482618081544,0.703105172308747,0.225971175945621,3.11148167179493,0.00186151029169607,0.00527037438993356
"SCD",20721.5078588868,-0.544347859351679,0.168589721271316,-3.22883183652486,0.00124296961040059,0.00369124308543205
"SEC63",874.184188393349,1.53131849314768,0.202009407058372,7.5804316019065,3.44407297398713e-14,3.7053732931005e-12
"PSMA7",3529.24490393034,-0.835736178777404,0.189190072952026,-4.41744202397621,9.98758478616532e-06,4.80822539948756e-05
"XPA",240.743500507913,0.887770266796013,0.254142742063096,3.49319543650633,0.00047727706841992,0.00157574663883268
"GPATCH11",289.733695621868,1.73878950368749,0.249049263058399,6.98170908973847,2.91610489259307e-12,1.0199154143776e-10
"MSH3",165.793212475573,1.19585255469898,0.318364167185561,3.75624105335311,0.000172484564095401,0.000633488762677654
"CEBPG",580.005855889993,0.803909099909312,0.219615247919185,3.66053408188277,0.000251690071022112,0.000889089337250842
"CEP120",214.353502936591,1.66492317970338,0.333974841594552,4.98517544541455,6.19056131599285e-07,3.87076284938075e-06
"RMND5A",1085.15589528806,1.59012715891661,0.236258564075212,6.73045298967617,1.69135689527607e-11,4.17482557342707e-10
"UBE2J1",572.48075110348,0.96076910013923,0.226314065410883,4.24529115499256,2.18309761617541e-05,9.73346856076765e-05
"CDC20",970.576367779732,-0.923029639400677,0.197758700733546,-4.66745400317097,3.04954990083479e-06,1.63424173895304e-05
"PGRMC1",1721.49324220218,0.835149207484253,0.188784421864007,4.423824800999,9.69686668624255e-06,4.68421603027959e-05
"ARPC1A",3020.55097306417,-0.549623130850299,0.18562668869742,-2.96090575502433,0.00306735785134548,0.00805537490385183
"WNT7B",134.947365707587,-1.33571408098582,0.314182229242996,-4.25139920931922,2.12439111328655e-05,9.49739080366316e-05
"NUTF2",2337.14190917411,-0.590240981212448,0.179196166851665,-3.29382593156158,0.000988336831029059,0.00301372703435786
"PHF19",207.464495013123,-0.98053937650585,0.266700896265836,-3.67655073617934,0.000236408853576924,0.000841112448851329
"WDFY1",1598.49738684053,1.33475469844908,0.218901232515993,6.09752025197739,1.07726475243949e-09,1.4097671145367e-08
"CD68",3140.75590074034,-0.556319207342955,0.175008340947547,-3.17881538863164,0.00147878242627388,0.0043075304459267
"THAP6",180.931083303039,1.3067863092589,0.295605546659013,4.42070970598635,9.83772612866461e-06,4.74762619315077e-05
"RCHY1",155.570596357366,1.36601646889948,0.304749727947498,4.48242063446505,7.38010933740183e-06,3.65973558224466e-05
"CETN2",645.418584004427,0.778868779743988,0.202572952936917,3.84488041691594,0.000120611241511849,0.000458452407252029
"NGLY1",324.600931439664,0.872792662426579,0.23187664921812,3.76403861867766,0.000167191046559068,0.000616334070332087
"UBR3",1237.67505322064,1.77725012862655,0.258030127790255,6.88776207587362,5.66768965956219e-12,1.72611668462605e-10
"ZFPL1",505.186919770144,-0.772178843648298,0.236015214441898,-3.27173333072725,0.0010689034521827,0.00323349827924949
"PYCR1",538.521625478706,-0.816157322679433,0.222226118367288,-3.67264356087305,0.000240054211156161,0.000852855916017115
"OPA1",1042.94140736522,1.71794221608402,0.256424777750332,6.69959522303533,2.08997642768944e-11,4.93713285949166e-10
"USP24",2719.035282123,1.67284140976052,0.238967469668318,7.00028925310373,2.55434594172214e-12,9.29518975410504e-11
"DAGLB",618.789735622467,-0.743130334946019,0.213862045287591,-3.47481168968854,0.000511212080987509,0.00167826772060178
"ZNF253",246.770284824552,1.73454099189987,0.294009578861431,5.89960707612648,3.64368248097671e-09,4.03413525690241e-08
"EML4",1121.27297015975,1.35595565226622,0.223014243983492,6.08013025556605,1.20084955988107e-09,1.54967522082176e-08
"AGFG1",724.536540979861,0.973408893930344,0.234725788404752,4.14700447081611,3.36853487313724e-05,0.000143097674567864
"NSUN6",121.699723572658,1.51965971073752,0.363021601489567,4.18614127782476,2.8373678287845e-05,0.000122531704927177
"HDAC2",1640.50430731532,1.00774757245916,0.189250586192709,5.32493765400018,1.00987671363355e-07,7.5840361999582e-07
"SLC30A5",652.628585175322,1.0331712308882,0.230629912126055,4.47977984019481,7.47200692814104e-06,3.69604820463468e-05
"ITGAV",4831.35877950219,1.99306981699534,0.255599412572308,7.79763066330018,6.30803092076227e-15,1.11494446524473e-12
"COPS4",504.156380945803,0.624502035883476,0.210965143282319,2.96021430918449,0.00307425105380694,0.00807133605585705
"DOCK4",776.376974327425,1.58493988543608,0.229018673546704,6.9205705407811,4.49828255038167e-12,1.45029318187875e-10
"NCL",6940.17404352068,0.606373344637624,0.177445241678,3.41724206805148,0.000632590052162579,0.00202764777730091
"DCAF6",1416.08740187536,0.984892419537186,0.186703943254473,5.27515596280043,1.32643231604578e-07,9.74686493260665e-07
"UBA3",1221.86043241634,1.42272269517945,0.222773787928002,6.38640078984184,1.69835528374245e-10,2.92353401712744e-09
"FBXO30",461.510151724909,1.64123413156101,0.243418914721325,6.74242646032646,1.5576308732743e-11,3.89329050092651e-10
"CPLANE1",633.712344453526,1.72953358521423,0.294177299214952,5.87922178165923,4.12199785222223e-09,4.49829489981209e-08
"BIRC5",1816.66188692617,-1.24916020274155,0.196216328860922,-6.3662398027381,1.93718486761109e-10,3.27205730710146e-09
"ZBTB24",226.095924886642,0.984194342209142,0.277118410815029,3.55152997346708,0.000382998366781943,0.00128986656495667
"CLASP1",2889.32612118844,0.74605956658032,0.203732795064335,3.66195126486499,0.000250301483452378,0.000885131862526486
"TTBK2",178.575075775086,1.39783768022804,0.287721718779888,4.85829740679885,1.18399472438039e-06,6.90582191038134e-06
"ARMCX3",872.87935310135,1.16909578726843,0.205453832071229,5.69030898807044,1.26809693938641e-08,1.21154667046783e-07
"KBTBD2",813.492427269261,1.04937765485619,0.211263046784132,4.96716141715235,6.79400350131224e-07,4.20556889655963e-06
"ALKBH7",334.129207960864,-0.803898156981158,0.241023854349852,-3.33534686493844,0.000851930611932113,0.00263265975551172
"LOXL2",2587.25491814069,-0.66196920266855,0.180002048224855,-3.67756483438251,0.000235471235675491,0.000838379241264752
"DNAJC3",1017.46546993975,1.18618994038004,0.23582888246909,5.02987559437514,4.90798179155104e-07,3.122056797736e-06
"ZW10",496.482308355711,0.94502326059464,0.225258614676602,4.19528133008981,2.72533104447149e-05,0.000118520767478817
"PLPPR2",987.470570198822,-0.620912281454099,0.203171604924588,-3.05609773415219,0.0022423814976921,0.00619476491625163
"TMED9",1151.17599623846,-0.702988228911896,0.220870903665711,-3.18280143398097,0.00145857604444753,0.00425618681837903
"THNSL1",220.887496270385,1.7678334808072,0.302637425600792,5.84142386652187,5.17565309062758e-09,5.46712734284811e-08
"CEP135",132.070778110075,1.67727329164488,0.341212853196171,4.91562165942375,8.85011694223763e-07,5.34136935940659e-06
"GPR180",267.225881367051,1.26802607402744,0.290056596141653,4.37165053611875,1.23310785227804e-05,5.84512666716639e-05
"NEIL2",356.720504035413,-0.817648429380133,0.244368259004971,-3.34596822316232,0.000819957919706612,0.00254577901168634
"MAN1A1",387.245756014269,0.99464219418755,0.22598381927428,4.40138677796368,1.07561191298038e-05,5.15564489815005e-05
"EIF4G2",19651.523970936,0.803819024407475,0.192596951630345,4.1735812410482,2.99848669488422e-05,0.000128815196640469
"GFM2",361.9369939499,0.97037077653221,0.238213271974345,4.07353783645068,4.63043248104979e-05,0.000191605437698289
"ARHGAP28",102.01727836859,1.79297704118737,0.353400474526411,5.07349924640061,3.90566022209458e-07,2.56014734293326e-06
"TRPC1",277.001802362471,1.65894100361242,0.302186785641655,5.48978672277105,4.02419365590204e-08,3.31101153833071e-07
"ALYREF",706.508504200924,-1.0076241449165,0.225158404827931,-4.47517891098288,7.63473548415698e-06,3.77088881348232e-05
"IL13RA1",1283.56798596047,0.662485750689528,0.188622062944925,3.51223892023154,0.000444348343833329,0.00147887017729061
"DNAJB9",366.068518886052,1.19213991926574,0.23203888572508,5.13767300485224,2.78161349179954e-07,1.89096224875219e-06
"TLK2",1053.29336233491,0.635962505676185,0.20735012686177,3.06709484725876,0.00216150259648327,0.00599623113788997
"PYGO1",318.102723030484,1.7910012948735,0.316014227602776,5.66747044416226,1.44921043258164e-08,1.35836030887245e-07
"ETV1",7010.13547965207,1.10614084344367,0.200159980849577,5.52628371939617,3.27085034545808e-08,2.75062673911164e-07
"ORC1",301.103450650402,-0.76830103938196,0.235103721771453,-3.26792376400078,0.00108339543931264,0.00327433528498214
"SYCP2",142.995289128999,1.33930067987101,0.299261771062872,4.47534837180937,7.62868224572349e-06,3.76978017314883e-05
"ANK3",481.696765270128,1.43282480671199,0.235019064330389,6.09663224893845,1.08326335273029e-09,1.41408276860031e-08
"TRIM37",847.022112442623,1.19674644037067,0.235594934921608,5.07967813810972,3.78074862680089e-07,2.4914680364897e-06
"VPS13B",1882.79937079858,1.72202022268621,0.270631983780564,6.36295902143802,1.97903504572501e-10,3.33137566030376e-09
"H2AFX",688.076275776057,-0.839393120863166,0.207300007541295,-4.04917072034335,5.13994409168424e-05,0.000210576020776037
"ACVR2A",1445.70109113573,1.39054704405499,0.206088579144594,6.74732704658691,1.50593578225773e-11,3.77360819564228e-10
"TIA1",1723.86351302941,1.7786499281814,0.231512502606825,7.68273811631703,1.55723724310229e-14,2.14076864336479e-12
"MAP2K4",791.548925915978,1.35411874110884,0.224838335722839,6.02263282529399,1.71602439067185e-09,2.09435381243772e-08
"CNOT6",685.770797919447,1.51599614466544,0.240543202625447,6.30238613321376,2.93097857135783e-10,4.64917081719548e-09
"TBPL1",255.788037610047,0.854227408604212,0.248862521052386,3.43252734478405,0.000597983576875423,0.00193047666141975
"SOCS3",952.235820716112,-0.810580880376874,0.205700873780566,-3.94058063769613,8.12846202514436e-05,0.000320029901053615
"ZNF331",467.635783088805,0.721133539468718,0.220522051855522,3.27011985151117,0.00107501926356359,0.00325100539894666
"DNA2",106.222573253052,1.43003027448866,0.358355403662057,3.99053637778329,6.59240363071653e-05,0.000264069652516521
"SLC9A3R2",255.774439834415,-0.864191512448708,0.27479502433188,-3.14485866165099,0.0016616708786976,0.00477007492962554
"EDF1",2251.81585771823,-0.919367731907638,0.218505635169435,-4.20752412721409,2.58183844905026e-05,0.000113025373590002
"DDX53",121.136192064342,1.90156256429587,0.385431754750023,4.93359081305888,8.0731479775033e-07,4.93259374576097e-06
"ZNF845",178.131969747182,1.47354878173738,0.289356759079211,5.09249822408329,3.53376025529714e-07,2.34274340300945e-06
"HAT1",1036.60668004301,0.600338833991551,0.192211677316325,3.12332134224897,0.00178822392752178,0.00508323964233502
"ELL2",561.188071635765,0.85328368160139,0.224344868887713,3.80344638962287,0.000142696885739658,0.000534195830200882
"RANBP6",385.52384588152,1.84815366242663,0.268916980515109,6.87258074550183,6.30506695426668e-12,1.88542455327286e-10
"EYA3",1155.60350288063,0.592190301673899,0.193558267578881,3.05949370740552,0.00221711445221768,0.00614017874875505
"PALMD",323.364415533632,0.722362374522649,0.233597124522633,3.09234275036061,0.00198583414252482,0.00556663447825282
"PRDM2",1172.31605000744,0.896416232459661,0.203976023893578,4.39471372835149,1.10918826799148e-05,5.30374177612545e-05
"SYPL1",1649.14391094143,0.957010410729522,0.195823587740157,4.88710487727045,1.02329589362001e-06,6.08688867491038e-06
"NANS",921.57602877253,-0.715697353020566,0.214983663177529,-3.32907785848619,0.000871340424504445,0.00268844374119233
"SACM1L",659.26271171591,1.77923830315233,0.26991766332399,6.59178166127148,4.34579397887167e-11,9.18888244168216e-10
"MTREX",870.117186230727,1.51093993396507,0.217588853787558,6.94401348076528,3.81114110155117e-12,1.25742248743845e-10
"POC1A",254.46662547184,-1.07242006835087,0.254030514349975,-4.22161908814393,2.4255375015228e-05,0.000106941781313993
"PPTC7",661.837027999292,1.26801496266085,0.262533694667561,4.8299132203449,1.36592567745114e-06,7.8741597876595e-06
"MSL2",779.916026657612,0.877634065841725,0.219642663357922,3.99573585761689,6.44936117083936e-05,0.000259178956025042
"SMC6",283.735074937695,1.25504219535721,0.263656244506318,4.76014591540287,1.9345304717604e-06,1.07487207380742e-05
"CANX",8918.15298567517,0.81479998414554,0.190791811032819,4.27062345985795,1.94927276642322e-05,8.78592980057241e-05
"APOBEC3B",220.505134079629,-0.78275438338354,0.256362122062879,-3.0533152756145,0.00226328016937995,0.00624009668983921
"HAUS8",205.648718452472,-0.790587540420175,0.265426637454801,-2.97855387839437,0.00289612107474357,0.00767286038485328
"PEPD",995.128492933083,-0.666923691711155,0.19211252863827,-3.47152627909504,0.000517508676794739,0.00169556467491371
"PGGT1B",200.325520475952,0.903274134459526,0.302810712566513,2.98296624582303,0.00285469475480995,0.00758137072259427
"ARHGAP21",2917.72813278814,1.42390871152027,0.255540910876588,5.57213600998682,2.51634842954135e-08,2.16205006559031e-07
"PTEN",691.35189585641,1.3617398426829,0.245799962085864,5.54003276130373,3.02415066373512e-08,2.55837976663677e-07
"SOS2",522.845792299605,1.85062547928739,0.238289151082436,7.76630186846888,8.08108284294557e-15,1.26962790443611e-12
"PLEKHA8",225.410326868664,1.59623090061402,0.296755238129188,5.37894768320527,7.49224750128056e-08,5.81177631408111e-07
"FAT4",1663.52832498931,2.22340781766269,0.278478768918881,7.98411967380663,1.41528667308276e-15,4.39099619576343e-13
"PRMT3",486.002087394916,0.998109978716185,0.240044091164802,4.15802769346626,3.2100711578297e-05,0.000136953811724993
"TAF1B",251.044852444401,0.977649629490814,0.287773535411444,3.39728817694449,0.000680572548565683,0.00215838099509873
"BTAF1",857.371380573059,1.83383143407439,0.262751318385736,6.97934246473395,2.96564763251096e-12,1.03359085445752e-10
"SPATA6",233.814148614112,1.5041438329801,0.286402961116164,5.25184455886274,1.5058352040655e-07,1.08793845619272e-06
"NCK1",561.192387282265,1.30002357825189,0.223440893452848,5.81819897943715,5.94850660897188e-09,6.18469731256341e-08
"LMBRD1",471.219867500784,0.897698407233698,0.231508253454319,3.87760865472052,0.000105488220441447,0.00040611528818726
"PLOD2",608.923857503273,1.57352134644982,0.262315981994546,5.99857215898699,1.99060060879134e-09,2.3824624940528e-08
"RPL13",12379.1572638861,-0.695237820535791,0.185009815610037,-3.75784289197505,0.000171384426515577,0.000629681905586926
"USP28",664.132507785436,0.869042138774515,0.206690995058233,4.20454765593281,2.6160481678122e-05,0.00011437122246027
"CBLB",770.946062944775,0.987301739213053,0.23269024602308,4.24298721621157,2.20564004667743e-05,9.82070408547604e-05
"LIFR",374.086469685152,1.78596147512262,0.298287985390395,5.98737315143679,2.13257141930473e-09,2.53704229666806e-08
"NADK2",282.684873848408,1.43900884692858,0.280125407482451,5.13701652363944,2.79134421225359e-07,1.89627488077461e-06
"EPB41L2",641.298767497171,0.90498033057357,0.21396482436677,4.22957527365475,2.34132928672179e-05,0.000103828303225682
"LAMB1",10084.1924045271,0.616830071185482,0.182884165667851,3.37279101737955,0.000744104061697498,0.00233591563675288
"ODR4",337.065601186487,1.7225340316166,0.267124291017295,6.44843651266847,1.13009883995712e-10,2.07925804074173e-09
"LYPLA1",658.105371168665,1.03741265377451,0.210477925023304,4.92884303025911,8.27179982130855e-07,5.03531824300812e-06
"SCYL2",710.770315884167,1.67406318538346,0.250804706154311,6.67476783451374,2.47623855924715e-11,5.74000216848438e-10
"HDAC7",556.117597042679,-1.445721344662,0.217260307850406,-6.65432797627004,2.8459740130387e-11,6.44609857690092e-10
"NACA",6310.59577368949,0.920571802898922,0.172295658432538,5.34297736387461,9.14321850096307e-08,6.94015158915126e-07
"PRTFDC1",366.594638922378,0.843927015896304,0.247209392900626,3.41381452376912,0.000640601699734414,0.00204957156063092
"PKM",26998.5156078773,-0.718848957316318,0.182305619001923,-3.94309819550178,8.04357016054496e-05,0.000317218956915614
"ZNF597",117.180556236187,1.22545136492544,0.316440369639628,3.87261387136232,0.000107674341758047,0.000414209341127534
"CENPO",746.815384836348,-0.617327561135511,0.196288796672935,-3.14499641140564,0.0016608886728053,0.00477007492962554
"CCNT2",787.401281173555,1.5721455774956,0.271201752999853,5.79695949641024,6.75279919791021e-09,6.89775092475906e-08
"ATF3",2300.51671883616,-0.581546355078965,0.176638905340471,-3.29228917014649,0.000993753754902193,0.00302651528185289
"RHOC",2665.42791159757,-0.640659312593089,0.187299861667854,-3.42050072481738,0.000625059691643651,0.00200675991822538
"KITLG",179.144518875628,1.08184786297672,0.292843375116996,3.69428832919475,0.000220503486829461,0.000788491153409685
"MBIP",226.487176552907,1.1523321513919,0.287155688350083,4.01291772422439,5.99728211110462e-05,0.000241895266241702
"ZNF41",129.362700734809,1.6983212731216,0.347700020813674,4.88444397888517,1.03721126211008e-06,6.15486635033905e-06
"PRRX1",9217.93936202136,1.25788024021333,0.213126323647456,5.9020407178517,3.59032520841589e-09,3.97951163638304e-08
"PSMC4",1923.11088948909,-0.589467287670172,0.187097208100637,-3.15059371357966,0.00162938974822438,0.00469101213726729
"LGR4",2805.14293049107,1.54161593541292,0.235037187282808,6.55902988473893,5.41589491527205e-11,1.10757288990419e-09
"MRPS18A",406.662381962126,-0.804796003982218,0.224677452055611,-3.58200610083035,0.000340965828145617,0.00116697087378469
"ASF1A",287.339932671444,0.837158676981286,0.242475175849876,3.45255415960435,0.000555305987050876,0.00180624997036792
"CPSF3",737.331764338501,0.717191924435101,0.198101932087753,3.62031766614677,0.000294241541868876,0.00102225439853216
"NFIA",188.016130656399,1.30971734944178,0.298907393629722,4.38168267949978,1.17766242621666e-05,5.60139485569079e-05
"ERI1",555.860548806761,1.28585212738881,0.245989743608733,5.22725910651813,1.72041326798911e-07,1.21981737296248e-06
"ZNF844",565.302914565605,0.702372140792252,0.222418652623203,3.15788326432376,0.00158919182088553,0.00458862912576573
"E2F3",292.511377339809,0.897573652847012,0.250358270867559,3.58515678246489,0.000336875768017144,0.0011541697306451
"GLCE",251.54544595141,1.69273886930869,0.260455420007555,6.49915010123263,8.07750379007553e-11,1.55850160846331e-09
"CLCC1",407.371363151882,0.660929807233024,0.226041669980848,2.92392905825294,0.0034564351056486,0.00890700199836237
"KHSRP",1983.09200002549,-0.609301101693772,0.211361093861092,-2.88274956645621,0.0039422071819841,0.00998719393070862
"RABEP1",1474.08372964616,1.41201336359291,0.208057637477441,6.78664518502002,1.14771002747394e-11,3.07027941944245e-10
"PRTG",180.1972793724,1.68340740326286,0.336559129945652,5.00181767029972,5.67922900718931e-07,3.57816732738127e-06
"TACC3",733.240329395548,-1.02245598202498,0.212422703153837,-4.81330840274882,1.4845192441189e-06,8.48370177730302e-06
"VMA21",425.573804157811,1.33743916873172,0.261516168589629,5.114173918747,3.15116924698705e-07,2.11890442980148e-06
"ARMCX5",101.969938293868,1.26478035787253,0.357745871162435,3.53541566744805,0.000407134175836338,0.00136418892093029
"DNAJC5",1570.15203837258,-0.629714937404852,0.198688848622673,-3.16935218946653,0.00152779144521544,0.00442813461925109
"CASD1",339.117249804682,1.56204783644237,0.287000227259607,5.44267107854732,5.24875110425293e-08,4.21689435307593e-07
"CAST",1253.72925041097,0.715089104033011,0.188940193554635,3.78473786111704,0.000153870679879743,0.00057256089828936
"RRM2",1862.73098242238,-0.76791258164521,0.179958384354291,-4.26716756988322,1.97970457022499e-05,8.90282409635937e-05
"RAP1B",1284.76072196665,1.05287703215513,0.208318026043468,5.05418111025801,4.32241297099794e-07,2.79263992081838e-06
"PSMD2",3636.42090916368,-0.5631568802052,0.181572243456007,-3.10155819791723,0.00192505027819853,0.00542081014327426
"ATRX",1267.76203757018,1.60556899474252,0.233028174303903,6.89002091501872,5.57841857355056e-12,1.70417243953714e-10
"TIPRL",869.280084563463,0.686033041355075,0.199515391163236,3.43849683653622,0.000584953372270615,0.00189149574607467
"LPIN1",3989.25264534069,0.591555001844067,0.182443943425313,3.24239320164789,0.00118530363895902,0.00354124220296298
"NKTR",2176.41071447261,2.00709823691227,0.237341582059658,8.45658067791833,2.75331795724433e-17,2.27102842840037e-14
"GMCL1",254.970323903909,1.33980666820592,0.256210272478499,5.22932455145161,1.70130469805119e-07,1.20772098336012e-06
"ATAD3A",210.110599354381,-1.0373880762424,0.290362824325085,-3.57273035435474,0.000353278483077292,0.0012016324486251
"YIF1B",704.145925370306,-1.00027951544711,0.223210750396491,-4.48132320540254,7.4181669996867e-06,3.67676599714066e-05
"MDM4",1407.18189995106,0.772795976583779,0.231652261683078,3.33601740371106,0.000849878431786068,0.00262878022431828
"GPC1",1943.19896770762,-0.751529715695945,0.219265483234244,-3.42748755805343,0.000609194219107034,0.00196282694684942
"ZNF788P",200.081649913667,1.30169530220997,0.300838742355926,4.3268871954993,1.51231361431456e-05,7.00790269404752e-05
"KIF15",526.183174968201,1.40864631684284,0.235698674488799,5.97647110191867,2.28022980046843e-09,2.6804886656813e-08
"GCC2",611.957577031085,1.73879578462771,0.257496189068982,6.75270492706939,1.45113881811074e-11,3.6548020411349e-10
"KPNA3",731.297675205923,1.20693052644754,0.215426572489558,5.60251464106658,2.11264185090794e-08,1.86871573192911e-07
"ZMAT3",197.633809517434,1.51831997221039,0.332145504530509,4.57124950210166,4.84824607635501e-06,2.50197808465912e-05
"KIF27",127.127130736817,1.68154490103228,0.328562593948985,5.11788296050941,3.08984233370557e-07,2.08049383802841e-06
"MTX1",491.455628257769,-0.774364741731953,0.219291436621836,-3.53121286294153,0.000413658710092822,0.00138464454261033
"KMT2A",4934.49418575582,1.18061429227382,0.237606122210644,4.96878734137655,6.73729077714279e-07,4.17307284807005e-06
"ZC3H12C",538.090906324768,1.37476611578868,0.288790942763721,4.76041977851592,1.93190713784233e-06,1.07427060957098e-05
"TFRC",2025.25200230836,1.54179248086513,0.222585759715721,6.92673458910511,4.30665466256929e-12,1.39454558547883e-10
"ZFP14",115.62904175422,1.67775479861777,0.367207674417205,4.56895352549625,4.90165447112641e-06,2.52690499766715e-05
"CDC25A",296.202528326458,-1.06645080542889,0.252312399919182,-4.22670786600455,2.37135210466722e-05,0.000105065546696491
"DNTTIP2",497.425347838629,0.991269149801126,0.216325529606605,4.58230312253844,4.59882611685879e-06,2.38053712212815e-05
"NUP62",1746.88477126573,-0.616669001228459,0.190024323185744,-3.2452108808496,0.00117363675027221,0.00351487339007393
"ZSCAN29",427.262285158539,0.738605468172114,0.223863933126365,3.29935000183881,0.000969090021291711,0.00296142421449378
"VEZT",571.609984694766,1.60677315879559,0.244361821809445,6.57538541371885,4.85273026906157e-11,1.00395800711508e-09
"ZNF107",290.873924678187,0.830487579832866,0.277011035383681,2.99803066936514,0.00271730326693971,0.00730177548673328
"ANKIB1",1426.47584965447,1.70007454314709,0.236530703415046,7.18754275280673,6.59677495583535e-13,3.0654872541248e-11
"METAP1",374.257039566007,0.748028096402994,0.225095998011922,3.32315146874968,0.00089006570462801,0.002739387544903
"SPIN3",182.010215335433,0.921594080983301,0.294905120858093,3.12505282479231,0.00177773132426419,0.00506253070461143
"ADGRB1",1643.22231606697,-0.669458602281225,0.19694628398699,-3.39919387524695,0.000675847900894905,0.00214683649648837
"SNAPC1",180.836038080661,1.03870937544278,0.28867223977714,3.59823090798299,0.000320389109699513,0.00110264652566265
"ANGEL2",583.866315298591,1.41924259467368,0.222863497059093,6.36821468478242,1.9124111507203e-10,3.23573428544094e-09
"GMFB",752.85455736627,1.24693853637952,0.200246206512833,6.22702700887174,4.75369197131856e-10,7.07549520783625e-09
"ABI1",1188.56181639413,0.77578717793223,0.20837800603771,3.72298013923714,0.000196885014843729,0.000715932357429547
"TARS",994.96987892827,1.07118227425176,0.215087691662766,4.98021186601072,6.35147013436916e-07,3.95637831277445e-06
"FAM129B",5712.8609685241,-0.613925241394464,0.195912416412455,-3.13367193686165,0.00172633746173047,0.0049342443535109
"CASC4",1054.438622175,1.29543332859615,0.240214224583277,5.39282522025271,6.93584097869964e-08,5.40984665147116e-07
"EPDR1",337.938901504995,-0.689192179226674,0.229994738051333,-2.99655629109589,0.00273047821213549,0.00732658023766887
"MCM2",2094.75231852161,-1.0774469128227,0.191508537179949,-5.6261038212113,1.84325432295713e-08,1.65370557983707e-07
"CPEB4",229.32954572974,1.45887062741299,0.284975946016966,5.11927637333341,3.06710215286932e-07,2.06940539257672e-06
"RBM15",369.053766395006,0.811632421853078,0.267702893873311,3.03184029918324,0.00243067765876858,0.00662662650060895
"SHPRH",389.267934384288,1.85935143421685,0.306758028482016,6.0612967276449,1.35028460834647e-09,1.7069115010745e-08
"DNAJC25",252.64003679446,0.901566274700867,0.249006377740971,3.62065535381074,0.000293857740904385,0.0010212794661066
"BMP2K",151.239025973325,1.43721574599058,0.327908947441481,4.38297203295152,1.17071146651017e-05,5.5736902816343e-05
"PPEF1",218.424279369537,1.25099057294131,0.283810975719718,4.40783014035631,1.04411376915369e-05,5.01194863583085e-05
"C9orf72",84.1819546276779,1.66812576269689,0.389133295504227,4.28677212145362,1.81288092350477e-05,8.24094169172278e-05
"SAE1",3866.71881135848,-0.695974411548598,0.189513573941609,-3.67242513068239,0.000240259553008087,0.000852973118964867
"RBM27",630.11855638952,1.26096743214267,0.237633427405362,5.30635544801398,1.11838773353538e-07,8.30442744676162e-07
"KIFC3",267.521337069344,-0.925242100340618,0.266118797821752,-3.47680099231604,0.000507434306666295,0.00166697137981513
"FREM2",3493.10584824837,1.61247372060406,0.259063523713259,6.22424067075071,4.83893801189745e-10,7.15931366842466e-09
"SCYL1",1220.84366287356,-0.568505330010172,0.193679059496114,-2.93529580063652,0.00333229857543922,0.00864216215296603
"PLEKHF1",177.593945432257,-0.942846726201725,0.273347419791756,-3.44926148167051,0.000562122088383654,0.00182617793683015
"KIF22",974.518131699595,-0.927869301336917,0.204674827611568,-4.53338259601628,5.80465357887301e-06,2.94336378707403e-05
"TOP1MT",365.771725931725,-0.696629996653325,0.239285172964302,-2.91129612429957,0.0035993271590421,0.00922001558493756
"CCNT1",1104.37613496201,1.36468071323655,0.235378470720266,5.79781451149966,6.7184701704116e-09,6.86977456061302e-08
"RHOQ",769.101267133773,0.978390187919161,0.221130568407792,4.42449090129813,9.66699777498356e-06,4.67206757699157e-05
"BIRC6",2690.98537644622,1.95832198103218,0.287437043757865,6.81304662554859,9.55531544814029e-12,2.67170938716646e-10
"ATXN3",347.00280900061,1.46889540757652,0.244511756753362,6.00746331006973,1.88448433168667e-09,2.27748790171363e-08
"ACTN1",2169.32476706681,-0.68369014229983,0.184519982171643,-3.70523633404567,0.000211193721629909,0.00075959137234478
"POLR2B",1729.392466748,1.2561400008895,0.22238637838778,5.64845747296241,1.61893888471441e-08,1.49686244389339e-07
"GPBP1",922.219085306977,1.54550617006504,0.211225247160681,7.31686287903528,2.53834987803546e-13,1.61055045466634e-11
"DDX60L",185.88411929085,1.67740386875703,0.354660976020778,4.72959807300244,2.24964761882001e-06,1.23774386498502e-05
"CREBL2",848.144361549757,0.740884923026997,0.207202546076457,3.57565549775441,0.000349351450414798,0.0011911404258373
"CNPY4",326.436310796979,-0.735081404995166,0.236359190073561,-3.11001829362501,0.00187075757259162,0.00529504102187928
"MAP7D1",1544.29133698452,-0.645516902556354,0.208826215553613,-3.09116794002632,0.00199370837391114,0.00558712499574533
"ZNF267",149.111754771417,1.35015911460076,0.308977997210871,4.36975812772617,1.24384231021059e-05,5.88506270863501e-05
"CASP8AP2",257.125107279609,1.39752377536685,0.262702358029571,5.31979912875218,1.03881882972036e-07,7.77778273568239e-07
"RAD50",464.002351857716,1.37726888580285,0.235914839933657,5.83799173545064,5.28337774796586e-09,5.56105912494268e-08
"SPTSSA",1562.01608897336,0.878664435416144,0.207017653438678,4.24439375493365,2.19185184983246e-05,9.76370369470825e-05
"DCP2",432.602657012406,1.26265636234529,0.247315034521274,5.10545735640135,3.29995402199453e-07,2.20844793169046e-06
"HACD2",704.86582919743,1.33068852321698,0.247567105084372,5.37506193629186,7.65563616630644e-08,5.9153385459876e-07
"PLOD1",3624.50287398751,-0.66201569575725,0.183897848937374,-3.59990994773788,0.000318327404486645,0.00109631975317285
"MCM7",3291.43268547784,-1.00080620962289,0.190431942989527,-5.25545343870137,1.47660208553984e-07,1.07229695103986e-06
"MBD3",968.401076505347,-0.801657233697395,0.219916500749019,-3.6452800538705,0.000267100772574865,0.0009395037124897
"PNPT1",371.003019368811,1.27719404986448,0.262785594480796,4.86021333242381,1.17259325601339e-06,6.85810390971139e-06
"CEP70",207.244246924175,1.27198829506536,0.289496848383257,4.39378978447947,1.11391534271952e-05,5.32122180081177e-05
"RAD54L",312.401197800448,-0.82202199075766,0.234197736036255,-3.50994849339793,0.000448193503330578,0.0014896639677522
"MINDY2",397.591410064848,2.03151837773586,0.256875186497514,7.90858161675931,2.6033794224694e-15,6.28493890819565e-13
"DLG1",1525.55684597711,1.25740172785387,0.225688970330795,5.57139201800991,2.52711975919392e-08,2.16754171373496e-07
"CWF19L2",228.2833072734,1.58701938999196,0.287057277125474,5.52858093647377,3.22831479347318e-08,2.71716495117326e-07
"TRMT112",1761.09131001244,-0.60585102686018,0.190376981106118,-3.18237542868942,0.00146072337597746,0.00426119657395369
"WRN",654.858656714193,1.70319450154098,0.256980863739523,6.62770945959364,3.40935668919047e-11,7.51577116026889e-10
"VCPIP1",816.423204661949,1.51757469202231,0.242865165343924,6.24863055133189,4.1406704568544e-10,6.27631794516766e-09
"EDEM3",581.941332459015,1.97910329213515,0.265461279999463,7.45533695964684,8.96384402649616e-14,7.80383087967657e-12
"PFKFB2",257.476751854157,0.947655503003475,0.250474523742191,3.78344068229023,0.000154675200103283,0.000574906169967067
"TMEM181",421.328019349981,1.46500003757669,0.247356361358751,5.92262931718964,3.16834477726339e-09,3.57178549035912e-08
"TMEM131",2440.76531861676,0.784812132988854,0.217698192577284,3.60504661842905,0.000312096899736939,0.00107823215134249
"ZNF286B",151.365518796446,1.53542160961809,0.316652309682258,4.84891965941696,1.24135680948117e-06,7.20642211158044e-06
"CMTM6",1074.56860223227,1.05275476976732,0.206870862890328,5.08894657787278,3.60058018126407e-07,2.38225552367325e-06
"ARHGEF12",4745.82745075405,1.5899217933741,0.240717301248773,6.6049336093668,3.97695529304485e-11,8.53880769860259e-10
"UCHL5",340.853661789649,0.765808709332583,0.236870675553282,3.23302455039573,0.00122487035914435,0.00364315473184372
"EPM2AIP1",938.215131022103,1.71792799287517,0.238282286698759,7.20963365206835,5.61026083570154e-13,2.70879813423287e-11
"TWISTNB",820.904794156596,1.80064831038693,0.241232826655585,7.46435854253686,8.37063855171972e-14,7.46419643107404e-12
"EPHB4",1676.64385920026,-0.647073731761772,0.202844896764082,-3.18999265983185,0.00142276407321076,0.00416273094786877
"RGS4",314.341255075728,1.19578872152342,0.239878604435819,4.98497448047044,6.19699915774201e-07,3.87234202420015e-06
"GPATCH2L",816.874561732995,1.30629408397615,0.244327744260588,5.3464828070566,8.96797952534748e-08,6.82283330836967e-07
"ATP11C",411.642879567257,1.9720528949776,0.303891528309201,6.48933159127453,8.62180203836664e-11,1.64112685722602e-09
"SMIM15",437.69629020102,1.17970019648466,0.218070747681465,5.40971317348735,6.31257694572412e-08,4.9588798895855e-07
"APBB2",336.70884218698,1.20313998845738,0.268790964309472,4.47611768330184,7.60125965156515e-06,3.75810529626333e-05
"ITCH",1916.94256934802,1.44588861442335,0.212572734322015,6.80185358218637,1.03281542098765e-11,2.85553269188148e-10
"ATF7IP",1549.60608333841,1.44700574583266,0.23387722504164,6.18703144598638,6.13077389176663e-10,8.79455072184147e-09
"CREB1",940.935331472677,1.40935179754925,0.249856198337396,5.64065173058513,1.69407708411068e-08,1.54724707626984e-07
"UGGT2",200.767283608481,1.39612598479931,0.291740522451747,4.78550587716254,1.70557195071061e-06,9.63570272153746e-06
"ZNF180",234.710101454352,1.32100281834264,0.290709923823122,4.5440582177937,5.518140663469e-06,2.80670895616733e-05
"POLA2",411.123757074584,-0.773570334145024,0.226823623105004,-3.41044871585935,0.000648560799357795,0.00206945673502368
"EIF4G3",1564.62820500011,1.12952580087185,0.23459101385121,4.81487241275256,1.47293968641205e-06,8.427258390813e-06
"STK38L",457.630009805726,2.15750591557848,0.25548092462942,8.44488064503439,3.04356258754915e-17,2.31732173012012e-14
"ZIC5",218.379480945194,1.28251701181679,0.2721066189106,4.71328855193398,2.43750644450111e-06,1.33221638805477e-05
"PLAG1",1171.90164327362,1.8501762825727,0.260799219940857,7.09425543140915,1.30049737191368e-12,5.37162850121469e-11
"CEP350",1619.05533399957,1.85222303215532,0.272468640129961,6.79793106198149,1.0613221519283e-11,2.90996306365272e-10
"OMD",549.418015259453,1.42844335513607,0.218966199357473,6.52357925254058,6.86491118763278e-11,1.3481922804601e-09
"PLPPR4",308.496826311062,1.11205975201579,0.281931213154246,3.94443644452868,7.99878634006223e-05,0.000315677779880127
"FEM1C",1983.44946572634,1.33857606981563,0.228249658091012,5.86452606768808,4.50417334711631e-09,4.87771420019226e-08
"GLMN",129.193378075428,1.09044932914416,0.331098984152584,3.29342396484563,0.000989751075368858,0.00301618107881803
"MSRB3",321.833249735871,0.924209428864493,0.263356354387958,3.50934926560767,0.00044920459741661,0.0014925233653003
"LMNB2",2085.73262750884,-1.01726803382057,0.200713082833346,-5.06826968855446,4.01448342255974e-07,2.62279583607236e-06
"SYT1",368.913912438119,1.31209137576114,0.263746842969397,4.97481357876719,6.53104612106075e-07,4.0554764433036e-06
"ASXL2",1360.87730209975,1.32129141272182,0.258137545342159,5.118555733419,3.07884258205436e-07,2.07591170825436e-06
"GXYLT1",295.284632174599,1.69263426085658,0.258678642382655,6.54338620794493,6.01412499408721e-11,1.20746063268712e-09
"AK1",1846.23006910493,-0.719418707908608,0.213228649494985,-3.37393079969551,0.000741029938038143,0.00232884944341945
"MRPS34",460.814476656158,-0.843277839786963,0.241866337929298,-3.48654487022278,0.000489303293533306,0.00161329913370841
"POLR3F",266.842646978764,1.09817063993519,0.252716585742339,4.34546326553669,1.38982030177283e-05,6.49808282803376e-05
"NCOA7",653.924086092306,2.15772843074875,0.270710067439808,7.97062499801017,1.57873890822373e-15,4.59598756282309e-13
"ZNF511",215.77090794604,-0.81121631856912,0.258041327667779,-3.14374571663008,0.00166800313064343,0.00478686430475752
"HCFC2",548.130867301559,1.58353412467776,0.256064530679831,6.18412132470514,6.24493262466934e-10,8.93610742453681e-09
"POLR2L",1703.71133344582,-0.622329515788343,0.191829686349466,-3.24417730973408,0.00117790397800113,0.00352551967773063
"SLC25A1",661.156174201708,-0.660857364958311,0.217648352066384,-3.03635363504497,0.00239458334906011,0.00655282996654602
"DNAJC2",442.677519456789,0.992345169513368,0.223320009925901,4.44360167206975,8.84653215370963e-06,4.3113232524578e-05
"EBF1",441.934833855971,1.06448393885881,0.233303049340505,4.5626662054691,5.05080811500625e-06,2.59537336045015e-05
"PPAT",331.966915682524,1.61904856235268,0.240701595616309,6.72637237076534,1.73945080053041e-11,4.25113185769137e-10
"SLC35B3",268.313808933431,1.1323590501618,0.287233697924237,3.94229179356415,8.07067032015706e-05,0.000318134188884566
"EFCAB14",1366.58264844685,0.950478295133258,0.208978918024657,4.54820181919552,5.41062360524876e-06,2.7562713558802e-05
"FPGS",671.77559838397,-0.668673075925592,0.222467710102607,-3.00570844918206,0.00264962916286457,0.00714022037953539
"UBE4A",1339.17658759235,1.20467181933552,0.227445265277926,5.29653504927205,1.18020693863593e-07,8.74377865166054e-07
"ATG5",303.072558942436,0.960034614962798,0.246120787892165,3.90066447935891,9.59290249190898e-05,0.000372397056153519
"IFT81",346.547545505735,1.39878486060019,0.24298074346125,5.75677249429134,8.5737334577156e-09,8.58066873250445e-08
"DLAT",644.50703627976,0.630197474627954,0.213241443049205,2.95532362572944,0.00312341227254511,0.00818392320519282
"MIGA1",339.637997885576,1.55977364941088,0.286702142175931,5.44039761116871,5.31617865406623e-08,4.26414394796982e-07
"MRPL42",779.017982602894,0.846103339180702,0.211646746533587,3.99771483870379,6.39569343969293e-05,0.000257126619277338
"RAD54B",145.942428182265,1.20011831113575,0.357108356150157,3.36065591988311,0.00077757627879687,0.00242637137690146
"SPAG9",3990.13211405682,1.44291825910051,0.223924157120152,6.44378113401262,1.16533102338477e-10,2.12420745293968e-09
"ASNA1",1480.83565422891,-0.744526329505053,0.194750203523892,-3.82298100866279,0.000131847938156645,0.000497374221186685
"TIGD7",309.841674518964,1.49077439297291,0.256035185560925,5.82253720209161,5.79608923384047e-09,6.03891486700557e-08
"PMAIP1",775.395659240824,0.764210696079423,0.209526742403635,3.64731817672819,0.000264991703503387,0.000932975334150038
"GPM6B",273.765212799105,1.42700128444933,0.285451844704819,4.99909638322695,5.75996071629054e-07,3.62441774760609e-06
"ARHGAP42",438.207972543303,1.65829599571907,0.263399564239355,6.29574312511827,3.0593063781975e-10,4.80651024307918e-09
"MBTD1",463.576924269179,1.99097946756169,0.286143061046498,6.95798619152312,3.45171037061309e-12,1.16482267934001e-10
"ANAPC13",1037.7916659992,0.667243778954415,0.206006442412914,3.23894617633854,0.00119972211213597,0.00358107643725024
"EXOC6",128.502957888414,1.26022823107816,0.335686072075247,3.75418683083066,0.000173905119316965,0.000637523285555305
"NOC3L",297.763750542047,1.29457962721445,0.272977006494406,4.74244935073306,2.11149629827042e-06,1.16692296818987e-05
"PALB2",204.570091396933,1.65252558182175,0.27828360152552,5.93827869397544,2.88030117159815e-09,3.3073342223293e-08
"MAP2K2",1388.62172377921,-0.697808854743307,0.203178076070438,-3.43446925101009,0.000593715427114385,0.00191794885691194
"CUL5",865.609287749505,1.33146325174903,0.217320026410701,6.12673978436194,8.96979879139554e-10,1.21288344859608e-08
"ZNF471",207.492733869554,2.07277229866001,0.35968042247695,5.76281657029259,8.27216846721773e-09,8.30404903534697e-08
"RETREG1",385.056984704991,1.06114162513088,0.230630364226573,4.6010490799399,4.20368353670046e-06,2.19567597077895e-05
"DPY19L1",1908.74142604041,1.43955423931582,0.236093794772445,6.09738278256449,1.07819125652079e-09,1.4097671145367e-08
"TOPBP1",713.989645133344,1.48422288045682,0.245237243922534,6.05219197833449,1.42888037474553e-09,1.7902604999027e-08
"SPRYD3",854.300744523521,-0.605009268157029,0.208121366061739,-2.90700219590888,0.00364910636096297,0.00933062639132304
"MAGI3",705.704647646693,1.51410298518063,0.219690734376518,6.89197470925508,5.50231577963804e-12,1.69663307124166e-10
"VAMP5",513.810259246076,-0.909505573834065,0.227909744040399,-3.99063926671273,6.58954416925255e-05,0.000264069652516521
"VPS36",348.532490292829,1.49810613349109,0.246522283608194,6.07696031192084,1.2248206125247e-09,1.57126108391983e-08
"NDUFA5",713.006844336307,0.983771229178077,0.210211768771803,4.67990557772252,2.87007066152134e-06,1.54650919003e-05
"COPS7B",855.271015219001,-0.664748366518042,0.194388969640055,-3.41968151664644,0.000626944894701197,0.00201150747739139
"SGTB",280.951736896839,1.38174077015652,0.289554506564828,4.77195394590471,1.82447228047796e-06,1.02373166849041e-05
"CDT1",223.691409612256,-1.4407373202971,0.274655101295591,-5.24562374228959,1.55754479083916e-07,1.11957722147611e-06
"DYNC2H1",1139.6403922422,1.63467531806055,0.272611986960125,5.99634424109038,2.01808990655399e-09,2.40953605489402e-08
"NCOA2",1995.76235328437,1.81128241581732,0.258703830939537,7.00137454184297,2.53463340999218e-12,9.29518975410504e-11
"ARHGAP5",850.399080184777,1.56183405363375,0.280232651443663,5.57334787929857,2.49889861722752e-08,2.14892254676959e-07
"STRN3",535.295310492519,1.61494356482131,0.265086804679312,6.09213109183227,1.11417384000773e-09,1.44915803789704e-08
"KIAA0754",905.451550122075,1.08587313366833,0.231551032106589,4.68956291746727,2.73789241831127e-06,1.48328731015024e-05
"TRIM59",246.791303911061,1.54009426058405,0.29671140764896,5.19054617005539,2.09678120276444e-07,1.45948947573575e-06
"DNAJC24",186.322196598322,0.91456243147888,0.276495995689844,3.30768779922867,0.000940696154681763,0.00288534568919742
"ZNF24",1105.67235504141,1.57456814215169,0.229247936341104,6.86840704994985,6.4922752665335e-12,1.92396828108229e-10
"CCDC144A",185.025041862453,2.06638002422784,0.358421619931428,5.76522148586676,8.15506716743028e-09,8.19480759626649e-08
"MAP3K7",642.538056979419,1.42689752138521,0.232692152098518,6.13212567985998,8.67125561692544e-10,1.17734002875621e-08
"ERCC6L",96.4647253173744,1.09762524083592,0.365197900938629,3.0055628414479,0.00265089812847906,0.00714169561123728
"YIPF3",1316.34422892316,-0.568150354963085,0.193003931466139,-2.94372425808726,0.00324288784449287,0.00844020612274269
"ZNF136",254.962253955382,1.55758975293131,0.305268749379498,5.10235573112982,3.3545144899659e-07,2.2358912068473e-06
"THOC3",172.866541350379,-0.974227787251872,0.287940491213144,-3.38343448379656,0.00071585284815064,0.00225581390989972
"ARFGAP2",1418.63617821495,-0.709088643492526,0.198223964579791,-3.57720947109347,0.00034728187069995,0.00118449205933429
"PDE7A",481.170676887553,0.814163585546322,0.24453372710695,3.32945313997621,0.000870167053614652,0.00268566058518174
"ARHGEF6",441.29277257659,0.916058914448498,0.260800444900488,3.51248984562904,0.000443928967850755,0.0014779713837157
"ZNF800",251.554851128007,1.80444486264983,0.2578929270441,6.99687611960474,2.61732511114494e-12,9.4548481569754e-11
"NPM3",225.20565324864,-0.929280008051588,0.266972547331615,-3.48080736142994,0.000499904890728935,0.00164496629269781
"DPYD",862.393487769305,1.50818295015941,0.227507155290167,6.6291671056932,3.37586242144549e-11,7.45854603738113e-10
"ORMDL1",438.884158399722,1.00323292923715,0.225485723848925,4.44920818982453,8.61874419516397e-06,4.2106776921882e-05
"DEK",997.673702854696,0.924347336556362,0.198270077686205,4.66206170564625,3.13057289455526e-06,1.67584697189335e-05
"MSH2",748.334871678849,1.41715741507925,0.215344987192256,6.58087022854189,4.67702672380876e-11,9.74416348348675e-10
"ACTB",32148.6581097444,-0.632701154356602,0.176821253194592,-3.57819630234332,0.000345973569887727,0.00118084358439611
"CAV1",5437.85975039144,0.669886473403807,0.184476791134255,3.6312777845116,0.000282021428527284,0.000985680826116898
"TBC1D31",172.036826610867,0.94838677198677,0.296398262393128,3.19970422339682,0.00137568685846267,0.00404532041742825
"CCDC43",431.984999144605,0.960323666116513,0.235676072723624,4.07476098450893,4.60616308132636e-05,0.000190760678573089
"NDUFS7",723.039916687719,-0.747101082375021,0.216368846123809,-3.45290505430492,0.000554584164529741,0.00180457798179955
"AASDH",215.500776806675,1.37557206741956,0.291228851985955,4.72333719011433,2.32005704394659e-06,1.27153513958934e-05
"KCNJ12",153.723585739334,-1.5771505380953,0.298907591743849,-5.27638166998062,1.31759524366251e-07,9.69632544369627e-07
"ANTXR2",1260.83341222023,0.885007959332369,0.207241271318973,4.27042332687787,1.95102287159006e-05,8.78981537687683e-05
"USP8",733.017667283226,1.75716904162961,0.239265879806986,7.34400175673648,2.0730040040373e-13,1.40538312547679e-11
"ARF1",7084.01076513552,-0.544433158991867,0.175257959324146,-3.10646752416487,0.00189337104414925,0.00534528995863926
"LRP6",2219.00570234835,1.75523773876545,0.241440779524071,7.26984787833019,3.59892550493693e-13,2.0223493428215e-11
"ZNF501",159.893952278581,1.39914054430267,0.293676932953037,4.7642166861175,1.89588687267349e-06,1.05602072401363e-05
"CXCL14",3668.97586399842,-0.597505571388436,0.185296430501898,-3.22459299280629,0.00126151877945493,0.0037362396406478
"WWC2",332.063841145599,1.21495178759757,0.24823211986844,4.89441812865103,9.85970115092114e-07,5.882538998904e-06
"ZNF780B",373.873772688833,1.85107179266089,0.298051834910301,6.21057002792138,5.27927434075584e-10,7.70711761427748e-09
"UBR2",934.171389682972,1.3400614538838,0.258702772802029,5.17992690750661,2.21972859030834e-07,1.53749990111071e-06
"UBE2R2",778.242329024486,-0.718348584833702,0.194998513557871,-3.68386697789116,0.000229722156404563,0.000819383749222473
"USP34",2494.74422656906,1.87679115566917,0.273540789094828,6.86110163635793,6.83315232999539e-12,2.00102194563001e-10
"API5",1610.89565537025,1.43023849328233,0.233932030591092,6.11390620458621,9.72214615479384e-10,1.2986478089089e-08
"ZNF358",610.901476927137,-0.671647714276254,0.221824702932871,-3.02783100978392,0.00246315788163194,0.00669973528782439
"USP9X",4449.58922216883,1.63927898655691,0.266123832246312,6.15983533951095,7.28206219031802e-10,1.01375318649462e-08
"KMT2C",4526.35601061567,1.51998878636747,0.262492222313246,5.7906050433509,7.01333195981959e-09,7.13279464834463e-08
"CSNK1G1",682.100610812844,0.650151548942701,0.211307831939567,3.07679816207022,0.00209236926909982,0.00581984109097703
"ZC3H7A",1086.89476603214,0.997353105328818,0.200610757413538,4.97158336964392,6.64082959021517e-07,4.11847940375625e-06
"KIT",193.573631276159,1.43157886869688,0.315057315816006,4.54386804188011,5.52312406650454e-06,2.80780082230416e-05
"NAMPT",1587.72068854811,1.36286306136994,0.220789131785894,6.17269088539899,6.71373947301332e-10,9.49322761484083e-09
"PCM1",3165.35198904414,1.94811864161481,0.248734753232916,7.83211278799702,4.7973885720593e-15,9.15219994995455e-13
"RNF20",1787.54784195103,1.08828947429057,0.197444443635208,5.51187693233476,3.55027138588735e-08,2.95299043508513e-07
"AIMP1",530.419265570833,1.12560949437387,0.215627156549847,5.22016573600579,1.78763081271516e-07,1.26385498458962e-06
"XPR1",872.756282288561,1.45147603686598,0.232606740026902,6.2400429011563,4.3745089988505e-10,6.57039303044344e-09
"SRP9",3532.60232855642,0.745352764213445,0.179338048859988,4.15613289511895,3.23679592329872e-05,0.00013785630829953
"SMIM13",196.478175816717,1.60496698850542,0.280640391381081,5.71894509057335,1.07187423160857e-08,1.04320660220862e-07
"SLC30A4",83.5995618849734,1.30430382496532,0.40831853965689,3.19432917756153,0.00140156203919289,0.00411263475205027
"MRGPRF",870.736464246699,-0.922257003596032,0.219009196887036,-4.21104235212428,2.54195080455211e-05,0.0001114764247384
"DZIP3",370.82635961437,2.01716898140237,0.256205669846874,7.87324098880393,3.45570088616673e-15,7.43576681984311e-13
"CADM1",2299.3409841915,1.13352008294196,0.194653519509612,5.82327042325063,5.77070665895108e-09,6.02515342935631e-08
"MLH3",388.605240206012,1.47618490356998,0.281867216291408,5.23716423283448,1.6306258301684e-07,1.16449743629198e-06
"WDR44",232.178676710542,1.58800817569188,0.269749763499822,5.88696781449792,3.93345277212362e-09,4.31155210835876e-08
"EPHA2",713.429846746097,-0.651747503166909,0.201273403802751,-3.2381203420479,0.00120320044883079,0.00358929416592138
"ZNF585B",437.314743853652,1.5409570278539,0.28229741495944,5.45862960904303,4.7982353948552e-08,3.88967517922005e-07
"FAM200B",232.045169042935,0.930582958156231,0.276242780261318,3.3687141335456,0.000755197098210949,0.00236580278022313
"RPL18",9352.97556635385,-0.59049593222392,0.186051569210144,-3.17382935672506,0.00150442109779449,0.00436551158779531
"GOLPH3L",318.613733140201,0.98737644761728,0.243342535706853,4.05755797994454,4.95885087634479e-05,0.000203493805862607
"EIF2S1",1258.05688869403,0.870315804149567,0.206101780507462,4.22274762501656,2.41342012077059e-05,0.00010653047355698
"VPS35",2578.86035668256,1.15150028245401,0.200749866325265,5.73599526381898,9.69413702619892e-09,9.56655715706051e-08
"PKN1",789.30066627646,-0.838913782520207,0.231655861524513,-3.6213794764327,0.000293036315297235,0.00101949857603235
"TWIST2",572.755727112382,-0.650741653091423,0.208638921673692,-3.11898493277861,0.00181475241132768,0.00514830019126436
"ZNF521",1331.32793752459,1.15684285848141,0.213401754661886,5.4209622611319,5.92790746756833e-08,4.69771241905455e-07
"ALCAM",124.196846743244,1.42703149790804,0.337944188468803,4.22268394190709,2.41410236601643e-05,0.00010653047355698
"PIGA",96.8166416253953,1.90600748411433,0.371672519357857,5.12819050331555,2.9254033939161e-07,1.97784445307251e-06
"AGPS",722.327446312907,1.47137394370245,0.248350319117055,5.92459050962178,3.13076540024505e-09,3.53344537418763e-08
"FARSA",821.803097032429,-0.789475289343057,0.204702612360427,-3.85669376780108,0.000114930998348263,0.000439562218566888
"VTA1",957.825715438567,0.916464891610145,0.199432099194563,4.59537303829938,4.31975753093812e-06,2.25155134498291e-05
"PBX3",546.642221929093,0.680909200923965,0.225845856175924,3.01492890971427,0.00257039494934933,0.00695700552602125
"COPE",1630.98126794235,-0.750690199367648,0.199613858949618,-3.76071182290565,0.000169430531611354,0.000623892634631392
"MRPL37",2041.83764849879,-0.661114645790152,0.200726602944969,-3.29360750438945,0.000989105093694842,0.00301514081225486
"PGD",4062.11798310072,-0.742711783765136,0.179006679051347,-4.14907302733713,3.33824312608285e-05,0.000141932690987835
"KLHDC10",1385.37287100378,0.977071801558589,0.203744634469191,4.79557071087601,1.62212335579384e-06,9.19574855420813e-06
"MTERF1",162.559779059249,1.54315746667307,0.316429935105019,4.8767745888546,1.07834541420316e-06,6.37983437524381e-06
"MRPS35",669.644193798573,0.809113063239524,0.211406006835722,3.82729457573202,0.000129559430062009,0.000489457724715179
"WDR1",3226.22418832826,-0.677455322273294,0.18211029110754,-3.720027671985,0.000199200951273765,0.000723025674993664
"SOX11",2148.33101296464,0.790980185052466,0.188858751075283,4.18821039824183,2.81162799074807e-05,0.00012186105307703
"SPIRE1",455.545108434097,0.955301987031395,0.238202739357979,4.01045760265474,6.06011820998999e-05,0.000244230659782088
"FAM98B",318.591277485069,1.31552727952736,0.233408507874147,5.63615821680624,1.73885633791976e-08,1.58336706832841e-07
"PURB",1807.73097623113,1.12153138262842,0.234649102239482,4.77961079724818,1.75634861287165e-06,9.89996501720022e-06
"CEP97",701.21190234611,1.8503452331153,0.298999874659585,6.18844818989287,6.07593707081352e-10,8.72853775426883e-09
"PDGFRA",8193.55242514189,1.08269761551546,0.214343362774422,5.05122995879702,4.38974203565142e-07,2.82324019940726e-06
"MEX3D",408.097832476762,-0.665738650498147,0.225132353694416,-2.9570989667784,0.00310548425216308,0.00814469611232384
"PARP9",357.193644723494,0.881483522862907,0.235250761652536,3.74699540469439,0.000178965363396572,0.000654619056503794
"SUV39H2",190.594095331018,1.57522528823516,0.284097599721621,5.54466243213133,2.94521814771099e-08,2.49373560530739e-07
"CDC42EP1",591.426521256386,-0.674365072350297,0.228189103231131,-2.95529042711228,0.00312374842081415,0.00818392320519282
"CEP44",208.936457435658,1.53654191271925,0.28456023607148,5.39970704948838,6.67498061105818e-08,5.22284253662086e-07
"MFSD14A",636.831879672621,1.07861406157975,0.232883702056947,4.6315566613416,3.62926643207912e-06,1.91996147219237e-05
"PDCD10",367.868646184716,0.711610680724613,0.227576283871698,3.12691054014135,0.00176653672029323,0.00503750517357027
"TRIM44",1861.48227527479,0.775448466674899,0.193940016899339,3.99839331290448,6.377391493954e-05,0.000256495006124164
"GRK3",202.143769112833,0.802555365679954,0.271491261286723,2.95610017750211,0.00311555880049147,0.00816895390920916
"C20orf27",865.884431866089,-0.886187643819948,0.230043133129164,-3.85226731946123,0.000117029162275265,0.000446551522051107
"HAUS3",136.742212252367,1.0898061296273,0.311973510528094,3.49326494990723,0.00047715283590999,0.00157574663883268
"NQO1",13111.8748474038,-0.558228043689602,0.172818282028654,-3.23014461859449,0.00123727616205858,0.00367875021089091
"PAXBP1",852.039142785753,1.90656050449722,0.243423874691337,7.83226586510774,4.79154947142052e-15,9.15219994995455e-13
"CCDC137",198.265555933189,-1.00943590225358,0.292654738054044,-3.44923820118426,0.000562170557033891,0.00182617793683015
"RAB11FIP2",284.925892139811,1.44025392223463,0.315790932422141,4.56078301928357,5.09632218618154e-06,2.61364751289248e-05
"PAPOLA",1841.81679129058,1.554084001761,0.226093714943311,6.87362761123483,6.25894670798819e-12,1.87730468229294e-10
"POLA1",258.846145614124,0.994204734635901,0.290751903490662,3.4194263999645,0.000627533061356555,0.00201274213911445
"CEP63",241.256707976739,1.1309516141062,0.254443320748595,4.44480763251651,8.79705459800873e-06,4.28932248330495e-05
"OTULIN",442.461377505961,0.68747249245622,0.232940318970274,2.95128166517171,0.00316458189996357,0.00827119927273287
"BCAS2",436.58565028,1.25459015800889,0.228654612545886,5.48683511799756,4.09198744580655e-08,3.35841556704753e-07
"TECR",2275.02688830384,-0.574215375124733,0.195383972196389,-2.93890726383413,0.00329371609210891,0.00855899235486847
"TUBE1",119.909597304272,1.09017878368103,0.325619176899727,3.34801774901834,0.000813917985226835,0.00253020107342186
"ZDBF2",262.821605334893,2.00591284724145,0.339390927687139,5.91033137188205,3.41420203781419e-09,3.80560492908614e-08
"MINDY3",312.78738654055,1.01952962256824,0.236292753691524,4.31468848130322,1.59828121118766e-05,7.35161785184259e-05
"BRWD1",1828.63282372716,1.51045326565801,0.2347628030068,6.43395481018455,1.2432583633831e-10,2.24968396357695e-09
"YPEL5",1247.27342786456,0.986141288101576,0.195811352656164,5.03618035790395,4.74913109338216e-07,3.03074787635697e-06
"NDUFA8",1024.96411514937,-0.760594879364441,0.220563611354561,-3.44841506127576,0.000563886791407663,0.00183115205424969
"ALDOA",16739.0634115956,-0.553111715945846,0.185355299113365,-2.98406206130398,0.00284449070392556,0.00756238758728315
"ABHD3",310.215629722394,0.959079469840359,0.254227065187724,3.77253094249491,0.00016159991790392,0.000598173518105086
"DDX58",141.245896377669,1.50203936962997,0.333782765213496,4.50005071013546,6.7937253590544e-06,3.40822572751751e-05
"CALCRL",1014.11798856914,1.36002699980787,0.230665316035985,5.89610533208945,3.72181442473504e-09,4.10685832508667e-08
"RAB11B",1009.25635862393,-0.627403015148598,0.208516120169142,-3.00889453841587,0.00262200114465019,0.00707732951452074
"RELB",518.374443688118,-0.691636900317333,0.227454902656065,-3.04076497029022,0.00235977954460732,0.0064719030015304
"DPM1",1267.82315956148,0.795194099296239,0.205870455977694,3.86259454043468,0.000112189126381419,0.000430406191055538
"MAML2",1659.88207789058,1.41660304494516,0.252604371076967,5.60799102131738,2.04688643120917e-08,1.81541952474089e-07
"ZNF660",193.847893521783,1.93058293314432,0.292739274021701,6.59488870974385,4.25574978874355e-11,9.03935867145571e-10
"RBAK",393.899087024245,1.71611516834374,0.266129262995356,6.44842716290726,1.13016854507885e-10,2.07925804074173e-09
"RLIM",2043.27595880295,1.76610729306366,0.228427723163041,7.73158033800955,1.06219609381563e-14,1.5461201377334e-12
"SH3BGRL",1020.30341355798,1.07763946736945,0.191921879913432,5.61499016086923,1.96573430322482e-08,1.74971565947116e-07
"RNF138",329.394945207588,0.861889672236965,0.249129831507187,3.45960043011589,0.000540977496449887,0.00176602746037631
"ITGB8",8917.5595284482,1.82512104505727,0.268476112012461,6.79807611700126,1.06025437788653e-11,2.90996306365272e-10
"SLC7A5",2404.30051168389,-0.597654514002845,0.183216430992613,-3.26201373296559,0.00110623784263287,0.00332914021477049
"RNASEH2A",677.02298524376,-1.1009926947071,0.208968300131973,-5.26870675605711,1.37388237365937e-07,1.00582009870418e-06
"CDK4",3921.64952127117,-0.596453387968963,0.18401171647994,-3.24138809951259,0.00118949123149471,0.00355268081150714
"NRAS",871.015805696956,1.32789497626864,0.223979772564989,5.92863793485344,3.05457765389316e-09,3.47919558322606e-08
"LEPROT",634.197139468219,0.932008641405012,0.219883140876605,4.23865439473616,2.2486351308105e-05,0.000100031418088819
"ACTR6",395.488189266674,1.02756722050121,0.243144453851401,4.2261594053435,2.37713626938419e-05,0.000105227615359413
"PATJ",168.190627069927,1.31683021961363,0.318657582039179,4.13243021297928,3.58947768600454e-05,0.000151572739488366
"IPO8",688.208981797807,1.46658780279607,0.248895102358124,5.89239317648714,3.80642163197264e-09,4.18621792369613e-08
"CCNG2",753.268224458194,0.981143011876925,0.223059392780119,4.39857295246959,1.08964999393864e-05,5.21787887760264e-05
"CAPN7",688.159749944789,1.5016047424607,0.235150369374227,6.38572138524263,1.70591348914754e-10,2.93144647839971e-09
"SLC35F5",1120.85472343621,1.52008217459783,0.240797474915488,6.31269981187025,2.74209074334535e-10,4.39178222939034e-09
"IGFBP7",292.337990585738,-0.717812109543338,0.243233630841942,-2.95112196063786,0.00316621869163832,0.00827329266363149
"PEA15",4195.37012022838,-0.568172614980908,0.184279907420485,-3.08320436521853,0.00204784469299809,0.00570812919495777
"PCNX4",826.204120570602,1.61137568201612,0.240435109516377,6.70191506247702,2.05705602033613e-11,4.88267158016476e-10
"TMEM67",420.534050238627,1.71773758229909,0.2620939013472,6.55390138217514,5.60529916168427e-11,1.13924540251234e-09
"EXOC5",401.076429578543,0.874173716789882,0.268002448906524,3.26181242132897,0.00110702370338728,0.00333049258848855
"WSB1",2135.34493451317,0.93227238428955,0.187346528862927,4.97619245975811,6.484717342879e-07,4.03176710174726e-06
"EIF3A",2249.3811527196,1.45859256337626,0.222281641701409,6.56191196093284,5.31221786410298e-11,1.0908782659521e-09
"BDNF",523.662408249737,0.761935604041385,0.216504720645427,3.51925630891541,0.000432758400620707,0.00144515608952219
"CARD8",344.538230391009,1.17222047015621,0.255196192170037,4.59340893838713,4.36063349608355e-06,2.27046556255839e-05
"POGLUT1",263.834825337452,0.92762397545367,0.271860534200795,3.41213180567258,0.000644569384220625,0.0020593762960025
"AFF1",530.904064636812,0.757923646289867,0.234698718078091,3.22934719241919,0.00124073166788398,0.00368791653114584
"SMARCA5",1219.75983024172,1.59873628295971,0.232875260980517,6.86520447139065,6.63960823170725e-12,1.95011401416731e-10
"AKAP10",704.986028077866,0.894149279554095,0.219151726253349,4.08004670937623,4.50266521452805e-05,0.00018694370928439
"OXCT1",603.606523863637,0.844852568782565,0.213692766920633,3.95358523808318,7.69888195210013e-05,0.000304692257344611
"NEBL",311.459136293535,1.30039709140084,0.2716038638748,4.78784459414127,1.6858210958869e-06,9.54045580736912e-06
"PIN1",176.876915993885,-1.03943365947625,0.292638122520471,-3.55194207276783,0.000382399035825117,0.00128916405197446
"XIAP",887.315606428988,1.49359847155467,0.252265511814218,5.92073986179545,3.20496475749185e-09,3.60076517249198e-08
"RSBN1L",389.954176534421,1.03359488394569,0.240192527898543,4.30319332990359,1.68353821718481e-05,7.72538770222309e-05
"CDC37",794.639635970967,-0.729627155648947,0.221487042504189,-3.29422049885897,0.000986950440046879,0.00301092477884015
"SCAPER",140.118233556783,1.38302553563645,0.336999501608674,4.10393940950819,4.06173882380881e-05,0.000169776566208022
"AKTIP",140.456987411596,1.01905638893408,0.297866973254192,3.42117952118324,0.000623501608270685,0.00200240717672396
"NCOA1",1173.22377854942,1.16175937008871,0.221824080715573,5.23730050561256,1.62942272459301e-07,1.16447842079578e-06
"CLMP",2521.28452422982,1.02630828315847,0.213063823111762,4.81690541439373,1.45801758611935e-06,8.3515382334545e-06
"CDK14",1347.82909009985,1.25721526485155,0.2230284005881,5.63701870047229,1.73019330425301e-08,1.57692940382102e-07
"HSD17B4",781.038450923667,0.987988192278625,0.206303307602555,4.78900800845129,1.67607792835719e-06,9.49074332659009e-06
"MAP3K5",370.286568750266,0.980408336762252,0.243933473382767,4.0191627789592,5.84053104928484e-05,0.000236150230089139
"UGDH",1118.83722725102,0.816082670459095,0.207032487648036,3.94180971175146,8.08691248682541e-05,0.00031852073137524
"MBNL2",586.871199695222,1.48961260695121,0.258367538701353,5.76547895466489,8.14262630697109e-09,8.19062146203251e-08
"LMLN",335.449575980539,1.69521181545679,0.281368694371209,6.02487714294292,1.69238128948337e-09,2.07573605988927e-08
"STX1A",365.08906099732,-0.786505542841912,0.239789067092699,-3.27998916872161,0.00103811072029472,0.00315094140125028
"ZNF112",214.924600513757,1.71828926974589,0.269106669496227,6.38516047544479,1.71217822851861e-10,2.93711266999605e-09
"DARS",842.431319594959,1.24247377822863,0.208192070179435,5.96792076258127,2.40296005912226e-09,2.80477578598963e-08
"STAG1",1329.52868843943,1.69977034884218,0.206328879749339,8.23816012042116,1.74879043449938e-16,9.61640428926383e-14
"FNDC3A",1460.97798179934,1.75501761590933,0.268524701673871,6.53577717420144,6.32800704112927e-11,1.2602537966418e-09
"IGFBP4",316.856400391723,-0.754488278376986,0.247896220282204,-3.0435650754097,0.00233792870014144,0.00641553043360132
"USP47",2177.22543417986,1.68220709818684,0.21977705256365,7.65415259948333,1.9459109817309e-14,2.46931114066314e-12
"WDR48",1057.87792853527,0.954272758638125,0.214304790073992,4.45287647704304,8.47275017240648e-06,4.14675872514198e-05
"LZTFL1",409.33822835908,1.70448521809098,0.274954498700427,6.19915377325062,5.6767548091682e-10,8.2027035184156e-09
"HTATSF1",710.930073534873,0.745195022225313,0.200018741172655,3.72562599812617,0.000194831101870556,0.000709245401366226
"RPS6KC1",870.812128161429,1.34861539598936,0.243836499658557,5.53081838805026,3.18740195500995e-08,2.68730021726478e-07
"PSMC3",1944.18439953333,-0.930216631296854,0.220363577244341,-4.22128122500671,2.42917646577524e-05,0.000107052487347477
"POLD2",2311.74577771893,-0.765508880614085,0.187898059205162,-4.07406486183149,4.6199605441181e-05,0.000191252068028778
"PIK3R4",626.5227443036,0.934665771448433,0.224056119709934,4.17156992925908,3.02508188860055e-05,0.000129845015322499
"STIL",381.193488530823,1.24557294198906,0.284501356411651,4.37809140068498,1.19723143238579e-05,5.68627481658085e-05
"BACH2",348.506486603254,1.0224730558396,0.246317828753468,4.15103145807187,3.30980264833207e-05,0.000140783956223424
"TRMT10C",317.990831229083,1.11408086026834,0.258085786456792,4.31670753962601,1.58373771824378e-05,7.29108648147763e-05
"ATP6V1F",2250.34008011303,-0.547508632396573,0.180421751815133,-3.0346043472495,0.00240851422060506,0.00658367129399307
"LMAN2",1186.42847538252,-0.676917010317584,0.213020052923973,-3.17771496638946,0.0014844060349945,0.00431755831160023
"PIK3CB",391.646989964828,0.968961474310685,0.247565009068565,3.91396780165457,9.07917476749172e-05,0.000354220228019839
"TMEM68",219.165734489091,1.25774759212677,0.296296273487778,4.24489845019481,2.18692439028811e-05,9.74614030394942e-05
"DCTN6",669.31366143169,1.06999894879375,0.228222525464358,4.68840201735851,2.75346696180395e-06,1.49090897089362e-05
"SCARA3",806.468094344926,-0.715143835972826,0.202616010238473,-3.52955245309156,0.000416263179199602,0.00139242073258454
"SMC4",2164.91792323761,0.848249817529862,0.204481462065501,4.14829691142439,3.34957803936805e-05,0.000142353471162151
"ITPA",778.638058258564,-0.776253395902671,0.225492189042247,-3.44248463416725,0.000576396609280496,0.00186673624408643
"PEAK1",2151.71337624031,1.30588338740114,0.240167671881855,5.43738204717052,5.40691207896227e-08,4.31942015799585e-07
"RNASEL",181.852663694133,0.981848086407824,0.273439164616639,3.5907368565303,0.000329744420633148,0.00113091139134681
"ATP6V0B",1298.91286456385,-0.576714317125931,0.188702718875334,-3.05620565810149,0.00224157446906476,0.00619476491625163
"SBDS",1302.82385236845,0.712799520633722,0.184616665167304,3.86097062249373,0.000112937483348122,0.000432773987680879
"PTPDC1",258.8855069411,0.934923732751185,0.254897771629172,3.66783799942874,0.000244610079351227,0.000866863789981542
"FOXM1",1673.1471621967,-0.693347896852814,0.184429300543465,-3.75942377273946,0.000170305156212684,0.000626880043210543
"DBT",259.804530819012,1.4448265987792,0.291111098473327,4.96314502042793,6.93607523782242e-07,4.29082954399789e-06
"CYP1B1",974.541609253868,1.41449364907257,0.226155659556021,6.25451360292924,3.98756707626314e-10,6.07214444936193e-09
"FOXF2",355.560572274908,-0.66292555724892,0.228020680244353,-2.90730453281041,0.00364558100893499,0.009326430815828
"NR2C1",315.231303860796,1.29801409999345,0.259296770038834,5.00590153822221,5.56011749958916e-07,3.50982417161565e-06
"ACER3",249.74948835681,1.31094200968515,0.27683185793968,4.73551714546812,2.18497231427498e-06,1.20483877251776e-05
"PLPP2",439.905557187504,-0.918484608621396,0.240445455013378,-3.81992917508169,0.000133489999353388,0.000502771694672691
"ADPRHL2",479.646441887319,-0.702227415953643,0.238393329279391,-2.94566722179819,0.00322258901698864,0.00840060279322602
"TRMT13",212.211254614381,1.79710165047205,0.287040109736206,6.26080324496675,3.8299951297486e-10,5.85924139014708e-09
"PPP2R1A",7007.79688746592,-0.558214571975189,0.1829619870523,-3.05098660639067,0.002280907491257,0.00628169792667273
"MCM3",988.565713933107,-0.86799053370316,0.19937548733217,-4.35354689444366,1.33952425046631e-05,6.29563676691147e-05
"ETS1",1430.6467477509,0.755859744777887,0.208706672636101,3.6216366981989,0.000292745047775714,0.0010188433484121
"RABGAP1L",252.6654168821,1.43262166674466,0.271995094645057,5.26708641056258,1.38605974490208e-07,1.01248851328715e-06
"CEP126",331.352799426894,2.1989841882304,0.307304368124383,7.15572056997364,8.3234537151342e-13,3.69441905257392e-11
"VRK1",174.442733791421,0.819944980561143,0.27496456083269,2.98200240088417,0.00286369753116182,0.00760120090196826
"ENO1",40261.6257741146,-0.674160915705351,0.185424865232518,-3.63576327727121,0.000277158762807769,0.000970742191886516
"RPS15",5239.47973520098,-0.691567017849229,0.195408506437582,-3.53908348442411,0.000401518849227276,0.00134811179431872
"KIFAP3",1877.18510452677,1.32237549067946,0.200004161937416,6.61173986515964,3.79829039498525e-11,8.22658169137068e-10
"GUK1",1083.10361500109,-0.75119747110519,0.216597565590198,-3.46817134836342,0.000524013050527923,0.00171460534681831
"PUS10",124.565865915729,1.27893641321926,0.3326039292564,3.84522340454175,0.000120442655467912,0.000457987477457315
"FASTKD3",104.033577936687,1.44076591318467,0.366376982401026,3.93246842021219,8.40780279495098e-05,0.000330502113043784
"SMAD5",1198.00834291804,1.73491918562031,0.246285658113638,7.04433704710406,1.8634658169656e-12,7.14906382028121e-11
"RRAGB",249.804622174231,0.875654160803785,0.246632382294932,3.55044277906964,0.000384583728836008,0.00129432497382483
"TIMM50",1434.5198983351,-0.697493389108045,0.192681234206969,-3.61993419846394,0.00029467794370696,0.00102305236296439
"SOCS4",357.129771059423,1.76127548025882,0.2729678446516,6.45231852310958,1.10151752480619e-10,2.04172667800218e-09
"INTS8",818.451695212633,1.1797862895317,0.233599001782487,5.05047658821011,4.40709125407571e-07,2.8325577423923e-06
"VPS37A",636.413382290147,0.927060178546111,0.219463724402516,4.22420689829267,2.39783691046562e-05,0.000106001740686864
"PLK1",1600.08602208401,-0.956580379043187,0.189196431615438,-5.05601702355328,4.28103136324816e-07,2.76951950545296e-06
"HACE1",443.499340641899,1.8075938176923,0.257841609360252,7.01048144315125,2.37499442710442e-12,8.83747926296223e-11
"MYBL2",982.14269976941,-1.33947253204655,0.21143234956488,-6.33522984918408,2.3698771228466e-10,3.87079930064944e-09
"GDF5",206.25068877873,-1.16231546370461,0.273582210898945,-4.24850526606039,2.15201588998303e-05,9.61220815841699e-05
"TGS1",815.071348202227,0.929236601519088,0.199400162932779,4.6601596902022,3.15964153497532e-06,1.68866802986964e-05
"DNAL4",170.364213098376,-1.27052292968793,0.290217845580459,-4.37782496505955,1.19869554981043e-05,5.69049810648616e-05
"OAZ1",11214.2809954379,-1.02163405406118,0.17763529971721,-5.75130087143484,8.85593477848830e-09,8.83629460055213e-08
"ZMYND19",232.942693167114,-0.812159631490448,0.270988557523151,-2.9970255530847,0.00272627860060094,0.00732057458697192
"MMADHC",1450.33078126293,0.594884761723064,0.188861757103641,3.14984235477918,0.00163358584740469,0.00470172512870357
"MRPL38",733.281225688192,-0.671790427929743,0.205717664426346,-3.26559427846444,0.00109234635917654,0.00329736025103061
"MARCH6",3265.60856746809,0.901898976845823,0.194874157127328,4.62810969982303,3.69018541337107e-06,1.94594859997586e-05
"TYW3",441.85146767767,1.52534000852195,0.220656113623557,6.91274754854155,4.75355468012752e-12,1.52091049180441e-10
"WASHC5",1039.00049037904,1.36587595026907,0.228640322113267,5.9739066917183,2.3163832124313e-09,2.71653566784894e-08
"RB1CC1",1343.22351493515,1.38168621260369,0.225314309567861,6.13226126318243,8.6638666175933e-10,1.17734002875621e-08
"PA2G4",2549.65664906121,-0.620442187977808,0.188089428549387,-3.29865528734325,0.000971491298065546,0.0029678459469916
"ZC3H6",146.194322234265,1.7553741661108,0.310359896045129,5.65593102871627,1.55003707951016e-08,1.43923705562773e-07
"CALR",13283.7540209317,-0.654067757420783,0.176839941367013,-3.69864269556238,0.000216755479225194,0.000776210467934503
"UBXN7",1244.75482502479,1.64347720778777,0.239720660392928,6.85580126925203,7.09139031243896e-12,2.06442886213297e-10
"TMEM109",1475.78665691018,-0.850097607291913,0.183827516782537,-4.62443067376881,3.75628687433415e-06,1.97659369921103e-05
"MTMR6",299.906443382067,1.49256534377929,0.274075821073309,5.44581181198055,5.15696370222445e-08,4.16003477788244e-07
"ARL5B",518.360314170606,1.65244546562817,0.256886531813143,6.4325889487665,1.25448573267504e-10,2.26585762445575e-09
"IFI44L",132.488549907089,1.80651129632216,0.31067332629607,5.81482587468925,6.06970335827719e-09,6.28816325865304e-08
"TRIB3",475.100432528683,-0.635516959808583,0.217566853250001,-2.92101921922052,0.00348888304066542,0.00896727196481597
"SPRTN",204.740713265993,1.04618109377192,0.268447105652285,3.89715914883814,9.73276635344007e-05,0.000377044702020939
"ZNF529",392.031592273606,1.49387330301577,0.2614037923499,5.71481113409464,1.09825932507577e-08,1.066788105947e-07
"FKBP10",2981.55373130737,-0.640867196448117,0.19329407233258,-3.31550361950803,0.000914781564343894,0.00281108597450353
"COL11A1",298.751836515352,1.39428170776219,0.278389987332641,5.00837591581985,5.48912457545806e-07,3.46722112622105e-06
"STRBP",276.713107577503,1.13230175891993,0.252039646213898,4.49255415141705,7.03740161048964e-06,3.5179899565973e-05
"NOP53",1424.67416588498,-0.826865192643556,0.236411396354494,-3.49756909097431,0.000469519079004207,0.00155272296825381
"LONP2",1143.38140287028,0.6317570650677,0.201650245276533,3.1329347712984,0.00173067898992407,0.00494522535862253
"UBE2Z",2815.90601167299,-0.520764098573705,0.176418938646891,-2.95186051207367,0.00315865583249664,0.00826225566333291
"UBA2",1850.41532350733,0.995865598412681,0.197479384032226,5.04288385996873,4.5856760276205e-07,2.9378007327759e-06
"NLN",693.466396492511,1.43298746863275,0.220623551735189,6.49516997329798,8.29397153700895e-11,1.58482104774739e-09
"REST",1202.82373649553,1.64482652594408,0.234331312277403,7.01923490274712,2.23086451212691e-12,8.36405187160309e-11
"MAP3K8",127.455896514379,0.937602270386775,0.319565542583075,2.93399051352051,0.00334634435924684,0.00866844189160565
"PKMYT1",108.792249126756,-1.16877886340447,0.343906047304863,-3.39854117880161,0.000677462635740778,0.00215058536515786
"RPAP3",457.640934630212,1.25426637842333,0.262298017112534,4.78183705782729,1.73700453362474e-06,9.79650762040891e-06
"DCUN1D4",302.518200936323,1.73185118256284,0.257797505617567,6.71787408653975,1.84394918068663e-11,4.41922735845915e-10
"GBE1",504.054386322289,0.696332923914029,0.234478140041915,2.96971361078501,0.00298077494738652,0.00786346226791891
"RELCH",281.337701346038,1.53269233879559,0.291185701735005,5.26362499828519,1.41242399609203e-07,1.02871028059742e-06
"THOP1",397.190959024763,-0.869825820740061,0.237685245298968,-3.65957011612549,0.000252638711131303,0.00089148590473356
"BCLAF3",103.23885190514,1.6394215003268,0.411357062211411,3.98539772603744,6.73671895323869e-05,0.000269305509689647
"PARP14",422.905669986275,1.8536106590598,0.257022952790212,7.21184874322394,5.51972692101035e-13,2.69134271252022e-11
"CLUAP1",493.767395935567,1.44116463615043,0.236335947970598,6.09794933240424,1.07437786456614e-09,1.40850226536101e-08
"SPICE1",189.32224370184,1.58106154947638,0.30098707985213,5.25292165448806,1.49705227800249e-07,1.08238301297799e-06
"LMAN1",2147.3445584013,1.6257031021051,0.212555199689142,7.64838077112518,2.03525799193822e-14,2.54999792458285e-12
"ZNF140",410.350361239753,0.961186063052724,0.236012643105769,4.07260412155957,4.64904058041172e-05,0.000192214718733982
"PANK3",521.804530876908,1.79098140707741,0.256086478672678,6.99365861235723,2.67808771864515e-12,9.6042435649093e-11
"UBE2K",682.022466237865,0.893346453785081,0.20547331512842,4.34774925993062,1.37541716348128e-05,6.44291485288107e-05
"PLEKHA5",355.666627155958,1.56841326935884,0.257500365982193,6.09091666093905,1.12265986507931e-09,1.45827917907547e-08
"AASDHPPT",764.564185080931,1.25517282110757,0.220688902741564,5.68752123697599,1.28896578027686e-08,1.22911207063395e-07
"PRELID1",388.211053301958,-0.83262759435935,0.221485943860106,-3.75927961769552,0.000170403305608787,0.000627008148295828
"PRKCSH",3275.32150649998,-0.597116010225268,0.191553869003299,-3.11722239457865,0.00182563794537172,0.00517325061073269
"SLC39A10",809.30636609115,1.72500158240216,0.230314724388211,7.48975814283831,6.90006451791813e-14,6.44309798097676e-12
"AZIN1",3856.11858236624,0.704438667542601,0.190586218050256,3.69616793254612,0.000218878221485822,0.000783245349337189
"SRA1",495.512591461946,-0.837712522020181,0.232370773826325,-3.60506834928514,0.000312070785585045,0.00107823215134249
"LRIF1",399.617566962286,1.13028776305566,0.251048993400771,4.50225968941164,6.7234757602031e-06,3.37469386787476e-05
"NIPA1",277.295105318137,1.2943756018786,0.261142500097433,4.95658730921113,7.17421364346051e-07,4.42432190921944e-06
"FAM122A",520.343518685669,0.782814509620377,0.213341826328009,3.66929693578611,0.000243218444724141,0.000862549683224489
"C19orf24",292.668497829625,-0.754125964294055,0.246951110030939,-3.05374599935823,0.00226003343088179,0.00623288127580605
"HSPA6",439.509910291839,-0.949196428898753,0.243588068493705,-3.8967279258314,9.7501046867758e-05,0.000377476995002485
"PDZD2",283.256933157783,0.934915577827309,0.257339581491341,3.63300341288061,0.000280141311486193,0.000980148003213269
"HNRNPA1L2",190.858302226546,0.790067938819055,0.269597823912633,2.93054271489628,0.00338370470577889,0.00875272926378808
"NUP107",714.59571954009,1.43283770393409,0.238898682917046,5.99767937787927,2.0015721573862e-09,2.39270062968703e-08
"ANK2",5434.64871715574,1.4386052676467,0.218349219197283,6.58855237923655,4.4413556931457e-11,9.3136734429568e-10
"AP1M1",1244.95460796543,-0.585621038203061,0.198749129337023,-2.94653385479748,0.00321357239028564,0.00838153874019691
"GLIPR2",145.468120277449,-0.921318875861365,0.305827811031041,-3.01254118373117,0.00259070280566794,0.00700430930633741
"CD109",4147.01388142273,1.66840811551172,0.245068459688716,6.80792672231636,9.90152717038175e-12,2.75295831270895e-10
"ATP7A",322.62164230091,1.86883933650718,0.320959027596288,5.82267260249139,5.79139379480602e-09,6.03891486700557e-08
"CRIP2",1235.03712359625,-0.674552169014909,0.21495046315176,-3.13817499680686,0.00170003347409657,0.00486749532155273
"POLD1",433.745130186526,-1.10664528792473,0.246247226350036,-4.49404163583006,6.98839553040498e-06,3.49702421435534e-05
"CCDC47",1652.66435961562,1.20739262745977,0.20526884462391,5.88200625220029,4.05323026835087e-09,4.43302466255657e-08
"KYAT3",203.482210329505,0.948176102888422,0.267044337407123,3.55063174937456,0.000384307730069322,0.00129383602456672
"NDUFS8",794.522861964091,-0.725290377011685,0.213484272383894,-3.39739489430606,0.00068030716318523,0.0021582308657716
"PPWD1",380.918559150358,1.54376883183488,0.245802426906982,6.28052721553918,3.37426804648458e-10,5.25133728366421e-09
"MON2",1128.19140315775,1.6581962030837,0.268316495858108,6.18000096408755,6.4101210173268e-10,9.11600256170987e-09
"BACH1",989.749882600405,1.60492405747213,0.264891973239367,6.05878705136097,1.37151818604915e-09,1.72713575133773e-08
"ECSIT",560.126198867524,-0.699476222244257,0.216227627844184,-3.23490679344782,0.00121682446016979,0.00362140714803241
"WDPCP",145.669022912213,1.15340978809669,0.29656405910094,3.88924332770922,0.000100557257358189,0.000388795208332561
"TRIP11",502.044897983787,1.38749701902247,0.244716705066387,5.66980917239005,1.42956656636191e-08,1.34249050036529e-07
"FAM91A1",1060.74552283725,1.75803142839273,0.233782757488685,7.51993623172922,5.48029652204136e-14,5.42439749751654e-12
"WASL",861.437944105654,1.16542493093487,0.232083254445649,5.02158130158329,5.12478027583354e-07,3.25160738270515e-06
"LIN54",266.399087872097,1.35914444232014,0.290529486019781,4.67816351772158,2.89455682052813e-06,1.55792949481172e-05
"NUPR1",614.197711911841,-0.86845190585721,0.236344474638661,-3.67451749056101,0.000238299320626905,0.000847229409326546
"UBXN1",450.788255405952,-0.873642403538131,0.243159370206978,-3.59287985815428,0.000327043399119094,0.00112242564649126
"DFFA",862.746202204278,-0.64388950555183,0.19670941717032,-3.27330289934375,0.00106298498004102,0.00321854552843255
"PPIB",2653.76236541376,-0.629521006675925,0.185719489978367,-3.38963350992,0.000699861199364358,0.00221175803043053
"MBNL1",2891.94517392252,1.57283872330792,0.235024834179598,6.69222352096634,2.19804774860189e-11,5.14332780512092e-10
"SGCB",1250.87380712908,1.05007646624687,0.218431201666293,4.80735562610289,1.5293979139612e-06,8.70499169199996e-06
"MAP3K4",1070.12960004706,1.03091409859452,0.22773191336958,4.52687584862768,5.98620845506664e-06,3.01995368441639e-05
"ZBTB8A",424.827895982841,1.14310658942037,0.238524603159927,4.79240537150766,1.64793505864678e-06,9.33672650857803e-06
"UPF1",2023.67043210827,-0.683879348155739,0.195181491169232,-3.50381249809584,0.000458648170974999,0.00152083738569867
"STAG2",2288.45416016105,1.7198516473926,0.243869000815881,7.05235860908402,1.75910128537832e-12,6.77493561193565e-11
"EPN1",622.863087984802,-0.730366432943133,0.218564853630474,-3.34164629313165,0.000832831155729118,0.00258250713640564
"LIMA1",2354.27247070034,0.991306437126336,0.192626523909425,5.14626136114286,2.6572912905981e-07,1.81142349823278e-06
"DDX1",1662.25251096438,1.14226955784261,0.199513897639175,5.72526310878065,1.03273559585209e-08,1.01308393733835e-07
"C15orf41",252.507290860957,0.764059875122701,0.26182857473896,2.91816840802979,0.00352094133803108,0.00904262515927132
"TMEM209",844.506516396313,1.10669794207666,0.231895033274739,4.77240899232841,1.82035371230981e-06,1.02200005924234e-05
"CFAP36",478.99941923363,0.676672704076127,0.212082928965003,3.19060429511415,0.0014197558705924,0.00415638675158935
"MYOF",6132.5113233787,0.582521565629499,0.189184030789893,3.07912651610878,0.0020760849706747,0.00578012061066324
"KPNA4",1803.89643431817,1.27697898626262,0.234214916363125,5.45216763343461,4.97595151854938e-08,4.02385360544132e-07
"ABCA5",185.306398836879,2.19720601778751,0.313853206519883,7.00074420825873,2.54606417346081e-12,9.29518975410504e-11
"CHEK1",596.698434519012,0.690603222315696,0.210229517290834,3.28499647059698,0.00101983649149973,0.00310213324919003
"DHX29",566.837502747626,1.57104917747928,0.232631126740808,6.75339194496404,1.44428079641007e-11,3.64680901093543e-10
"C18orf54",123.864712861101,1.10682186552947,0.325642539031912,3.39888599572984,0.000676609131434343,0.00214856502500389
"SS18",948.895874576276,1.29147198481023,0.232901263479102,5.54514804049617,2.93705565313484e-08,2.48895349783636e-07
"SWT1",121.052467976235,1.7485692522836,0.335785302036322,5.20740259231019,1.9150230707666e-07,1.3452731266464e-06
"COL12A1",4213.8551251416,1.49251297133991,0.236043672165628,6.32303741780733,2.56471164472597e-10,4.13444883705174e-09
"RNF170",337.626638429252,1.5558238266947,0.240747078259016,6.46248269323051,1.02998929068352e-10,1.92718979190652e-09
"NIN",461.533825339948,1.58754811640718,0.244080021385803,6.50421164089393,7.81018755208857e-11,1.5128226299525e-09
"LONP1",928.023862863857,-0.737232440384047,0.212827295342765,-3.46399384156393,0.000532218694990083,0.00173972940654288
"EFEMP1",9726.39236183084,0.563552496405736,0.176553294083524,3.19196817783038,0.00141306899801784,0.00414171067289919
"LNPK",558.136902309359,1.3646829392008,0.277544969408545,4.91697955149025,8.78897281596954e-07,5.31260568643439e-06
"TMEM54",307.659144157101,-0.728335605694153,0.24024716513066,-3.0316095729914,0.00243253614501852,0.00662919679608847
"SLC3A2",10077.7490573444,-0.707819366305474,0.179181811264262,-3.9502858092084,7.80579254839614e-05,0.000308757144945487
"NSA2",446.408204977357,0.842011458318575,0.220000657276595,3.8273133759776,0.000129549538263333,0.000489457724715179
"GALK1",334.041775135895,-0.709574571414385,0.241466234630557,-2.93860784510941,0.00329689934534713,0.00856501567460523
"EOGT",224.707457764354,1.48998167191309,0.306114962753407,4.86739249369313,1.13080309067349e-06,6.64648989993241e-06
"MYBL1",165.398398456383,1.48585239383701,0.334989069315797,4.43552500644813,9.1848168552521e-06,4.46612702773223e-05
"ECM2",150.65924713815,1.78197427571025,0.365519318833699,4.87518493248505,1.08706568387599e-06,6.41608595050957e-06
"ZNF28",209.60574297501,1.92397141348732,0.276946488493166,6.94708722957791,3.72905149443858e-12,1.23859569436084e-10
"ZNF93",119.609470165984,1.44235121493549,0.337124471869195,4.27839369517835,1.88246854848034e-05,8.53144399856154e-05
"ATP2C1",1604.47990225728,1.02281855134709,0.212210100551418,4.81983915322291,1.43674010901318e-06,8.24875498782622e-06
"OPTN",944.178038031747,0.641901810279905,0.194859714717889,3.29417402262559,0.000987113649963252,0.00301092477884015
"SCAF8",1209.41877002082,0.936142626462591,0.205362549639592,4.55848755338062,5.15233174720866e-06,2.63963662701197e-05
"S100PBP",601.207181774011,0.64237313138946,0.211016144261143,3.04418950331351,0.00233308126280084,0.0064057002091505
"FAM114A2",272.56266745124,1.25974149623648,0.252087379121557,4.99724143519708,5.81562385768166e-07,3.65247747102367e-06
"WASHC4",1262.07023760974,1.62748537586479,0.218932136308953,7.4337436399383,1.05566473683838e-13,8.6168447173576e-12
"MYO1B",2877.89007003817,1.34510767829749,0.216165978486555,6.22256882287865,4.89080124779967e-10,7.22524638070464e-09
"TMTC3",554.723802530299,1.50852199486782,0.254608526255802,5.92486833434724,3.12547708146696e-09,3.53150367036072e-08
"NEK2",342.066889204215,1.12932280390929,0.234888173603922,4.80791683370829,1.52511183612633e-06,8.68831143834811e-06
"MYO5A",2207.23894052936,1.51278029049642,0.245149787966821,6.17084070536158,6.79278320770432e-10,9.56400685488725e-09
"CREBZF",905.146921338648,1.21588286906713,0.214806134508248,5.66037311667392,1.51044231190508e-08,1.40643066822545e-07
"BRAF",921.075025116305,1.57254319645443,0.242032381500659,6.49724299990062,8.18052719297785e-11,1.57188624945459e-09
"ZNF566",188.838788304462,1.90383895073288,0.327970001752477,5.80491795151962,6.4397530837432e-09,6.61210332187658e-08
"HPS5",765.442195757194,0.603689020450879,0.209201573701736,2.88568106715857,0.00390567724823851,0.00990827751990006
"PPP1CB",6215.95581205564,1.33492066017204,0.201873519081705,6.61265859060867,3.77478361458543e-11,8.19359829323829e-10
"PLCL2",229.533557427365,1.25407357505753,0.273683188506427,4.58220902022297,4.60089666056896e-06,2.38053712212815e-05
"LONRF2",306.147356108181,1.36211272035218,0.258211222330105,5.27518791809448,1.32620119937216e-07,9.74686493260665e-07
"ST8SIA4",1029.7379672784,2.49053886606741,0.236500106658724,10.530814980398,6.22927999484771e-26,6.16574133890026e-22
"EGLN1",381.974323368893,1.02316186942086,0.226814121648367,4.51101484327805,6.45182053926157e-06,3.24327677489137e-05
"U2SURP",1708.71802094217,1.74843351499787,0.219164218678749,7.97773252193474,1.49045946629604e-15,4.47047509012066e-13
"SMC5",1262.05150023901,1.6863380881377,0.255367653635729,6.60356965390452,4.01373576582334e-11,8.5805521836111e-10
"CCDC28A",289.025593808306,0.785862189900436,0.246415079615252,3.18918059368553,0.00142676713402654,0.00417320954272892
"MRPS10",541.823256842662,0.636233799816168,0.20895221635443,3.04487701023937,0.00232775478956217,0.00639292921950232
"SPOPL",229.557563495428,1.6309139681302,0.288921106255171,5.64484190604546,1.65333104096208e-08,1.5194680263178e-07
"RPF1",486.041767426126,0.747234684356467,0.22038684281947,3.39055941269854,0.000697501341826205,0.0022050042419022
"PLRG1",776.191541968405,0.817290187853868,0.217412514305978,3.75916809785679,0.000170479271499077,0.000627054563098428
"C8orf37",168.182181062959,0.928457470087166,0.282988854835442,3.280897654528,0.00103477284735679,0.00314177351016488
"TTF1",418.670574026576,1.14873617859936,0.222136537919758,5.17130675285087,2.32462595324051e-07,1.60342492579614e-06
"NUP50",848.424860484571,0.848208486546264,0.23166354117298,3.66138099353717,0.000250859381890283,0.00088678791498215
"CIR1",392.259148316468,0.969966546393326,0.222151901461957,4.36623112388454,1.26408722616782e-05,5.96374421573361e-05
"USP38",290.962301428286,0.900924440436995,0.264303464141881,3.40867435605524,0.000652793541614038,0.00208162064268548
"HMG20B",548.479348963702,-0.73224895773738,0.248888118700413,-2.94208080948528,0.00326014840167611,0.00848066987642317
"CUL4B",1045.09502834509,1.38949238494751,0.225265663329851,6.16823871160919,6.90548416379121e-10,9.6676778293077e-09
"TMF1",1210.06470735829,1.7256746403487,0.24239747997551,7.11919381555886,1.0856016351351e-12,4.67186303676836e-11
"KBTBD7",207.621461826391,0.914177784241014,0.281924824873103,3.24262960756469,0.00118432067332624,0.00354114394655296
"MRPL35",583.780652609281,0.764379933863927,0.211747799789704,3.60986010066251,0.000306362194036029,0.00106101224512548
"BPTF",2388.43602601972,1.49058656326065,0.247177342725809,6.03043364259377,1.63520304292448e-09,2.01559647806557e-08
"SRRT",1788.29830757583,-0.576756137045371,0.199160203464673,-2.8959406900168,0.00378023838375687,0.00962366242860739
"NEK7",733.562979779533,1.3026312750445,0.245296421887955,5.31043732729012,1.09362488339054e-07,8.13887150060115e-07
"FAM172A",292.135584353947,1.16460553150855,0.251647248245429,4.62792873607235,3.69341056431052e-06,1.94661223458709e-05
"CHM",412.260002862851,1.69379350388778,0.276905980466627,6.11685417929036,9.54406244761665e-10,1.27658283927716e-08
"ATF2",857.656735824897,1.75556551545375,0.27235119196286,6.44596229890249,1.14869216245724e-10,2.10293691186917e-09
"USF3",471.326105564388,1.85966697022626,0.305180876784892,6.0936549819832,1.10361385799197e-09,1.4373118376848e-08
"C12orf75",461.91166898403,-0.659541031325625,0.215851610194785,-3.05552981851955,0.00224663261870203,0.00620456742743101
"SASH1",1238.94285545737,1.04772454842746,0.219084548282039,4.78228408458394,1.73314505961922e-06,9.78031345502339e-06
"FRMD6",3602.89356614102,1.47843212401328,0.205560021583373,7.19221623263764,6.37479626928574e-13,2.99041390869148e-11
"IDH2",367.371854111058,-0.837896623516866,0.226853276766389,-3.69356191570344,0.000221134635975507,0.00079046248713816
"BCL10",227.338270761202,0.969391797576451,0.278833446871442,3.47659797794414,0.00050781864416309,0.00166768047111024
"MMAA",139.47000192727,1.5576372109742,0.308221659145912,5.05362671556062,4.33498474115204e-07,2.79711075410188e-06
"CUL1",1651.66018127794,0.841648563431325,0.206865292771346,4.06858275816052,4.72999612130261e-05,0.000195398587682192
"H1F0",6329.22745432535,-0.591542538822827,0.18613925074613,-3.17795702116378,0.00148316734804288,0.00431608530265251
"TBK1",457.93851167759,1.56839400197659,0.24264820717045,6.46365378201564,1.02204566118339e-10,1.91594847621083e-09
"TWF1",1166.27977875248,1.01513501914119,0.195640537483151,5.18877647853844,2.11680298112295e-07,1.47135645415414e-06
"TXLNG",405.289740797363,1.40552156920617,0.25909036731978,5.42483143524753,5.80092575562966e-08,4.60815113396648e-07
"KLF5",1891.96878626037,0.838152621755262,0.19865445288031,4.2191484238224,2.45226802021641e-05,0.000107875385502034
"ZNF37A",367.765305039205,1.90073875421311,0.287633057688012,6.60820689211179,3.89002801808929e-11,8.38856150828927e-10
"NAP1L3",125.55066276529,1.14738830769451,0.31493779598626,3.64322200230477,0.000269246423588323,0.000946042279260639
"PIGN",328.836555849946,1.04938546167291,0.257325880112214,4.07804089202102,4.5416779914585e-05,0.000188405401338878
"AFF4",3528.21671985699,1.44795536852139,0.254754674208773,5.68372444202842,1.31792567542379e-08,1.25551764536523e-07
"DOCK5",976.826860070443,1.01239904329906,0.253714392406672,3.99030986652231,6.59870290969762e-05,0.000264215054207876
"DDHD2",1279.43716995762,0.88575692357181,0.211885191035481,4.18036257863574,2.91044655677089e-05,0.000125578029725014
"FBXW7",314.89704419435,1.24060734285591,0.276767693637389,4.48248611155214,7.37784457449824e-06,3.65973558224466e-05
"MPV17L2",132.05325061505,-0.952782010312581,0.315041974020685,-3.02430180382892,0.00249207697693711,0.00676909383033028
"EID1",1536.9814720167,0.781521050893845,0.189027014670423,4.13444105995358,3.55819553262018e-05,0.00015038009983721
"PTBP3",1196.20176618748,1.59341468118131,0.264519996826546,6.02379668946601,1.7037235928908e-09,2.08448159733413e-08
"SENP7",412.198056018711,1.74103619539759,0.29838683754257,5.83482907535826,5.38457367697267e-09,5.65180384461034e-08
"CRBN",601.391589015871,1.16526509228385,0.224553468387077,5.1892544820337,2.11137684943611e-07,1.46861616695142e-06
"IRAK4",308.879156662136,1.14798686636841,0.253525353088645,4.52809493166159,5.95178433792892e-06,3.00718536890355e-05
"NUDT16L1",194.780449829092,-0.804643456454336,0.276593800835439,-2.90911601787151,0.00362452326389542,0.00927495637694851
"KCTD12",853.466615202615,1.23116463431295,0.215158122177575,5.72213877799528,1.05191325808039e-08,1.02821714094731e-07
"ZC3H11A",3298.54036493815,1.67914833070146,0.245164964752531,6.84905501239293,7.43394078366889e-12,2.15149549347236e-10
"TMOD2",127.373056445215,1.90798048120309,0.367579184503844,5.19066519987651,2.0954411226412e-07,1.45948947573575e-06
"UBQLN1",3624.75073803838,0.598769394004513,0.18549110955133,3.22802206236637,0.001246493600903,0.00369616346966384
"CAB39",1163.80515254114,1.08131521110057,0.226009251480656,4.78438472768945,1.71511892286905e-06,9.68411129410035e-06
"HECW2",368.657447046409,0.978432480318653,0.269685511560102,3.62804985206111,0.000285570128455561,0.000996755729859531
"RAPH1",5174.14472362016,1.03106039675974,0.238141795611589,4.32960704823698,1.49375645349181e-05,6.93164621503138e-05
"MT2A",2812.48932119768,-0.668878398026377,0.177353827581199,-3.77143480436101,0.00016231156752424,0.000600358705289584
"DCPS",789.045531429931,-0.603030788690379,0.198492972993074,-3.03804603053338,0.00238117579250825,0.0065215489746117
"INO80E",417.600915484358,-0.851199884838377,0.229415637460914,-3.71029583797834,0.000207017189408665,0.000746740576081256
"ZNF615",246.238136196881,1.94095615038614,0.299448317615355,6.4817734353723,9.06506976519424e-11,1.71889004858032e-09
"GINS4",511.934123143715,-0.866156962028985,0.209549354130324,-4.13342701829708,3.57393818069569e-05,0.000150980965055595
"KCNK2",521.652059145653,0.86234306987664,0.213564526457276,4.03785724240656,5.39416613406782e-05,0.000219989519550899
"GET4",386.77523779467,-0.715356631619715,0.235902371386933,-3.0324266238357,0.00242596069298165,0.00662221702678774
"SYNM",3220.49885397388,0.660606331707304,0.188986309457207,3.49552480073637,0.000473130481739303,0.00156362120475981
"KAT2B",519.834359261437,1.44538514692115,0.265732686430919,5.43924485291689,5.35068768329469e-08,4.2883487197774e-07
"RASA1",440.028315117802,1.82569289741675,0.25967556733108,7.03066875401891,2.05545954656132e-12,7.76524373735266e-11
"SUPT16H",2368.46471754678,1.08121992939556,0.19201063190431,5.63104198279184,1.79124113919599e-08,1.62025640875138e-07
"PCBP1",4612.72975225411,-0.565253451942644,0.179690278518146,-3.14570969895604,0.00165684371729962,0.00476174190297086
"COPB2",3641.53055638134,0.775941070763938,0.186272690834536,4.16561905713381,3.10508824107335e-05,0.000132990754695561
"RYK",1085.32346669974,0.752995904648301,0.202589434075097,3.71685674569374,0.000201716741150446,0.000730282481312038
"ATR",676.657226469478,1.79387745202438,0.279701210617349,6.41354911573314,1.42170282326497e-10,2.4950380398363e-09
"EI24",1779.68161074146,-0.738041870009255,0.187916470151321,-3.92749964606584,8.58335472208375e-05,0.000336734225284126
"EDNRA",171.267283140554,1.21415518914929,0.297468681837889,4.08162359024727,4.47221854120403e-05,0.000185835512681937
"RNMT",473.97709990945,1.56558165194494,0.261839705274559,5.97916061012713,2.24290335372119e-09,2.64919539321388e-08
"HDHD2",269.829630708463,1.30282252450291,0.244778873728517,5.32244676453517,1.02380750865511e-07,7.67119358112664e-07
"MRPL54",208.308913553643,-1.01504313004757,0.268316215415396,-3.78301076018133,0.000154942713501036,0.000575252429944956
"RAB6A",2302.03125469634,0.703302816309402,0.197707904346135,3.55728223732573,0.000374711498920252,0.0012675647355819
"ECT2",688.518020543183,1.23837182160519,0.244649307075814,5.06182435751363,4.15263511467258e-07,2.69880383224092e-06
"ADAM10",2554.12505532224,2.03923870556331,0.24994175043373,8.1588558215047,3.38213069598593e-16,1.67381648144344e-13
"N4BP2L2",575.067496409141,1.48422000227812,0.266276122625702,5.57398833828014,2.48972408315148e-08,2.14475970191761e-07
"CPS1",673.014522493405,1.12791192060154,0.228098391257245,4.9448482051305,7.62032188962306e-07,4.68193333727431e-06
"SLC25A11",601.651171616559,-0.70998902668427,0.212079671695572,-3.34774672653878,0.000814714310698597,0.00253188139632487
"SLC38A1",3369.50513541239,1.72356810022063,0.238485467285573,7.22714100711535,4.93267875829655e-13,2.47835808881316e-11
"TADA3",1089.65725050828,-0.642838555515338,0.219775434257832,-2.92497911646115,0.00344479339938472,0.00888625620722177
"FAM111A",417.204729828712,1.19432510732106,0.296296429157742,4.03084542974774,5.55765850101444e-05,0.000225819802311334
"CSE1L",2723.56664850583,1.23066050032463,0.215072473284409,5.72207350169456,1.05231760333363e-08,1.02821714094731e-07
"CLCN3",1067.94457356555,1.48681651667778,0.223479952503726,6.65301965576975,2.87139828699596e-11,6.48883567230275e-10
"PPIG",694.62494099943,1.33445130620701,0.238702510197327,5.5904368374839,2.26499065814275e-08,1.9787182289759e-07
"RIC8B",387.031157792825,1.00556370268362,0.228909596212541,4.39284206219979,1.118784050809e-05,5.33930787604026e-05
"EXTL2",585.198616323172,1.42604815670158,0.234870117631494,6.07164577206462,1.26605961373339e-09,1.62114593230699e-08
"HBP1",1802.88793299764,0.856466398879101,0.213008772507769,4.02080341009365,5.79999933330148e-05,0.000234607247245681
"NR4A3",305.986964682628,1.07483380983562,0.254675426177615,4.22040644426374,2.43862246516454e-05,0.000107373154627218
"ZCCHC10",175.584199962579,1.09529567670555,0.284343610592987,3.85201437943817,0.000117150141858632,0.000446668761216001
"NCKAP1",2799.61179297623,1.42403087925085,0.22183006345279,6.41946748373859,1.36751861198396e-10,2.42141309864351e-09
"NSFL1C",1980.12901389095,-0.587176420962218,0.200992337246544,-2.9213870986632,0.00348476552484616,0.00895901536751357
"SLC19A1",126.632192877381,-0.999752802379725,0.332771099766862,-3.00432580557671,0.00266170127391875,0.00716300141632622
"IFIT1",114.040060185438,1.31686224253228,0.340530749838895,3.86708760708185,0.000110142868195261,0.000423211998989399
"ZNF280C",154.309015742724,1.71091699637844,0.306693270644824,5.57859320741284,2.42471540050007e-08,2.10156156165934e-07
"ADSS",1118.31732575525,1.02095866136828,0.204375105236818,4.99551381360881,5.86793232483366e-07,3.67604348443758e-06
"SPAG7",723.326252866839,-0.687575526231883,0.208638782739899,-3.29553075992134,0.000982359483839553,0.00299919622795925
"FRMD3",189.212077658225,1.23263408284254,0.285235827778978,4.32145601217275,1.55002955629401e-05,7.1540761592431e-05
"DTX3L",521.204307139303,0.934468008785658,0.221885075976625,4.21149554413521,2.53685558987483e-05,0.000111302290020306
"TATDN1",379.322907410057,0.823045318350797,0.223217443522897,3.68719086358666,0.000226743290989446,0.000809633872371407
"FLOT2",1040.29061730032,-0.665775564370727,0.203200435664591,-3.27644752430391,0.00105121845380949,0.00318584208689723
"SLC9A9",204.325417041575,0.969871702456863,0.29871451120617,3.2468181694309,0.00116702922988838,0.00349614265055545
"AMOTL2",1033.63726434053,-0.861627710467769,0.188619802159299,-4.56806602808372,4.92244982091933e-06,2.53498482452963e-05
"AIDA",748.560205588931,0.905186127779874,0.212662826597009,4.25643795986582,2.07709639244076e-05,9.30064175265898e-05
"OXSR1",1204.5472256704,1.07009125451745,0.209094943100487,5.11772900219393,3.09236486252932e-07,2.08077684631647e-06
"NUP160",2037.83047341659,1.17193203758869,0.229430726712367,5.10799950112141,3.25587510782261e-07,2.18042299169338e-06
"NAPA",1694.05992544149,-0.565547019294759,0.192986638129677,-2.93049832245246,0.00338418820898333,0.00875272926378808
"MPHOSPH6",228.483433579533,0.808687833716059,0.27907208815068,2.89777397329475,0.00375821329367599,0.0095774446912474
"ZNF284",120.322939592876,1.20718572725975,0.331440767244767,3.64223670278996,0.000270279370965006,0.000948661423337458
"RIMKLB",631.747516976891,1.21306989413983,0.224144665315101,5.41199538447417,6.23262960172014e-08,4.90776195686762e-07
"TBC1D23",1127.98286026961,1.72944582914069,0.264075495321955,6.54905835557438,5.79010047383138e-11,1.16960029571394e-09
"LRRN3",213.569186766463,1.92721631860854,0.285431144865189,6.75194824839024,1.4587291246565e-11,3.6645941309264e-10
"HERC1",1863.70004807808,1.00795445139944,0.217848474078017,4.62686027829816,3.71250785526111e-06,1.95563612301088e-05
"C2orf49",462.154811845483,1.31772822276193,0.215170390159248,6.12411504104573,9.11889960425242e-10,1.22968485399033e-08
"JOSD2",153.481816310164,-0.878361882178329,0.294359296024896,-2.98397874312093,0.00284526537758615,0.0075624158720053
"AGO3",479.529148666922,1.16062605774596,0.267499201018212,4.33880196026058,1.43261545101948e-05,6.6823881876488e-05
"HSF2",269.031599462937,0.884070412216547,0.256033704164145,3.45294544365833,0.000554501136043196,0.00180457798179955
"ARL1",1285.36534558418,1.00824654900029,0.197341507757795,5.10914586827697,3.2361844129593e-07,2.17017298912406e-06
"ARF5",1771.74250671142,-0.60310251506514,0.190424508860327,-3.16714754143074,0.00153942193438803,0.00445923274994813
"SLC38A6",135.951635474945,1.07864319634867,0.300277800842989,3.59215097926162,0.000327959739841534,0.00112518041766083
"FAM173B",131.566376907238,1.04349893669372,0.311827690852062,3.34639599787427,0.000818693847967451,0.00254265193196794
"DDR2",3542.83851692379,1.31164399995883,0.207003223713704,6.33634576518913,2.3527847277017e-10,3.84923359252752e-09
"ENTPD4",1614.18165887201,0.826716357498049,0.208464660828607,3.96573862549178,7.31690087444014e-05,0.000290620725743212
"RFX3",242.078179805224,1.8586726849213,0.270507217614564,6.8710650359417,6.37243312358048e-12,1.89982961015661e-10
"EPB41L5",189.180706827129,1.26819347110716,0.290024137048233,4.37271698836654,1.2270975380665e-05,5.82253664035581e-05
"ZNF320",432.110145885168,1.10523006946135,0.2643984433749,4.18016859461691,2.91293049289877e-05,0.00012563044016868
"PPP1CA",2308.21686355606,-0.815913897716199,0.204285298686651,-3.99399224007653,6.49699906898808e-05,0.000260775737164818
"PHTF2",745.346759222504,1.70280907663059,0.223433202231649,7.62111028988952,2.51502934494511e-14,2.96354291146032e-12
"OTUD6B",155.225786355887,1.36104330020983,0.316941197967828,4.29430856239772,1.75238613956452e-05,8.01160185192131e-05
"BCAP29",628.865215320561,0.990681652490119,0.223399290047282,4.4345783385455,9.22526704371714e-06,4.4804559960114e-05
"PARG",288.495587316448,1.31866731195568,0.269227167840365,4.89797267687922,9.68304951125709e-07,5.78411732422587e-06
"PTK2",4049.54767161002,0.717259425844389,0.194558094068786,3.68660799889828,0.000227263018918117,0.000811197028940327
"ZNF83",451.610762402024,1.54536756315314,0.257512238684692,6.0011422021978,1.95934297165045e-09,2.3478906456896e-08
"TUT4",1024.75979605927,1.48578698541389,0.245823217633902,6.04412797015224,1.50220247562256e-09,1.87264484933402e-08
"TUBA1C",8243.50704736234,-0.869209143960228,0.177868087127725,-4.88681897914638,1.02478235903663e-06,6.09206954339015e-06
"ZNF283",138.413132325564,1.48865552813526,0.324775759588972,4.58364112524674,4.56948229752785e-06,2.36799663774506e-05
"ZNF605",350.755285172379,1.66168432022482,0.239445059437495,6.93973107705144,3.92847044958019e-12,1.2918272594666e-10
"SHLD2",259.227711889648,1.09802735707346,0.265816103127998,4.13077817390443,3.61537319775072e-05,0.000152406149537209
"MEGF9",2703.96749427163,1.41087282906251,0.226234824334794,6.23632030661479,4.47983364944636e-10,6.7082289655401e-09
"ZCRB1",629.677827577307,0.7798623699145,0.208101274285217,3.74751366897277,0.00017859610705611,0.000653509895616034
"PTPRD",517.537539091755,1.54631965816698,0.269111604550472,5.74601626990397,9.13705188001562e-09,9.07106715229635e-08
"PDE7B",123.665583158417,1.26501221648928,0.334795931553957,3.77845755358411,0.000157802742484225,0.000585212268680726
"NPHP3",112.829157479407,2.16078772653493,0.347577255046375,6.21671209828337,5.0768000455984e-10,7.43345663481256e-09
"FAM57A",425.128191871781,-0.794404932533056,0.220961173159593,-3.59522408925338,0.00032411247046716,0.0011145075729149
"DESI2",1014.57736876375,0.884103668448945,0.22938112741037,3.85429995235508,0.000116061235785015,0.00044319988881176
"PSMC5",1263.70571363404,-0.703696126945967,0.221705074308464,-3.17401903921647,0.00150343828554034,0.00436393904700243
"ZEB2",253.362955897012,1.14579937789673,0.2773128690018,4.13179302504456,3.5994445952686e-05,0.000151799329373535
"MTRF1",127.624715725753,1.05094938413758,0.35415274541934,2.96750314018656,0.00300229215796109,0.00790201572918256
"LSAMP",3651.35855856728,1.23999591980613,0.200553104024039,6.18288071800428,6.29422749667379e-10,8.97698325101977e-09
"FBXW2",2297.1850148828,0.822498294169737,0.184978610238738,4.44645082535867,8.73006395856457e-06,4.26085665985563e-05
"ANKRD12",451.494628990797,1.16080387265249,0.236168797000619,4.91514496154819,8.87167900894323e-07,5.35111997748446e-06
"ZNF678",135.514992605186,1.25315254596199,0.322358865756082,3.88744557412051,0.000101304692624604,0.000391379331615273
"CHUK",292.869768855523,1.19692261552479,0.27397566701183,4.36871868432428,1.24977630819246e-05,5.9099753572344e-05
"RTF1",1385.79148523181,0.568464683705684,0.188981707204943,3.00804078930882,0.00262937844241163,0.00709337362305543
"SENP2",707.097540758486,0.64904499177345,0.215084202208715,3.01763209528344,0.00254757983389107,0.00690280459782474
"MME",192.225222153298,2.27554202943858,0.292198557083589,7.78765662688614,6.8263393363217e-15,1.16495011639504e-12
"SEC13",1637.39462396922,-0.566907467794648,0.192769189977683,-2.94086138900246,0.00327300958870384,0.00850965298371174
"PLA2G4A",476.528747556261,1.50146764213183,0.268023363994705,5.60200282450561,2.11889102475746e-08,1.87256994312941e-07
"ARFIP1",381.054901635515,1.30381299126609,0.26333351026678,4.95118524773096,7.37628460461305e-07,4.54256803993239e-06
"RHOG",499.603603188997,-0.689627980124139,0.220717976731155,-3.1244758145103,0.00178122164219033,0.00506915808349623
"SELENOI",766.853579256079,1.56095832227156,0.234246526751738,6.66374158847578,2.66942662411371e-11,6.1162001679346e-10
"PFN1",6724.53970470754,-0.893618816138689,0.187151164501171,-4.7748504184867,1.79840877000886e-06,1.01140056849703e-05
"TAOK1",3333.33380802891,1.77029605337,0.262856387747462,6.73484128934619,1.64108966802733e-11,4.07105401858008e-10
"UBTD2",463.076056084422,1.04342778275484,0.222254034935463,4.69475293466695,2.66929143954461e-06,1.44770666677329e-05
"CYC1",1678.41240660459,-0.568747377355685,0.190821115382439,-2.9805264276745,0.0028775340787007,0.00763383337201273
"MRTO4",1025.80606324039,-0.810469501166261,0.19961584876136,-4.06014605651466,4.90420282588002e-05,0.000201669296097052
"PSRC1",295.728950690759,-1.01476866936699,0.240194053338963,-4.22478681408045,2.39167075757473e-05,0.000105823679742846
"CEBPZ",948.813571583389,1.48302818032496,0.203277170189022,7.29559634732189,2.97339106203355e-13,1.78367422618231e-11
"FAM84B",828.728368718238,0.885127085368097,0.217875266477787,4.0625404603158,4.85415307404485e-05,0.000199860262591081
"TOP3A",1153.26477706665,-0.567212396413798,0.189113854290439,-2.99931699103694,0.00270585625379219,0.00727391776209537
"FTSJ1",677.449207731399,-0.608629598085819,0.199077124567511,-3.05725531955541,0.00223373923024843,0.00618103184260523
"RWDD4",135.545660120425,0.941990049706113,0.299657072946061,3.14356020515382,0.00166906077955593,0.0047885111872593
"COG5",522.988009342465,1.12150075002108,0.264977177457331,4.23244281180282,2.31166704196783e-05,0.00010260484475963
"SYNCRIP",2487.99231244827,1.06912271420297,0.201925206634033,5.29464712219229,1.19246452799736e-07,8.82798346904849e-07
"TMEM33",528.245628417516,0.960082235244431,0.23521084698466,4.08179404798897,4.46893903511957e-05,0.000185777230447768
"DCTN3",837.490715564399,-0.776049705017977,0.201628456234802,-3.84890962074442,0.000118644768846747,0.000451845295130858
"FNDC3B",3717.71986948274,1.17877438778289,0.22336607729473,5.27732054060972,1.31086474722289e-07,9.6539726696519e-07
"RASA2",354.249245188568,1.74634616786021,0.266735430671174,6.54710985888135,5.86612125246145e-11,1.18013959668422e-09
"ZNF300",327.786025364562,1.87991436285329,0.269526286938316,6.97488317079636,3.06125100304951e-12,1.05575827275903e-10
"PGM3",658.222014199496,1.59664896287315,0.2161597300333,7.3864311480551,1.50822191721232e-13,1.14833696435135e-11
"RAB21",990.581686521367,0.787686613845262,0.216107160988923,3.64488899970158,0.000267507234187531,0.000940599148841274
"COPB1",3037.83927280027,1.43465850129921,0.225211196016097,6.37028054855971,1.88682739916422e-10,3.20339924475599e-09
"ZNF614",384.924456980906,1.52926681363711,0.268548171222302,5.6945716914646,1.23682008914393e-08,1.1854416452915e-07
"MPDU1",1173.48208409584,-0.619188635330731,0.194081069113219,-3.19036080211162,0.00142095273773515,0.00415866061445966
"HIPK3",1949.11211443952,1.73999726909426,0.24132579100001,7.21015877285239,5.58866745612105e-13,2.70879813423287e-11
"RNF141",362.474746701746,1.1805325396419,0.226469481002723,5.21276656976003,1.8604494443996e-07,1.31065683990514e-06
"OARD1",187.097530733707,0.97475655511117,0.272441693076935,3.57785383030897,0.000346427082145851,0.00118198388799711
"MOSMO",323.358133379988,1.20546947852473,0.277290217955825,4.34732060658835,1.37810704596075e-05,6.45246146684935e-05
"ERCC6L2",677.815421577569,1.6084291909734,0.258720141090534,6.21686886917151,5.07173254455176e-10,7.43345663481256e-09
"PSMC6",839.843792294017,0.85586525709595,0.213391171567497,4.01078100283655,6.0518225223975e-05,0.000243995679538454
"DDHD1",122.801064039876,1.52311727996001,0.342643762133111,4.44519191149993,8.78134422236184e-06,4.28377255361939e-05
"FMNL2",3080.64743481212,1.2047364989842,0.223207045787187,5.39739457925911,6.76155781361915e-08,5.27806776334403e-07
"TRIP12",4514.75620831858,1.28445071443442,0.219552326073005,5.85031704017253,4.9063689517457e-09,5.25007998750042e-08
"PIK3CA",494.830082904162,1.4557868596326,0.248281251187125,5.86345868917586,4.53323671122815e-09,4.89846910128125e-08
"KIF14",384.728957879983,1.74882003118183,0.263641761736293,6.63331946981557,3.28220350707713e-11,7.2841368414909e-10
"SORCS1",446.76358541242,0.744508645346898,0.235358203977979,3.16330016444448,0.00155991404743961,0.00451067170363929
"KIAA1586",249.175989845783,0.969039726006898,0.261409773772935,3.7069758793664,0.000209748911284468,0.000755492985405265
"PAN3",495.274274728637,1.74544343773377,0.251992008168081,6.92658251514685,4.3112845944284e-12,1.39454558547883e-10
"AFDN",777.164452540148,0.852724931388309,0.246385955097874,3.46093157399972,0.000538309619597699,0.00175847809068582
"GEMIN4",782.105260599427,-0.578797687616007,0.199442589090149,-2.90207668410476,0.00370697785619332,0.0094624779382393
"ANKRD28",3077.46672459456,1.47744804308799,0.221763266627895,6.66227579325415,2.69619454146198e-11,6.16326410424726e-10
"ZNF121",322.46597843736,1.48053994214085,0.303438750573722,4.8792052410628,1.06514178632285e-06,6.30925996470588e-06
"TRIM52",155.801292798592,0.95284253449261,0.312765400709866,3.04650876449248,0.00231515729528297,0.00636362868889498
"ATCAY",452.268806788536,-0.747783692136304,0.215330556999462,-3.47272445934449,0.000515203998162091,0.00168857257410873
"ID4",927.300891074689,0.714836894803354,0.195324190907659,3.65974583834984,0.000252465533097127,0.000891192527316464
"MATN2",1622.96478587005,0.693156631248675,0.183960601014554,3.76796241926736,0.000164585472156271,0.000607407532961512
"C11orf54",512.129605657992,1.16534155509797,0.224015194990019,5.20206477578404,1.97086503248356e-07,1.38155963820979e-06
"TOMM40",394.939604185361,-0.879573396916505,0.25783878126542,-3.41133088125743,0.00064646590327887,0.00206410306795298
"SP100",992.717434625538,1.16764084930632,0.204740751527571,5.7030212138744,1.17702327169723e-08,1.13549477029817e-07
"CHD9",1508.56068658869,1.77397691770716,0.271440506954458,6.53541705182858,6.34325306444977e-11,1.26075339019927e-09
"ABHD10",348.016611351732,0.947181293279176,0.23983608921217,3.94928593269905,7.83846744218832e-05,0.000309702368874582
"PARK7",3958.52889802085,-0.568281311544623,0.186622027033007,-3.0450923751038,0.0023260885382039,0.00639190015301005
"STK4",1378.94750463473,0.599534990498674,0.205067910845856,2.92359242372801,0.00346017485314135,0.00891431824476654
"CLEC2D",331.437052005724,1.57423896161776,0.278172046436461,5.65922773975544,1.52055665387191e-08,1.41318964882856e-07
"GTSE1",794.51027419991,-0.752471112495412,0.200410324954199,-3.75465242455636,0.00017358218656774,0.000636575206612629
"RNF217",230.819250344815,1.22821985943446,0.286111964090078,4.29279447764644,1.76438311513164e-05,8.05157403115396e-05
"TOMM40L",199.46479742476,-0.975819519635843,0.2776701689738,-3.51431168584739,0.000440895155215291,0.00146935361828988
"REL",276.380893178673,1.76128701657897,0.322355135823353,5.46380938550994,4.66023944739005e-08,3.78711412563766e-07
"TUBB",4236.9694966718,-0.624283831489609,0.171869702020627,-3.63230880225001,0.000280896691096824,0.00098244362136974
"RBMS1",1579.10834863328,0.880896616252412,0.211885222478298,4.15742356144084,3.21856915614632e-05,0.000137139033609713
"MIS18BP1",331.943035013969,0.897603384836965,0.248822117632876,3.60740995766836,0.000309268811246773,0.00106995550287332
"NF1",2111.59160071709,1.64464685532092,0.262294217562678,6.27023679974155,3.60499435548656e-10,5.56665119042215e-09
"PIGS",1284.47671146276,-0.562850510534975,0.195099526861299,-2.88494041779568,0.00391487746544597,0.00992303640281285
"TMEM106B",730.874010851195,1.3882402161722,0.249535729521534,5.56329235430148,2.64731824406953e-08,2.2627941260622e-07
"SYT14",220.624749741161,1.8777852179192,0.303085296255787,6.19556686225534,5.80756319666847e-10,8.37948404090736e-09
"SLC30A9",710.056319462261,1.4970375230456,0.233397203165569,6.41411937564485,1.41639191845053e-10,2.49456356028885e-09
"SENP1",518.248233966442,1.03357088325316,0.26173718887272,3.9488881488514,7.85150251278322e-05,0.00030998871907271
"DNAJB4",693.282984016835,1.00926575718354,0.207661972518837,4.86013758292692,1.17304202052348e-06,6.85810390971139e-06
"SLC25A32",716.304569363715,1.08811877944163,0.221511806351131,4.91223830172192,9.00425212549562e-07,5.42230321383268e-06
"TAF6",1324.30404704413,-0.57494953725485,0.188118237705401,-3.05632002653161,0.00224071954065803,0.00619476491625163
"PHTF1",354.138267814828,0.782087124320627,0.251899880659295,3.10475385011568,0.00190437434985669,0.00537022715523691
"CCNH",389.947790447337,1.14098181070808,0.265910011339086,4.29085691419533,1.77984973532408e-05,8.10347409394562e-05
"FAM160B1",490.074908111719,1.68081849128898,0.269223237918353,6.24321475473345,4.28667695328509e-10,6.45807130648642e-09
"MPP5",374.360318707559,1.66099840684326,0.272167227143541,6.10285971707847,1.04187281434126e-09,1.37316339764977e-08
"XRN1",1526.22111205769,2.11162157268943,0.287178479908594,7.3529937666692,1.93815979175226e-13,1.37027897276885e-11
"PNISR",991.312776245424,1.70077739954274,0.23601942441435,7.20609078580285,5.75810203203562e-13,2.75331854652602e-11
"CALD1",2872.5867930576,1.61151346397209,0.2057646079477,7.83183016771131,4.808187486337e-15,9.15219994995455e-13
"SDC1",852.718969374401,-1.08830223322384,0.210592443876876,-5.16781235446473,2.36849923953861e-07,1.63141304613452e-06
"EFEMP2",2174.29070307256,-0.557471433765599,0.188668503658439,-2.95476681563571,0.00312905454474141,0.00819348727085992
"PRKACB",847.559104687797,1.57495435783526,0.220276550647813,7.14989567978736,8.68438726994751e-13,3.8203584532418e-11
"COPS6",1256.33746657965,-0.640053878872977,0.205265297041352,-3.11817870871778,0.00181972427270353,0.0051594473936464
"FAS",146.266156718582,0.877354400411323,0.29174785263377,3.00723516039949,0.00263635732626277,0.00711026289246564
"ZNF337",615.343401164031,0.593857408078833,0.202883802409569,2.92708141816069,0.00342159295232886,0.00883101096275125
"LIF",225.780231304359,-0.797720112621606,0.258697940980459,-3.08359668267272,0.00204514645045649,0.00570382067247629
"SSRP1",2964.00140514907,-0.566361714644504,0.192369086182681,-2.94414100458254,0.00323852415834963,0.00843351810223929
"SPG11",832.564732687488,1.3178961428063,0.237069936564847,5.55910277744479,2.71164990056613e-08,2.31378540653479e-07
"MTCH1",1819.94297721944,-0.593415380696322,0.204358761905814,-2.90379220916311,0.00368672755177202,0.00941709143417793
"SRSF11",2920.97933823243,1.53859943143035,0.197979882209267,7.77149382180172,7.75658631523524e-15,1.23830147335804e-12
"NEDD1",165.141515361332,1.49526695784203,0.302257587258378,4.94699561193755,7.53676748086271e-07,4.63347357301734e-06
"SELENOM",1009.62467234964,-0.718471635172033,0.202297532977145,-3.55155905560748,0.000382956042796333,0.00128986656495667
"GPD1L",782.687963599601,0.961364227266605,0.22199432963664,4.33058010463674,1.48717032042286e-05,6.91080367678191e-05
"KIAA0586",393.189207164044,1.13327598348311,0.259967961371773,4.35929095840561,1.30484530083468e-05,6.14431911877338e-05
"PQBP1",403.145756976126,-0.788923913727816,0.246981816719333,-3.19425909245918,0.00140190236951077,0.00411263475205027
"CNTLN",235.146428734547,0.979004521042548,0.29312137118395,3.3399288393345,0.000837998594880786,0.00259771690953023
"BBX",1450.32232236921,1.76023553072835,0.235795370757208,7.46509791551767,8.32376916843199e-14,7.46419643107404e-12
"FBXO11",1013.30577557346,1.21802805566349,0.218109993888622,5.58446696525735,2.34418068882646e-08,2.04249123750038e-07
"SUZ12",821.100828903599,1.33006485027645,0.2287675139383,5.81404600408071,6.09806437097094e-09,6.30048446178188e-08
"KRAS",471.594281352511,1.49340237553158,0.252404200976799,5.91670966549742,3.28445713889044e-09,3.6817165074448e-08
"MFAP1",420.965244352999,1.12423670823878,0.231200008616308,4.86261533884512,1.15844835266212e-06,6.78882285059187e-06
"CNOT4",666.340815976986,0.668199893869307,0.20901347445922,3.19692256969623,0.00138902207262588,0.0040821082169985
"ZNF285",102.15457282788,1.07210869578595,0.351046658539166,3.05403475494507,0.00225785921938528,0.00622862055559517
"TRNT1",184.840578755093,0.971731075922034,0.301513625685714,3.22284299328791,0.00126925104410163,0.00375801580452226
"MAGT1",1027.56529320721,0.743615354307718,0.217827269051758,3.41378449789511,0.000640672298301887,0.00204957156063092
"ZNF608",1904.99701450114,1.22575427594831,0.219922632314563,5.57357040995702,2.49570716633429e-08,2.1480443071632e-07
"HMGCR",1828.60358133023,1.0798205518782,0.198268492371038,5.44625391036632,5.14416901744869e-08,4.15309828178688e-07
"OLFML2B",306.414654317234,-0.982348775352532,0.239420600938976,-4.10302526808425,4.07782694238136e-05,0.000170377083476955
"DDX18",1256.80959207851,1.41608329611408,0.196136937750321,7.21987052697197,5.20370946561516e-13,2.57531581453294e-11
"PTPRG",2233.47126828851,1.08828814539827,0.23034953578202,4.72450765617396,2.30673525577549e-06,1.26493438014769e-05
"ZDHHC18",559.237081072162,-1.04134383307826,0.229213168482233,-4.54312393992746,5.54266408373494e-06,2.81628794151994e-05
"LONRF1",618.634861405436,1.13811308184579,0.212392750028354,5.35853074878429,8.39014586685319e-08,6.41774836090517e-07
"TAF13",178.976015173536,0.963880862135127,0.278604016776464,3.45968042129303,0.000540816830986754,0.00176602746037631
"NAA30",252.832963796147,1.30252004051274,0.258499096459746,5.03877985784591,4.68508984770283e-07,2.99373914219255e-06
"SYMPK",2198.23621979905,-0.552222468772379,0.189665870242915,-2.91155424043936,0.0035963546095195,0.00921717191222787
"ARPC4",1662.65523522097,-0.725548275272862,0.189851511618321,-3.82166182975415,0.000132555382656118,0.000499441635907976
"CCT7",5512.58352197697,-0.687517943990262,0.194195404226962,-3.54034096083313,0.000399610401431957,0.00134261498756738
"ZNF480",310.773568676505,1.43237920749793,0.259878447421308,5.5117275853807,3.55328585646649e-08,2.95301623906846e-07
"SREK1IP1",242.939489212528,1.17967145075516,0.253671849968542,4.65038375721016,3.31317946777924e-06,1.763110235058e-05
"TRDMT1",102.836806611568,1.32901742407761,0.420878535234669,3.15772203335717,0.00159007095992434,0.00458982862680989
"IFIT2",237.323105075929,1.51886665220519,0.271460420293329,5.59516798273561,2.20408259714608e-08,1.9389689563053e-07
"RALY",2454.5671707503,-0.632073446204166,0.196310959265679,-3.21975629159219,0.00128299618076094,0.00379303948541571
"NRCAM",509.471444286837,1.43091972667623,0.242857757653863,5.89200748825026,3.81531883003366e-09,4.19134581350424e-08
"NDUFB8",624.3923382967,-1.0364763555439,0.238576459217089,-4.34442006116275,1.39644081569751e-05,6.52287456053514e-05
"L3MBTL3",126.220013878245,1.57688146528175,0.336612990659121,4.68455320810425,2.80571277475306e-06,1.51670917774472e-05
"SAV1",793.22665702507,0.76567738006466,0.212287514250596,3.60679422323827,0.000310003309135512,0.00107174738170566
"CLIP2",1056.64998881495,-0.620182464172459,0.20850771198275,-2.97438621466322,0.00293575313003656,0.00776331404784982
"IPMK",223.659489971519,1.58989603184298,0.291801303545321,5.44855698904048,5.07801210090178e-08,4.10303377752864e-07
"PIK3C2A",753.256586180909,2.00480606329139,0.284855805130896,7.0379680778145,1.95063360082788e-12,7.42591206961321e-11
"NIPSNAP3A",469.153329735746,0.649180050116315,0.223859001170417,2.89995062392918,0.00373221446817999,0.00951363863148223
"HNRNPH1",4391.40765202736,0.842521680158537,0.184916611526865,4.55622495568027,5.20811585292675e-06,2.66341007511431e-05
"HSD17B10",450.662905018126,-1.02662217442819,0.240032964257293,-4.27700494223681,1.89424598983211e-05,8.57304380766264e-05
"FANCI",437.090749952413,0.982019478797722,0.24015872043939,4.08904360000352,4.33155438400747e-05,0.00018014170291137
"HAUS6",367.537634077394,1.62092039843034,0.258709508444833,6.26540712853613,3.71852571474702e-10,5.72410070366502e-09
"ZNF776",732.530338724131,0.875634627977693,0.215464977614293,4.06393019261432,4.82532626456252e-05,0.000198921613355435
"PTPN4",188.857953510535,1.62763374700717,0.288875385619268,5.63438017925266,1.75689061507929e-08,1.59736115091975e-07
"HNRNPLL",721.236102574006,0.955552966164792,0.214084655149634,4.46343510933518,8.06560325529804e-06,3.95998715381647e-05
"MGP",1785.96153627407,1.06223526688926,0.184491055961386,5.75765183495717,8.52920419019774e-09,8.54474322617179e-08
"TOLLIP",1122.05615260108,-0.614203596993817,0.210415906972723,-2.91899793048174,0.00351158555010704,0.00902093791200608
"ZSWIM6",472.188068430254,1.11162817886581,0.243983078780246,4.55616915903846,5.20949879311103e-06,2.66341007511431e-05
"ZBTB21",911.753582164255,1.50440156716065,0.234536652699288,6.41435592196979,1.41419462544635e-10,2.49456356028885e-09
"TRAF5",343.400161789531,1.37951311431147,0.261771170436824,5.26991995340603,1.36483265530445e-07,9.99934390984712e-07
"DOCK10",2124.2236116723,1.87842489611681,0.271972886656258,6.90666234862934,4.96189027668839e-12,1.56410159104018e-10
"ATP5F1D",288.528138056032,-0.790743878098995,0.255278054812225,-3.09757875067108,0.00195108549643693,0.00548631938742407
"PSD3",5142.41061236149,1.69093120768373,0.254077485773384,6.65517923611657,2.82955014995668e-11,6.42359802391542e-10
"CEP162",128.060143310837,1.43157051011687,0.321502158495344,4.45275551746444,8.47752632446556e-06,4.14675872514198e-05
"CLU",1747.01072963706,-0.675469380720042,0.190897119734801,-3.53839482574919,0.00040256761836572,0.00135025899240389
"MLF2",2210.73536378018,-0.68057720296885,0.188680438756221,-3.60703635975837,0.000309714274451327,0.00107112225315137
"SNX6",812.144092200675,0.947519884826844,0.220951171153545,4.28836778678302,1.79990885221025e-05,8.18726921837183e-05
"ERV3-1",315.865905265929,1.1359777189863,0.264641088298589,4.29252209583042,1.76654964364083e-05,8.05774579389721e-05
"INPP5F",342.029722723741,1.49777734588868,0.26138978441573,5.73005310531389,1.00399197699424e-08,9.88590345997817e-08
"ADAMTSL1",665.19325868227,-0.718088872223094,0.208633739661264,-3.4418635901795,0.000577721499265227,0.00186994355779176
"TBX18",145.672890895924,1.02867443629354,0.318647704509077,3.22824995045348,0.00124550094153574,0.00369543414847746
"DMXL1",829.869226336195,1.9293171272458,0.261296933113877,7.38361948704913,1.54043293093228e-13,1.16390879010441e-11
"TFPI",110.322696535322,1.47227413209657,0.350380005832112,4.20193534902222,2.6464272107044e-05,0.000115546257307244
"IKBIP",439.321787100787,0.668533125602536,0.218398169263426,3.06107476934098,0.00220544013032173,0.00611297855220512
"RBM39",6820.69160822621,1.28397083161394,0.202589012697174,6.3378107949674,2.33052769391195e-10,3.82546651979113e-09
"PPP2R5C",1056.59261099315,0.86019693362458,0.205819046554194,4.17938450316396,2.92299121476973e-05,0.000125899769555225
"GOLGA8B",119.294828272423,1.24759290949004,0.316495899208557,3.94189281001689,8.08411056097541e-05,0.00031852073137524
"ZNF607",186.092859956073,1.06401143685518,0.303997808076276,3.50006285765129,0.000465148460569332,0.00153929771404722
"ECPAS",3544.86595667163,0.751893071224305,0.192956764702265,3.89669194746547,9.75155259872049e-05,0.000377476995002485
"THAP4",709.315213040056,-0.792047849680008,0.21523488007265,-3.67992329780684,0.000233304117630995,0.000831560733277489
"KDELC2",1282.24524790454,1.36099732809225,0.237646848701972,5.72697401849016,1.02237819223857e-08,1.00391858598982e-07
"FAM98A",551.890340317036,0.753480878147234,0.206856107754793,3.64253628440312,0.000269964909617768,0.000947893818870759
"SLC39A8",387.48744113674,0.678251856755482,0.223415596027574,3.03583039328988,0.00239874255836778,0.00656239741368831
"GPC6",300.803656168671,1.1967746540805,0.248370299555444,4.81850952478055,1.44634622256542e-06,8.28948170871598e-06
"ATP6V0C",2294.12217463283,-0.554530236652373,0.189071721112185,-2.93290944510599,0.00335801819095754,0.00869640608427466
"C4orf46",151.078277523842,0.917152871042106,0.308430374990298,2.97361396740174,0.00294315087602154,0.00777872025924198
"ARPP19",1241.68159671919,1.36555512403961,0.224368904491703,6.08620489159675,1.15618465562193e-09,1.49593669560077e-08
"ITPR2",100.848899787753,1.91526257307659,0.3755644327255,5.09969104150089,3.40208340468586e-07,2.25998802279065e-06
"SYTL2",284.82058399204,1.06910977697499,0.29192694381656,3.66225112008433,0.000250008601054253,0.000884893324256644
"YIPF5",850.172513799774,0.878405742088152,0.205519772455916,4.27406926151872,1.91937369227072e-05,8.66300082357301e-05
"NDUFB7",893.567220751192,-0.760137436752183,0.209518004423653,-3.6280291941649,0.000285592973315986,0.000996755729859531
"FAM76B",261.981638270969,1.8954084619434,0.270731554456714,7.00106223578917,2.54029060882669e-12,9.29518975410504e-11
"BRIP1",176.703018539336,1.33664014138334,0.298896418238588,4.47191756013749,7.75213140990246e-06,3.82364776418643e-05
"MVK",467.858554475965,-0.956417844001417,0.246120412540905,-3.88597530016923,0.000101919869734331,0.000393295466132713
"SNX13",1064.7196463638,1.62417390120913,0.246382536384993,6.5920820730217,4.33700708995414e-11,9.18888244168216e-10
"WNK3",108.524470853311,1.58997423630928,0.419209296776629,3.79279335772099,0.000148962111734197,0.000555339729546169
"ZMYM5",450.683864987211,1.43640874011356,0.23476166801263,6.11858295382484,9.44111314293335e-10,1.26507413489776e-08
"CCDC186",111.887396675949,1.86730575876851,0.339168013294056,5.50554794549443,3.68021780026029e-08,3.05082041766971e-07
"SRFBP1",192.786758723103,1.40593354879158,0.291922689678654,4.81611604202201,1.46379418377647e-06,8.37977723020214e-06
"NUCB1",3200.10331909588,-0.596371421338035,0.191826279312319,-3.1089140834925,0.00187776313627316,0.00531183181561352
"PAFAH1B3",484.845026980767,-0.940180334296168,0.219845728223843,-4.27654583917544,1.89815486570988e-05,8.58288572900701e-05
"CSDE1",5318.29760158338,1.25219755794793,0.199372832612963,6.28068298742985,3.37088865109506e-10,5.25133728366421e-09
"ZNF226",522.394298732953,1.24205754000381,0.223974302662392,5.54553591746653,2.93055167721719e-08,2.48556988012817e-07
"DYNC1LI2",1895.22309771213,1.18638698763727,0.186958980250087,6.34570741694406,2.21405670011119e-10,3.67696866068802e-09
"CAPRIN1",7284.49327365505,0.860646664347791,0.194947014829022,4.41477221440205,1.01116405044351e-05,4.86321757594261e-05
"MDK",3698.0156392639,-0.746312201748952,0.188554338532251,-3.95807493775223,7.55562550164461e-05,0.000299262029672983
"BMPR1A",655.21955518721,1.31887990777451,0.241153697589313,5.46904285921658,4.52472336504987e-08,3.68910311921446e-07
"SMCHD1",642.846328364181,1.87535026518492,0.276915264153329,6.77228924493859,1.2676038654269e-11,3.32804855702797e-10
"ERRFI1",2415.11241569681,0.547787264400257,0.182079005528289,3.00851414917878,0.00262528577072801,0.00708426351108666
"MED13L",3548.94226894131,0.997090854842916,0.225846006506024,4.41491470346773,1.01049825797761e-05,4.86237810280136e-05
"PRRG1",171.629298574481,1.93192716229998,0.32656496421519,5.91590456417405,3.30056557830958e-09,3.6955880196955e-08
"SELENOP",97.0004398267074,1.63852698739651,0.358596127788049,4.56928243342597,4.89396907190697e-06,2.5242577318257e-05
"RNF6",479.525136462557,1.68436459306453,0.260870224367703,6.45671462562311,1.07000394460961e-10,1.99708172194291e-09
"KIAA1324L",666.108521640117,1.05234812518689,0.229459252900943,4.58620914991465,4.51366451846086e-06,2.34152261025815e-05
"ARL5A",314.980782673451,0.916981507902018,0.247181815420228,3.70974501640859,0.000207468091051766,0.000748094413562979
"NFKBIZ",1416.43330489428,0.599787859945084,0.197440848709637,3.03781038151407,0.00238303853203065,0.00652484519779788
"PRRC2C",5767.06491228666,1.29866452905245,0.243113988944246,5.34179269030167,9.20318699852893e-08,6.9749728109831e-07
"RAB11A",928.889988284904,0.767854789423639,0.192957169013932,3.97940534341172,6.90878604227363e-05,0.000275627425418881
"GEN1",264.393011080202,1.4105438955591,0.295752220639955,4.76934337976205,1.84827376997549e-06,1.03357139972979e-05
"PTPA",2970.634327477,-0.705016317952002,0.208887996861196,-3.37509253066598,0.000737908758055047,0.00232162138818463
"RAB5C",2359.30721212634,-0.666239671891164,0.185053459441314,-3.60025515817201,0.000317905060136558,0.00109562126923108
"RBM18",623.56946283722,1.27323495391277,0.220489784009295,5.77457572301442,7.71472297686853e-09,7.7680903382548e-08
"GCNT1",106.631228600655,1.24199744298008,0.339343855861759,3.6599968484063,0.000252218350372793,0.000890637613981414
"ZNF286A",787.101175581617,1.33773990334341,0.237570216045584,5.6309243036035,1.7924638993562e-08,1.62025640875138e-07
"LMBR1",597.202275050657,0.812939060623332,0.221394786833248,3.67189793513806,0.000240755838048843,0.000854428571175133
"KIF5B",2271.97242412537,1.70265319354305,0.219079222509841,7.77186067230344,7.73414955057335e-15,1.23830147335804e-12
"MRE11",305.541467730383,1.6070802415642,0.327510438173431,4.9069588454252,9.24994325400847e-07,5.55220972275172e-06
"RNF168",515.124164750577,0.962989670800603,0.231613892181593,4.1577370930997,3.21415621165674e-05,0.000137009983561492
"HNRNPL",4328.2463181892,-0.533163997158021,0.172931936836178,-3.08308579035403,0.00204866085810793,0.00570879650156313
"UTRN",3190.85849909971,1.84056433408437,0.246932231817195,7.45372250734342,9.07427546585015e-14,7.80383087967657e-12
"TEF",407.746027257538,-0.758252052314128,0.22546751413125,-3.36302129925791,0.000770944153364582,0.00240871377209679
"ZNF440",224.228797372218,1.55214334998981,0.297030680700662,5.22553207745569,1.73655010633011e-07,1.23037744827884e-06
"TET1",226.152477767023,1.51139045282601,0.287080177635114,5.26469805500478,1.40419948697088e-07,1.02422745188193e-06
"USP49",313.530889530439,1.34673015898525,0.28009998974854,4.8080335889847,1.52422160021982e-06,8.68831143834811e-06
"NMRK1",159.569056826175,1.04728063872754,0.285820534512424,3.6641196564623,0.000248190745431098,0.000878923791870129
"RNF13",483.469367873642,1.27988482238518,0.241154372177656,5.30732580474344,1.11245232931091e-07,8.2665564230626e-07
"ANLN",1545.03788808282,1.03378838795802,0.232455133517053,4.44725987469829,8.69725954422208e-06,4.24694005765713e-05
"TRAK2",1575.0342371621,1.0915543382529,0.200548151890355,5.44285413734295,5.24335806476787e-08,4.21598360073699e-07
"ACTR3",2434.50144511003,0.738435188396586,0.188110585357745,3.9255376670709,8.65362266562731e-05,0.000339222008492591
"NTSR1",84.3201698967599,-1.05658810886869,0.357572692095511,-2.95489038236304,0.00312780161582951,0.00819237374794403
"CNOT8",726.651025696121,0.655883946468518,0.206551767225881,3.17539740897621,0.00149631421007643,0.00434963819422511
"FAM117B",156.748681785181,1.83084423928286,0.309979399712907,5.9063416503759,3.49788189050444e-09,3.8901162867655e-08
"ANTXR1",928.019650662922,0.725123403704908,0.211679040462451,3.42557960448397,0.000613489129112194,0.00197345316865535
"SLC25A46",456.526333092375,1.33316917750665,0.237689090405165,5.60887828395544,2.03642174343372e-08,1.80775806426071e-07
"SLC10A7",129.909739021273,2.06437050161611,0.347048355248741,5.94836561071298,2.70833116225579e-09,3.12646855020776e-08
"OSBPL3",408.51371832629,0.67780278916776,0.222795120969648,3.04226944565855,0.00234801611555289,0.00644142558529449
"OSBPL8",1159.56897173626,1.77460217632889,0.245126418789367,7.23953862294123,4.50213660086899e-13,2.34537621449481e-11
"LARP7",384.126870423585,0.883334674803931,0.226397882783431,3.90169141134997,9.55228837293005e-05,0.000371177282203553
"RDX",2817.83262449333,1.65261187532784,0.222042308936746,7.44277918582906,9.85888076511822e-14,8.20026905992775e-12
"RCN3",403.330994167787,-1.13826734655058,0.265227222049127,-4.29166862193254,1.77335461234105e-05,8.07761801792531e-05
"FRS2",856.892591212536,1.77544221491932,0.265235416622491,6.69383537661676,2.1739597458986e-11,5.09901743244178e-10
"ZNF502",176.534671441234,1.67844740886577,0.312153008253278,5.37700218959252,7.57362528568939e-08,5.86570759606835e-07
"MCM8",384.461128561951,1.21965145326776,0.261641418694582,4.66153814389564,3.13854883746128e-06,1.67920845368604e-05
"PUM3",363.879995642819,1.299271704806,0.245538760350202,5.29151366143947,1.21308126866372e-07,8.96050626659218e-07
"USP12",563.320534925923,1.40326797579658,0.240570414106177,5.83308625464328,5.44114219138193e-09,5.70512981041296e-08
"ZNF787",170.255663001156,-0.846538055358684,0.286876081775596,-2.95088405460332,0.00316865839161874,0.00827748238591772
"EIF2S2",1347.51372675864,0.557455265949025,0.183484196439648,3.03816501238779,0.00238023578078292,0.00652077878720988
"HJURP",880.770312474838,-0.58071652422082,0.194274802623114,-2.9891499894991,0.00279754764257428,0.00746767167373253
"ITPR1",261.774730160199,1.08133592602922,0.261493866502828,4.1352248161336,3.5460731262093e-05,0.000150059990608036
"STIM2",2045.15826937848,0.885787520372553,0.193668945134553,4.57371996195438,4.79140153120396e-06,2.47393283024814e-05
"ZRANB2",1228.26960856906,1.6476717902888,0.243625315710361,6.76313865611435,1.35033889986459e-11,3.47159855347005e-10
"DDX5",8140.54603268314,0.839737487802283,0.200428146030774,4.1897183825337,2.79300869960947e-05,0.000121197720774812
"HSPB1",7640.23064164437,-0.875799985937276,0.182947730160741,-4.78715961749174,1.6915829591045e-06,9.56551623832246e-06
"POLQ",291.073805463253,1.55348444165938,0.278189340265166,5.58427019589831,2.34683604876534e-08,2.04300643893398e-07
"LINS1",113.463650478745,1.18737241357033,0.321820466127435,3.68954910748328,0.000224651862119277,0.000802455478620212
"NUCB2",398.252626769686,1.06302421487207,0.224996429762822,4.72462703516075,2.305380665766e-06,1.26489234089534e-05
"WDR5B",229.654949574317,1.05303367584349,0.276374254858136,3.81017282664052,0.000138869678908323,0.000521248419353272
"BMS1",703.901028131176,1.3659698939838,0.223818837012206,6.103015779272,1.0408556189057e-09,1.37316339764977e-08
"MIS12",296.748864695658,0.903229669596677,0.255255516690554,3.53853143433395,0.000402359371742669,0.00135001798695218
"HELQ",181.049193009795,0.99823506300509,0.279222565282512,3.57505154354231,0.000350158904419934,0.00119307154421635
"GINM1",544.423912757239,0.810671735892428,0.216792174427636,3.73939575094314,0.00018446312681246,0.000673235998963763
"RHOBTB3",2813.20284611869,1.23380219827313,0.227954060460209,5.4125037114156,6.21495662633562e-08,4.89774209295143e-07
"CMPK1",1127.16944354368,0.812531395032822,0.201975048075422,4.02292957855569,5.74786866402046e-05,0.000232783977235984
"DMXL2",415.560008832816,2.13076879195229,0.331799890048886,6.42184899952301,1.34628935823398e-10,2.38809535265232e-09
"ICMT",1325.5823481404,-1.04494340164818,0.184142655843267,-5.67464065760831,1.38980082038026e-08,1.31136782841981e-07
"URI1",1095.82689805704,0.77972189296469,0.188767747495437,4.13058853172754,3.61835714019443e-05,0.000152467002867792
"RINT1",416.622384982787,1.01276489264676,0.24935838243032,4.06148324662703,4.87619180794521e-05,0.000200684185093729
"LYAR",135.977032636579,1.08965446422096,0.304219159284393,3.58180749294071,0.000341225201428844,0.00116730983054823
"RFC3",366.800211764938,1.06977256893432,0.234640305469575,4.559202080791,5.13483434064293e-06,2.63203471277492e-05
"JKAMP",545.260895392356,1.03395872531318,0.259806097215213,3.97973233267384,6.89929050275607e-05,0.000275359586275321
"ZNF841",389.538259975529,1.23824276402726,0.248518086339844,4.98250562872105,6.27661642941837e-07,3.91714687379464e-06
"MFSD8",215.657609074253,1.70550489168661,0.283780077805443,6.00995286517573,1.85577273430889e-09,2.24553038193024e-08
"SNAPC3",267.486425040911,1.07185535284713,0.264032494873194,4.05955847730751,4.91655942051507e-05,0.000202093459901404
"FAM206A",436.655156770719,1.36896554659268,0.248677967647907,5.5049731970262,3.69224439030504e-08,3.05822886822086e-07
"NUDC",1125.73917861944,-0.822511970733641,0.230413944152597,-3.56971438407788,0.000357370652991521,0.00121388288377147
"PEX3",171.505820498772,1.20708803288988,0.300165087827172,4.02141382139981,5.78498725914067e-05,0.000234095682301612
"DAAM1",146.482451232714,1.91529529981128,0.316000340232829,6.06105454949855,1.35231955138808e-09,1.70730343362745e-08
"ZNF287",274.040516781674,0.800944283089052,0.246517923737615,3.24903062197436,0.00115799011659841,0.00347221635083038
"PLK4",185.344279325073,1.12621115045002,0.29641908397024,3.79938813441273,0.000145053768040383,0.00054240354970295
"PGAP1",1047.18052322896,1.77349506896548,0.256346046247943,6.91836326295481,4.56891489511748e-12,1.46828310493094e-10
"PPP2R3C",273.682421098529,1.19479088058463,0.245859400068417,4.85965100481069,1.17592860895761e-06,6.86687998209791e-06
"PSMD12",1145.81842783158,0.735415711013337,0.193575855544612,3.79910866954092,0.00014521741253555,0.000542810403805465
"UQCC2",297.898510806961,-0.698693428383492,0.236059072332062,-2.95982451121661,0.00307814327430124,0.00807941186131894
"DHX15",2089.32463525905,1.15813682450519,0.221330509754004,5.23261264699742,1.6713073653714e-07,1.1909719440206e-06
"ZYG11B",936.42254869521,1.45501251057516,0.26526927557509,5.48503971076473,4.1337654718595e-08,3.38989317650914e-07
"ZBTB11",694.847929791948,1.69221630022404,0.261502451008885,6.47112978748542,9.72728356605975e-11,1.8339171949878e-09
"RAPGEF6",281.163802362642,1.73628912041473,0.312557190466748,5.55510854772495,2.77439298299366e-08,2.36324799876689e-07
"FBLN1",4509.6947578721,-0.683956708974018,0.179464435166714,-3.81109888618685,0.000138350405713371,0.000519693478463358
"GIGYF2",2182.5783624321,0.664264246970601,0.192458761640464,3.45146275133747,0.000557556711473754,0.00181297514131643
"ESD",922.870444446569,0.705040512319641,0.207834917594441,3.39231020696639,0.000693059274930077,0.00219306288467324
"SEC23A",1533.55897339397,1.31152031204083,0.204137476186282,6.42469151937603,1.32137202565596e-10,2.35961666318976e-09
"SLC35A3",152.423385847337,1.84632055848281,0.311773434212703,5.92199448662193,3.18060289986225e-09,3.57745539804961e-08
"MIER1",712.631474663461,1.69851135588402,0.247701575713123,6.85708740848369,7.02786341895465e-12,2.05197026905053e-10
"LYPLAL1",166.121960877726,0.956837116621177,0.286608492918559,3.33848137882315,0.000842376761609512,0.00260965420544944
"PRPF40A",1675.74922804307,1.36721420537966,0.195348284425607,6.99885442761758,2.58063818952553e-12,9.35646769227973e-11
"LOX",10237.1971641205,1.01597601886346,0.206176003582327,4.92771225172075,8.31980225219933e-07,5.05831711868974e-06
"CDC37L1",381.525891633832,1.32508856106319,0.247676005321229,5.35008855357058,8.79112043554814e-08,6.70373729360982e-07
"ABHD5",156.221596839297,1.05143969284746,0.295781933096246,3.55477997537235,0.000378295513108811,0.00127663450008558
"ETFB",425.013512517239,-0.827088560101037,0.268097059917531,-3.08503405578359,0.00203528847094572,0.00567952785041464
"ABCD3",483.023804542197,1.31342067388007,0.255573816354557,5.13910498584863,2.76050142986614e-07,1.87919141353611e-06
"ZNF677",139.973939025696,1.09128727333424,0.311660662540617,3.50152394735417,0.000462605395094547,0.00153293210600798
"IL11",459.076354629713,-1.04104599421218,0.235448932947875,-4.42153625917114,9.80016143896834e-06,4.73180477672725e-05
"NKIRAS1",269.045183318617,0.753490596745171,0.243958093795391,3.0886066742968,0.00201097483646071,0.00562277653426216
"RRP7A",586.014084609263,-0.731599261402346,0.216098768503428,-3.38548556509123,0.000710524463923794,0.00224044955206044
"C17orf80",548.03609352884,0.760447194916203,0.234985540446633,3.23614463030719,0.00121155979997687,0.0036077072503523
"RSAD2",100.929638211851,1.39739667094594,0.369631515287991,3.78051278949303,0.0001565056790373,0.000580837349498009
"PGAM5",489.65707050443,-0.678200268749603,0.213192841162696,-3.18115873427495,0.00146687232572065,0.00427787338832733
"CLIP1",726.601311422494,1.383739123457,0.252769343759164,5.47431544853561,4.39206089213911e-08,3.5927784058176e-07
"IPO11",268.685844552568,1.49646454560918,0.305189298535564,4.90339783468783,9.4192942784491e-07,5.64701240267045e-06
"GNG12",2647.42620619513,1.21866647759825,0.240023743771159,5.07727468312524,3.82887143355793e-07,2.51982509636678e-06
"SERTAD3",759.468787399233,-0.642459953605087,0.208044434511623,-3.08809007610917,0.0020144740081188,0.0056293799357312
"ICE1",1014.02991118035,1.7547072071849,0.251316193611095,6.98206980605581,2.90862531411871e-12,1.0199154143776e-10
"PHC3",2849.17913041804,1.68218123008581,0.284382454579841,5.91520750663446,3.31457438596557e-09,3.70707991777257e-08
"RNF19A",906.398374589718,1.51781385473724,0.218150251206742,6.95765348121834,3.45986934457428e-12,1.16482267934001e-10
"RPE",436.974833392918,0.880882240459157,0.237193218115887,3.71377498672318,0.000204190363286755,0.000738697447299819
"NLGN4X",3518.728496881,0.730729838034215,0.209022157138773,3.49594439190995,0.000472387133472331,0.0015616859876784
"MAP7D3",231.27949759702,1.39767841257566,0.276254691082917,5.05938345190362,4.20614270877126e-07,2.7282044909186e-06
"COPS7A",1363.19180976386,-0.57056524390964,0.186649865130161,-3.05687466482633,0.00223657773737944,0.0061863006520043
"ATL2",718.535769117282,1.46894346779359,0.240609568317492,6.10509165560396,1.02741705475619e-09,1.3613619823262e-08
"PTCD3",1066.07077180655,1.10776832665305,0.233539849277462,4.74338032708476,2.10181130120342e-06,1.16327940225765e-05
"MTG2",667.680462315255,-0.744712540784281,0.205966678899746,-3.61569427036676,0.000299543735107543,0.00103848822770384
"MRPL57",293.451536637839,-0.694838788829654,0.237055086133845,-2.93112795073014,0.00337733644892744,0.00874186092350518
"CBX6",942.34044915859,-0.97396960763074,0.225300423906722,-4.32298169147687,1.53934512479447e-05,7.11318302764504e-05
"TRAF6",234.622254552661,0.875709450520146,0.261362577008295,3.3505540867557,0.000806500576335785,0.00250871863751464
"DBF4",329.781774560939,0.803390620483909,0.249445392057083,3.22070740156251,0.00127874629492674,0.00378273485570378
"TUBA4A",2115.54125127867,-0.754544769535631,0.180527211929132,-4.17967331059118,2.91928167405245e-05,0.000125794732302008
"CEP152",132.445894050227,1.50938464113972,0.368700857953646,4.09379205005668,4.24374948905271e-05,0.000177010671903261
"NUDT4",492.631268334478,1.11335746041976,0.233184472668742,4.77457803119412,1.80084448648171e-06,1.01219527127746e-05
"MLPH",1253.84552325484,-0.663131673862904,0.194841564800427,-3.40344050583938,0.000665429032622517,0.00211781883115681
"SUPT7L",860.727247026777,0.561797559282627,0.194176906644514,2.89322540455919,0.00381307544432786,0.00969977402928737
"NTMT1",289.143947881208,-0.856492428181065,0.253958807986706,-3.37256437361252,0.00074471675592991,0.00233709779651054
"JAK2",191.327934858212,1.7327686408154,0.323122051882837,5.36258243817942,8.20405058783434e-08,6.28998394410412e-07
"ZMPSTE24",863.055510869936,1.25593359727066,0.213918669740062,5.87107987721119,4.32965586162651e-09,4.70933337564607e-08
"ATP10D",165.535661319664,0.836471490836706,0.28650218830561,2.91959895937844,0.00350482097082232,0.00900589770747647
"CTNNBIP1",609.383207215113,-0.706493351922799,0.209586959261309,-3.37088411613413,0.000749273689783933,0.00234990842252261
"SLC25A40",249.173247815604,1.21142450127406,0.263437167172182,4.59853297952553,4.25476368898233e-06,2.22001323107786e-05
"ABCB7",241.289030741828,1.04320232597054,0.2565031797812,4.06701518032018,4.76191421751293e-05,0.000196635072694797
"NTRK2",4418.37919366573,1.13946330000963,0.213228890540267,5.34385043753934,9.0992655896385e-08,6.91208985466169e-07
"CUL4A",1254.95930359052,0.631611739708611,0.187471833109095,3.36910206314065,0.000754134983754112,0.00236365676668721
"SECISBP2L",842.113977861208,1.81850754575125,0.234586974212051,7.75195448024936,9.04888306576997e-15,1.35705825128774e-12
"STC1",303.844075935164,1.01833440931242,0.242605324042085,4.19749407121738,2.69884720515301e-05,0.000117523931529276
"ZFHX4",977.595342598905,1.31111693098391,0.275014985578056,4.7674381387911,1.86583257914587e-06,1.04221280295631e-05
"TNKS2",1130.56905703314,1.56073596093688,0.219142219738542,7.12202314459987,1.06354191397335e-12,4.61707801074921e-11
"RPS6KA4",288.952204056238,-1.25955269600278,0.27632120071512,-4.55829191803979,5.1571324287083e-06,2.64072926949585e-05
"PAG1",361.965862808,1.35095977678041,0.244243152115073,5.53120840883973,3.18032191373811e-08,2.68361690555668e-07
"KDM3A",1733.98093495964,1.24677515380532,0.222736402701372,5.59753654402376,2.17419032859742e-08,1.91460283562787e-07
"DDIAS",82.3384030143595,1.33604291849164,0.422026579400889,3.16577908526116,0.00154668210184439,0.004477642422947
"PKD2",932.921862642001,1.33241809528131,0.238775090003791,5.58022235594241,2.40211303361936e-08,2.08745520691522e-07
"LIMS1",810.505057522343,0.858521249851524,0.209910618777422,4.089937206854,4.31489990165534e-05,0.000179599996747622
"PIP4K2C",538.47916505748,-0.724243003861715,0.211550797631324,-3.42349455530712,0.00061821490239239,0.00198655351951584
"UBE2V2",773.195070958833,1.03187741576327,0.208040357045068,4.9599867565106,7.049798567318e-07,4.35573696749772e-06
"TCIM",1586.21125886837,1.07542198593388,0.210010344393995,5.12080483005306,3.04234393627255e-07,2.05410097416274e-06
"YME1L1",1751.39944201488,1.47904802330983,0.215308121589695,6.8694483626047,6.44506412008876e-12,1.91571305287203e-10
"YIPF6",575.943303366702,1.0495711546103,0.213429770607019,4.91764176864922,8.75930179288282e-07,5.29948466662311e-06
"SPTY2D1",736.357475667123,1.14819245779214,0.219136589196932,5.2396200105145,1.60907577412254e-07,1.15326806750651e-06
"SAMD4A",592.514023242351,0.773903507277115,0.228422429583522,3.38803640556734,0.000703949200232332,0.00222254838401902
"THOC6",375.362675899422,-0.79712938879638,0.227692879427128,-3.5008973086991,0.000463694483441642,0.00153551287959363
"ZMYM6",341.286925522176,1.83417411796247,0.304273098489382,6.02805219083961,1.65947466970992e-09,2.04043233301724e-08
"WDR18",421.085557012234,-0.98014677866874,0.226355237815132,-4.33012634533884,1.49023813773556e-05,6.92180998935079e-05
"NOTCH2NLC",153.966167685921,1.21261135451887,0.29451326404809,4.1173403800274,3.83269805366114e-05,0.000160950552970462
"GUCY1A2",113.015397747529,1.19121881834523,0.383414227439854,3.10687171495768,0.00189078430602727,0.00533951014580825
"NANP",294.607978855426,0.818702095377464,0.261736069581534,3.12796817300119,0.00176019240532756,0.0050208600656865
"FIGNL1",232.556988101191,1.47828289084478,0.290304432967089,5.09218159618104,3.53966829165007e-07,2.34508947461528e-06
"NRP1",3725.68416692697,0.8076434763774,0.183529565235082,4.40061782603197,1.07943094546711e-05,5.17144603012268e-05
"ZC3H7B",1508.79596063604,-0.707964926879084,0.196962369565197,-3.5944171896487,0.000325118529258652,0.0011169813268317
"NCEH1",384.211456268804,0.707674775509761,0.245031766835254,2.88809399960603,0.00387584026473061,0.0098442563357207
"TIMM13",264.062499493446,-0.923074954273686,0.281823584767454,-3.27536446261358,0.00105525736961842,0.00319710359488312
"KIN",206.262242985988,1.14795794010543,0.301054056455016,3.81312895638382,0.000137218468686968,0.000516029028519607
"LBR",689.224129767447,1.06056219444036,0.236263882663215,4.48888836704741,7.15958016686667e-06,3.57005161166984e-05
"ZNF248",229.544541084165,1.59665295058057,0.312766137310493,5.10494187225746,3.30896212305251e-07,2.21298020905228e-06
"MICU2",301.826063040526,1.17673913476166,0.238761842094147,4.92850584683318,8.28608553995157e-07,5.04091423936329e-06
"NSF",546.146294531451,0.630382909497196,0.209205818291634,3.0132188227119,0.00258492455771544,0.00699059652247744
"SERBP1",3152.47101679996,0.957500579476663,0.180874602322912,5.29372596915102,1.19848984791171e-07,8.86595853111367e-07
"USP25",362.62018860246,1.50837105472945,0.247181894493015,6.10227159971895,1.04571481193903e-09,1.3763943096506e-08
"RPL36AL",968.022439590429,0.612886279739146,0.191071790195313,3.20762305682412,0.00133836789239999,0.00394966171704684
"SYNJ1",489.574184351149,1.48239367121578,0.262580576231408,5.64548106524594,1.64720000274846e-08,1.51524029992604e-07
"C20orf194",1566.11481256797,0.581333455333721,0.187902828123268,3.09379832725218,0.00197611765376301,0.00554567976664197
"SH3BP5L",547.052164948008,-0.658357726180037,0.216931481078042,-3.03486484722423,0.00240643497654099,0.00657980480602286
"LRRC40",336.892048966827,1.61114231255244,0.281220699918681,5.72910284704621,1.00963171282357e-08,9.92386762018639e-08
"IVNS1ABP",1513.50728068583,0.885678694712613,0.198124422479873,4.47031559071213,7.81042623252676e-06,3.84998002238794e-05
"SLC43A3",843.526062473057,-0.732736873963683,0.196887944601707,-3.72159339387674,0.000197969619018392,0.0007193477566241
"ZNF793",213.688858009682,1.30949557855266,0.287623266890491,4.55281519019543,5.29327703653941e-06,2.70344974755764e-05
"FSCN1",4649.8875924177,-0.728869229301683,0.201101700400577,-3.62438123521502,0.000289654083387202,0.00100915034050212
"CCDC77",326.160617381872,1.12683712136954,0.252333434630965,4.46566711628019,7.9819637489988e-06,3.92086735422283e-05
"ARL13B",223.317091758387,1.34291120117246,0.281484072815122,4.77082482053783,1.83473056227802e-06,1.02773984750582e-05
"TIPARP",4162.57358620805,0.98626211709938,0.21392964905132,4.61021705721017,4.02248765078588e-06,2.10882323980289e-05
"AKIP1",332.455147318909,-0.763564648069804,0.248832338514567,-3.06859089388458,0.00215070891605237,0.00597298452611851
"MRPS12",410.867242239646,-0.744723524974655,0.232720789882787,-3.20007303752169,0.00137392766073858,0.00404134798989317
"OSTM1",239.066129627534,0.989477844252022,0.266290129866991,3.71578865783067,0.000202570853385909,0.000733106510717997
"ERGIC2",627.582773207158,0.905997384607912,0.221479181618242,4.09066612034695,4.30135987289519e-05,0.000179111737576427
"AK4",216.798282728663,1.144698889068,0.263512377462634,4.34400425547495,1.39908802867078e-05,6.53215722065252e-05
"ZNF75A",394.973380877649,1.14795517172374,0.23641796113779,4.85561742516967,1.20012210093468e-06,6.98753444414793e-06
"COL14A1",11561.6393638842,1.1727279644581,0.206395624773973,5.68194197789984,1.33173844694746e-08,1.2650237186071e-07
"CLINT1",899.997953701371,1.07896874557472,0.22180046567439,4.8645918857478,1.14693215913208e-06,6.73329449056306e-06
"BRCC3",231.79555068791,1.42606207607609,0.261489237438736,5.45361671495256,4.9355525079932e-08,3.99771675320104e-07
"MINPP1",254.733471772588,1.0174766870204,0.256361999120328,3.96890604111272,7.22033426538598e-05,0.000287361755363049
"PPFIBP1",2642.18924741714,1.20230696124513,0.205402399226059,5.85342218871512,4.81559608632808e-09,5.17532791123511e-08
"DNAL1",233.782053010921,1.09721013295296,0.291005110477703,3.77041534133825,0.000162976082799628,0.000602141570567644
"DTNA",185.364854397952,0.887246822407903,0.277593332484791,3.19621085443943,0.00139245312620779,0.00409037659351219
"SIKE1",476.437698008575,1.40268871044628,0.259106772095962,5.41355480252282,6.17856725993747e-08,4.8761663352052e-07
"NBN",1000.10772035496,1.34798100364487,0.225542030824926,5.97662882929003,2.27802417188407e-09,2.6804886656813e-08
"PDLIM5",622.159358603023,1.14702142257057,0.218770069621505,5.24304547031977,1.57947594747093e-07,1.13369491864157e-06
"PRDX5",860.868505450563,-0.887173943579694,0.210512804292374,-4.21434670713677,2.50502223735035e-05,0.000110100844162051
"ATXN7",863.4631101072,1.08390006271404,0.252491267082366,4.29282198643512,1.76416445067436e-05,8.05157403115396e-05
"OGN",136.496608736799,1.12156642641013,0.314747722024012,3.56338218811499,0.000366107044716043,0.00123972888422832
"DCAF13",922.391796869437,0.848580635647207,0.202659035839036,4.18723316300191,2.82375699992934e-05,0.000122103743055049
"SGCE",495.010713892642,0.736350075063558,0.224926463483162,3.27373695233812,0.00106135362822731,0.00321458941621601
"APMAP",2673.86059789915,-0.637691651893823,0.189904629761704,-3.35795737415149,0.000785207206946373,0.00244941094685005
"MPHOSPH10",584.010762043655,1.59008646761035,0.215749715062982,7.3700512983119,1.70562392623929e-13,1.25987056879974e-11
"SLC38A4",174.720832726162,1.42528378058669,0.292383522731224,4.87470623266582,1.08970492294968e-06,6.42131134059979e-06
"AIFM2",170.721387971729,-0.874070340767436,0.276290620110212,-3.1635903543116,0.00155835970723888,0.00450749397494167
"DDX3X",6373.79300882112,1.70236910671621,0.214134542546148,7.94999763454481,1.86515076748497e-15,4.73365699911955e-13
"SRSF10",2445.66300970282,1.57615763130846,0.210824837539468,7.47614773336843,7.65329174787077e-14,6.94975061655274e-12
"KIF2C",1835.73947581519,-0.740537993710589,0.1816081430924,-4.0776695422397,4.54893575524103e-05,0.000188627423985655
"PSIP1",1011.01858743309,1.26123856868008,0.200882850080843,6.27847806904629,3.4190324359598e-10,5.31265040049138e-09
"KNL1",355.999960192402,1.11603709762815,0.310043282582632,3.59961708678758,0.000318686114106548,0.00109716701127882
"CLPX",757.463746490407,1.07234479046313,0.209918156737279,5.10839465785331,3.24907462946121e-07,2.1773419554778e-06
"PHB",2745.05364044017,-0.635075798797937,0.182188718774818,-3.48581296947853,0.000490643913374655,0.00161664229513393
"LRRC58",1494.18071964164,1.81114003380728,0.248949744885978,7.27512307609234,3.46104758145809e-13,1.98019936192325e-11
"DEPDC1",407.255947106718,1.04892502450734,0.256373136572425,4.09139989677125,4.28777022891016e-05,0.000178621000529262
"TDG",384.623231654944,0.946779377648699,0.234031199598936,4.04552631987194,5.22056995435095e-05,0.000213613895858478
"CPSF2",707.408282811819,1.30149860598069,0.232699749297514,5.59303828177609,2.23130068547867e-08,1.9577702104233e-07
"SLC39A6",1121.16722597484,1.01549264868035,0.233619408684947,4.34678203491995,1.38149380027625e-05,6.46526034758123e-05
"NNT",1200.74389097705,0.712219946575599,0.200455227402791,3.55301258941219,0.000380846238136445,0.00128480438482431
"BCCIP",672.318251092163,0.898234379149933,0.207968543185101,4.31908771102206,1.56675509216485e-05,7.22634757793463e-05
"PSMD3",2160.18190136972,-0.565746493297121,0.194214688805782,-2.91299539069817,0.00357979885314361,0.00917949457212837
"KAT6A",3372.0455321032,1.04765135469435,0.217261641712604,4.82207234758996,1.42074393346423e-06,8.16165029218162e-06
"CUL3",1454.55919290379,1.04748366716652,0.199039284942114,5.26269810239299,1.41956573631791e-07,1.03315159250549e-06
"CEP128",85.9260221838017,1.48744763419082,0.360858170085071,4.12197300075029,3.75641235311571e-05,0.000158015169873095
"CBR1",607.625846326851,-1.97240271336674,0.220203502691938,-8.95718137656559,3.33083533846385e-19,5.4947680300192e-16
"FGFR1OP",209.523779013811,1.24470251230333,0.300890462424604,4.13672969981634,3.52290685714888e-05,0.00014920724035969
"MIEN1",202.631312369443,-0.846282906403161,0.284218479080935,-2.97757875962094,0.00290534987208716,0.00769523870471726
"KIAA1841",247.224403592659,1.30379703555765,0.28798707079778,4.52727628343132,5.97488013072242e-06,3.01577580488988e-05
"CCDC138",97.9690603291547,1.39302205064443,0.346695855292192,4.01799453146159,5.86955590424017e-05,0.000237226885831642
"ITGB1",8040.26634650812,1.18602699801347,0.20801690409507,5.70158950866525,1.18695381365374e-08,1.14395996568108e-07
"DIAPH3",288.774441090445,0.741875388691455,0.24512265056652,3.02654767716021,0.00247363807502885,0.00672269897491366
"H2AFZ",3360.08274855891,-0.51738872218036,0.173316102208036,-2.98523169854884,0.00283363598909935,0.00753960457529715
"TPPP3",232.838363223484,-0.894382768427749,0.261908542980799,-3.41486672503584,0.000638132268431362,0.00204342710868121
"NT5DC2",1978.90238704129,-0.591223012950883,0.187613048459984,-3.15128941085878,0.00162551334745994,0.00468121359125937
"PRMT1",3040.90328930243,-0.647155619457222,0.1960046682899,-3.30173574488568,0.000960885500904705,0.00294180163561855
"MOB1B",450.897456694337,1.49614636869608,0.283631909607478,5.27495785212114,1.32786602137956e-07,9.75016163176181e-07
"MSH6",1583.66149269952,0.984470577592312,0.21434291958205,4.59296989847831,4.36982114330368e-06,2.27368478510334e-05
"SYNJ2BP",272.035119588236,1.44731328978199,0.289722741395076,4.99551151149843,5.8680023291689e-07,3.67604348443758e-06
"CEP290",281.173552131924,1.1940210500786,0.274517451087561,4.3495269439091,1.36431520889856e-05,6.39999617899427e-05
"OCIAD2",153.841297289209,-0.908771640145187,0.286519998246004,-3.17175640691203,0.00151520043238804,0.00439550230943047
"JUN",2899.41647960649,-0.641649245555879,0.202999516585,-3.16084124903425,0.00157314211600843,0.00454493889791345
"CDCA4",462.361674043827,-1.09375733137643,0.216903136817438,-5.04260725513165,4.59231194966434e-07,2.94014900891188e-06
"WDR34",1024.99805264119,-1.1186364076964,0.205504419331753,-5.44336910774919,5.2282154673037e-08,4.20722574759123e-07
"GPRC5C",251.401529275121,-0.831377287530961,0.251428512905343,-3.30661498142797,0.000944305866315154,0.00289552028029349
"HEATR5A",348.889190329768,1.43572594874321,0.291453253885327,4.92609339440796,8.38899123651084e-07,5.09558748787432e-06
"THRB",634.134307922791,1.22515394329646,0.252423697647536,4.85356151072301,1.21263705761884e-06,7.05210434565881e-06
"KLHDC3",1008.94433740949,-0.64424591158873,0.198964160070921,-3.2379998053875,0.00120370891635821,0.00358972909132677
"POLR3B",248.644839992612,0.837949522302184,0.281924572629814,2.97224720245464,0.00295628551582365,0.00780509843574887
"NME1",316.757974503265,-1.02636332579632,0.249640717329762,-4.11136186746552,3.93332167654234e-05,0.000164687047184501
"GPAA1",1395.95094566654,-0.811358757771767,0.201094154800559,-4.03472074350672,5.46672753703069e-05,0.000222581938138749
"COX6A1",3444.88676354043,-0.580841874383312,0.182728807613323,-3.17870992521577,0.00147932053575704,0.00430783014502007
"NAA25",820.178165260912,1.7636047025854,0.266215448431997,6.62472712599133,3.47890225921738e-11,7.63507196490768e-10
"METTL8",292.888885863403,0.942954444375572,0.254035759734671,3.71189648796077,0.000205712118063141,0.000743325250906724
"G3BP1",2111.35488026876,0.715798573444484,0.198964687774571,3.59761614711999,0.000321147100016331,0.00110487104482504
"TMEM87B",465.797852844817,1.30564290976108,0.247036011230235,5.28523312556335,1.2554477430941e-07,9.2665337517863e-07
"ACTG1",50747.1501325966,-0.606523042645307,0.17250257812591,-3.51602306026176,0.000438062934013732,0.00146089855824391
"HDGF",3316.24695209221,-0.925483852675032,0.199464921631152,-4.63983263376216,3.48691460154564e-06,1.84959703784023e-05
"FOSL1",3074.99636449796,-0.782456808019786,0.175726181817484,-4.45270477015471,8.47953087460837e-06,4.14675872514198e-05
"NRDC",1928.44611647922,0.856362217121592,0.189701238157325,4.5142679375207,6.35358498568218e-06,3.19714205329345e-05
"PPP3CA",2122.33502265833,1.1959485085575,0.209678366467791,5.70372866168438,1.17214614727059e-08,1.13189293323749e-07
"HNRNPA3",2338.55786473826,0.99561596480261,0.196073315085989,5.07777391516013,3.81882724956385e-07,2.51488703367817e-06
"XPO4",519.42641395338,1.7124523397435,0.273043348950255,6.27172332278816,3.57073678731203e-10,5.52236761262725e-09
"VPS45",482.811021459656,0.755364343388884,0.24325338022028,3.10525733580704,0.00190113544856156,0.00536262145051647
"PSME4",1622.60424451261,1.28965746917173,0.254761286548854,5.06221917247393,4.14404223251189e-07,2.69498883162961e-06
"BTBD10",484.437612619064,1.16220469723458,0.238410307977867,4.8748089253862,1.08913822314398e-06,6.42131134059979e-06
"IFI44",806.214563360807,1.37526247080736,0.227472622811402,6.04583731356365,1.48636022330631e-09,1.85523247040175e-08
"COL5A2",5738.7822959735,0.722941656576,0.188692762230241,3.83131630504128,0.000127459518893178,0.000482260824925335
"SLK",1590.58949823472,1.44688364791919,0.229510255138945,6.30422221021562,2.89644698304115e-10,4.60916917011918e-09
"ARIH1",1128.39287265991,0.976020054589128,0.218460534374365,4.46771796738615,7.90584411185474e-06,3.88926665105061e-05
"CAPZA1",1787.91660207273,1.27778631355135,0.211797482184992,6.03305714671,1.60886487204083e-09,1.99056806293252e-08
"PIP4P2",613.98924366397,0.628733530318183,0.214587414747864,2.92996460699679,0.00339000613219362,0.00876319683897949
"ZNF43",141.772930914168,1.24661507845383,0.335315019451794,3.71774303606178,0.000201010575577492,0.000728258666568819
"YWHAZ",13272.5771355064,0.708123534664366,0.178885465944614,3.9585302859854,7.54123797464918e-05,0.00029881174328694
"ESCO2",226.683055411403,1.1973578394892,0.308072011133706,3.8866167526317,0.00010165104735992,0.000392564208649428
"PRPF4B",952.225384162179,1.59281972433146,0.221357118553875,7.19570138397782,6.21404948738898e-13,2.92888865838934e-11
"ERP44",1259.94460468857,0.820357620107715,0.194425306224912,4.21939734099595,2.44956230237363e-05,0.000107806881586902
"MAP2",45.9658062943983,1.78853446193263,0.494529828165664,3.61663616645078,0.000298456346983059,0.00103544371624196
"DCLRE1A",103.237815664449,1.51495309353303,0.356494293214215,4.24958582050205,2.14166145209883e-05,9.5702776762412e-05
"RAB3GAP2",1099.44468814142,1.68112326646285,0.2631328589282,6.38887622515276,1.67109248328999e-10,2.88161557484396e-09
"LATS1",650.037353813407,1.27779105775996,0.276082075886875,4.62830139789133,3.68677189947201e-06,1.94518487531844e-05
"HMGA2",1843.76720376591,1.64930865965096,0.214440773250067,7.69120832131882,1.457518897229e-14,2.03190451334826e-12
"ZNF468",248.631780489085,1.76368421334727,0.333761149594654,5.28427054943101,1.26206619987797e-07,9.30844355170804e-07
"FLRT2",2425.46355255725,1.41233466245821,0.234286250004762,6.02824392139744,1.65750763770931e-09,2.04043233301724e-08
"DDX50",546.278611314895,1.17992855457608,0.225618878096168,5.22974214096193,1.69746636328264e-07,1.20613941592043e-06
"TMEM184C",315.70014900016,0.897685147334294,0.240046220830489,3.73963457632688,0.000184287965068095,0.000672844809385467
"SLC26A2",305.691781958075,1.54785265506163,0.280614403672367,5.51594157251043,3.46917509448014e-08,2.89526940009818e-07
"SURF4",9516.16450020795,-0.619473156803653,0.176763089535222,-3.50453908919836,0.000457398414423653,0.00151720157706613
"KIF23",645.138236056926,0.994549177162025,0.206103181233101,4.82549163584816,1.39658326310181e-06,8.03684949894287e-06
"ZNF639",456.439334572933,1.11858129563029,0.227745243044697,4.91154625526365,9.03609646659234e-07,5.43703846968577e-06
"SLC39A1",1667.12424376524,-0.736114502162673,0.198766119098712,-3.70342040937621,0.000212711937884982,0.000763664403766977
"DENND5B",1171.76352202634,1.5578679608415,0.229944264829296,6.77498071977578,1.24422851444994e-11,3.29288070481964e-10
"CPZ",341.46709721939,-0.900104267774162,0.246518187700986,-3.65126920722759,0.000260947534288564,0.000919821472360474
"DCP1A",1280.83094204631,0.998672064039165,0.212682092172606,4.69560955432333,2.65812854688409e-06,1.44323402946016e-05
"ZNF558",432.644606278179,1.36239013294885,0.255623793437129,5.32966870818278,9.83920830583333e-08,7.40034071513209e-07
"LAMB3",207.206250249459,-0.811807810724199,0.262784261324249,-3.08925582770161,0.00200658571220747,0.00561416959737443
"CMTR2",387.029291772727,1.72500642398407,0.237328593868498,7.2684306423687,3.63687798567617e-13,2.0223493428215e-11
"ZNF449",104.316081427235,2.294036360967,0.350310876217547,6.54857304385371,5.80894434408408e-11,1.17101692704163e-09
"CARF",167.049963294014,1.57267863748898,0.320157862987801,4.91219744788496,9.00612899933413e-07,5.42230321383268e-06
"RORA",342.351444573415,1.28052634455708,0.30084814424339,4.25638771273629,2.07756303446444e-05,9.30064175265898e-05
"TMEM260",228.491898871686,1.00054493241305,0.270505633233835,3.69879518016597,0.00021662531893677,0.000776025120099944
"NFKBIB",173.728770925272,-0.926995085114405,0.285031317733622,-3.2522569536753,0.00114492466644296,0.00343616262839672
"CCDC86",431.735947145024,-0.805360333683807,0.228558399431612,-3.52365231681097,0.00042564237265355,0.00142331358260974
"AK3",469.360064128392,1.08202867739315,0.237157897823277,4.56248215777088,5.05523907970971e-06,2.59537336045015e-05
"SH3BGRL3",3476.11569441217,-0.634059008473716,0.175984449540931,-3.60292633881976,0.000314654718562692,0.00108517505377475
"ATE1",299.470496843203,1.28936163163915,0.249945108775559,5.15857916946454,2.48830889282451e-07,1.7032698078269e-06
"TM9SF3",1600.99072803335,1.49751874444543,0.223493535455377,6.70050138763151,2.0770562763856e-11,4.91835000566141e-10
"ANKRA2",201.513746202765,0.841020212713875,0.26951112400491,3.12053988798827,0.0018051984793167,0.00512707447583263
"TACC1",2073.64450744171,1.02574482287464,0.212074414641706,4.83672122640352,1.31998348231605e-06,7.62263506882396e-06
"SNW1",1059.09533258035,0.879495010334661,0.193024610539986,4.55638795423172,5.20407788730386e-06,2.66339001698726e-05
"RCE1",332.045275328945,-0.774241542538693,0.239340853678954,-3.2348908706461,0.0012168923190903,0.00362140714803241
"USP1",697.337247942744,1.03057162831565,0.219824437862637,4.68815768772544,2.75675568123868e-06,1.49187357752326e-05
"ZBTB6",536.866430185874,1.68661109728883,0.231506570125177,7.28537033042677,3.20787886330382e-13,1.88997529696317e-11
"ZBTB33",384.194228850567,1.87015926046126,0.240460693116343,7.77740110545393,7.40295994875272e-15,1.22124162621257e-12
"ZBTB38",1090.38354157041,1.51108886813465,0.255775209062253,5.90787853785651,3.46541365498464e-09,3.85834244736085e-08
"ABRAXAS2",395.504421349034,1.26132157145807,0.246449549776609,5.11797068650107,3.08840587655823e-07,2.08049383802841e-06
"RASSF3",426.835462565998,0.736118487106818,0.22953077995922,3.20705783876829,0.0013410003135002,0.00395603883439522
"TOB1",989.133476092646,0.656724346254967,0.206621105911261,3.17839914445631,0.00148090729215073,0.00431118246403175
"RASSF8",1967.99508024393,1.71261065893521,0.232236839781329,7.37441424258006,1.65069191402184e-13,1.22846229811941e-11
"MARCH5",503.055136834833,0.683866978972024,0.214773871281639,3.1841255870238,0.00145192005129718,0.00423926391378747
"TGFB2",687.391691331406,1.11433231980317,0.228596397664699,4.8746713910936,1.08989725724466e-06,6.42131134059979e-06
"ARL4D",279.660733907493,-0.917391092282153,0.25840291903293,-3.55023501946293,0.000384887383921999,0.00129470482886596
"FBXL3",732.463973557792,1.33385616886152,0.21510688366658,6.20089950691221,5.61413547603355e-10,8.12408083944153e-09
"ALG10B",238.344870970439,1.59618739616931,0.301179490627014,5.29978782036674,1.1593733564003e-07,8.59586328213493e-07
"FAM3C",935.078702822148,1.07624590674304,0.198436103143207,5.42363959831615,5.83975685126364e-08,4.63527773166059e-07
"REEP5",948.662189072559,0.868182372408271,0.20777537012567,4.17846625364287,2.93481531588377e-05,0.000126354075670368
"DNASE1L1",240.864111000374,-0.950119716428949,0.262252906455096,-3.62291396222002,0.000291302738095717,0.00101453712233336
"PTN",1880.59410526662,0.659713090679923,0.18214960173302,3.62182011052035,0.000292537524736294,0.00101847921907838
"PDLIM4",683.654635366016,-0.705392743193427,0.211918354256553,-3.328606177922,0.000872817281437142,0.0026913225706121
"ZBTB34",576.657916594344,0.787687077834608,0.231816498318201,3.39789050196676,0.000679075943354506,0.00215501560991436
"MYO9A",736.232895940512,1.71631246246868,0.242296029027693,7.0835352496533,1.40522627420653e-12,5.70038100905581e-11
"CSPG4",2389.87456872422,-0.854435064869681,0.197098118116791,-4.3350746979907,1.45710634499661e-05,6.78424866663664e-05
"SPIN1",2358.26066233343,0.917824672512157,0.197003440449577,4.65892712542284,3.1786169712783e-06,1.69789264877024e-05
"CDC40",324.884109976033,1.67020753779001,0.285518096536849,5.84974317932402,4.92332594722693e-09,5.25685870826884e-08
"PPIL3",340.142111003431,0.829215881148468,0.238167268194765,3.48165340868907,0.000498328241739573,0.0016408692404319
"ZNF568",331.73614073227,1.14821398996912,0.236535607209789,4.85429658356148,1.20814810039263e-06,7.03012927553573e-06
"SIRT1",656.559764652304,1.50337384413355,0.221932323544933,6.77401930516522,1.25252947853886e-11,3.29721722834512e-10
"CROT",459.02178352505,0.811417073036553,0.260084936830992,3.11981571452493,0.00180964216897935,0.00513527471002225
"CDK2AP2",359.101026365157,-0.720911610010144,0.233427890449729,-3.08836964006836,0.00201257969188362,0.00562567460894212
"KPNA1",1769.64345519571,0.630729031785995,0.18698402329702,3.37317071621727,0.000743078657214821,0.0023341772609052
"MRPS22",839.607334823212,0.625391945696449,0.201326903418475,3.10635059238218,0.00189411998950412,0.00534565052934926
"ATP13A3",2227.3360761757,1.84452205666537,0.260278266533205,7.08673098693031,1.37316936077503e-12,5.59326351150255e-11
"MBOAT2",788.39114894054,1.30159540170849,0.233375613269821,5.57725541015988,2.44342985624862e-08,2.11223307573352e-07
"PHF20",1706.00935273974,0.770462156542418,0.197077123533604,3.90944490526342,9.2508450349936e-05,0.000360633572888407
"ZNF549",238.334203334872,0.852083818618168,0.2579399667098,3.30341912301175,0.000955135161923673,0.00292510143339125
"UBXN4",1926.6407463802,1.92991037559222,0.220008557564737,8.77197867644013,1.755536536885e-18,2.17203758026097e-15
"BEND6",195.587804798678,1.1123081001825,0.273591534893573,4.06557937041138,4.79132842387654e-05,0.000197767175727815
"FPGT",223.608136846694,1.57335541695742,0.276939338584243,5.68122761107419,1.33731364856239e-08,1.26910167722632e-07
"TOX",563.775975725401,0.874935555636496,0.227672265230574,3.84296064674548,0.00012155896641087,0.000461346107950458
"TWSG1",462.154837269895,1.12029481357634,0.22857292506617,4.90125772005596,9.52250360983088e-07,5.69853329686252e-06
"MCPH1",666.734622196683,0.835405937866232,0.217138150168236,3.84734758594457,0.000119403511807859,0.000454385221020449
"IFNGR1",671.716409390672,1.16968878882114,0.220320541260549,5.30903193196987,1.10209025782311e-07,8.19570952061094e-07
"EPG5",1066.62447159016,0.762577010058768,0.218287227472859,3.49345684989097,0.000476810033892055,0.0015752555792602
"IFT88",159.632812841154,1.67496060574369,0.299479893151783,5.59289836828805,2.23310018950082e-08,1.9577702104233e-07
"ASPH",3926.33749832912,1.26929858054326,0.217424530401302,5.83788120963402,5.28688284155493e-09,5.56105912494268e-08
"ATXN1",3548.42685574613,1.17155120762867,0.227560544749226,5.14830551543866,2.62850125052005e-07,1.795507617505e-06
"UACA",416.557184643829,1.66747455878535,0.250814213453908,6.64824587021174,2.96606545578731e-11,6.67229906395063e-10
"CDCA7L",275.277460911749,-0.719744160052237,0.242944192108917,-2.96259051844121,0.00305062098283434,0.00801567467164701
"SSNA1",533.344166138181,-1.01668074016555,0.230082946667714,-4.41875747372899,9.92699680943094e-06,4.7860406439234e-05
"CPXM1",308.964313277412,-0.747548901023329,0.250505300935974,-2.98416400064281,0.0028435431569085,0.00756189956127898
"SLC12A2",1903.40625414563,1.67873675098364,0.244444439833707,6.86755956537883,6.53094863239987e-12,1.92965162876101e-10
"HIVEP2",260.997210032909,1.0797095273712,0.295409283780283,3.65496139306934,0.00025722068235311,0.000907330831764464
"RGS3",1386.1437850196,-0.777640011179185,0.208251506451478,-3.73413870770906,0.000188358669257914,0.000686693962546901
"INSYN2B",407.861532838147,0.897088680251622,0.249639665693256,3.59353421564791,0.000326222787809281,0.00112038624348934
"TNKS",3875.57397838531,1.04021894956018,0.230160858496178,4.51953019447683,6.19770084874016e-06,3.12028702954375e-05
"PCDH18",5323.69010991451,1.57494956550867,0.233166064271952,6.75462602341538,1.43204148129915e-11,3.63444784151255e-10
"NUP54",436.359249826162,1.31613146387451,0.243123098986289,5.41343652397558,6.18265179903266e-08,4.8761663352052e-07
"IQGAP3",2212.0626130275,-0.802311479151483,0.178453532316962,-4.49591257026198,6.92721980726183e-06,3.47167704568494e-05
"ESCO1",261.953855641109,1.21513450436644,0.266016867401891,4.56788517297531,4.92669786905216e-06,2.53585312053449e-05
"NT5C3A",297.464294741912,0.935671489343785,0.239771253812145,3.90235057150287,9.52630487318873e-05,0.000370486190850029
"LCLAT1",262.794840844999,1.18449370641993,0.260617743608823,4.54494651829159,5.4949204360535e-06,2.79633534581273e-05
"HMGA1",837.863914733512,-0.794184174954699,0.214202201233861,-3.7076377851394,0.000209201595798096,0.000754070427971432
"RAD23B",5618.28633742186,0.538048289088549,0.177650318491435,3.02869307332252,0.00245614076510291,0.00668432259911703
"TMED10",2803.9418308184,0.690996568634325,0.189414294805258,3.64806980035354,0.000264217864226494,0.000930686270503145
"ACSS3",186.597104595061,1.24917775050613,0.276330522865171,4.52059272191092,6.16667276354921e-06,3.10624564954758e-05
"ZHX1",1686.73773006957,1.5254818954353,0.212705668953324,7.17179707970099,7.40196031967948e-13,3.31514041828903e-11
"NDUFS6",258.675837554337,-1.17580322522887,0.29145803662557,-4.0342110268841,5.47860658815067e-05,0.000222882235961839
"AVPI1",217.823821404791,-0.752628750818698,0.25867263681149,-2.90958007810924,0.00361914658945846,0.00926359269264543
"TRIM9",554.226937175591,0.656550295717266,0.213828079481591,3.07045874100829,0.00213730213878835,0.00593741694351028
"BCAT1",244.4188898094,1.50026732628053,0.253656249925639,5.91456873907245,3.32746255376566e-09,3.7172939455048e-08
"ZNF518B",605.771000962894,1.84390722885345,0.259839479092959,7.09633207120839,1.28111443715981e-12,5.35503964327701e-11
"DDX41",655.174858029372,-0.631637426600789,0.215472973453635,-2.9313997782497,0.0033743822648554,0.00873649899490943
"EIF5A",4404.12835538424,-0.764299730493135,0.2024467306178,-3.77531278554486,0.000159807010134462,0.000591979710445697
"UBE3A",1122.22289910524,1.17964052404499,0.219896253017119,5.36453217305688,8.1159293378122e-08,6.23107936177543e-07
"REXO4",645.997009439591,-0.694971191339906,0.235226490809442,-2.95447672134388,0.00313199781057152,0.00819685730540372
"LRRC49",131.39613795056,1.52285128051166,0.343713886121479,4.43057828618958,9.39807205212924e-06,4.55321180479566e-05
"BAZ1B",2731.32638190135,0.63313127136958,0.185521790659702,3.41270569413012,0.000643213650249636,0.00205637232240662
"OPHN1",156.466688897996,1.10654852708309,0.300773148716337,3.67901367461059,0.00023413771509753,0.000834231498932812
"UCK1",673.682467836448,-0.713506907131555,0.22784937705932,-3.13148500268138,0.00173924668958624,0.00496683893061876
"SRPRB",1761.41553072044,-0.627103756194753,0.18978482604091,-3.30428817348956,0.000952179017955358,0.0029169507643832
"ZNF260",614.810989690625,1.74397648710482,0.267108608206069,6.52909128918589,6.61699134665502e-11,1.30468088345003e-09
"DR1",818.002907647936,0.856666468585675,0.206353319394386,4.15145475294439,3.30368585295382e-05,0.000140584189907725
"RBM34",634.003698838612,0.683633672502602,0.201478215945353,3.39308976553586,0.000691089872546688,0.00218823018505026
"ANKRD50",1071.85476291694,1.76212231228396,0.243270540164988,7.24346775030331,4.37355276645253e-13,2.29044578213477e-11
"HSD17B11",233.256442220272,1.12274008329424,0.259341375985119,4.3291976801984,1.49653556463199e-05,6.94128819996597e-05
"GNPTAB",423.744525063762,1.44255708748093,0.237690177254454,6.06906479747639,1.28657232729962e-09,1.64316037362731e-08
"TIMELESS",1067.5115373194,-0.763422236088032,0.200346200779584,-3.81051516383848,0.000138677505233105,0.000520724562517933
"ZNF555",137.851678363216,1.13088830455935,0.304029184926898,3.71967021794723,0.000199483071325628,0.000723784252192473
"YBX1",10432.2177968938,-0.656186421193144,0.182143648753852,-3.60257645919848,0.000315078680771902,0.0010862587190109
"G3BP2",1879.38713227168,1.3535800832805,0.22790043977547,5.93934827249155,2.86157376612781e-09,3.28964658967863e-08
"ZNF880",238.730922579732,0.921569366031795,0.250887052479317,3.67324402325532,0.000239490576617878,0.000851158968532767
"TBC1D32",132.122955558192,1.94231743917676,0.345355767493025,5.62410598576724,1.86471143632833e-08,1.67030894088487e-07
"ATG12",603.572693427695,1.11242934784018,0.23943943202851,4.64597388331479,3.38475825935757e-06,1.79830044289432e-05
"INTS2",463.123194251264,1.68443634603525,0.286246881962257,5.88455788404834,3.99119439927048e-09,4.37000466415699e-08
"RABL3",524.618342704379,1.50947917219441,0.248750274458069,6.06825128327191,1.29310475320093e-09,1.64857118275901e-08
"GLCCI1",315.81321725459,1.25246930541448,0.265379104544429,4.7195475603272,2.36369778874585e-06,1.29473606602139e-05
"PAFAH1B1",3006.41410728544,0.943330437573689,0.200388139570264,4.70751632105912,2.50753210140568e-06,1.36596327681417e-05
"ALG6",306.80881230828,1.88572473681386,0.266906445393663,7.06511502197929,1.60483007010775e-12,6.35564362180131e-11
"SLC4A2",1272.1678093925,-0.677359479025462,0.196559608846591,-3.446076653287,0.000568788994706612,0.00184525515227992
"ALS2",895.570349118668,0.970078295019788,0.217942964305646,4.45106497523517,8.54454815188894e-06,4.17649074604428e-05
"PLEKHA3",273.247463455668,0.981895352972114,0.264535783150458,3.71176761524791,0.000205816906197187,0.000743325250906724
"TP53I13",399.125714317289,-0.902167571817547,0.247022467122343,-3.65216808951523,0.000260035578157432,0.000916933435198527
"BBS7",219.246137345495,1.37873432894998,0.267905541777638,5.14634493859904,2.6561082300182e-07,1.81142349823278e-06
"LPGAT1",1403.30621680962,1.52143684542863,0.241218114407326,6.3073075965576,2.83931201518497e-10,4.52552501228677e-09
"WNK1",3280.85745926277,0.91055138749965,0.221349572105584,4.11363518274757,3.89476787447612e-05,0.000163210890861831
"STT3B",2119.21898431644,1.13772852722887,0.216885683049389,5.24575209959705,1.55646069534309e-07,1.11957722147611e-06
"TTC33",176.781717435747,1.75051754483465,0.280267920017649,6.24587196681095,4.2144229781339e-10,6.37834229932253e-09
"NUSAP1",1216.19684714978,1.06097991810147,0.219927396923048,4.82422805410053,1.40546533428146e-06,8.07856903526013e-06
"RCBTB2",174.145122334779,1.26781484606429,0.296984975176486,4.26895281591563,1.96392803486306e-05,8.8439307047655e-05
"SNTB2",1562.71524160099,0.893862533125603,0.230932455673327,3.87066655710813,0.000108538169658031,0.000417208078941822
"USO1",776.662453701368,1.25572113482149,0.233744110114492,5.37220439140228,7.77798729460272e-08,6.00050804691954e-07
"DGKE",207.657914128751,1.58810800610717,0.278258732525445,5.70730697898925,1.14777665362978e-08,1.11161382755651e-07
"ODF2L",150.896560357094,1.43243523183958,0.318962594126479,4.49091918054683,7.09164587104797e-06,3.53974336014285e-05
"RCOR3",991.918126399795,1.26358326933056,0.229126980619271,5.51477292597939,3.49230565108462e-08,2.90967119753928e-07
"RAP2A",261.113983023655,1.14303489558855,0.319224562085816,3.58066086180822,0.000342726264619312,0.00117178050680551
"EHD1",1372.70683708583,-0.70281256359255,0.197047549455848,-3.56671557465894,0.000361483455215273,0.00122574965389543
"AHCTF1",1235.58894447531,1.73327274519358,0.263055995268447,6.58898780628355,4.42835150688742e-11,9.30611957859271e-10
"SLC26A10",377.657534124429,-0.729602051578796,0.229818623799625,-3.17468636577915,0.00149998532910741,0.00435624599280722
"SEPT7",2479.78418914411,1.20960924581979,0.206931229359431,5.84546493810631,5.05155333829117e-09,5.36483636721094e-08
"AKAP12",736.6224392244,1.48736345414627,0.246928563098935,6.02345648263601,1.70731029987724e-09,2.08629103064011e-08
"RIPOR2",1556.87578019346,0.574447571702461,0.191493236413192,2.99983217403541,0.00270128399626179,0.00726359929231165
"TP53INP1",457.681138037586,1.4976199414225,0.267888527127255,5.59045942535302,2.26469602021635e-08,1.9787182289759e-07
"USP48",869.723683006724,1.29095689647445,0.224872984090303,5.74082699038689,9.42153082094095e-09,9.33476597253989e-08
"ALG13",241.898866897541,0.988398117716416,0.267025174615069,3.7015166047218,0.000214314628187563,0.000768581952826267
"LRRC8D",381.662041406495,0.925170948878815,0.237085794720853,3.90226225897726,9.52978219745579e-05,0.000370486190850029
"AP1AR",174.855632407951,1.53136561566711,0.287195824495997,5.33213050139055,9.70671381745278e-08,7.32294614063625e-07
"C4orf3",580.416508517551,0.723024154503339,0.204417780761399,3.53699248573327,0.000404711180406294,0.00135652938153115
"NIPSNAP2",684.212990046885,1.00608870529356,0.213412339638318,4.71429490440261,2.42549168023271e-06,1.32638213541124e-05
"WDR47",386.830764988967,1.54902201623655,0.25538978230694,6.06532494074045,1.31687136244712e-09,1.66893633105014e-08
"ARHGAP24",681.935217742602,0.706663675431452,0.208634431607285,3.38709037615427,0.000706381141551179,0.00222951547802091
"TMEM101",743.567084233598,-0.60609841085752,0.204207512191389,-2.96805149014042,0.00299694122284311,0.00789348702067617
"AUH",299.374661315268,0.96578893623321,0.235672261894656,4.09801700237813,4.16704679148781e-05,0.000173884608525069
"CCDC25",781.676371941543,0.744048244923797,0.203169559737726,3.66220336296588,0.000250055226100812,0.000884893324256644
"CACUL1",485.182591259896,0.971732221847899,0.241169038210282,4.02925777313346,5.59532371111966e-05,0.000227256931032673
"RAD21",4361.83510343096,1.29120701329506,0.20524432759596,6.29107283216568,3.15279357285524e-10,4.93771373166474e-09
"GADD45B",313.274625371267,-0.810533360542257,0.233399599948224,-3.47272814830042,0.000515196917315965,0.00168857257410873
"NECTIN3",320.964410066806,0.952135986774252,0.27285193018572,3.48957028131034,0.000483797822461965,0.00159621028224284
"ZFAND1",469.026430234933,1.27670370381497,0.225078029301743,5.6722715574491,1.40916364142403e-08,1.32458705819706e-07
"LIN7C",817.118180984313,1.74219585666438,0.258506058605184,6.73947785233627,1.58956821696076e-11,3.9631098769465e-10
"BROX",915.327624161564,1.60836768606856,0.231234028941893,6.95558388801297,3.51104779374973e-12,1.17406591427482e-10
"CCDC14",735.696520947513,1.67500204078626,0.237168087880921,7.06251020427024,1.63521303135099e-12,6.39736702937236e-11
"NCLN",724.916564166668,-0.875656383591309,0.24148624905054,-3.62611282022955,0.000287719688380129,0.00100382427761245
"HSPH1",1881.11449622647,1.14993825285441,0.199925939746279,5.75182117094843,8.82871627246722e-09,8.81802559685979e-08
"JPT1",2283.55976389602,-0.595253798131234,0.196119973141131,-3.03515133414219,0.00240415020852664,0.00657537407128949
"AP3M1",543.700019963811,1.42623652248514,0.252573970498179,5.6468072290744,1.63454933217086e-08,1.50921355315552e-07
"GRM5",137.829905933161,1.16553833558896,0.322473822355342,3.61436574006501,0.000301083788582025,0.00104309672362089
"KMT5A",881.018393805797,-0.810624011259389,0.198750319634475,-4.0786048180965,4.53067746032512e-05,0.000188027863741292
"NFIB",553.896899743672,1.06184371598665,0.251204787284357,4.22700429982123,2.36823143785591e-05,0.000104974271257939
"NHLRC2",272.865062506545,1.53237455715716,0.333899504481272,4.58932863508668,4.44673878105891e-06,2.30922457790772e-05
"ASAH1",317.622261094674,0.760429798767882,0.247890349222991,3.06760550038128,0.0021578127652045,0.00598935242568539
"CDK12",2088.91313966445,0.783510193624262,0.19839455750077,3.94925245679293,7.8395636329299e-05,0.000309702368874582
"TUBA1B",21691.4818181269,-0.850925771681338,0.179222289363884,-4.74787915443742,2.05560790480798e-06,1.13857901744764e-05
"STX12",856.180167148441,0.566350487753489,0.196264381134485,2.88565089844506,0.0039060516147353,0.00990827751990006
"SOX5",623.727352119382,2.106264290501,0.297550405472792,7.07868062607494,1.45533347725212e-12,5.87954724809858e-11
"CPD",1962.89968022232,1.46712598652034,0.247738431128776,5.92207668320026,3.17901314448206e-09,3.57745539804961e-08
"CYBRD1",11084.8408212141,1.25029246724713,0.211960216718601,5.89871291227742,3.6634801666852e-09,4.05152253517879e-08
"ZNF662",313.775259540185,1.11693941046406,0.276858103244786,4.03433888108564,5.47562462396593e-05,0.000222852518618482
"ANKRD17",2530.87567882931,1.1258371685066,0.228842717017289,4.91969848628191,8.66776309554161e-07,5.25373662704659e-06
"GNPDA2",131.594234095553,1.16955251846813,0.304683716776973,3.83857900527135,0.000123748397905402,0.00046911591055828
"ZMYND11",908.98926567851,1.09243403006885,0.231865927082545,4.71149014352564,2.45911992975104e-06,1.34328747597548e-05
"SPR",211.446742474223,-0.870791558796537,0.259581001457436,-3.35460435820578,0.000794785681352869,0.00247772871623014
"RSC1A1",119.461773040772,1.27654625596916,0.356086213195794,3.5849359190642,0.000337160979142252,0.0011543477590972
"MRPL12",454.50635638966,-0.863122565428888,0.245019118522393,-3.52267435551159,0.000427215930584696,0.00142809296890487
"CIB1",531.517996961266,-0.658950860676327,0.208110447075328,-3.16635166536264,0.00154364052393123,0.00447014450142519
"SLC30A7",602.591656489836,1.52271167599383,0.255510569439498,5.95948605701176,2.53032449821889e-09,2.93268757416518e-08
"STYX",325.217386885703,1.49241173814568,0.276326069111343,5.40090822029653,6.63043442395873e-08,5.19209176648287e-07
"MGA",1305.92169889603,1.70754784899121,0.267725973702661,6.37796858248659,1.79452314153913e-10,3.06244656119901e-09
"P4HB",11449.2199628613,-0.850357231427192,0.18447377517589,-4.609637497885,4.03371685033376e-06,2.11359075619923e-05
"DHX36",765.377173689764,1.57168069274828,0.241510543276231,6.50771047684921,7.63047989026744e-11,1.48382102070466e-09
"CRIPT",331.071528806966,0.935232910080392,0.256155061762195,3.65104208227058,0.000261178436782949,0.000920307642320268
"MCM5",688.675565183215,-1.25333567612872,0.209489708093625,-5.98280310538492,2.19329840145325e-09,2.59991228474064e-08
"PCCA",289.676948159357,1.05628400593612,0.251617219593169,4.19797980298801,2.69306642955939e-05,0.000117323818308886
"RBM41",176.229288340334,1.46252112207113,0.292240034385844,5.00452008618426,5.60013727515059e-07,3.53058335983698e-06
"PRUNE2",5375.82299508775,1.91377668992312,0.249234066982154,7.67863203090993,1.60796378120887e-14,2.18022267211033e-12
"SKP1",1977.16609539849,0.660109906094812,0.184131710341114,3.58498764211728,0.000337094166519458,0.0011543477590972
"NUP58",496.569249692109,1.31962650964059,0.254483260681542,5.18551399454111,2.15419909540107e-07,1.49629913307227e-06
"MAP4K3",574.5309504613,1.57927039827868,0.272372790216826,5.79819444160147,6.7032704240704e-09,6.86132064709916e-08
"TBC1D10B",693.65788788526,-0.721409269363993,0.225249581141581,-3.2027108139684,0.0013614061530127,0.00400928238694428
"SLC16A3",258.313684119262,-0.812442722894292,0.272645527984605,-2.97984980314868,0.00288389749063014,0.00764520086867864
"SEC62",1380.18937435533,1.61879272970197,0.21120988761184,7.66437948528703,1.79697848050087e-14,2.34032802631547e-12
"TRIM28",4765.27816348165,-0.634994684721984,0.187196292518236,-3.39213280444711,0.000693508175690225,0.00219378201437579
"ZZZ3",809.925660565819,1.49546951436764,0.230011647124674,6.50171212224328,7.94109583864182e-11,1.53517512911869e-09
"TRIM23",230.691863112303,1.33791045322464,0.307207196804951,4.3550752298101,1.33021226253707e-05,6.25484131809592e-05
"ZBTB37",96.3589106069271,1.19990041416265,0.3450016917938,3.47795515994108,0.00050525443760137,0.00166036136234341
"STX17",704.531027323843,1.55263046795373,0.229712198688845,6.75902488773283,1.38923532409108e-11,3.55313985474251e-10
"HECTD2",392.845996627196,1.79237147310137,0.283847652583535,6.31455450410631,2.70940823655978e-10,4.34647045793657e-09
"PXMP2",319.565972753859,-0.709395218287775,0.237552688512373,-2.98626474290913,0.00282408038124666,0.00752024417906362
"FHL3",398.892756741244,-0.719026597491143,0.219361636704964,-3.27781378864445,0.00104614383063524,0.00317143388533769
"CDK17",989.870471619027,1.53625696778642,0.219994338264941,6.98316593009906,2.88601205618381e-12,1.01657463815329e-10
"CIPC",158.820489058089,1.09628360085983,0.314999931993013,3.48026615092777,0.000500915899917802,0.00164774528992569
"KBTBD6",379.407399444006,1.59056680894416,0.243892605976561,6.5215868376798,6.95674257528572e-11,1.36082683814581e-09
"ERBIN",1741.72694019519,1.82816931321131,0.243490333007591,7.50818026584372,5.9954910017581e-14,5.76149222673803e-12
"CRABP1",942.873619977514,-0.770593941244041,0.203961675009145,-3.77813106903289,0.000158009716377347,0.000585760364308232
"MTMR12",383.781245001321,0.772347276523069,0.241196975919072,3.20214328384536,0.00136409129362985,0.00401599512919342
"OTUD4",604.90095588765,1.86215795573977,0.250193775430081,7.44286284716211,9.85263671365666e-14,8.20026905992775e-12
"SUMO3",2596.76151225026,-0.660066799144565,0.189607496375256,-3.48122733416729,0.000499121671284118,0.00164293525186904
"ZFR",2550.23677044382,1.15120844553777,0.220837959674962,5.21291016830694,1.85900932122403e-07,1.31057508984868e-06
"COMMD10",215.903954867579,0.770547775346943,0.261505769909752,2.9465803971089,0.00321308880567267,0.00838153874019691
"SRBD1",349.186540646917,1.72473039811573,0.275367136191245,6.26338502833499,3.76708928437927e-10,5.78985244360032e-09
"BLVRB",791.44687004389,-1.0171748655555,0.213183960788448,-4.77134800288698,1.82997049661084e-06,1.0262350127736e-05
"ZBTB10",1019.27765727526,1.50361855570471,0.258261715747687,5.82207297489533,5.81221591811789e-09,6.04934943822617e-08
"UBXN8",286.424152743638,0.77491874807787,0.264968665969624,2.92456749647034,0.00344935265708337,0.00889338176603573
"CFL1",7907.81964718326,-0.643517809448136,0.188826023022672,-3.40799323709142,0.000654425166203206,0.00208615146379367
"TPX2",5011.27064673187,-0.546933476917652,0.172105361353415,-3.1778991230525,0.00148346354815355,0.00431608530265251
"ERCC6",252.062762444889,1.27468198238355,0.276165698936599,4.61564193993617,3.91882093738293e-06,2.05883702962931e-05
"TYW5",280.660142413662,1.40441106606205,0.302355895058747,4.64489394456549,3.40251200306754e-06,1.80579430597118e-05
"LAMA2",8132.64097309461,1.40690148291621,0.229941721304714,6.11851331256155,9.44523929773129e-10,1.26507413489776e-08
"PDE10A",351.971950363559,1.20155214467911,0.2686900250473,4.47188965972066,7.75314312257241e-06,3.82364776418643e-05
"AP1S1",924.554957456646,-0.816184181385714,0.214797596558746,-3.79978265335242,0.000144823047642352,0.000541745474513983
"CDH11",7741.10394467369,0.725163719676714,0.188762040436401,3.84168192927031,0.000122194116483601,0.00046357890569363
"ZNF567",123.341241954932,0.941033049450673,0.314141628747113,2.9955693971658,0.00273932960873775,0.00733997955259509
"TMEM198",267.130266106165,-0.741131650676433,0.249605006310109,-2.96921789203078,0.00298558810838805,0.00787196353138651
"INTS7",582.588467868371,0.668968781688915,0.218549423200197,3.06094965565808,0.00220636189396318,0.00611382139598195
"NIPSNAP3B",128.713322549034,1.17158616257628,0.344272542203817,3.40307755906562,0.000666313631377673,0.00211995253081845
"BOD1L1",941.471922968082,1.64346173901809,0.235673497706528,6.97346861234524,3.09220451565442e-12,1.06273056583151e-10
"LLPH",431.786995939774,1.34817039656213,0.219335805149641,6.14660427029844,7.91592925106426e-10,1.08950350278608e-08
"PLXDC2",363.43213927136,1.52786719477023,0.240654592832638,6.34879715689774,2.17004936453055e-10,3.62211612312367e-09
"RANGAP1",1104.93851687167,-1.14204519551273,0.224945143407259,-5.07699423163398,3.83452509130579e-07,2.52186906004948e-06
"KIF3A",397.922549692757,1.71097872144814,0.244864365996052,6.98745493035815,2.79917450380715e-12,9.93054811422336e-11
"SEPT2",7736.29752709741,0.953938754280761,0.184355283004343,5.1744584626755,2.28572950935337e-07,1.57879627938448e-06
"PDP1",1625.90339530336,0.86982349844878,0.227593869041093,3.82182306629591,0.000132468723839409,0.000499305189856235
"MITF",157.346873760288,1.16037104339808,0.297525052792898,3.90007843879215,9.61615282110894e-05,0.000372965049464484
"ARID4A",293.4124004475,1.93968341680949,0.259128099022865,7.48542293994269,7.1317093781509e-14,6.59716443223716e-12
"COX5A",625.977453378247,-0.626709448004014,0.202021064594566,-3.10219852202913,0.00192089092913204,0.00541217717522031
"MPHOSPH8",436.179651338333,0.960262398930823,0.222163405369424,4.32232481012817,1.54393667174968e-05,7.13107101118912e-05
"TRIM24",368.053883547539,1.160658842019,0.254308464537726,4.56398037764415,5.01927722050667e-06,2.5808210871987e-05
"DYNLT3",536.197362572126,0.835650054550877,0.220587035603232,3.78830085034531,0.000151681107139311,0.000565050658059803
"TBL2",1002.57966614285,-0.582875283610576,0.198605839705515,-2.93483456717508,0.00333725561766155,0.00864942553118984
"RIOK1",255.616333944962,0.956294598088807,0.252776326518605,3.78316518504521,0.000154846574574628,0.00057520675127213
"CCAR1",1227.1108914904,1.48876854740472,0.223277054155691,6.66780808728604,2.5965199718136e-11,5.97682667000256e-10
"GPAM",263.792342214955,1.55877276721747,0.290164117757348,5.37203834597153,7.78515475629775e-08,6.00135995154479e-07
"GNL2",1068.27226405947,1.03629100495485,0.194831992664946,5.31889547902414,1.0439908526518e-07,7.80469898757366e-07
"UTP23",582.141185234552,1.70230377503284,0.232067102482643,7.33539462001154,2.21069128239903e-13,1.46855183309971e-11
"RANBP2",2226.94370915194,1.90481608477338,0.259157681792082,7.35002748751855,1.98166098676693e-13,1.38130143993092e-11
"ASH1L",3259.88967206687,1.60926658738044,0.253707714172094,6.34299430993589,2.25341756918844e-10,3.71530244635205e-09
"SCG2",2829.53656957609,0.72449498941179,0.196855087558004,3.68034678909843,0.000232916972359174,0.000830479896401693
"GNAI1",1056.90679988046,1.14183961586011,0.202294664925891,5.64443761420211,1.65722058646468e-08,1.52162981120847e-07
"GJA1",978.36367331892,1.55964142046982,0.207270897256131,7.52465223587334,5.2860830257227e-14,5.31061124185979e-12
"FAM135A",255.603009733065,1.71249655472938,0.325505410117688,5.26103868476477,1.43243889703053e-07,1.04175460711302e-06
"GTF2F1",836.478827863237,-1.01230104002831,0.209613240962736,-4.82937545061035,1.3696195022704e-06,7.89085787745775e-06
"PDIK1L",147.92956564481,1.6041050513701,0.331074053850674,4.84515483080897,1.26512979323841e-06,7.33916939631475e-06
"HSP90B1",7503.12845129336,1.15088231057123,0.190331793588137,6.04671604714471,1.47827958182873e-09,1.84747617436121e-08
"PXK",3462.1221657229,0.54525275648122,0.181365183550164,3.00638052909648,0.00264377920582841,0.00712639612725751
"RGS17",147.065972190114,1.01623208621034,0.31558750970867,3.2201277140165,0.00128133498866393,0.00378926014872888
"PRPF19",2419.11070116208,-0.601457433728702,0.184062682041304,-3.26767722309802,0.00108433953906633,0.00327618826546963
"WEE1",2572.07313093072,0.757405155277692,0.187125634640498,4.04757561267756,5.17508670090615e-05,0.000211840397707068
"MCM4",3029.91675973944,-0.54815228039576,0.174201989945145,-3.14664763914792,0.00165153858319641,0.0047492530204759
"ZNF22",432.07218339158,1.06854072793583,0.230636043929376,4.63301706763158,3.60374815601833e-06,1.90748124322297e-05
"CCDC90B",681.919156524971,0.847277466299029,0.212697508623618,3.98348561664793,6.79117836508324e-05,0.000271372965109382
"B3GALNT1",428.674632397292,1.14672255675956,0.232583822948644,4.93036249134475,8.20771736888868e-07,5.00246222396922e-06
"KCTD3",1211.83032070229,1.56468382125394,0.224459249937175,6.97090372391373,3.14911433018918e-12,1.07854441661635e-10
"MFN1",609.850556879731,1.63667164503798,0.244001619124546,6.70762616621234,1.97815909860003e-11,4.71802861637182e-10
"SLC2A4RG",952.793514457573,-0.8946101359274,0.227211468654145,-3.93734586210149,8.23878191735943e-05,0.000324244387348007
"TGFBR3",606.305083867266,1.22831411378063,0.257754391977201,4.76544397307214,1.88438255358503e-06,1.05138774043882e-05
"ZC2HC1A",405.25727964943,1.63332400298077,0.259262960796446,6.29987406594163,2.97887569803189e-10,4.71004978580186e-09
"FOXN2",344.649281005658,1.56673344429707,0.259796279524534,6.03062309885433,1.6332870399613e-09,2.01559647806557e-08
"DNAJC27",229.253439364902,1.50544266417144,0.304666617236626,4.94127869284151,7.76118767798997e-07,4.75667093725973e-06
"BTBD6",517.8612271943,-0.638291587198879,0.215133791608671,-2.96695178579818,0.00300768119716191,0.00791335153894434
"ACSL3",1815.11353014647,1.43839533318159,0.21937038720075,6.55692571607348,5.49283572799092e-11,1.11868493900523e-09
"ZNF441",170.827270840898,1.21921755916755,0.285675051587733,4.26784751552978,1.97368159286681e-05,8.88381100781976e-05
"PCNX1",1349.68360400385,1.0823530967204,0.220128348380769,4.91691826464891,8.79172369607955e-07,5.31260568643439e-06
"LGALS1",24397.848818323,-0.685005155635106,0.176960111313527,-3.870957983415,0.000108408478317043,0.000416871452362895
"CCDC15",86.0134022980808,1.2213559917059,0.413379534898181,2.95456327320784,0.00313111940049759,0.00819672568794634
"PIGX",236.90658437068,0.781536986103376,0.252325914897394,3.09733142717894,0.00195271421218529,0.00548933975353876
"KIF16B",337.690792560972,1.25932772699299,0.253281117794165,4.97205531134938,6.62467973742025e-07,4.11103950100223e-06
"C1orf21",677.742846742105,0.600989912257525,0.199025955898472,3.01965595162927,0.00253061972222928,0.00686060641211323
"CDC73",913.325923745552,1.4243134020894,0.228333035064825,6.23787706270811,4.43549008311973e-10,6.65189103677562e-09
"ING3",149.811332028842,1.06823513915252,0.293366590307191,3.64129786569748,0.000271267063918972,0.000951790641144978
"PPP2R5E",541.683966973052,0.802408782040077,0.209840946780638,3.82389040056559,0.000131362326016658,0.000496079474594766
"PPP1R15B",1015.79712738176,0.665325690068018,0.214674415104291,3.0992314093172,0.00194023410649497,0.00546201285156064
"NAALADL2",109.036048960739,1.49784329006189,0.365409924048739,4.09907665743118,4.14801643856938e-05,0.000173163503622774
"MTFR1",368.554588745407,0.732947582606779,0.224536581761724,3.26426801751429,0.00109747294856301,0.00331081598441838
"CENPX",194.909950716077,-1.39848458159942,0.293271158017373,-4.76857182633887,1.85536523584636e-06,1.0369511634335e-05
"UBA6",617.464925078148,1.64401782774887,0.253008804724049,6.49786804669491,8.14662083014639e-11,1.56877924079356e-09
"MASTL",298.751610297073,0.927512579488609,0.260814318253614,3.5562180239917,0.000376231885456775,0.00127140430257807
"NHS",187.180204149989,1.46827820814511,0.364505833833789,4.0281336315035,5.62213867625288e-05,0.000228065281219471
"WDR19",426.263090723986,1.65037123059965,0.269588707387617,6.12181143116924,9.25174760915097e-10,1.24420920971979e-08
"KIF13A",1349.60698635254,0.949916978296741,0.205829043963758,4.61507744487218,3.92948760059514e-06,2.06334579685362e-05
"RFC1",583.014450803008,1.23660201437232,0.235623358355306,5.24821487565592,1.53580104919092e-07,1.10797075691631e-06
"ATAD5",174.771024602315,1.15879228921254,0.311401465781418,3.72121655337979,0.000198265322891951,0.000720157859076891
"HMBOX1",611.500680646075,1.25742657869554,0.235698030338136,5.33490490731557,9.55946419098039e-08,7.23391258121742e-07
"PEX1",341.265943608212,1.41971466102252,0.248416985502074,5.71504665090891,1.09673932502024e-08,1.06635813743127e-07
"ANKRD26",143.746342649593,1.33668205560797,0.309581967138257,4.31769998738658,1.57663533947078e-05,7.26514738830623e-05
"UBE2C",1998.28970097169,-0.765676636843085,0.183314605980379,-4.1768446804781,2.95580707802161e-05,0.000127147233629978
"TSPAN14",1874.16610389843,-0.662242171891793,0.180156498775233,-3.67592718771705,0.00023698711390665,0.000842866853556603
"USP32",600.080888874272,1.32995244825696,0.2389679917769,5.56539994485371,2.61551824447141e-08,2.23948093285277e-07
"SEPSECS",191.615567132341,1.90817070910245,0.317445131693589,6.01102527205959,1.84353661359149e-09,2.23345476148453e-08
"THUMPD3",1082.36754566057,0.786458427752421,0.211884429831787,3.71173298753845,0.00020584507099771,0.000743325250906724
"RUNX2",149.42416302697,0.934708163739309,0.301621304551716,3.09894609443625,0.00194210352336185,0.00546429686447952
"GORAB",708.021324670454,1.64821411097955,0.231852515829281,7.10889034386485,1.1697963992639e-12,4.95870418193087e-11
"CCDC88A",2821.15311945979,1.43855759153843,0.221419228370319,6.49698584050921,8.19451712182835e-11,1.57188624945459e-09
"ELF1",1077.81932359838,1.1868118925263,0.221914246429623,5.34806535236429,8.88993677686497e-08,6.76866109364688e-07
"GAREM1",356.009414631233,0.846474538550612,0.250889992730838,3.37388721382257,0.000741147276901523,0.00232884944341945
"TMED5",970.222203963962,1.22866962478688,0.225701471201351,5.44378208191108,5.21610267975876e-08,4.20089376112711e-07
"MED21",450.784543384794,1.00978250230795,0.237185490493882,4.25735360204928,2.06861033729312e-05,9.26894754120747e-05
"RIOK2",221.88062190666,1.37081233890886,0.260875858201719,5.25465387390846,1.48303111015405e-07,1.07617609445049e-06
"BAIAP2",1498.34433171691,-0.683278143800428,0.211607335142542,-3.22899082557872,0.00124227880020824,0.00369029878885389
"MAP4K5",698.05629411742,1.45041790340288,0.239588325041481,6.05379207501768,1.4147519867956e-09,1.77705776209427e-08
"TRAF3IP1",253.468794365001,0.74356635177833,0.248442690183559,2.99290895308272,0.00276332172323956,0.00739425747948773
"GNAI2",6462.17337720024,-0.559268057409274,0.185063557462301,-3.02203234974127,0.00251083713555324,0.0068163099198316
"COL6A3",1514.27274715193,-0.639922375265337,0.207538210227742,-3.08339546034978,0.00204652998990212,0.00570607150423977
"CBWD1",149.914843015183,0.869371269203011,0.290456962274598,2.99311561477086,0.00276145117699966,0.00739125033800504
"MARCH7",1718.34450212639,1.41505153767362,0.227155527613036,6.22943915361895,4.6810791600294e-10,6.98843461930181e-09
"MMS22L",200.540248519288,1.23685604458506,0.320648626888166,3.85735643588594,0.000114619959723205,0.000438542080146998
"CUBN",158.200941542903,1.01639287072036,0.30753835784489,3.30493040882069,0.000949999851747494,0.00291117601628381
"AP1S2",347.446624653992,0.743230260625375,0.24942082109981,2.97982444828838,0.0028841361935387,0.00764520086867864
"CLN6",290.786037416002,-0.776573695856201,0.249719383266077,-3.10978541472993,0.00187223305124876,0.00529770232740429
"RALGAPB",2414.7879071511,0.990523145603059,0.202091592647865,4.90135751133891,9.5176669629307e-07,5.69853329686252e-06
"FBXO38",582.157125191242,1.12589768893782,0.214686830710794,5.24437239680771,1.5681518847175e-07,1.12638369774556e-06
"HPS3",443.309907192212,1.15577780791844,0.248138164255651,4.6577994617856,3.19607315456901e-06,1.70586313262791e-05
"DCAF17",373.461833583487,1.68216359824547,0.280898001947487,5.98852105242082,2.11757732825371e-09,2.52223590794888e-08
"GOLGB1",2103.25612087424,1.64723835011451,0.243274241477334,6.77111699171809,1.27791880618772e-11,3.34573157298661e-10
"CPNE3",2012.04001303959,1.34467938071228,0.230253906641187,5.83998508571561,5.22054955487893e-09,5.50298184176695e-08
"CCT6A",3467.35628258496,0.78897824264226,0.18304295221176,4.31034482949937,1.63000171941008e-05,7.48318971183718e-05
"RSBN1",296.241331778662,1.26158486313973,0.252369544799016,4.9989584287773,5.76408270231137e-07,3.62470715295285e-06
"CDCA8",1026.93465236809,-0.719749522589746,0.193429702067814,-3.72098759857166,0.000198445184599491,0.000720546748776874
"AADAT",146.903122135706,1.17087013167663,0.298757951876786,3.91912625026805,8.88705564957841e-05,0.000347684098100898
"ATF6",692.777086770857,0.871001604489568,0.216949530817015,4.01476602050921,5.95047958103856e-05,0.000240105368500284
"USP37",582.498984523205,1.87765403059702,0.259073560234526,7.24757103309684,4.24311937443758e-13,2.25797825635393e-11
"TBC1D15",947.313279558619,1.24933126860928,0.206757603330163,6.04249250565295,1.51751400331658e-09,1.88697909608386e-08
"CEP57",839.29140891733,1.48251968965312,0.244974148946556,6.0517393203662,1.43290210492292e-09,1.79302971359381e-08
"PTPN13",1711.32939525103,2.02186811833592,0.275254882457502,7.34543961685434,2.05083900526745e-13,1.39994513614739e-11
"MDFIC",724.510756847557,1.6653347073373,0.22899458627336,7.27237588642955,3.5321907190004e-13,1.99780707066663e-11
"MDM2",1450.93942563177,1.22719105727279,0.238668442206868,5.14182371965673,2.7208434768788e-07,1.85346928658956e-06
"R3HDM1",661.705925908294,0.745176311679245,0.252483971116103,2.95138066937557,0.00316356760562938,0.00827073221355511
"SESTD1",1244.0678131796,1.75803292379384,0.242153844201104,7.25998354308109,3.8713742183537e-13,2.11199787899834e-11
"ZNF652",591.575867403644,1.55799339174289,0.282069428781123,5.52343938325851,3.32427014524762e-08,2.78844287268313e-07
"DOCK11",231.007200864949,1.66099232289955,0.26393345982382,6.293223769386,3.10939591120255e-10,4.87746445785782e-09
"RPL3",11556.4080651779,-0.55677557922893,0.187530870965139,-2.96898092758516,0.00298789140895732,0.00787593852619429
"SMC3",835.746188515777,1.39892134378242,0.245676441276675,5.6941615423637,1.2397965932795e-08,1.18679948552036e-07
"SRSF6",4585.21073498231,0.55307376300389,0.179059830569305,3.08876514205024,0.00200990257550605,0.00562136640077956
"LNPEP",320.0980508969,2.01079410520811,0.265150307205602,7.58360088811404,3.36093971822868e-14,3.65566827813488e-12
"EVI5",179.831948374186,1.41915026113504,0.366419394601931,3.8730216851015,0.000107494259128211,0.000413677362694804
"MSI2",2408.05970008792,1.17182289209444,0.230916580756542,5.07465894504089,3.88191630135816e-07,2.54626955273977e-06
"WWP1",587.875663369368,1.55020745283138,0.244328629307049,6.34476384215798,2.2276689999476e-10,3.69337818450274e-09
"PLS3",1577.81190541507,1.17779414250463,0.203285898936565,5.7937818051618,6.88188568408497e-09,7.01512919681494e-08
"PIK3CD",268.36595368836,-0.802463449091264,0.242140483471802,-3.31404083111411,0.000919580776820423,0.00282495671290147
"ZBTB20",1232.38965104392,1.83669860870826,0.285356382887812,6.43650788575617,1.22253486921036e-10,2.21623628854289e-09
"SPTLC2",322.992675747064,1.03712598797107,0.236792704390846,4.37988995750145,1.18739255662107e-05,5.64496230808615e-05
"GHR",549.630857663719,1.56510550454766,0.248940806854855,6.2870588567675,3.23536741769461e-10,5.05105153002227e-09
"GOLIM4",3403.95412954792,1.82987810895582,0.219868014999544,8.32262077301067,8.60393812820669e-17,5.32261122456186e-14
"N4BP2",222.797900781741,1.59886452350762,0.296120771671273,5.39936632774459,6.68766918839192e-08,5.22451062562772e-07
"RECQL4",409.39136920474,-0.958359041731121,0.247091227232443,-3.878563607722,0.000105075053980303,0.000404682056146707
"WDFY3",1824.30044713609,1.32826063214207,0.269385424964561,4.93070711719764,8.19324962299232e-07,4.99672118104608e-06
"HINT3",200.328813680524,1.7192545004738,0.282708044701288,6.08137806014818,1.19153967313045e-09,1.53966836614168e-08
"WDR41",531.909051305426,0.972172216441159,0.240568280226282,4.04114879786612,5.31899938703795e-05,0.000217192474970716
"PDZD8",661.728448948923,1.25243466934328,0.253584415583958,4.93892602374305,7.85540033267686e-07,4.80845717333553e-06
"SOX4",493.567021319716,0.670178323050491,0.213331314188673,3.14149062269301,0.00168090191352045,0.00481968920626461
"CHD1",1164.36323102525,1.39173633417154,0.252764547325816,5.50605830167149,3.66957046893478e-08,3.04454388109945e-07
"DCC",447.683321932597,1.07604475568736,0.264852651712696,4.06280529467617,4.84864713134808e-05,0.000199716642971633
"NCOR1",3310.61165553852,0.92480992575073,0.206742171656004,4.47325244938179,7.70387345757665e-06,3.80313912633883e-05
"MLST8",811.561828522704,-0.64888419757818,0.21122277584454,-3.07203707073597,0.00212603320062707,0.00590942898618556
"IDE",523.05806351121,1.72247956615872,0.255954713843981,6.72962626978096,1.7009941846289e-11,4.18816926354649e-10
"FAM8A1",218.025537972399,1.45584321560362,0.298534438028467,4.87663408355185,1.07911345423974e-06,6.38056449824671e-06
"ZNF570",238.26226261581,1.53341277337673,0.276236370583132,5.55108934475107,2.83894937511878e-08,2.41201037896358e-07
"PIGM",240.650709022094,0.905874172282158,0.259869892883082,3.48587580589691,0.000490528681869102,0.00161664229513393
"KIF21A",150.958562082975,1.82943438439937,0.299522208426317,6.10784219978606,1.00987123851673e-09,1.34170543877028e-08
"FILIP1L",722.611063325742,1.41019684712714,0.234272635685189,6.01946891066754,1.74990261567044e-09,2.13044724353088e-08
"PTGES",4576.11995649047,-0.535501239160299,0.18308755503244,-2.92483691240193,0.00344636788444044,0.0088880013861885
"INTS13",345.504570756497,1.37637752083256,0.261895087503444,5.25545375422309,1.47659955386702e-07,1.07229695103986e-06
"KAT6B",1046.25040593077,1.40349339702159,0.227735683448159,6.1628172439699,7.14619680099242e-10,9.96240224453845e-09
"ZNF224",146.055247517145,1.83764817440364,0.31357769665423,5.86026427903114,4.62131103901444e-09,4.97733804833133e-08
"AKAP11",1380.83022133456,2.02294645046849,0.262921015032009,7.69412232119294,1.42468710488051e-14,2.01450756630104e-12
"KLF3",1014.34428233197,1.15995180600715,0.247696775530772,4.6829507712467,2.82774443677704e-06,1.5269511421287e-05
"RPL13A",32665.2880426554,-0.54958267666843,0.183834644671044,-2.98954899198604,0.00279389638678277,0.00746194698164224
"FAM199X",403.521696670645,1.75298251884418,0.229359399883591,7.64295040767412,2.12299777803879e-14,2.58468475314234e-12
"TROVE2",591.482577054825,1.82098882250581,0.242261509163071,7.51662461278597,5.6208505905237e-14,5.50843357871323e-12
"NDUFB10",743.08094364753,-0.720169318381651,0.212995409845307,-3.38114947596613,0.000721832642216384,0.0022732101472026
"RAB2A",2188.39951976946,0.79329107599455,0.185911561067312,4.26703466659252,1.98088387441552e-05,8.90408201133733e-05
"DGKH",586.300593890441,2.25444163998273,0.30879011968114,7.30088657729945,2.85877667943394e-13,1.74667725759489e-11
"RCBTB1",391.118807586892,1.18700260088307,0.232813432785294,5.09851423383183,3.42329795524492e-07,2.27103238344599e-06
"CSPP1",562.926101176255,1.46918071746057,0.232797038994202,6.31099400494162,2.77248935260503e-10,4.42614509872332e-09
"LIG1",481.948347496439,-0.797942264935539,0.219601383317145,-3.63359398234375,0.000279500572834719,0.000978252004921516
"COMT",684.360316114796,-0.672783467137312,0.217700294307136,-3.0904113808323,0.00199879441256093,0.00559820800665762
"UTP25",923.065340751821,1.18260682142805,0.224601724977311,5.26535057354306,1.3992208879598e-07,1.02134869830576e-06
"GALNT1",684.271200388308,1.37523302162372,0.224096591099701,6.1367868867397,8.42072273054565e-10,1.14963191154401e-08
"DMTF1",772.504227873639,1.71454016050797,0.251287221030833,6.82302965297864,8.91402466383399e-12,2.52810934448793e-10
"PIMREG",883.320429879013,-1.1485769018002,0.19785459052678,-5.80515669988836,6.43058342332834e-09,6.60954462347912e-08
"MAPK8",410.229274763726,1.31014376389141,0.235737581186153,5.55763640781922,2.73452263372379e-08,2.33129242279053e-07
"FEZ1",1089.36283054173,-0.593483180472794,0.205565725661494,-2.88707263121327,0.00388844457491171,0.00987373637826477
"ARHGAP12",866.722085766318,1.87900167353456,0.231427554737323,8.11917870223917,4.69348993179307e-16,2.01983318890817e-13
"RIT1",955.473915934375,0.768525745980921,0.203119390509584,3.78361585298603,0.000154566327135389,0.000574717320054876
"CSNK1A1",3565.88205131445,0.791246985844022,0.189627635438222,4.17263540736287,3.01096547545766e-05,0.000129295168225943
"UHRF1BP1L",784.560902081181,1.51585592565172,0.252365033806775,6.00660045009384,1.89453618186324e-09,2.28485925378445e-08
"DPY19L4",1133.71878859082,1.50991250870018,0.231585327460327,6.51989711636133,7.03556324427590e-11,1.37353067045055e-09
"BTBD3",3165.29422267338,1.16008021390879,0.207341026547567,5.59503458251981,2.20577798019778e-08,1.9389689563053e-07
"ITGA6",5644.06522737988,1.02578584446269,0.217857482193954,4.70851785365562,2.49524513491385e-06,1.36076784272051e-05
"IPO5",2196.70378104722,0.623165317884668,0.194441874110865,3.20489257128512,0.00135112899481796,0.00398138576680803
"EEA1",603.418160323818,1.34914318329839,0.25789376069663,5.23139132817343,1.68238928387605e-07,1.19800641236008e-06
"HSP90AA1",14966.0793933316,0.925290237974431,0.171958919848547,5.38087956582527,7.41227735357627e-08,5.7542526467214e-07
"NBEAL1",391.534824332183,1.78001430347757,0.314311482230395,5.66321755363935,1.485606123561e-08,1.38721975575535e-07
"EPS8",2146.41810591136,1.3722407996213,0.219739178636412,6.2448617863083,4.24175028659616e-10,6.40989989873722e-09
"TBC1D4",137.314572760313,1.34443133495445,0.304300828017831,4.41809949618562,9.95725841978666e-06,4.79595833766659e-05
"HS6ST1",1137.27367653849,-0.664024629814929,0.208112375358852,-3.19070227645011,0.00141927451477286,0.00415620684829047
"UGP2",1389.50010791143,1.22764627727889,0.199142337247767,6.16466741450106,7.06314347223058e-10,9.8605069235738e-09
"EXOSC4",237.340750952362,-0.88011855472662,0.263670503685894,-3.33794847138113,0.000843993995279753,0.00261384623444274
"ZFC3H1",544.872348192198,1.51370487359978,0.260330408917618,5.81455266748647,6.07962426320341e-09,6.28816325865304e-08
"CTTNBP2NL",571.476597954312,1.18856532722243,0.259345179261042,4.5829474471399,4.58467293223764e-06,2.37462546746667e-05
"BARD1",215.907078362341,1.03550756645159,0.315463471461199,3.2824959468531,0.00102892464816825,0.0031268947398125
"TULP4",515.500416442477,0.759053892640308,0.260390963039383,2.91505466925711,0.00355626240934769,0.0091262342047507
"SEC31A",3875.89072159844,0.626823425969755,0.19545552437008,3.20698751283649,0.00134132818026171,0.00395603883439522
"SLF1",94.6353239384864,1.344610701957,0.360676819968139,3.72802084169363,0.000192989421283479,0.000702799592297232
"IFT57",644.937888012638,0.692268316740955,0.208788325731211,3.31564666902002,0.000914313486097888,0.00281052015074438
"H1FX",547.883237950649,-0.869405947343773,0.244308104153262,-3.55864554864856,0.000372772197464303,0.00126186703505529
"OFD1",236.4395676472,1.58224584907624,0.267537011207175,5.91411947803731,3.33655633194133e-09,3.72325079746959e-08
"IL1R1",1266.24366789006,1.06151198813236,0.202046376293034,5.2538036445297,1.48989720881264e-07,1.07878585024342e-06
"ADGRL3",244.181348070872,1.81474046059737,0.283896795101973,6.39225412863689,1.63457934591592e-10,2.82357179160136e-09
"CRABP2",1401.06202533631,-0.95959130714214,0.201554468161142,-4.76095278808183,1.92681123623592e-06,1.07203921395521e-05
"NRIP1",331.53347762981,1.76920112761373,0.271418086786296,6.51836120636548,7.10796635574898e-11,1.38493407459062e-09
"RPS6KB1",480.752908227747,1.54695168790205,0.236143336472038,6.55090129161965,5.71908535951618e-11,1.157617727781e-09
"HECTD1",2362.12437345809,1.79265789774982,0.253865125443583,7.06145790847592,1.64764656140655e-12,6.40781152197933e-11
"KIF20A",1465.34884997031,-0.714379898432,0.192782619999386,-3.70562397395718,0.000210870953391175,0.000758982071514853
"JUNB",1225.20481893667,-0.689104318595109,0.20093497810974,-3.42948910676347,0.000604718706766269,0.00195094711850474
"SLC12A4",1536.3688725279,-0.63086719122589,0.197129603450896,-3.20026612026862,0.00137300750759975,0.00403984194715288
"AIF1L",149.437085171552,-1.14079313514469,0.293526316053089,-3.8865105878219,0.000101695493052291,0.000392582679497495
"GNA13",1662.29357952735,1.40977348900397,0.220174951722918,6.40296944757872,1.52383695589063e-10,2.64612950691324e-09
"NAA38",531.184011881687,-0.751180171342903,0.211197342600396,-3.55676904876688,0.000375443946430753,0.00126917492546844
"HK1",2071.09625429888,-0.610410564856205,0.193599201954692,-3.15296012944857,0.00161623880284214,0.00465857066701559
"DNAJC21",341.042569057687,1.07893201708585,0.251327741712961,4.29292846755486,1.76331828687823e-05,8.05157403115396e-05
"CDC42BPA",1475.47557220732,1.47121536459007,0.249798714346692,5.88960342905605,3.87123461750715e-09,4.24805767672791e-08
"CAMSAP2",1895.84729052418,1.65192413107096,0.236359416718913,6.98903455594277,2.76784249286517e-12,9.85471402675521e-11
"SEL1L",1363.8557016002,1.45967607782916,0.221815561012643,6.58058465855767,4.68601921412376e-11,9.74416348348675e-10
"DDX10",434.328055233271,1.26714462562522,0.234417822959023,5.40549609082719,6.46292605209677e-08,5.06492811272002e-07
"TANC2",2308.65299951219,0.920536027289321,0.214488850131401,4.2917663399537,1.77257421699345e-05,8.07761801792531e-05
"ACOT7",872.31686620721,-1.0615800601096,0.208086398004589,-5.10163119881668,3.36738459612161e-07,2.24145075537402e-06
"TRA2A",994.458180365498,1.02957941895476,0.213628284780331,4.81949017197536,1.43925542515455e-06,8.25542106422696e-06
"SNRNP48",265.250996914358,1.37092131443375,0.274130608103629,5.00097863539377,5.70400339306646e-07,3.59149017713561e-06
"TTC39B",135.757482293954,1.55736291457787,0.369673703209573,4.21280415960499,2.52219736204188e-05,0.000110754747815647
"GTF2A1",737.134295836897,1.6524811634928,0.235582375254428,7.01445157647353,2.30852661495493e-12,8.62256469238639e-11
"GSTP1",5177.17372854379,-0.585601589354838,0.178212966628122,-3.28596510363252,0.00101633600182815,0.0030924358272656
"SPEN",3876.76047353472,0.994215137607604,0.215500527560155,4.61351602645184,3.95913720360753e-06,2.07671118395905e-05
"FNIP2",137.437140848346,1.08680581313255,0.333922410503536,3.2546656916309,0.00113525915628831,0.00341025648829794
"EFR3A",1816.92910070081,1.8044817426012,0.249515287865244,7.23194862342763,4.76112331449944e-13,2.42915456530492e-11
"RLF",1009.07185000084,1.74258466214146,0.219191445032465,7.9500578222082,1.86424481938927e-15,4.73365699911955e-13
"MED13",1964.59550243207,1.62124435207589,0.264801563548028,6.12248783713032,9.21254511573826e-10,1.24062274225275e-08
"AHNAK",43204.1071326625,0.91064542739117,0.209237780256093,4.35220363299878,1.34775991866597e-05,6.32833381164884e-05
"TMEM135",353.725319072726,1.6986432705078,0.267016068890403,6.36157695514949,1.99692815052106e-10,3.35578859658022e-09
"ROBO1",3006.30013233693,1.37376672174384,0.226064869594236,6.07686954726587,1.22551379752082e-09,1.57126108391983e-08
"KRR1",336.033085440481,1.08642606844219,0.24376595130058,4.45684092731456,8.31762758065843e-06,4.07362087052732e-05
"RANBP1",827.197755908059,-0.713776459258972,0.19462756374362,-3.66739656772984,0.00024503261721607,0.00086805040987998
"NPM1",5528.30094943109,0.800536480210792,0.174957345861252,4.57560942222825,4.74835701391399e-06,2.45298735510024e-05
"DCK",193.407359552974,0.850660273587468,0.27456142462805,3.09825123736833,0.00194666322933092,0.00547543979650963
"NUFIP2",3414.00114880499,1.62609126612424,0.248556266745183,6.54214551665797,6.06424516304442e-11,1.21505867659542e-09
"COA7",429.283133796743,0.675776689727046,0.223202502829242,3.02763939096167,0.00246472013076677,0.00670214281712349
"ANKRD13C",853.5086498891,0.787380323884339,0.201368287634462,3.91015056607944,9.2238607501339e-05,0.00035972330064943
"FBXO3",485.092070406466,1.61776751732457,0.272452425737088,5.93779817870181,2.88875338471221e-09,3.31319594459809e-08
"TENT2",610.804913416091,1.53438969441051,0.239560396953724,6.40502234059543,1.50347364240287e-10,2.6153571375226e-09
"ISOC2",651.905504330147,-0.76056031020791,0.224137177354615,-3.39328048646121,0.000690608845966733,0.00218740683436119
"RECQL",437.900172759864,1.44376185648068,0.256491719106357,5.62888291875811,1.81380459426275e-08,1.63524898113202e-07
"ZDHHC17",641.118794219242,1.96081450602591,0.270061690161159,7.26061702737548,3.8532850100566e-13,2.11199787899834e-11
"STK3",382.440267532642,0.983843213700325,0.229848680455333,4.2803953094328,1.86561632961432e-05,8.45894202039513e-05
"PELP1",977.585901329102,-0.62652794964944,0.2054016869392,-3.05025707911977,0.00228645560923986,0.00629522604179587
"ARL14EP",540.074759176065,1.30593684053919,0.241862310635469,5.39950535123878,6.68248909345152e-08,5.22451062562772e-07
"NAB1",683.47923380249,1.28104974567093,0.229584866503597,5.57985273672581,2.40722302698548e-08,2.09006083518441e-07
"ZNF154",848.556177818172,0.845493074518796,0.217663487323133,3.88440470616745,0.000102580916023585,0.00039569209150485
"MAP3K20",1950.22751934859,1.74109990805822,0.237727494337119,7.32393160039448,2.40809461653699e-13,1.54774808535604e-11
"LYPD1",145.86030246161,-0.953632605580272,0.293410882371458,-3.25016099564082,0.0011533969198944,0.0034594917312469
"MOB1A",2489.88966669033,1.32005091888919,0.219912214841765,6.00262663826571,1.94150723091095e-09,2.33216487518891e-08
"CKAP5",4289.78889738045,1.13858161613138,0.201325854008223,5.65541679552434,1.55468531460008e-08,1.44220011658028e-07
"DIABLO",522.19352154484,-0.738381950380631,0.224932211483984,-3.28268657258636,0.00102822918834296,0.00312574094171332
"MRTFB",1025.35851363157,1.39817673713611,0.270315806898058,5.17238245584134,2.31127895342803e-07,1.59533047984872e-06
"RALGAPA2",469.030491573342,0.696033317282628,0.218958084754245,3.17884273633396,0.00147864291863797,0.0043075304459267
"JAZF1",428.100484907827,0.791574252615652,0.254306240145573,3.11268119949605,0.00185396165548312,0.00525200700228161
"PEG10",4513.21802285748,1.0323533838108,0.22596577766397,4.56862713674279,4.90929243176844e-06,2.52952506453118e-05
"EXOSC5",330.966719473517,-0.72289745278258,0.243852881417929,-2.96448189818039,0.00303193080304726,0.00797079710187565
"IMPA1",240.106744747024,1.44171965315566,0.270347664260477,5.3328356177939,9.66908350941358e-08,7.30012117285855e-07
"AMMECR1",499.051371603156,1.27094631759209,0.249214512802444,5.0998086078542,3.39997099826846e-07,2.25998802279065e-06
"LYRM7",219.327051106679,1.76446152245192,0.285741059167058,6.17503668389613,6.61481101661894e-10,9.36672381151564e-09
"IKZF5",369.62379813613,1.48460982818194,0.260118883709696,5.70742810752192,1.14696040458614e-08,1.11161382755651e-07
"GTF2F2",476.847064037927,0.879167893063128,0.217110692035024,4.04939934013615,5.13492582511509e-05,0.000210457539614862
"TRPM3",107.941079848056,1.12841004328729,0.327265635350799,3.44799429392499,0.000564765968482117,0.0018334055611794
"ILVBL",802.708784525337,-0.984280910461624,0.225199808073695,-4.37070048540861,1.23848580197135e-05,5.86252150545786e-05
"ZFP28",369.865778205294,1.06801235923252,0.274182541442437,3.8952602657115,9.8093341889429e-05,0.000379565245512732
"AGO4",392.80920701776,0.963421480248219,0.24564904582571,3.92194269271362,8.78378862188771e-05,0.0003440519975443
"PRDM10",427.080893721128,0.98287159116774,0.245704656444741,4.00021556526255,6.32848102395261e-05,0.000254631321849931
"TBC1D5",1563.33248419701,0.809427652557261,0.210330304850924,3.84836437683556,0.000118909097692789,0.000452677788062779
"WDR3",643.644412930229,1.12930678411359,0.22494599427813,5.0203462735028,5.15784149159516e-07,3.27048783368411e-06
"RUFY2",394.419943470794,1.74767400282116,0.307185325285492,5.68931475224902,1.27550175294065e-08,1.21744612831308e-07
"GTF2H3",589.292918157727,1.23827839427667,0.237589504955679,5.21183961601194,1.86977167430462e-07,1.31535181466007e-06
"QKI",2011.22621475196,1.26667230903051,0.221307169554479,5.72359364398585,1.04294037398875e-08,1.02208156650897e-07
"COG3",559.943157318896,1.34748995174081,0.241706279795398,5.57490667135931,2.47662604010527e-08,2.13719656015362e-07
"FAM214A",352.967767872071,1.50442444893368,0.321357879995015,4.68146120753913,2.8483730259888e-06,1.53725170181227e-05
"ANKMY2",505.205566535921,0.812863441227401,0.239917462056259,3.38809619883688,0.000703795752439259,0.00222254838401902
"STOML2",1015.45816591698,-0.674626487778327,0.20066786397471,-3.36190595950805,0.000774064807685154,0.00241693800204027
"ZNF714",359.892613527957,1.24749775504355,0.271511728258997,4.59463671437998,4.33503836861047e-06,2.25832683013192e-05
"APLP1",472.600990901441,-0.658015159033367,0.22055366403547,-2.9834696327128,0.00285000315735507,0.00757094236486862
"TNFRSF12A",666.466222417539,-1.08692746209089,0.223817491804704,-4.85631151223562,1.19592511628518e-06,6.96719646909403e-06
"UPF3B",101.068546486624,1.60169249624407,0.342929561669896,4.67061657923169,3.00296998288797e-06,1.61325390452377e-05
"ARSK",77.5858793019907,1.41905447532774,0.376207914859414,3.77199526984441,0.000161947326939027,0.000599235380202801
"CEPT1",327.782930408881,0.836564206154532,0.256182211221561,3.2655046662511,0.00109269205140689,0.00329739814781262
"SLC38A2",10861.6734338494,1.72677732394974,0.233020583049504,7.41040684626082,1.25912539277943e-13,9.66110320754324e-12
"PON2",613.273649378792,1.08284037419544,0.209530755973854,5.16793045089076,2.36700352644702e-07,1.63141304613452e-06
"TOR1AIP1",1631.51220409961,1.24139342565544,0.209498057175736,5.92556056314216,3.11233849695083e-09,3.52470554265668e-08
"TAB2",1242.09313543393,1.00842036004554,0.239478982737123,4.21089294985226,2.54363265904643e-05,0.000111500779713205
"SUCLA2",554.856913626847,0.986137778090006,0.213958736418529,4.60900916969803,4.04592490658592e-06,2.11886585848611e-05
"STMN4",144.195782655955,-1.24204579176264,0.298201736607829,-4.16511924407765,3.11189872421772e-05,0.000133224799188179
"XPO1",3749.32150608021,1.53040583877013,0.245703652932706,6.22866538817507,4.70425308975517e-10,7.01245437987902e-09
"ID1",6414.18976347469,-0.64004749512299,0.192522935590086,-3.32452594887582,0.000885689908804787,0.00272676787475887
"FLII",3624.27796211227,-0.606509930524803,0.186571721206068,-3.25081382432504,0.00115075187150726,0.00345260443291266
"ALDH1A1",235.561878920095,1.58353561933668,0.259578482633193,6.10041172624603,1.05795596064848e-09,1.38881274515898e-08
"PTTG1IP",6100.54142552416,-0.510194323008238,0.170941335631575,-2.98461645407899,0.00283934098692512,0.00755275385342242
"ZCCHC8",525.082236706321,0.941312138234555,0.232377073459234,4.05079607993122,5.10436770532752e-05,0.000209291762830704
"MEF2A",1720.20363398947,1.2534953407548,0.211040233457742,5.9396036491108,2.85711990518422e-09,3.28834567692017e-08
"PBX1",3624.91615792385,0.770898943691672,0.194387840892778,3.96577759262675,7.31570547696862e-05,0.000290620725743212
"RBBP8",375.839639470088,1.56749569383236,0.243987389912906,6.42449470192659,1.32308269152386e-10,2.35961666318976e-09
"ABCE1",1032.26364357173,1.33629569270172,0.2177656344891,6.13639381547418,8.44157420990648e-10,1.15089120564262e-08
"USP5",2060.5318175501,-0.670846406413539,0.190843343668793,-3.51516795669744,0.000439475948976875,0.00146511719197478
"ZNF420",148.254754377038,1.85091625518244,0.309765627683811,5.97521509736946,2.29786791361036e-09,2.69801857757003e-08
"PPP1CC",1520.08186136328,0.814389444597418,0.195232858450584,4.1713748959095,3.02767266702949e-05,0.00012989988755205
"DGCR6L",317.28235586892,-0.903557023996775,0.251721052725426,-3.5895171032133,0.000331291095588583,0.00113582239838441
"NELFB",1600.91349912022,-0.576346817494727,0.192855843070345,-2.98848512090194,0.00280364151062015,0.00747788835141962
"ZNF225",158.379045003721,1.7843013407746,0.320783678009447,5.5623196038112,2.6621216565696e-08,2.27348405148627e-07
"MBTPS2",539.67371137182,1.37259075724614,0.236402820495227,5.80615220398289,6.39248556819913e-09,6.57721644012837e-08
"NME4",555.468244183433,-0.927909091918393,0.214472589981052,-4.32646937308105,1.51518376054513e-05,7.01520946074058e-05
"RAB11FIP5",1680.64835201805,-0.606858063295747,0.196557791440752,-3.08742817492773,0.00201896555368485,0.00564033899248452
"TUBA1A",21293.3775776681,-0.523345327129421,0.176315946296149,-2.96822458843503,0.00299525389426199,0.0078916299267626
"TIMM44",495.555189242117,-0.702029235048802,0.233128015849255,-3.01134650201264,0.00260091866506512,0.0070242545557475
"U2AF2",2024.5211626816,-0.611075969017216,0.200041486696391,-3.05474618844772,0.00225251059074786,0.00621559794458386
"NUDT1",137.557834322191,-1.34254403181773,0.324394333086911,-4.13861740136515,3.49405064552288e-05,0.000148048430177164
"UMAD1",184.813311191119,1.33191478155522,0.2741635987133,4.858102198126,1.18516235946198e-06,6.90856126852456e-06
"SPARCL1",57.2258345445457,2.36094378239303,0.449980335466769,5.24677101710233,1.54788084843239e-07,1.11424906456609e-06
"LRRC8C",744.205469673605,1.59518371243337,0.247404050056085,6.44768633363825,1.1357050172423e-10,2.0855673952995e-09
"FAR1",739.215127968971,1.75627576600991,0.245717331110768,7.14754534436232,8.8343342793267e-13,3.8691256945476e-11
"MLLT10",732.843468858243,1.17315010470717,0.25044266661068,4.6843060752538,2.80909979141699e-06,1.51771123010073e-05
"CBR4",114.373555736194,1.33667346832847,0.347001943288032,3.85206335060479,0.000117126710062537,0.000446668761216001
"CLIP4",617.639480584804,1.48084599640579,0.248010943096658,5.97088974347658,2.35963174061455e-09,2.76071335326275e-08
"SLC30A6",460.966841761908,1.58091636464779,0.25078939541802,6.30376081896401,2.90508693064951e-10,4.61549766285214e-09
"SSBP2",1039.50567222647,0.733972909723691,0.192813700315031,3.80664293317581,0.00014086589480731,0.000527940411511833
"AFF3",658.13471117388,0.927001754538543,0.246341563190739,3.7630749051502,0.000167836903977852,0.000618484614881897
"ZNF470",300.24914905548,1.81690728182715,0.299480511141142,6.06686316549946,1.30432590704684e-09,1.65728085082793e-08
"DEF8",656.711735772642,-0.691716308540603,0.209278499393097,-3.30524306389125,0.000948940655787249,0.00290883078692542
"NCAPD2",6622.38752184868,-0.712233296883054,0.172882666725823,-4.11974959879926,3.79284360270413e-05,0.000159412169764609
"FRMD4B",249.106898285292,1.42592268630426,0.276057209643768,5.165315871099,2.40033218240083e-07,1.64875003063174e-06
"PLEKHH2",219.102307732185,1.84547357315987,0.322556910682745,5.72138903877032,1.05656652338899e-08,1.03033452694623e-07
"CCNE2",216.402167760413,1.13233859783208,0.269614926507097,4.19983645750516,2.67107840472514e-05,0.000116468431938191
"SESN3",2515.96780962836,2.00586492204678,0.256641833214554,7.81581434687567,5.46088132405824e-15,1.01984534614205e-12
"FNIP1",919.364167067355,1.7500541194936,0.262349670186826,6.67069304202801,2.54598238192166e-11,5.87415702010736e-10
"HS2ST1",1070.70318152187,1.753018252789,0.226329713463822,7.74541807153933,9.52678642412217e-15,1.40740495561136e-12
"DENND4C",523.533168233968,1.97865055923224,0.272382576605588,7.26423321157339,3.75160272273287e-13,2.07448959495028e-11
"ZBTB41",446.529140338648,1.30610831804686,0.284375887468392,4.59289403779718,4.37141053349329e-06,2.27368478510334e-05
"ITPRID2",5792.5226717324,1.80192065598247,0.224912972025486,8.0116350771368,1.13193318292723e-15,4.1495832017088e-13
"ZNF704",1005.14925524746,1.73020552996907,0.254469037032903,6.79927723287353,1.05145310689636e-11,2.89896458274656e-10
"LARP4",963.797546633102,1.51861031896204,0.218310806170458,6.956184833912,3.4961111652034e-12,1.17303418010791e-10
"BAZ1A",580.912621806118,1.53343204443734,0.241734874128134,6.34344568597301,2.24682208344026e-10,3.71269532251948e-09
"PTPN2",120.70500259272,1.3729563475135,0.315248711388913,4.35515292501773,1.32974052706838e-05,6.25484131809592e-05
"FAM204A",329.699260431647,0.726063398161146,0.232876666364502,3.1178022663065,0.00182205002007208,0.00516456217029595
"POSTN",690.307485464566,1.87494573903521,0.224960233960477,8.33456520748734,7.77834965557782e-17,5.14128439363676e-14
"SLC19A2",111.598490234857,1.1513378046612,0.345868035321185,3.32883552997903,0.000872098878305178,0.00268994537160008
"EIF5B",824.725371213332,1.35629534189565,0.226664608997373,5.98371023996681,2.18111187425643e-09,2.58856658649762e-08
"DHFR2",241.852984034313,0.840765889577682,0.249486263079412,3.36998870879743,0.000751712638098452,0.00235681079882752
"ZNF510",552.867447186944,1.6167386093215,0.271287170505733,5.95951001408425,2.52995359927032e-09,2.93268757416518e-08
"PDCD6IP",2479.75890515998,1.2977684337218,0.21624573687448,6.00135962206315,1.95672069375288e-09,2.34759047597164e-08
"ERO1A",387.399612797751,1.0277699431073,0.236999977578887,4.33658244868485,1.44715159301397e-05,6.74599901586171e-05
"RNGTT",279.560144922102,1.22447675603713,0.274083193203768,4.46753681509683,7.91253973970502e-06,3.89062684270245e-05
"ELP1",1514.39779630828,0.797204381078656,0.20085430697563,3.96906789345265,7.21543230838235e-05,0.000287282176139857
"TANC1",2531.39580826643,1.10268853236193,0.199192948120509,5.53578097400726,3.09844575892941e-08,2.61899369102334e-07
"SERPINE1",3924.92969210453,-1.56317884808449,0.173079110562184,-9.03158586271373,1.69201676896226e-19,3.3495163958377e-16
"NSRP1",547.432172868017,1.66206143237443,0.241104915693934,6.893519477157,5.44286630321649e-12,1.68354658341365e-10
"BRAT1",651.189323575438,-0.656912447744274,0.222753077755482,-2.94906115041595,0.00318740901036466,0.00832426764764893
"LYRM2",553.177954086352,0.92910374984063,0.207851009100163,4.47004685646195,7.82024628898173e-06,3.85290183018124e-05
"PRMT9",135.664123656161,1.25603095794816,0.311071616906111,4.03775494029485,5.39651837894574e-05,0.000219994806074156
"FAM155A",190.942062423158,0.828910312721406,0.277089960659373,2.99148446500516,0.00277624663419863,0.00742282257841656
"TMEM245",1873.32656646721,0.777050256962546,0.21158525152431,3.67251616719263,0.000240173951385837,0.000852973118964867
"PAPOLG",430.653051437054,1.40256604187085,0.252528419211815,5.55409187705883,2.79058684291358e-08,2.3749981574513e-07
"OLA1",1150.82965206938,0.649053593395324,0.192842438251448,3.36571969987757,0.000763442436855445,0.0023890462345859
"ZFP62",244.317282691044,1.50600791520279,0.265866028858993,5.66453684085202,1.47422187388364e-08,1.37919169259927e-07
"ZNF708",275.003666510575,1.17784687745234,0.280622293253925,4.19726766464185,2.70154573785982e-05,0.00011758970850192
"RBL2",909.309082375024,1.20069753034388,0.224818558318354,5.34074028107426,9.25677948413231e-08,7.01022213725644e-07
"FAM208A",1180.24811901987,1.92239557642184,0.267626585365956,7.18312634670853,6.81350791031924e-13,3.10783876941658e-11
"ST13",4268.84692384645,0.534706733741226,0.173632791331351,3.07952622106283,0.00207330119010298,0.0057742079852671
"CD70",1062.99795478955,-0.855308317397649,0.192939030303452,-4.43304973624276,9.2909422418928e-06,4.50792874069877e-05
"TUBG1",1050.97933726079,-0.792148697048644,0.194670279880054,-4.06918147719685,4.71785897544763e-05,0.000194978572605347
"SMG1",4360.56863679983,1.84154641280562,0.271721675984127,6.77732612290081,1.22420345090997e-11,3.24856990807155e-10
"UQCRC1",2160.6219540291,-0.6083501261491,0.196926154604707,-3.08922970323699,0.00200676217776427,0.00561416959737443
"SLC52A2",366.935142723419,-0.831955024045893,0.255025480466116,-3.26224274737297,0.00110534446574774,0.00332746335826372
"VPS72",863.855377921072,-0.633025125115322,0.211738330672605,-2.98965767371671,0.00279290259908977,0.00746194698164224
"TAF2",1297.56717047801,1.56665395519821,0.214977755960954,7.28751655349288,3.15720524522688e-13,1.87627365849766e-11
"ARID4B",1016.42766993572,1.77158576102752,0.233471507262726,7.58801697816577,3.24838359038049e-14,3.61264053680743e-12
"ITGA5",4873.96985064462,-0.515411173281417,0.176929712515026,-2.91308433137055,0.0035787793885525,0.00917925845760369
"CDC42EP3",2052.93967156867,1.20478496797514,0.19526085871593,6.17013043934162,6.82336786703478e-10,9.5798149145972e-09
"TRIM2",1325.69489524487,1.78989965820237,0.236806260165113,7.55849806062713,4.07750091870912e-14,4.3396886121917e-12
"DMRTA1",262.834228913933,1.01742815343501,0.246224449439509,4.13211667546025,3.59437876812247e-05,0.000151650302842609
"ZNF181",176.150834907248,1.60833833393716,0.321977089147985,4.99519496307375,5.87763584612239e-07,3.67974950062742e-06
"PLSCR4",431.000459295968,1.44573620372827,0.256874961624585,5.62817097697972,1.8213051198394e-08,1.63735495696371e-07
"CENPF",3367.10969409519,1.43907180323994,0.23023341672879,6.25049058336802,4.0916540472364e-10,6.22107400300244e-09
"HMGN2",6533.23678790206,-0.732067808471679,0.183450786239341,-3.99054058845286,6.59228658587788e-05,0.000264069652516521
"SPTLC1",2232.62170248122,0.805190556130549,0.19165933152428,4.2011549853942,2.65556710079841e-05,0.000115894193843486
"NAA50",1745.21297657351,1.39871203468544,0.220490145727114,6.34364873800996,2.24386124928985e-10,3.71269532251948e-09
"DPM3",236.390250350164,-0.780095852775817,0.260215816695529,-2.99788023142569,0.00271864490439609,0.00730234661159091
"MTRR",394.560038589044,1.11249040660603,0.234954999383529,4.73490842725187,2.19154025043702e-06,1.20711549242213e-05
"RFTN2",512.552398548273,1.9496943931631,0.248510350609916,7.84552590416452,4.31142833476628e-15,9.07968460798226e-13
"ODC1",8021.12445951779,-0.532313235340687,0.178247693882102,-2.9863681473084,0.00282312551766674,0.00751972453548585
"CXCL8",1134.04312261564,0.69541479229933,0.197977679991983,3.5125918857494,0.000443758532110194,0.00147790106017049
"WDR11",636.700773523334,1.17919327348388,0.227017293629159,5.19428830567478,2.05504464082366e-07,1.43447333250159e-06
"ZNF45",356.944260987138,0.860566047357783,0.249230465998969,3.45289266265442,0.000554609640395458,0.00180457798179955
"BNIP2",556.458964861467,1.60393708704519,0.21244968058448,7.54972698773903,4.36171585721446e-14,4.53851102342011e-12
"USPL1",313.761794814534,1.79848299569342,0.294663946966049,6.10350541425633,1.03767051537249e-09,1.37127673713711e-08
"PDE1C",162.414901667649,1.37512409230759,0.30960215664948,4.4415843455007,8.92989304047656e-06,4.34766755113807e-05
"SATB2",1039.90133607647,1.01855170497764,0.2144378509451,4.74986902027111,2.035484422073e-06,1.12932874493714e-05
"CTNNAL1",1827.77020563721,0.861594656336703,0.191867969859963,4.49056013343732,7.10361159589334e-06,3.54392880928187e-05
"KMT5B",814.396282893198,1.30681794843708,0.234854326339008,5.56437673007016,2.63091026171079e-08,2.25071303115068e-07
"SCFD1",506.62514423569,1.3369615596594,0.22258417696254,6.00654358231585,1.8952004923793e-09,2.28485925378445e-08
"MXD1",312.474618033745,0.95390572020297,0.262205215807293,3.63801199478824,0.000274750632295938,0.000962648410076176
"GNB2",1936.99196471524,-0.902707662711671,0.193844179063242,-4.65687268544267,3.21048841333682e-06,1.71214516784525e-05
"C6orf62",1577.76782432365,0.937206333190651,0.197346915539785,4.74902954843351,2.0439508038494e-06,1.13339075946786e-05
"ANKRD36C",526.536981736972,1.28626043040724,0.253425272410259,5.07550181627097,3.86474664756125e-07,2.5366884825969e-06
"C2orf69",288.234518005261,1.34809489026123,0.248400570498101,5.42710062041319,5.72768422378854e-08,4.55362397165132e-07
"YES1",480.701533134736,1.61646778014333,0.260266162655745,6.21082573181608,5.27068999368449e-10,7.70595119017564e-09
"WDR26",1972.29532699577,1.1700853122319,0.208695663852972,5.60665847401714,2.06270111092313e-08,1.8278080211206e-07
"YAE1",190.124682153803,0.860297986186131,0.282984037076874,3.04009369246657,0.00236504562663635,0.00648275314662049
"B4GALT2",1108.43642810439,-0.685539177708617,0.204374001259115,-3.35433652756769,0.000795555444459813,0.00247934754070001
"ERGIC1",2166.73314690396,-0.627000580425674,0.18437388060432,-3.40070176084899,0.000672131146734025,0.00213571559883576
"INO80D",885.444748761606,1.67896806258876,0.273460745369854,6.13970411116214,8.26753314059817e-10,1.13027683737073e-08
"ZNF189",835.352844147095,1.4535960776694,0.248850109799476,5.84125150212196,5.18101176762126e-09,5.46712734284811e-08
"ELOVL1",2103.88399384504,-0.685100530229025,0.188981489269778,-3.62522558625315,0.00028870932168021,0.00100654326617808
"ZWILCH",294.126423317717,1.28160188863894,0.253121371509451,5.06319115211925,4.12296079168085e-07,2.68480696816165e-06
"TOMM70",1899.68702863082,1.05557946097994,0.203991025378576,5.17463677149987,2.28354783082421e-07,1.57839081211578e-06
"PRPF38A",1582.84628589994,0.738393861719971,0.184408208522902,4.00412686416976,6.22469555303964e-05,0.000250659221252996
"USP6NL",200.710121085489,0.877309000596786,0.289258874618417,3.0329544832604,0.00242172124633489,0.00661246810930283
"SRP54",640.725143928191,1.17944529995079,0.218946816347904,5.38690317413276,7.16820248276223e-08,5.57789844138212e-07
"PPP1R15A",3043.04198455721,-0.798324083238694,0.209468706147129,-3.81118544112244,0.000138301964985705,0.000519693478463358
"UBLCP1",184.695999025558,1.80873595115252,0.283666541643943,6.37627525851406,1.814466890659e-10,3.09115202818292e-09
"SLC2A13",69.3075890389835,1.31100290549764,0.419400268448876,3.12589906140569,0.00177262383483063,0.00505195240920056
"ROCK1",871.464795089252,1.30231436298973,0.242274382494272,5.37536965147572,7.64257247881048e-08,5.90985799963017e-07
"ATMIN",671.781710470183,0.884559929102241,0.214068497482583,4.13213499185798,3.59409227948682e-05,0.000151650302842609
"CNOT2",1016.49646635376,0.951220168179389,0.199538546328847,4.76709981945916,1.86896726037872e-06,1.04337495449682e-05
"KLF12",336.231331839703,2.02459154364036,0.258354437485543,7.83648836592423,4.63321256768361e-15,9.15219994995455e-13
"RPL8",19571.9987716137,-0.772995423888045,0.200495600926811,-3.85542336248176,0.000115529519764595,0.000441680643735019
"CDK19",789.283669249747,1.4601670631978,0.250993520577165,5.81754883488673,5.97168188698074e-09,6.20227778775817e-08
"HERC4",505.316973150601,1.4169455657364,0.280902623253229,5.04425892975392,4.55282429461092e-07,2.91864345000381e-06
"ENTPD6",1142.23015671535,-0.574638204577744,0.191767266467219,-2.99653958240039,0.00273062785378465,0.00732658023766887
"CD151",4199.3745786066,-0.584707214292718,0.185828172869114,-3.14649391028858,0.00165240702494486,0.00475037023900792
"SPPL2A",379.087836691488,1.01781776928519,0.270311071787161,3.76535730688309,0.000166311081463117,0.000613318585812941
"KMT2E",2552.78796736885,1.62679090115527,0.246877519653547,6.58946551082581,4.41412754150975e-11,9.29596476720499e-10
"CAB39L",292.719135622182,1.36664378965871,0.252403376220543,5.41452261900243,6.14524351784884e-08,4.8582763849575e-07
"RBBP4",2855.81742747376,0.629269058777481,0.198429168950508,3.17125280575273,0.00151782987690415,0.0044005507093138
"SLC35A5",522.580600606503,1.32484732820391,0.224687587143374,5.89639750485424,3.71523350694044e-09,4.10417201469827e-08
"TMEM263",1763.31424203287,1.36356109902449,0.201551444664471,6.76532535549153,1.33009953333236e-11,3.42847009919888e-10
"BMP7",244.044453354285,-0.770647195598301,0.249625644219569,-3.08721164449132,0.00202043688503755,0.00564259234192921
"SYF2",714.664811441369,0.707055568316775,0.19904018473978,3.55232572377865,0.000381841866217643,0.00128772429022904
"RMDN2",133.575429143089,1.08856664047407,0.305981696258632,3.55762012494355,0.000374229978867284,0.00126636866011227
"NGRN",1269.78288390478,-0.590281161447745,0.195425719805236,-3.02048861345389,0.00252367197009767,0.00684739724781433
"ERI2",184.882925746078,1.20259096480287,0.281217764663172,4.2763691200066,1.89966152743333e-05,8.58577616371467e-05
"GOPC",803.032030876422,1.85135731504155,0.246930410306847,7.49748608420069,6.50533786432992e-14,6.19133020972476e-12
"R3HCC1",533.45785075891,-0.719256705078161,0.225873629511701,-3.18433234828284,0.00145088327478303,0.00423748676712967
"SNX2",949.291862267613,1.66729598556896,0.235261060740697,7.08700360492992,1.37046814448834e-12,5.59326351150255e-11
"RCC1",493.158286024351,-0.892393488263443,0.225265735199772,-3.96151455289923,7.44758418390786e-05,0.000295574130923496
"XPOT",1918.03553522952,1.13731499369164,0.208217589166926,5.46214658541583,4.70411386748273e-08,3.81963240855981e-07
"KLHL42",554.115112516782,1.04856623548523,0.238794829705505,4.39107595745847,1.12791126871022e-05,5.38027264467167e-05
"DYRK2",383.642014525948,1.07011773222191,0.230265850292878,4.64731409742616,3.36284920602535e-06,1.78761984109769e-05
"CNOT7",1379.37269849125,1.02273573695352,0.21288739408863,4.80411600382372,1.55436696871578e-06,8.83187385553891e-06
"PGM2L1",901.614466842551,2.11444138943484,0.268387207857114,7.87832403160041,3.31801350999352e-15,7.43576681984311e-13
"MACF1",6735.51969066126,1.32860375290091,0.236034093922299,5.62886374092327,1.81400624498177e-08,1.63524898113202e-07
"ELF4",755.384917332373,-0.578615963122705,0.197438863137447,-2.93060825983333,0.0033829909338004,0.00875272926378808
"CDC5L",940.530917865154,1.1309341257656,0.223496916939434,5.06017774765134,4.18865819298171e-07,2.71864516682839e-06
"TRIP10",686.806112641239,-0.787482778533291,0.224802681086537,-3.50299549243432,0.000460057248437536,0.00152499887643494
"ZNF217",3496.09460503681,1.38392197362666,0.208411843593168,6.64032307265684,3.12996337926334e-11,7.00913518731867e-10
"SREK1",744.499038103096,1.70285254652924,0.23661581135684,7.19669804297722,6.16881656442407e-13,2.92148068682629e-11
"R3HCC1L",237.262358783915,1.29249223252562,0.274952432275772,4.70078486605015,2.59163440950398e-06,1.40790325934525e-05
"ATP11B",895.222842845875,1.75372205157612,0.250495568724778,7.0010102793593,2.54123296274081e-12,9.29518975410504e-11
"NT5C3B",783.337206058628,-1.14391255429477,0.219878116611663,-5.20248477621395,1.96641472352226e-07,1.3794169336232e-06
"PEG3",235.678267592863,2.21416718820642,0.305354036248093,7.25114760365396,4.13255018579687e-13,2.21102603994689e-11
"BCAR1",1393.78659468304,-0.661715983816251,0.210967740470436,-3.13657425699632,0.00170934144388511,0.00488990219987713
"CDR2L",526.495702076971,-0.63167588499565,0.211093634154079,-2.99239665623732,0.00276796364086837,0.00740267606520269
"ANAPC4",243.840061590672,1.36227490214109,0.271085051957453,5.02526750296399,5.02731285778514e-07,3.19181158860534e-06
"NT5DC1",146.927307207614,0.940318393937501,0.300836497916928,3.12567923256825,0.00177394932058751,0.00505427471939413
"HNRNPR",1840.17626633364,0.986230469634677,0.20229124326917,4.87529985824643,1.08643297438443e-06,6.41608595050957e-06
"SCOC",352.646159070943,0.998618598007282,0.232267767163818,4.29942824267544,1.71239307148161e-05,7.83599936270223e-05
"COIL",542.915350908322,0.863873960934746,0.219992364877463,3.92683610367991,8.60705882313433e-05,0.000337530381265387
"GSS",747.779039239921,-0.652504732828151,0.208799517493325,-3.12502988829469,0.00177786994637597,0.00506253070461143
"CLTB",136.688370318106,-0.936411817138106,0.311447991199413,-3.00663945056093,0.0026415286385684,0.00712226926302097
"RUSC1",464.930885544843,-0.681097324538946,0.222865773153229,-3.05608759435064,0.00224245733430285,0.00619476491625163
"RPGRIP1L",330.950451145397,1.65195099607836,0.284739735221255,5.80161737804077,6.56782958574948e-09,6.73661940308273e-08
"AP5M1",284.66477467057,1.46599911406671,0.261842855666339,5.59877454107361,2.15872325654126e-08,1.90437101544077e-07
"PPP4R3A",707.205051671508,1.19488950260125,0.235951710493514,5.06412731699225,4.10275399323294e-07,2.6751685787233e-06
"GABPA",640.11283155768,1.78136259046425,0.244452380566937,7.28715583105756,3.16566681116498e-13,1.87627365849766e-11
"RAD23A",2008.4938419367,-0.808270746275704,0.201227507057386,-4.01670108672172,5.90185058254749e-05,0.000238434763534919
"PFKL",1092.58228658824,-0.708012320317849,0.21277416818015,-3.32752949464427,0.000876197133459819,0.00270006202583602
"PRDM6",299.952220180944,1.03793483703013,0.244945945622549,4.23740362140775,2.261194316233e-05,0.000100544929658914
"GAPDH",76831.4464449791,-0.534194087417369,0.176347199937597,-3.02921785889656,0.00245187802196524,0.00667639302927426
"TP53BP1",1710.5796891326,0.912833426711941,0.216873310831711,4.20906299263481,2.56431896172282e-05,0.000112308093288197
"FGFR2",470.110909862387,0.724552879514204,0.214005486147907,3.38567432338365,0.000710035956102117,0.002239622655672
"EIF3G",2080.95300503883,-0.817722163682951,0.205379601686225,-3.98151596832996,6.84771197015476e-05,0.000273411266964872
"ATP5PB",1487.14206398936,0.663755179751841,0.189079003866216,3.51046475906698,0.000447324097288608,0.00148727373697099
"ZNF626",215.717879172167,1.05705818516734,0.288723275593151,3.66114641431568,0.000251089209926868,0.000887283470137859
"RSRC2",1091.42533846025,1.12989689077885,0.200743075898921,5.62857217226153,1.81707470811412e-08,1.635766546576e-07
"ZCCHC7",255.741297299438,0.901514507529526,0.264017329823647,3.41460353428959,0.000638749124052068,0.00204474088934909
"SEPT9",10065.1504291665,-0.676369470018849,0.194664302078345,-3.4745429069303,0.000511724517209875,0.00167939299447723
"BLVRA",413.108451112633,-0.688208522892118,0.227535011104277,-3.0246269334644,0.0024893998603745,0.00676367823716355
"NTN4",662.613943558388,0.645487441069987,0.217520823422399,2.96747424413951,0.00300257437436408,0.00790201572918256
"AARS",4525.99246431719,-0.655514217102844,0.186860725909138,-3.50803634050737,0.000451427379705817,0.00149940543769402
"RAPGEF2",490.989945779368,1.04800491839126,0.280171973730218,3.74057727629958,0.00018359808600821,0.0006705733783429
"SH3D19",749.587990627957,0.934849181459789,0.217740866988249,4.29340249439827,1.75955607133242e-05,8.04066758727992e-05
"ADAM22",211.327558752168,1.62968630928555,0.301283452226919,5.40914642752473,6.3325839069222e-08,4.97065150759048e-07
"ZNF141",249.782799204536,1.26256883182203,0.286379016655052,4.4087337353449,1.03976763879202e-05,4.99350804889056e-05
"KLHL20",451.139331544887,1.1884956706022,0.24004705463455,4.95109457773425,7.3797225785121e-07,4.54256803993239e-06
"RNF2",233.221517045111,1.20612698292553,0.285733725794531,4.22115723151577,2.4305132434925e-05,0.000107063729791227
"TRAFD1",1512.56817950633,-0.586008272838925,0.188533364985991,-3.10824703565052,0.00188200682990984,0.00531927572885426
"SLC44A1",1570.15738015544,0.822016071543188,0.213227825046135,3.85510695597693,0.000115679043785482,0.000442081534899111
"IRAK1",783.587399396326,-0.857583801904774,0.204804905555508,-4.18732060923386,2.82266963302398e-05,0.000122103743055049
"ASAP2",1396.34037102553,0.970933761794023,0.215410313747365,4.50736895974601,6.56364416302635e-06,3.2978147170373e-05
"HAS2",1444.1713720689,1.80285828042447,0.235100573526423,7.66845547580872,1.74079767052125e-14,2.29738871237592e-12
"ZNF717",173.41415065911,0.912346505554089,0.293508212979309,3.10841899888643,0.00188091197451597,0.00531769972115369
"NFYB",293.157900155276,0.740055431157075,0.247596911930111,2.98895258986901,0.0027993556495264,0.00747048320814568
"SLU7",708.696099636167,1.51693621789728,0.224121768595342,6.76835734165629,1.30252731143503e-11,3.37497783470784e-10
"SF3B2",4623.16441720126,-0.59067597434714,0.203908372290906,-2.89677156318256,0.0037702417680279,0.00960315311887292
"MPG",340.584470802237,-0.992061890253594,0.252400820665392,-3.93050184083503,8.47687445056513e-05,0.000333084967493822
"TPD52L2",4577.90179027718,-0.582278616827474,0.175779728472721,-3.31254702625073,0.000924505819742765,0.00283832462897453
"FAM92A",813.414849602584,0.670582619718289,0.206675118020704,3.24462192711128,0.00117606656543191,0.00352108495603299
"C5orf51",507.81967719977,1.66198731162017,0.280402517069512,5.92714833300929,3.08240524467251e-09,3.49480493834691e-08
"ZNF302",608.36823703819,1.70866012246714,0.244345134218591,6.99281419264347,2.69426241194971e-12,9.62736799764556e-11
"PHF6",392.600013354056,1.55808395244709,0.265550316288369,5.86737750579487,4.4274186882571e-09,4.80765686412774e-08
"CAPZA2",1070.58527344695,0.8476089633786,0.2040914710065,4.15308370897873,3.28024675772034e-05,0.000139646806055552
"RBM25",846.08708945669,1.42067935890816,0.202369051374516,7.02024024552534,2.21487068972651e-12,8.33566163000493e-11
"FGD4",816.138279910855,2.43201051580106,0.266444949221167,9.1276285135446,7.00161688481412e-20,2.31006679752967e-16
"HLA-DRB1",854.723703060385,-0.777532763219579,0.205388864335437,-3.7856617287183,0.000153300093579393,0.000570866939897982
"BLZF1",346.916434304237,1.31406586864408,0.255832725236292,5.13642602771162,2.80012494091824e-07,1.89963239651876e-06
"ABI2",2026.02657954815,0.905334346398035,0.198339554577481,4.56456781062482,5.00524400055748e-06,2.57494309342609e-05
"FAM126B",389.756033930616,1.71617238356705,0.275660387703237,6.2256764487127,4.7948267500422e-10,7.10466993591583e-09
"PARP4",980.083111684623,1.11473127047008,0.236705991207097,4.70934962307221,2.48508480087493e-06,1.35597405507497e-05
"CNIH1",798.376995403862,0.60871742137518,0.204264061705609,2.98005148968633,0.00288199935827556,0.00764363066672334
"UBE2I",2198.6412112095,-0.694535446026085,0.189299013312659,-3.66898608646704,0.000243514330223312,0.000863289699337516
"MEIS1",374.453000088341,0.950949130248369,0.226246485194018,4.20315537469181,2.63219776746381e-05,0.000115026461379059
"SAMD5",537.812889997483,0.84667781854338,0.253911750983714,3.33453577970752,0.000854419074943402,0.00263870202926359
"METTL15",295.457854112286,1.74082819728858,0.257587465611083,6.75820227959758,1.39714385318957e-11,3.56415718012123e-10
"TARSL2",118.803415503255,1.11342196795768,0.314627695229178,3.53885555798467,0.00040186567905794,0.00134881874917446
"LSM7",925.616491486846,-0.844616344359666,0.201437734278159,-4.19294005359175,2.75362227684443e-05,0.000119698521283294
"TCEA1",1557.80885401452,1.19402872266089,0.199453827928433,5.9864918866803,2.14415279121931e-09,2.54775802250765e-08
"PELI1",637.734112227177,1.68749508720743,0.229867434367939,7.34116640683574,2.11740346961351e-13,1.42571833620643e-11
"BNC2",297.112108781356,1.25603290936229,0.250761465760499,5.00887528932345,5.47490331050686e-07,3.46265769759724e-06
"RANBP9",1377.45589132999,0.737605877364218,0.191862706837338,3.84444632061593,0.000120824928489703,0.000459088346330549
"RMDN1",661.422457733492,1.04566859464356,0.206881421392117,5.05443450459297,4.31667857577995e-07,2.79075666512541e-06
"VWA8",252.081604906041,1.24022836973304,0.29582051918881,4.19250284981567,2.75893615422784e-05,0.000119876865911094
"ZNF322",128.786575794896,1.34773997469978,0.318899480556761,4.22622191904103,2.37647631147983e-05,0.000105227615359413
"ATAD2B",391.149975696743,1.86422563595239,0.266462289465467,6.99620813020894,2.62982783866209e-12,9.46546761711903e-11
"INSIG2",128.536878418893,1.32949024473545,0.310862503856042,4.27677905261656,1.89616829056168e-05,8.57782163618809e-05
"DCUN1D1",349.615111356958,1.44540095233998,0.278868521967679,5.18309109304027,2.1823838153233e-07,1.51269152689566e-06
"TAGLN2",3428.32424276892,-0.872102085664565,0.18836065815834,-4.62995879389771,3.65738507222716e-06,1.93380328231327e-05
"ORC2",531.018547270545,0.871199891715093,0.233688729526592,3.72803555173574,0.0001929781597004,0.000702799592297232
"RSL24D1",970.414908795058,0.591129582184528,0.194975815503429,3.03180976911535,0.00243092350209245,0.00662662650060895
"OGT",2245.51680396688,1.14534568912633,0.221646285178335,5.16744816275534,2.37311754714812e-07,1.63345740484507e-06
"ZNF277",166.448834324902,1.20480946694916,0.296361756170449,4.06533380864508,4.79637625535647e-05,0.000197893006150556
"PICALM",1864.97145692106,1.18104160458963,0.217160359483154,5.43856902521499,5.37102014027114e-08,4.294213032989e-07
"RSF1",1146.42870090331,1.80173722594544,0.226374846244649,7.9590875745897,1.73312544783816e-15,4.73365699911955e-13
"PPP6C",1042.70533767562,0.678367729698528,0.200602886520741,3.38164490782834,0.000720532186049531,0.00226983691200454
"QSER1",1249.47749516253,1.69948538704921,0.2842774805975,5.97826244793362,2.25530185087354e-09,2.66066480571469e-08
"NDUFA13",1403.34681900807,-0.782306061598876,0.211178115296862,-3.70448453192772,0.000211821032335043,0.000761294327542577
"TOP1",2481.34385742503,1.09607762851337,0.204503173981528,5.35970961806378,8.33558253018427e-08,6.38094322380232e-07
"ROCK2",2589.77418031952,1.88218963976015,0.245354577626883,7.67130435455921,1.70256019596913e-14,2.27728929995979e-12
"LDLR",12892.6953801871,-0.526887374357783,0.170189252639786,-3.0958909930286,0.0019622248290285,0.00551137949992171
"RAI14",557.595784168304,1.32602057307406,0.248567444059251,5.33465103643249,9.57284781651799e-08,7.2385063168751e-07
"GNRH1",152.694844417212,1.66303627486154,0.376258275111594,4.41993275594616,9.87316185572268e-06,4.7624052654943e-05
"NEDD4",940.774527197834,1.53290610917505,0.249341363609045,6.14782115164241,7.85545358316663e-10,1.08291475718918e-08
"LTV1",329.763946020903,1.65266100166377,0.24956357985057,6.62220426014616,3.53881580631376e-11,7.71524203764176e-10
"EIF2AK3",328.655916990626,1.12297953274706,0.259710401407139,4.32396826104243,1.5324735352363e-05,7.0880481550322e-05
"MAN2A1",258.498365567061,1.61502553527095,0.262758850362197,6.14641726832318,7.92526290165665e-10,1.08950350278608e-08
"CNOT1",5112.78082249329,0.864916987728198,0.207418079210504,4.16992092020298,3.04705351268281e-05,0.000130618170933454
"HIST2H3PS2",249.176552143706,0.874002382926853,0.277625852059773,3.1481303936302,0.00164318377314865,0.0047266006935848
"GFM1",729.043304994509,1.10857156222127,0.240088684980437,4.61734197224495,3.88686461908629e-06,2.04313255441933e-05
"ZNF606",195.538034666553,1.11213687498185,0.266167627130501,4.17833260555228,2.93654005897169e-05,0.000126373363059573
"TLK1",748.583720974019,1.52626091343315,0.242332597896685,6.29820720233376,3.01107843285089e-10,4.73825982962767e-09
"BIVM",159.841461492232,1.82753863996096,0.311640260912451,5.8642571874703,4.51147748279052e-09,4.88028460378804e-08
"DPH3",344.630738515644,1.11161357180267,0.245248018051321,4.53260980714654,5.82593731058014e-06,2.95113242068179e-05
"SSB",1297.30243335161,1.20178645544885,0.188946448119521,6.36046068825088,2.01149533547198e-10,3.37453912381385e-09
"IGF2BP3",2818.38128649915,1.40670755712513,0.222287425083317,6.32832719438751,2.47833193945398e-10,4.02139828470746e-09
"KTN1",1275.70571493982,1.20394362844151,0.218490115107967,5.51028877368928,3.58245478075729e-08,2.97475985066575e-07
"CNEP1R1",302.023024166856,1.09017459418424,0.24619790014937,4.42804180507967,9.50924734681136e-06,4.60482046177783e-05
"RBM26",777.502977395798,1.1798405399295,0.230725024682138,5.11362190362717,3.16039638432234e-07,2.12366621941769e-06
"VPS26A",666.720964718397,0.968794488640621,0.211624476682641,4.57789431462343,4.69679869138644e-06,2.42761950116674e-05
"CRYBG3",280.998209344268,1.74197422448001,0.315327780421128,5.52432843739161,3.30748244512482e-08,2.77671426987663e-07
"GBP2",195.259282745059,0.81738456451705,0.26456489113561,3.08954283770811,0.00200464795419866,0.00561301427175624
"ELFN1",410.587878253815,-0.713598997102769,0.238695299295777,-2.98958127457097,0.00279360116053548,0.00746194698164224
"PTAR1",2304.45911078212,1.99192684531781,0.255384076687885,7.79973000334011,6.20397675531917e-15,1.11494446524473e-12
"TBCD",1148.40435053626,-0.616457789472573,0.205778559201673,-2.99573382117237,0.00273785308149649,0.00733800969419233
"TRMT1L",254.33962441994,1.11545783053381,0.259250859119323,4.30261961068531,1.68790495894059e-05,7.74183655402871e-05
"GADD45GIP1",286.730878739147,-1.1062031141374,0.262752435891478,-4.2100584543935,2.55304624350173e-05,0.000111863885427978
"SHOC2",456.764944918935,1.64628044809415,0.259239758777514,6.35041652506329,2.14732707392453e-10,3.59024381380152e-09
"NARS",1164.97675930504,1.16773135622771,0.20208350818985,5.77845944326474,7.53877107829627e-09,7.60639715932482e-08
"FRRS1L",448.500986496923,1.28489291270458,0.263314725945085,4.87968497809177,1.06255424027724e-06,6.29770171872104e-06
"ZNF829",172.655598000954,1.06677836824139,0.310448695627787,3.4362469009063,0.000589833176648457,0.00190665211706938
"CCDC50",1227.72279595579,1.17922743561007,0.207155167084508,5.69248381397605,1.25204471069656e-08,1.19736604313764e-07
"CCDC93",1119.19556805593,0.703274353338887,0.197717728633267,3.55696152388712,0.000375169079934483,0.00126867904106304
"MRPL19",636.167778774579,0.933656099600814,0.217919739684167,4.28440351917623,1.8323009866393e-05,8.31550443180001e-05
"SATB1",345.273752542382,1.23102324260266,0.25116411596674,4.90127038197478,9.52188978559838e-07,5.69853329686252e-06
"CASK",573.808945746269,1.15666692671399,0.249582674503992,4.63440392652531,3.57967431630599e-06,1.89575261545194e-05
"YOD1",209.101337219536,1.55452055738782,0.333098255274812,4.66685289631827,3.05848132879203e-06,1.63814113595149e-05
"ELMOD2",252.898303275635,1.18748181906205,0.278247905895373,4.26771161220731,1.97488403116752e-05,8.88518279113458e-05
"ARL8B",1537.73567082985,0.924655688080976,0.204226342320618,4.52760245115366,5.96566799112903e-06,3.01266233552016e-05
"EIF5AL1",481.068207335976,-0.70648638877696,0.237275246132376,-2.97749723282474,0.00290612267915065,0.00769523870471726
"FADS2",5391.88250273848,-0.534878971916896,0.178219841294618,-3.0012313333434,0.0026889020342304,0.00723226965619906
"BIRC2",1834.33122190056,1.45714394112518,0.220847442219443,6.59796611851769,4.1683649265142e-11,8.87279054680378e-10
"HNRNPAB",862.691182833229,-0.652338646743796,0.208403893736716,-3.1301653488678,0.00174707933934756,0.00498776789756623
"KIDINS220",4441.08591590061,1.75891186417735,0.232851469202286,7.55379328377491,4.22760986200607e-14,4.45158323554639e-12
"SF3B1",6794.72046677401,1.8584025611375,0.228510448998877,8.13268088736996,4.19898946858214e-16,1.88916353454664e-13
"SOD2",23424.8277274983,0.872227812111014,0.187755765840518,4.64554474908586,3.39180238502059e-06,1.8010761806295e-05
"PAQR4",124.250446709778,-1.00562556696182,0.310697858057283,-3.23666720218076,0.00120934356531136,0.00360436091823302
"REEP3",388.11498787215,1.60486788815503,0.237518826235427,6.75680287576151,1.41069910535094e-11,3.58948579556904e-10
"OAT",1081.00011844583,0.591836937512439,0.197535040160394,2.99611115593406,0.0027344673645958,0.00733290652256008
"MEIS2",1372.55953970356,0.939971317054926,0.19581305452293,4.80035061679125,1.58388084420494e-06,8.98925034170902e-06
"NOTCH2NLB",287.684391316409,1.05136914463392,0.290656212838789,3.61722577462007,0.0002977775463439,0.00103345096553714
"GSKIP",140.255971216337,1.01520951181077,0.314451316354008,3.22851093002853,0.00124436503540175,0.00369427868038589
"TENT5A",141.157051514843,1.17974035689796,0.310276482325117,3.80222293374394,0.000143403598182665,0.000536638493312673
"LAMTOR3",339.450724491432,1.27543312026207,0.25362938587538,5.02872770779311,4.93744936872812e-07,3.13878444776307e-06
"EIF5",3175.08792263459,1.05834715465386,0.188429412655823,5.61667703431727,1.94664789827638e-08,1.73568105486811e-07
"CFLAR",799.552482893961,0.59127819016189,0.201840205127932,2.92943712471518,0.00339576505491115,0.00877579177898447
"NKRF",192.928951779519,0.893919325428345,0.265695350439191,3.36445227193742,0.000766957482018955,0.00239777168573077
"ZNF616",279.058433924631,1.57797463049189,0.264935420071434,5.9560727292199,2.58371384827131e-09,2.99106428891104e-08
"KIF11",947.718479471152,1.5374632350686,0.243586412781032,6.31177748181991,2.75848662917771e-10,4.41090479088869e-09
"RSRC1",215.091168671574,1.44718529175555,0.272232659418633,5.31598704889446,1.06080694952795e-07,7.91248469210828e-07
"GANAB",15550.8156010721,-0.532334450326923,0.177147713021572,-3.00503145791161,0.00265553382894992,0.00715029212158497
"KDM5A",2783.51564204054,0.95139119673767,0.191004761933038,4.98098155830903,6.32625691021767e-07,3.94563899794168e-06
"PEMT",458.197672875805,-0.650570328901887,0.224180876724199,-2.90198851217027,0.00370802137738822,0.0094624779382393
"ATP6V1C1",985.328316023503,1.46699311317886,0.242968860389058,6.03778241717812,1.56246548393966e-09,1.9404370589755e-08
"CNN2",1027.07903514791,-0.670742313103962,0.221080061783737,-3.03393398614159,0.00241387243426567,0.00659467550493005
"CRYZ",550.223304529087,1.41451215985942,0.23800768983743,5.94313637860016,2.79619608110188e-09,3.22197308623357e-08
"RRP15",420.321543442195,1.43107961783572,0.230656693170714,6.2043706521733,5.49162188013316e-10,7.9700987345393e-09
"RIC1",531.440477477698,1.22456614888701,0.256669680556958,4.77098092080753,1.83330907258255e-06,1.02752509628664e-05
"CAPRIN2",818.352579797249,1.3296074634386,0.232738817184398,5.71287368185409,1.11084136811109e-08,1.07795175113368e-07
"ZNF727",231.039388783701,1.90553020670159,0.314045321186089,6.06769175705202,1.29761643901132e-09,1.65087500171388e-08
"FRA10AC1",165.583946684972,1.00915839286136,0.282270974271158,3.57514050272818,0.000350039861295023,0.00119307154421635
"ASAP1",3233.20495259657,0.979053488808518,0.211474015038711,4.62966331172792,3.66260768236959e-06,1.93553074426558e-05
"HIVEP1",748.381731730087,1.62748917883596,0.297979390699906,5.46175081106532,4.71461556315046e-08,3.82502170852978e-07
"C16orf72",1042.65758914368,0.680651721930654,0.202152596462357,3.367019438988,0.000759853319986735,0.00237856678090724
"WDR75",864.716287920994,1.39154496147188,0.240809744627375,5.77860735505172,7.5321476627898e-09,7.60639715932482e-08
"CYP4V2",154.510854863449,1.02656241560437,0.332709837244497,3.08545856084799,0.00203238542574355,0.00567302621094462
"GINS2",273.805868278175,-1.23340237928125,0.249549072019763,-4.94252440731807,7.71174472255934e-07,4.73222872063809e-06
"EHD4",110.127252414022,-1.00023779065327,0.327758323326324,-3.05175405006392,0.00227508432876202,0.00626740458839034
"SIVA1",290.892811296079,-0.944118509786524,0.247263665380904,-3.81826625570778,0.000134392836154581,0.000505979571037671
"PHF20L1",1233.10303991115,1.61927594454336,0.242863730584078,6.66742597031294,2.60328697283625e-11,5.97849987404482e-10
"HIF1A",2063.03779673232,1.74053740414129,0.246244358083656,7.06833414453289,1.56804612227945e-12,6.2582744025492e-11
"ZNF644",554.690552321843,1.24648069615992,0.271522934096697,4.59070133543861,4.41759091052504e-06,2.29649762775089e-05
"UFM1",719.687683128001,1.57598391589929,0.214180555598442,7.35820257583995,1.86403026498071e-13,1.32735047214238e-11
"SOS1",963.949122263494,1.664876647745,0.269318912543098,6.18180369148258,6.33733029112381e-10,9.02545254986237e-09
"RNF111",745.057242343038,0.927616784987116,0.22304498638947,4.15887754305923,3.19815286277767e-05,0.000136621998428025
"PWWP2A",199.244467671974,1.0198667753795,0.26848040133558,3.79866377696875,0.000145478284208177,0.000543580240503033
"STK26",102.446643936825,1.24090535317458,0.341956464550584,3.6288401648012,0.000284697433220642,0.000994682384051505
"SAR1B",563.882582440647,1.30487907964637,0.262968008155011,4.96212101540955,6.97275273909545e-07,4.31082489766189e-06
"TBC1D10A",290.186478616816,-0.839868877764067,0.28052896441152,-2.99387580004761,0.00275458049926528,0.00737685004916876
"ARHGAP29",3198.54936654189,1.74808010720816,0.240162902524175,7.27872660113358,3.36985824575872e-13,1.95498792109865e-11
"ZNF227",379.246868318064,1.34081191166691,0.243644777100287,5.50314243393372,3.73080765512438e-08,3.08758646909875e-07
"FBXL5",1069.20086666948,1.19396392761677,0.21269476811316,5.61350868292887,1.98264648359878e-08,1.76318372818155e-07
"SND1",4622.88890512521,-0.571039375828379,0.181381241618903,-3.14828242839014,0.00164232931176458,0.00472551614181565
"SYDE1",589.849410518159,-0.64202922185935,0.212985374918006,-3.01442867664747,0.00257463739005631,0.00696658307457009
"COTL1",2904.19290268454,-0.898248565028913,0.189703247734074,-4.73501943566132,2.19034108220019e-06,1.20711549242213e-05
"THY1",768.511558906335,-0.896611272516039,0.210503036036378,-4.25937454109257,2.04999721146865e-05,9.20638493607835e-05
"ZDHHC20",866.856899726449,1.39027967285529,0.243071513913751,5.71963226159277,1.06754847763716e-08,1.04001917634376e-07
"METTL14",295.064356246515,1.59343300893125,0.25284198394025,6.30209027828146,2.93658027335218e-10,4.65060344730238e-09
"CCSAP",380.068266531713,1.47599833149909,0.268885456102635,5.48932007291497,4.03483892232914e-08,3.31701292800779e-07
"CMC2",358.686325090941,-0.700099851529383,0.232287724379858,-3.01393391923077,0.00257883968947687,0.00697604680143266
"CEP95",616.793348847996,1.12307588221324,0.229214205184104,4.8996783655323,9.59936697792007e-07,5.73759265383169e-06
"MED14",1203.04791133782,1.04384877148213,0.229447057223905,4.5494101520051,5.3796497328843e-06,2.74190386488614e-05
"PDE4B",1181.42281759447,0.724827118969173,0.212529058588866,3.41048477691391,0.000648475040817625,0.00206945673502368
"PLEKHA1",302.61454489657,1.66758976218736,0.249605344780221,6.68090566592505,2.37470059541993e-11,5.54358172015718e-10
"YPEL2",283.61086680417,0.85157242878498,0.239536308689489,3.55508704899045,0.000377853970134994,0.00127557933028519
"ZNF318",522.995992773102,0.775868310762987,0.22660637658047,3.42385912731573,0.000617386162359067,0.00198469900455669
"POLE",1901.15004604796,-0.566164021117995,0.190427522113191,-2.97312076970399,0.0029478843627173,0.00778915094024981
"NABP1",531.091813299039,0.791936879449869,0.265251941213834,2.98560257778263,0.00283020198333007,0.00753451835153337
"TUT7",1385.21813009647,1.73932247816961,0.237451648420254,7.32495432118995,2.38980101546859e-13,1.5460294412489e-11
"FAM13B",510.426068515983,1.54122015642008,0.272207118943456,5.66193919689599,1.49671861730024e-08,1.39627906447105e-07
"RAB11FIP4",452.378243246146,-0.895842069437594,0.225633632673599,-3.97033925670787,7.17703637227904e-05,0.00028598351857012
"TAF9B",351.370044837679,1.52940529153511,0.252644761104163,6.05358007366144,1.41661604212839e-09,1.77714392712127e-08
"ST6GALNAC6",1592.23480113667,-0.613334262357004,0.203095106103748,-3.01993619700364,0.00252827939662891,0.00685801848940339
"FUT8",407.372186451274,1.1555613012567,0.227464654595667,5.08017961432639,3.77078175506091e-07,2.48655548378367e-06
"SLTM",634.219323585642,1.57942514110953,0.253330754165367,6.23463639980533,4.52828622430966e-10,6.77054033960982e-09
"NUS1",416.192582897834,1.17448878618835,0.255156426813681,4.60301471083846,4.16418802915126e-06,2.17619499010238e-05
"TBC1D19",504.125052816645,1.19851592271517,0.224791022320024,5.33168945247688,9.73032352863657e-08,7.33474159160366e-07
"ZNF484",279.654965585302,1.54647807129672,0.323715971156949,4.77726837440139,1.77692548139305e-06,1.00045554123029e-05
"SCAMP1",502.673012513375,1.5340889398749,0.256097194727954,5.99026061767107,2.09505036812912e-09,2.49841066792072e-08
"HNRNPDL",2265.01494559271,0.872167000497785,0.182742502709125,4.77265544450833,1.81812683549593e-06,1.02132913835067e-05
"POLI",191.792379522596,1.85583249160008,0.290681352041643,6.38442224988073,1.72045765954302e-10,2.94620932770879e-09
"GPSM2",517.201971019477,1.42587752848092,0.243115056207083,5.86503177025109,4.49046709135822e-09,4.86819751043414e-08
"KIAA1109",1312.48306903756,2.04659728920001,0.284373547881066,7.19686238206646,6.16138921666401e-13,2.92148068682629e-11
"MED4",285.785644523147,0.960910363728124,0.245192002202945,3.91901185640134,8.89127413088598e-05,0.00034771170030624
"BCAP31",1720.93037643481,-0.739252268468726,0.203913310262461,-3.62532621101203,0.000288596923291687,0.00100653007284747
"TBCK",210.843758852218,1.32297932602884,0.298512318270154,4.43190865186185,9.34025896998573e-06,4.5274183783016e-05
"ZNF385A",478.828174404069,-0.733623601625347,0.242603421028795,-3.02396231064801,0.00249487517370368,0.00677483524535502
"EXOC2",477.591383008459,0.718915404209819,0.22345133447887,3.21732428175676,0.00129392259795238,0.00382191759908464
"HSPD1",5451.61102801786,1.03738440321434,0.183827846045185,5.64323863621486,1.66880784815024e-08,1.52660444371451e-07
"ARGLU1",390.344445142494,0.765100232271543,0.223915007921974,3.41692251614573,0.000633333023893088,0.00202937205260401
"ZNF791",454.145765588994,1.41552719879768,0.250070027798686,5.66052321926888,1.50912167194542e-08,1.40643066822545e-07
"SDAD1",433.850324887221,1.49721146872815,0.236472988806544,6.33142701111206,2.4290407112029e-10,3.96089702792197e-09
"ZNF483",284.710833382833,1.71790153590465,0.301614049582767,5.69569467430673,1.22870594722967e-08,1.18075062773585e-07
"TAB3",374.938057894626,1.56619008965007,0.28797572318331,5.4386184791456,5.36952976990636e-08,4.294213032989e-07
"GDAP1",145.020323983339,1.07604510626098,0.296294933324847,3.63166893941193,0.000281594221703504,0.000984535360798758
"PKN2",699.519331314331,1.82035217165204,0.256530434031006,7.09604760358381,1.28375274830839e-12,5.35503964327701e-11
"FAM83D",673.09641166931,-0.612187230986308,0.202034279284657,-3.03011564747269,0.00244460113463435,0.00666024278299223
"VIRMA",2328.65009508766,1.35579558002899,0.206386212316006,6.56921586386343,5.05809131393233e-11,1.04085213774017e-09
"PPM1F",916.005123391815,-0.571329962798251,0.195124076297951,-2.92803417004184,0.00341112554747722,0.00880858874743792
"TTC26",306.435976464948,1.49286729848832,0.260215127296879,5.73705039363492,9.63395987754376e-09,9.51666016645989e-08
"MEA1",443.925388662025,-0.945971778846391,0.224948279947143,-4.20528567308303,2.60752588536947e-05,0.000114049011106438
"INTS6L",118.90028778383,1.23751562782692,0.379760819412012,3.25867115449924,0.00111935333938467,0.0033655405082714
"KREMEN1",684.39943849937,-0.710612470192404,0.199362296128868,-3.56442759734801,0.000364651087104699,0.00123564411508467
"DCAF11",667.852869336338,-0.689337964259079,0.207863691325694,-3.3162980983484,0.000912184722555023,0.0028048475874028
"PPHLN1",779.182480239846,1.07071947078595,0.222875014548228,4.80412518629028,1.55429564508379e-06,8.83187385553891e-06
"ITSN1",1628.60621390199,0.671779001955164,0.199419214177451,3.36867741017869,0.000755297715246019,0.00236580278022313
"UBL3",989.255791072587,1.23152418983619,0.208097198231887,5.91802388643348,3.25832656093933e-09,3.65656647394302e-08
"TCF4",1486.27060396589,1.41955517749083,0.219964447695831,6.4535664393084,1.09248073500582e-10,2.02877566887197e-09
"NUDCD1",357.304177970951,1.0482656380576,0.258894300449197,4.04901010272842,5.14347247134865e-05,0.000210633390655395
"TMEM41B",358.96323066982,0.872216636496487,0.278067579527301,3.13670740752736,0.00170856541761093,0.00488909525976091
"SRP72",1349.29343527016,1.17448412533223,0.191933515754671,6.11922373595998,9.40323003294344e-10,1.26286527633751e-08
"EPHA5",172.864065477136,1.382578964007,0.30802990854869,4.48845688563535,7.17409393221896e-06,3.57368805944153e-05
"TMX3",616.307641413301,1.46791488351279,0.238344532993215,6.15879401586516,7.33009936756144e-10,1.01757817026821e-08
"PRPF18",214.194286638753,1.33928986635448,0.274952776291371,4.87098142604394,1.11045279724815e-06,6.53075566676304e-06
"SP3",2344.44708028272,1.53331977147103,0.217147511466643,7.06118970056245,1.65083040826907e-12,6.40781152197933e-11
"HIBCH",263.183345546752,1.06740126866231,0.276609754493084,3.85887067004717,0.000113912196048569,0.000436171341001444
"DNAJC13",1687.03585574713,1.86765767713675,0.250984512290188,7.44132639936509,9.96793150305556e-14,8.22188216810366e-12
"NIPBL",1197.76707106875,1.68485356444294,0.250512721390304,6.72562077922545,1.74845389619099e-11,4.26261001588632e-10
"ZNF518A",306.906266595863,1.80403721856532,0.279887164973754,6.44558752358112,1.15153449244999e-10,2.10293691186917e-09
"XAF1",134.053927946931,1.76623514490189,0.316787513492765,5.57545695355264,2.46880951890443e-08,2.13231035062095e-07
"SLC1A5",1906.66383913408,-0.609813107824003,0.188069033874588,-3.24249609444291,0.00118487572253573,0.00354114394655296
"PDS5A",1387.29399699871,1.52100953081539,0.221218134553142,6.875609605369,6.17253265553853e-12,1.85701301594287e-10
"MYH9",4860.29068796939,-0.707597858940859,0.190929581209999,-3.70606720266457,0.000210502466854786,0.000757931399392024
"ZNF461",227.29201644291,1.21865584538624,0.287006301524864,4.24609438507628,2.17529025565376e-05,9.70302972080259e-05
"PJA2",2109.68164228193,1.85203584843866,0.231975845514323,7.98374436067876,1.4195986892749e-15,4.39099619576343e-13
"OSGIN2",365.245624970818,1.31570982016068,0.264325157404356,4.97761860082031,6.43713393042468e-07,4.00469840624409e-06
"KRCC1",244.063080060885,0.835202299952247,0.255704759421576,3.2662759263517,0.00108972011168479,0.0032904361395534
"SLC16A1",1546.38101998754,0.968124222190329,0.221745310112055,4.3659287391517,1.26583746468525e-05,5.96915637229855e-05
"NMD3",1280.6889949574,1.19884197801956,0.2069719468895,5.79229212478541,6.94322373852586e-09,7.07037330904619e-08
"RUVBL2",1232.50768691447,-0.83459123892376,0.200185589899498,-4.16908749197562,3.05821583729439e-05,0.000131039914967705
"C1GALT1",111.867446490179,1.21667880320445,0.337072679895676,3.60954439731221,0.000306735273643202,0.00106193275219322
"GRPEL2",215.585778256696,1.14767410430415,0.282833882044078,4.0577673933892,4.95440767062794e-05,0.000203395798937683
"RNASEH2C",615.901664285492,-0.770892136229611,0.215344028317207,-3.57981664155585,0.000343835385455315,0.00117476100974688
"P4HA1",1256.69540530272,0.986162460848064,0.219806262355769,4.48650757389207,7.24001448110803e-06,3.60289911181535e-05
"GCLC",1045.08041741174,0.935530389104709,0.20417228688922,4.58206352761436,4.60409970842952e-06,2.38094978652223e-05
"ZNF551",272.99123279528,1.04401020990461,0.253650207872508,4.11594462571607,3.85596881402823e-05,0.00016185911501803
"BDH2",315.081599486249,0.767983054145278,0.237268221552168,3.23677165497033,0.00120890102887821,0.00360412722404715
"NUP153",1452.57653196132,1.18803714577599,0.234626754687307,5.06351949230733,4.11586277218996e-07,2.68194929026572e-06
"ANKRD10",1987.24339620355,0.912923862866864,0.20553279782425,4.44174298472548,8.92331058080008e-06,4.34660079373815e-05
"PMS1",221.540010130724,1.22565926946559,0.29274400432172,4.18679546419888,2.82920563724551e-05,0.000122285927499808
"RTTN",363.02839449792,0.872065444030611,0.262726697406976,3.31928750537194,0.000902474607196721,0.00277671546845917
"B3GALNT2",464.477830686168,0.943010904184103,0.23817989182884,3.95923810756353,7.51892453545137e-05,0.000298166326329718
"SNAP23",610.22375312217,0.714594904815261,0.209169004345728,3.41635180150368,0.000634661979516452,0.00203297225671645
"TEAD1",4413.53280933243,1.62902941924114,0.26399918366475,6.17058506252741,6.80377596845423e-10,9.56587706473864e-09
"SLC36A4",261.302530243207,1.2220679277554,0.285679870229945,4.27775302044123,1.88789315409812e-05,8.55211278684813e-05
"RAB8B",442.995416064831,1.6573282607877,0.248311820168117,6.67438328012587,2.48273981567174e-11,5.741625863439e-10
"DENND4A",238.148907293295,1.88927711766978,0.287987106379082,6.56028369264177,5.37055063368547e-11,1.10057370956975e-09
"EIF3E",6161.17505537413,0.706056521021541,0.176908562610392,3.99108166729327,6.57726246023325e-05,0.00026378340288245
"PTCD2",162.845850228584,1.07896654494855,0.301390134992953,3.57996636145301,0.000343638441627079,0.00117449354116879
"SLC25A36",878.012950958467,1.90898499627274,0.265966191571999,7.17754758599067,7.09729594411106e-13,3.19313796612779e-11
"ABHD18",109.309649324871,1.30658521461416,0.387220625651767,3.37426554284118,0.000740129340703297,0.00232712840352009
"NDUFAF7",401.688624078829,0.933705493259474,0.231508328719313,4.03313996703559,5.50364758875615e-05,0.000223717058864511
"PTDSS1",1478.7240995802,-0.53828754910002,0.181351166203893,-2.96820561106744,0.00299543883964913,0.0078916299267626
"ADAM15",1007.0574815052,-0.672296463930633,0.196592042210088,-3.41975420964488,0.000626777396289439,0.00201150747739139
"PRKAA1",1024.08451099438,1.69546764697616,0.243038494277927,6.97612800808955,3.0342628347342e-12,1.05379415923506e-10
"TRAPPC11",645.02390942512,1.60351642310303,0.23843561771355,6.72515473350735,1.75405942440403e-11,4.26576908667102e-10
"GPATCH2",377.778632593029,1.33244371717693,0.261326088112514,5.09877803169521,3.41853134200979e-07,2.26939122892105e-06
"CCP110",523.411443633991,1.84395790171816,0.256423950291185,7.19105177041469,6.4294095606746e-13,3.00180640714892e-11
"AGTPBP1",370.165123460954,1.58861556340914,0.251188352421938,6.32439979040365,2.54218763506047e-10,4.10482434124446e-09
"PIK3C3",384.754792030143,1.33265976410599,0.256240960064894,5.20080694268588,1.98425129497873e-07,1.38995890429578e-06
"SAMD9L",378.25977791654,1.86258714580538,0.26201899340406,7.10859591362936,1.17229417919966e-12,4.95870418193087e-11
"NADK",710.236743233066,-0.599734603562484,0.205583377014343,-2.91723296052599,0.00353151900943699,0.00906743843201228
"RNF11",1751.08667123061,0.592302602239037,0.187607476246951,3.15713751971898,0.00159326187422989,0.0045976985513491
"CREB5",1120.31538846489,1.39833497759206,0.276285159291275,5.06120191608938,4.16621705952134e-07,2.70585409810645e-06
"SIRPA",308.82781231863,-0.719857956558796,0.237678215317133,-3.02870818681591,0.00245601790600905,0.00668432259911703
"CCND1",7127.86986855827,-0.501945248324473,0.172407421654399,-2.91139002896669,0.00359824546379556,0.00921963075346841
"VPS13C",889.72247741492,1.95717480895408,0.276893325048853,7.0683351020064,1.56803530553475e-12,6.2582744025492e-11
"SERPINH1",8219.23561066984,-0.746887695716046,0.172996288942963,-4.31736253002686,1.57904691430642e-05,7.27287406133314e-05
"ZNF610",134.191450965945,1.29966221954011,0.306020250556309,4.24698109741912,2.16670231797086e-05,9.66908004656247e-05
"CD2AP",290.735457806554,1.64302444599348,0.264798768621998,6.20480395186017,5.47651300386307e-10,7.95984224849290e-09
"MEX3C",887.639121780334,1.02975650947345,0.213970201209504,4.81261644683498,1.48967020338484e-06,8.50822600871502e-06
"DCTPP1",412.069389601024,-0.758744545686106,0.237597758836826,-3.19339942178152,0.00140608309858838,0.00412367718809712
"MANEA",121.307507922853,1.23796482909154,0.330949941197298,3.74064072836175,0.000183551738349902,0.0006705733783429
"VEZF1",1694.32823218412,0.891220453552803,0.208450935774337,4.27544472392108,1.9075612693474e-05,8.61754515928826e-05
"ITSN2",557.998710456263,1.43568297105277,0.234029731294563,6.13461786718775,8.53641342211307e-10,1.16222035835042e-08
"ZNF561",573.932702075605,0.887590136734968,0.220592466194171,4.02366477898519,5.72994606850183e-05,0.000232153115784
"FNTA",1173.10154850078,0.832074348690663,0.199250726379243,4.17601663899051,2.96658129576595e-05,0.000127499876966962
"RBM7",702.927488509152,1.47959603536518,0.24075838399587,6.14556390854727,7.96799227112054e-10,1.09385835644315e-08
"CYB5R3",4142.16973615593,-0.592709058488373,0.184111685852916,-3.21929081113231,0.00128508085562422,0.00379806817228085
"AKR1B1",1384.94044528612,-0.567218873183302,0.190896113014741,-2.97134846920377,0.00296495148698259,0.00782589061817431
"CC2D2A",431.243332027372,0.847801391610341,0.237673196340687,3.56708877847159,0.000360969213658013,0.00122442538615045
"TMEM9",2068.58070785635,-0.649725144558756,0.183843118683001,-3.5341281697852,0.000409122632914167,0.00136992416122613
"SETBP1",870.408844093917,0.777639316907247,0.231065199317561,3.36545407618266,0.000764177868083971,0.00238983650499057
"TSKU",864.760725816506,-0.596829080660845,0.192064222171287,-3.10744538422455,0.00188711851303829,0.00533067895035758
"MTF2",330.066894983574,1.54886152854576,0.288727150189832,5.36444711738197,8.11975436503713e-08,6.23107936177543e-07
"EXOC1",490.618221309811,1.55955942888083,0.228847992487441,6.81482678492982,9.43774097454508e-12,2.64631048629029e-10
"DICER1",751.34610451821,1.85743954991144,0.266492640586695,6.9699468841699,3.17060669529329e-12,1.08216086448321e-10
"PPP1R12B",631.15218277128,0.627030600180393,0.214622901010417,2.92154563762028,0.00348299243068466,0.00895901536751357
"MAD2L2",1073.81824957813,-0.922219904578573,0.213407247434547,-4.32140855413742,1.55036303915705e-05,7.1540761592431e-05
"ZNF451",838.824284601419,1.66205500269698,0.287501649649288,5.78102770792602,7.42456598085636e-09,7.50647130526213e-08
"GDAP2",292.279486525823,1.20350984377683,0.296181330452495,4.06342237013436,4.83584100872091e-05,0.00019927208286561
"RPGR",83.1226750671202,1.78760195630138,0.391805436259411,4.56247359242311,5.05544538184269e-06,2.59537336045015e-05
"TROAP",639.509992270278,-0.702090501526475,0.204500766243261,-3.43319252257134,0.000596518365466811,0.00192637480632642
"DSE",357.036392802657,0.878204565110554,0.255367971005114,3.43897694630219,0.000583916957103549,0.00188876145144148
"CHTF18",168.772654576306,-0.891078722569472,0.295383288592091,-3.01668630888596,0.00255554120211157,0.00692058736484276
"UBN2",830.912958909105,1.63131842049573,0.245346195819838,6.64904713539409,2.94996524532901e-11,6.65119726611994e-10
"RPS3",17752.4596976199,-0.600478755851966,0.184162163713467,-3.26059785432492,0.00111177597472966,0.00334377350284844
"PPP1R21",315.278249917207,0.81606406960592,0.250462079208671,3.2582340296154,0.00112107910537833,0.00336970573490274
"ARHGAP20",115.888241175017,1.34897581439439,0.336974335511991,4.00320045841113,6.24913089040694e-05,0.000251540860322277
"KLF7",351.645995424871,1.02349257351177,0.253194667696814,4.04231488293957,5.29260928826358e-05,0.000216293339121523
"ATP6AP2",995.516078337056,0.732318094365918,0.206577359090067,3.5450065660227,0.0003926033060531,0.00131952038143076
"ARMC1",821.097996445096,0.85353691634172,0.213063038676022,4.00602996017336,6.17478203474168e-05,0.000248750478550562
"SERTAD4",292.115713108875,1.12374784886847,0.263857912556009,4.25891282919147,2.05423553427361e-05,9.21808771441544e-05
"MAPKAPK3",1040.54173685395,-0.615570346043001,0.194627546978489,-3.16281202532464,0.00156253188142815,0.00451692189321725
"DPP9",1711.70622972916,-0.634358302163057,0.191435601233926,-3.31369033802599,0.000920734157242984,0.00282762230480641
"RAB27B",1231.90847489686,1.13086025935305,0.212469737441498,5.32245331956712,1.02377060538883e-07,7.67119358112664e-07
"CLK1",1246.0613478929,1.57093745452227,0.229988094015112,6.83051642846804,8.46094888588688e-12,2.42041826799157e-10
"VPS4A",1643.77919956488,-0.656604986867159,0.200116917902393,-3.28110683369318,0.00103400570896655,0.00314040895052266
"LARS",1291.83971487259,1.1738996635209,0.208656670018449,5.62598676293028,1.84450491022441e-08,1.65370557983707e-07
"EIF4A2",4933.41787442506,0.735318364531302,0.179334750696593,4.10025587163164,4.12693587258304e-05,0.000172356165682814
"CYB5R4",125.395840128631,1.10453166603246,0.330982154895214,3.337133587707,0.000846472521798328,0.00262070222732557
"THUMPD1",633.862129889081,1.88386204096908,0.235846667919526,7.9876559528578,1.37528622220069e-15,4.39099619576343e-13
"C11orf58",3575.09106906258,0.907426427407024,0.186467397975983,4.86640794721606,1.13644818592165e-06,6.67570572359198e-06
"MIER3",291.179935723124,1.61262354681352,0.276923904977616,5.82334539498809,5.76811739688248e-09,6.02515342935631e-08
"ACBD3",869.938208459068,1.37768574380738,0.222818928397828,6.18298343732996,6.29013162297708e-10,8.97698325101977e-09
"RECK",510.193078700957,1.21606044473479,0.231949684640773,5.24277688334923,1.5817776868042e-07,1.13452431478174e-06
"TK1",1403.47063832589,-1.19436970666636,0.195736102490325,-6.10193874032713,1.04789540257411e-09,1.37743276157749e-08
"ERCC4",358.950630928602,1.42704784238507,0.263263764921094,5.42060105693919,5.93989828086949e-08,4.70344905472369e-07
"FIGN",355.00657583836,1.6665247807755,0.274930139684913,6.06162999329737,1.34748916626541e-09,1.70555598052366e-08
"RASSF1",307.048714920822,-0.769576479998143,0.263307951430107,-2.92272404163389,0.00346983891146349,0.00893224071408729
"RPS6KA3",1943.76796451831,1.96088900413135,0.249007024736831,7.8748340782906,3.41195344351972e-15,7.43576681984311e-13
"DNMT1",3854.74031420723,-0.564266831258295,0.179424764370573,-3.14486594555527,0.00166162950888323,0.00477007492962554
"RALA",754.179474480656,0.86135009562461,0.217046274480808,3.96850900889696,7.23237236569891e-05,0.000287725167506784
"MSANTD4",405.931380764384,1.28868823543442,0.234790028484982,5.48868384125969,4.04939671015307e-08,3.32621814415727e-07
"BRIX1",365.626069260985,0.866884707212084,0.25553864318866,3.39238205382532,0.000692877549905792,0.00219306288467324
"RALGPS2",182.349204775073,1.54018036591795,0.281803121849702,5.46544820301669,4.61738610513786e-08,3.75846115696173e-07
"SP4",211.358286475009,1.45360650251926,0.301274332777697,4.82486008388851,1.40101585049601e-06,8.05767279965691e-06
"SLMAP",1025.1286952806,1.49099048530168,0.21576222265428,6.91034077680376,4.83490835585122e-12,1.53384368289152e-10
"ACTR2",4283.51518291426,1.21555804932365,0.203515672372296,5.97279823786743,2.33218262156301e-09,2.7318276435776e-08
"MYCBP2",1801.65132006079,1.80090916188394,0.260901362700719,6.90264375487288,5.10435242182438e-12,1.60390096099104e-10
"FKBP7",391.246277296607,1.27778573862103,0.253866216098295,5.03330359690824,4.82098710742106e-07,3.07066476121324e-06
"UBR1",773.485271876741,1.62892339090864,0.245943150883856,6.62317037516478,3.51575394336815e-11,7.68188356102824e-10
"FASTKD2",739.004735688286,1.23635060486686,0.249271956132672,4.95984636237551,7.05489538631091e-07,4.35616684552123e-06
"SLC25A30",335.712802802291,0.97389992324248,0.252152386815618,3.86234663705414,0.000112303065415108,0.00043050958229231
"SLC1A3",877.712231911367,0.799081104116114,0.217309794088411,3.67715181668716,0.000235852682832,0.000839435402614575
"ZNF736",291.453654331409,1.30833246055159,0.299986736446907,4.36130102299754,1.29291342526601e-05,6.09393194442044e-05
"DTD1",514.875392663724,-0.674281577284812,0.212359588696139,-3.17518780962431,0.00149739551107777,0.00435150345526945
"STMN3",727.642223342008,-0.693523949375557,0.202406013667885,-3.42639992166199,0.000611639107931577,0.00196878175294528
"CCDC66",196.90175020793,1.52089153929623,0.313039281682447,4.85846865965866,1.18297129176981e-06,6.90392089972733e-06
"PTGFR",158.327579432414,0.938566052006567,0.297751046430296,3.15218389073332,0.00162054180875504,0.004668669339054
"MRPL50",677.376913939748,0.741603534497927,0.226838741335429,3.26929840172809,0.00107814534674368,0.00325946323826174
"DHCR7",566.467259118915,-0.600985838505057,0.206081941887519,-2.9162469695335,0.00354269949791402,0.00909378621119113
"LRBA",524.704900706557,1.6527420998097,0.280484267120511,5.89245919843195,3.80490063928133e-09,4.18621792369613e-08
"CEP83",132.143660924772,1.10215464974458,0.308570170000023,3.57181204438685,0.000354519812957499,0.00120544043581358
"MIA3",4864.03784340996,1.64457246167574,0.225960643801038,7.27813673218159,3.38462202695046e-13,1.95498792109865e-11
"DENND1B",100.542133602144,1.59025760130255,0.366897821079752,4.33433372981759,1.46202240109188e-05,6.80352502398091e-05
"MSMO1",1272.12492332405,0.989171317973663,0.212609516877959,4.65252606044659,3.27893283331618e-06,1.74582448543107e-05
"DCBLD2",4066.44722264261,0.738807067093363,0.225259241890722,3.27980801538777,0.00103877748710401,0.00315199864112675
"DOCK9",548.026845842109,1.23834145085097,0.237123897446332,5.22233930947949,1.76676852549086e-07,1.25089233657429e-06
"CHAF1A",312.407318365797,-1.02628950370928,0.238701921274108,-4.29946059181805,1.71214315907534e-05,7.83599936270223e-05
"SLC27A6",181.433004932734,1.49872012077169,0.299232100550872,5.00855395531634,5.4840502481712e-07,3.46622792825022e-06
"TBC1D12",195.483696179135,1.21105783296186,0.291110577096463,4.16012995831669,3.18066559003129e-05,0.000135992345616111
"WDHD1",266.192670687976,1.29279187088154,0.27408714049916,4.71671844409463,2.39679010638602e-06,1.3114111925378e-05
"NUP155",702.391056009154,0.704521402750413,0.239882312955688,2.93694601352521,0.0033146180088502,0.00860652913210894
"CCNF",732.20546542714,-0.716238962773807,0.208044669742503,-3.44271719943749,0.000575901199959259,0.00186588218566178
"CYLD",1165.89093334594,0.997226239403628,0.211884867353723,4.70645332938689,2.52063658451882e-06,1.37234658490469e-05
"NAPB",261.194043247123,0.830388843588397,0.243351264478238,3.41230543991135,0.000644158916625572,0.00205872940160152
"EMC2",761.662521417437,1.10716878378556,0.21916845256057,5.05167952253341,4.3794205328977e-07,2.81843331824587e-06
"HNRNPA2B1",6017.63620496128,0.912201911327804,0.184825920626679,4.93546526501722,7.99599111226479e-07,4.88846942737473e-06
"UBE2W",742.141462794572,1.2775588787931,0.240175348082126,5.31927564171261,1.04181196853424e-07,7.79429694977465e-07
"IK",947.835167692455,0.747581634130213,0.199627736848728,3.74487857214305,0.00018048104507541,0.00065985089149491
"P4HA2",643.712035457046,-0.719798344817831,0.204580221932104,-3.51841609134981,0.000434131081598195,0.00144876245639209
"SNX25",586.001423466918,0.944064121598613,0.218808043182316,4.31457686777993,1.59908887732957e-05,7.35161785184259e-05
"CTTNBP2",319.858820874546,1.4424428880386,0.289732841623389,4.97852739080773,6.40698774207117e-07,3.98845060824028e-06
"ZNF583",189.345746873987,1.34300659735788,0.276154025503123,4.86325192946605,1.15472721544412e-06,6.77102486875939e-06
"MYH10",3067.35556566717,0.990616716741532,0.206152620820709,4.80525890380541,1.54551377275986e-06,8.79166397860752e-06
"ZNF432",373.989500122313,0.933368792259095,0.262795325134901,3.55169480956317,0.000382758534399497,0.00128986656495667
"PAFAH1B2",2005.36046150514,0.590940816282484,0.195688592391674,3.01980206950288,0.00252939924658466,0.00685917636786162
"HEATR5B",838.408368724871,1.36745513711251,0.236156118658693,5.79047091762562,7.01893512577053e-09,7.13279464834463e-08
"ILF3",4559.66547793616,-0.575066269356873,0.179333797315621,-3.20668093780882,0.0013427583288164,0.00395907713393648
"TMEM106C",1270.3771354764,-0.627299743995156,0.199878747619835,-3.13840141318209,0.00169872067980836,0.00486655203726284
"PLCB1",254.744233593352,1.53446123188457,0.289263425883892,5.30471914033297,1.12846605398538e-07,8.37298126112989e-07
"MAPK1IP1L",1589.84480975904,0.633356775327085,0.204734669884885,3.09354920533585,0.00197777752890491,0.00554876473387211
"CDV3",2686.44636095518,0.599588315097602,0.187654121025988,3.19517797860973,0.00139744634082032,0.00410259548915051
"IQGAP1",3616.98275285469,1.44904776934714,0.231546849663225,6.25811912990705,3.89648136563286e-10,5.95175502423366e-09
"ZNF14",128.743492868144,1.98041289930416,0.324845729234856,6.09647202063835,1.08434918303459e-09,1.41408276860031e-08
"LSM10",648.632048801767,-0.755705932675667,0.22900867773103,-3.29990086036496,0.000967189890355816,0.00295744378583314
"B3GAT3",264.012111637336,-1.49292533055759,0.255125611755562,-5.85172660747197,4.86495856148983e-09,5.21140258026259e-08
"ABCC4",384.342963631898,0.899705270519728,0.239347394677262,3.75899337334713,0.000170598355657604,0.000627259481537506
"RBPJ",4114.12693184148,1.73102285076253,0.233083418169476,7.42662375709581,1.11404662597961e-13,8.92826631721318e-12
"MKI67",2929.29389298799,0.887180955244309,0.239524449710182,3.70392649400832,0.000212287795396669,0.000762694954205528
"TTC17",1231.89336230485,0.674581133416495,0.199201400459157,3.38642766497421,0.000708089409183846,0.00223419476318193
"ZNF426",979.35471308418,0.831001900724613,0.205832702494421,4.03726857129098,5.4077148203731e-05,0.000220360482882062
"ZNF131",389.075608130474,1.11616264375555,0.241108944073424,4.62928759463875,3.66925876071333e-06,1.93697723805549e-05
"UPF2",554.711137647147,1.627540177373,0.241569482615724,6.73735837718378,1.61292020510285e-11,4.01122718344421e-10
"CRNKL1",1015.07238000912,1.50988369901674,0.207433851733604,7.27886835440822,3.36631975143813e-13,1.95498792109865e-11
"PCDH19",1283.43894562739,0.718364037771867,0.239615478410893,2.99798678506075,0.002717694573967,0.00730177548673328
"TBL1XR1",2233.01053109135,1.71465227674181,0.255160908292261,6.71988624048104,1.81866490843563e-11,4.36921001546017e-10
"PNN",1039.21296736104,1.54437228688122,0.219623122312016,7.03192027607706,2.03710197510193e-12,7.72537752856662e-11
"SACS",1165.42341516734,1.51451856180039,0.262255267398447,5.77497861844417,7.6962857690457e-09,7.75741716313791e-08
"CAD",3429.41068209409,-0.621182376852312,0.181305175426661,-3.426170132157,0.000612156816824414,0.00196980759848116
"STAM",459.724513945101,0.813313657208531,0.219723026959719,3.70154038228152,0.000214294541654381,0.000768581952826267
"PTBP1",4796.29196356816,-0.69199017617498,0.182287412916193,-3.79614897762098,0.000146961203862237,0.000548706901481863
"EYA1",188.448980442458,1.13561823574708,0.284259095827099,3.99501107411464,6.46912290772736e-05,0.000259867607713821
"ALDH2",844.240169722485,-0.634863012233155,0.203250304939111,-3.12355256944556,0.00178681942913284,0.00508070632276843
"TSC22D2",850.837713838941,0.629271567817226,0.217855089293414,2.88848688299268,0.00387100173596883,0.00983449054995365
"HSD17B12",1080.95253225781,0.900938258845616,0.200756252737813,4.48772203385486,7.19887697541971e-06,3.58422959269136e-05
"PDHX",561.80962396796,0.911916363952394,0.212544301437498,4.29047665726553,1.78290026536817e-05,8.11363072488007e-05
"CEP192",368.877211045815,1.43074854592781,0.284041402874389,5.03711265839835,4.72606644529615e-07,3.01797455971234e-06
"EFCAB6",95.5607892168916,1.32586281612314,0.346138277256993,3.83044263879184,0.000127912950313128,0.00048360671588974
"GLT8D1",992.342051602433,0.58146248685981,0.193119441061007,3.01089565952153,0.00260478343312171,0.00703277316449501
"TPR",1869.42430671399,1.75155219147632,0.230115156669124,7.61163330929489,2.70653538476147e-14,3.11503339981035e-12
"PEX13",530.000523368006,1.14013473025908,0.261473256637685,4.36042578472539,1.29809604544877e-05,6.11544724314705e-05
"PRDX4",1065.13066669784,-0.62845667858842,0.197266034250285,-3.18583318703033,0.0014433779496748,0.00421805578561595
"DPH2",340.648263779227,-0.698537711070418,0.230741453079531,-3.02736115139939,0.00246699020425604,0.00670647323310253
"ANGPT2",354.087189578286,0.895022135456033,0.254356732846033,3.51876722680585,0.000433556930604587,0.00144733440105369
"FLNC",2354.19654817968,-0.794749926453981,0.20825452391835,-3.81624327529891,0.000135498914947699,0.000509949908803167
"AP3B1",846.837410675907,1.03459666638215,0.214898197491639,4.81435711633834,1.47674519179385e-06,8.44415014926376e-06
"ORC3",286.206833054606,1.02444182251018,0.254258507581448,4.02913488423594,5.59824916016988e-05,0.000227282486412475
"UBXN6",757.677937716438,-0.712111427683753,0.216913980697715,-3.28292083983343,0.00102737510702692,0.00312410408889477
"CSTF3",778.593394965907,1.02198567417754,0.210933353644312,4.84506436047505,1.26570642144971e-06,7.33916939631475e-06
"FGD6",122.80718226378,2.12906704747976,0.349796131263394,6.08659403919077,1.15337924786221e-09,1.49426018263615e-08
"NHSL2",210.022669504445,1.0466442350178,0.264958244940371,3.95022330878342,7.80783121639276e-05,0.000308757144945487
"C19orf48",582.181792442149,-0.828469008804961,0.214386365250817,-3.86437359407493,0.00011137464787984,0.000427447175151088
"ADAM17",1352.01269976433,0.877242943689586,0.210045035040163,4.17645170009301,2.96091577095953e-05,0.000127311660733959
"PRKDC",10523.9631100756,0.944693261104441,0.231456837393571,4.08150941550315,4.47441647206733e-05,0.000185848821823426
"STXBP5",160.196699503765,1.35471565917617,0.398249568253503,3.40167514836786,0.000669741967505807,0.00212949116426999
"CDC7",79.3623686624515,1.24119139921411,0.389759852207775,3.1845029501716,0.00145002832839632,0.00423623978585207
"ARNTL",250.13964400645,0.766700026217892,0.258119997026675,2.97032401615385,0.00297485796747801,0.00784994512452609
"PHLPP2",621.381777382255,0.794375491380376,0.230761010556706,3.4424164180247,0.00057654199819885,0.00186673624408643
"RABGAP1",2454.61353112694,1.04623555382319,0.186075927143785,5.62262711723446,1.88075076560787e-08,1.68315290036046e-07
"HYOU1",1926.65105627819,-0.680926142807817,0.187036619396466,-3.64060334818414,0.000271999899150851,0.00095368579588917
"IL6R",371.294796913353,-1.36492055302432,0.228797353330477,-5.96563086572431,2.43690643203406e-09,2.84104827612169e-08
"OSBPL11",280.888029039913,1.04557192681195,0.278468128174507,3.75472745720014,0.00017353019721604,0.000636575206612629
"SMAD1",199.804192217546,0.912735743042959,0.314572142233121,2.90151485304301,0.00371363173927651,0.00947114840385438
"GBP3",285.748096447837,1.86125592403403,0.274190058316652,6.78819624409771,1.13544137802409e-11,3.05908556646345e-10
"HIPK2",2792.34412410762,0.684162534075615,0.220914323257083,3.09695869416054,0.00195517115379568,0.00549468599666939
"MCL1",3987.58232437674,0.662027835725275,0.180783208067103,3.66199849423815,0.000250255331007788,0.000885131862526486
"FUNDC2",893.164246174926,-0.578013474873245,0.199516549575795,-2.89707032375107,0.00376665311950038,0.00959648200175412
"IFT74",168.724614032119,1.18401043140744,0.282716553930474,4.18797702131943,2.81452005132129e-05,0.000121917371851108
"GLS",1558.99343613941,1.81714799912759,0.24348290629991,7.46314403233432,8.44819085123939e-14,7.46608866478281e-12
"NOL11",985.169780006466,1.2520605186924,0.213798908715637,5.85625308479803,4.73426591824109e-09,5.09345261508155e-08
"UBA1",8631.90685745127,-0.561291727295946,0.179618045815254,-3.12491834964769,0.00177854419805317,0.00506299409615481
"DHX57",546.290077515556,1.19268577949035,0.221214334096308,5.39153931576195,6.98566707528276e-08,5.44441989851565e-07
"ZNF506",382.723137755224,1.51386654381067,0.255060251288871,5.93532914737123,2.93256570308983e-09,3.35566882418302e-08
"PHF14",885.766206738045,1.53130615494782,0.207950026848878,7.36381801989693,1.78723299442628e-13,1.29047820004986e-11
"HERC3",424.56823918132,1.05000412437557,0.230627017129871,4.5528235912807,5.29306558456551e-06,2.70344974755764e-05
"PRKAB2",436.054200121905,0.897873615041424,0.239210510182314,3.75348731273183,0.000174391362794117,0.000639069125855671
"ATF1",439.870348001954,1.18486542790718,0.237887418462035,4.98078223542653,6.3327769655241e-07,3.94721828745325e-06
"KIZ",227.910336664011,1.73813713721445,0.275032565735841,6.31975029053058,2.6198629825381e-10,4.21648842295319e-09
"TENT4B",318.669849975674,1.01184919103055,0.254710857800755,3.97254047105468,7.11101496894503e-05,0.0002834668794306
"SOWAHC",240.031448444739,1.07192039707477,0.270417164819229,3.96395102282554,7.37193834642203e-05,0.000292689313088188
"GNAQ",1788.54707120762,1.34117976863285,0.220301924851539,6.08791670584206,1.14389352305637e-09,1.48391324917588e-08
"LEO1",263.553300595364,1.3720895207013,0.26210934381817,5.23479819801137,1.65165217777638e-07,1.17781363513189e-06
"PHGDH",728.305677122711,-1.1345201733929,0.223691175424092,-5.07181461781845,3.94040148665591e-07,2.5795035658016e-06
"ZKSCAN8",988.215374706935,1.59287409403087,0.248372181230266,6.41325484255469,1.42445103517145e-10,2.49543652143841e-09
"AKAP7",339.802288288019,1.37589876365928,0.231989851043223,5.93085756757065,3.01356547617536e-09,3.44040035561519e-08
"TRPS1",3519.03329041894,1.51727769221107,0.246615046175391,6.15241330868348,7.63126875939233e-10,1.05347696207064e-08
"PTGR2",162.324223022938,0.907362539321056,0.290045113306737,3.1283496866278,0.00175790900404002,0.00501579225194237
"NUBP1",302.046670494849,-0.754352983711795,0.251995157865665,-2.99352174105635,0.00275777859665012,0.00738341697312495
"BLOC1S6",634.79558647673,1.83653423518602,0.251667158856118,7.29747275541817,2.93223078454659e-13,1.78056566291056e-11
"WDR35",390.006359682326,1.82130185752154,0.26815628608744,6.79194168481157,1.10634272008266e-11,3.01668877228049e-10
"SPRED1",1063.60506633994,1.24239494953546,0.227379286154204,5.46397594323038,4.65586659927029e-08,3.78666948229888e-07
"ZNF772",360.960756537548,0.928962081601521,0.247611305907977,3.7516949324873,0.000175643109690498,0.000643418023581255
"COQ10B",408.477300717006,1.22631615500819,0.236018612502641,5.19584511579343,2.03791882897252e-07,1.42553502255619e-06
"CDCA5",703.655800142963,-1.09732229446376,0.214704722007898,-5.11084378676776,3.20723103644495e-07,2.15221510499879e-06
"TAX1BP1",2393.30090239921,1.27414843213346,0.199650753999401,6.38188640217846,1.74919704886043e-10,2.99025084449405e-09
"ARHGDIA",3965.91626396958,-0.842803128206301,0.201087630889615,-4.19122312236575,2.77454635695696e-05,0.000120449385268246
"IFIT3",240.417337441837,1.63781070962811,0.272152124955378,6.01799714000634,1.76588313207899e-09,2.14726182325772e-08
"PCMTD2",229.967910793616,1.45781619733778,0.258094528087319,5.64838087867003,1.61966021156781e-08,1.49686244389339e-07
"SMARCAD1",494.321108865906,1.8996887452182,0.275315405950021,6.90004519966115,5.19859958134759e-12,1.62834616000565e-10
"APCDD1L",229.752834849225,-0.882316605979366,0.254438521693537,-3.46770056714167,0.000524931849740119,0.00171704410070314
"TMED8",473.25235588738,1.2295877259741,0.244014241029165,5.03899985832032,4.67970831474315e-07,2.99223209943977e-06
"CDKN1A",1833.92262672718,-0.538152177003052,0.184912956052826,-2.91030000542155,0.00361081975358348,0.00924466992265112
"PROX1",458.064355522273,1.42342530095302,0.281726407250228,5.05250932933929,4.36043051270144e-07,2.80986596449993e-06
"PCGF6",154.678399094495,0.917457051244692,0.305333963971936,3.00476579581896,0.00265785419734711,0.00715459364844757
"FOXP1",252.260543040458,1.00233567277762,0.261102273959926,3.83886228785376,0.000123605729828038,0.000468754603003034
"RPF2",450.416673883242,0.864730626160316,0.232544864845151,3.71855395188421,0.000200366501066279,0.000726191002399863
"RBMXL1",279.674885500377,1.23711087387881,0.278865511179374,4.43622758743754,9.15490587242575e-06,4.45502744961997e-05
"FMR1",425.344783024845,1.39310534206003,0.293746592617878,4.7425412824184,2.11053802398289e-06,1.16692296818987e-05
"ZNF569",151.071114498295,1.32994207900705,0.317955603121749,4.18279176699332,2.879511145242e-05,0.000124297432689077
"TONSL",330.829206333001,-0.770302434877666,0.239892987257986,-3.21102523121806,0.00132262321389326,0.00390436163767237
"EVA1A",121.28900920865,-1.32261654120817,0.31912060688027,-4.14456638867072,3.40457314320026e-05,0.000144504566772711
"USP46",290.99656242065,1.02583989428368,0.286407478150953,3.58174968372511,0.00034130073243146,0.00116730983054823
"CHD6",3135.63212309824,1.48909546088083,0.231348995083218,6.43657630907447,1.22198414388839e-10,2.21623628854289e-09
"JMJD1C",758.922984173576,1.62711388563504,0.266196054849358,6.11246431340179,9.81042507034078e-10,1.3086736839115e-08
"TMEM154",107.107811958773,1.0504131411351,0.351220899569819,2.99074782400951,0.00278295209064386,0.00743874150504805
"MEF2C",326.367983385316,1.69809642988352,0.257108657813614,6.60458673124314,3.98627782854414e-11,8.54029825691124e-10
"ECM1",273.363860909755,-0.725349592301839,0.240843100824595,-3.01171007107282,0.00259780585260001,0.00701967849550501
"HSPA4L",133.382001246142,1.60967764953472,0.326436521980715,4.93105869333401,8.17851540831041e-07,4.99081045076797e-06
"SMARCA1",1542.20393025719,1.62262660975812,0.205291178087696,7.90402502861066,2.70038769601795e-15,6.3639136702823e-13
"MTMR2",840.915184441554,1.25563687280626,0.242600513417048,5.17573872833374,2.27010952841047e-07,1.57129679106341e-06
"EIF6",4775.3446775768,-0.648929459724673,0.17792267199645,-3.64725558830199,0.000265056237586372,0.000932975334150038
"PYM1",407.309289941307,-0.716070522806612,0.228444943000399,-3.13454311310958,0.00172121959220124,0.00492103741294276
"TCAF1",836.478581814154,1.17332811519491,0.217657362409987,5.39071181513623,7.01791415040452e-08,5.46524895835593e-07
"RNF150",260.244916192692,1.64784484656483,0.332992367568299,4.94859644561327,7.47505485301682e-07,4.59838986545435e-06
"NEK1",341.314086078181,1.89096296390672,0.261940979011659,7.21904213323777,5.23550337534774e-13,2.57815982135283e-11
"SRPK2",1443.36151982681,1.02978570777252,0.198106753077408,5.19813530723076,2.0129758653284e-07,1.40908310572988e-06
"CBX3",1894.58228159659,1.29205740188764,0.188907051607666,6.83964622226523,7.93889892882387e-12,2.28427969760171e-10
"DHX40",1585.24343482547,1.53780247638021,0.212258336667912,7.24495678483609,4.3257711071798e-13,2.2896514662495e-11
"CRIM1",3349.10251005854,0.890500437060626,0.213999780015314,4.16122127320366,3.16550184445304e-05,0.00013540249462574
"AFTPH",413.993973634513,1.22167365460502,0.223133385382632,5.47508232580291,4.37308256518089e-08,3.58317642633779e-07
"SEH1L",190.764546205096,1.15977446218422,0.302744579144129,3.83086780765141,0.000127692098771956,0.000482956206971653
"SCML1",261.124604842614,1.3194773434448,0.281604267714123,4.68557296434264,2.79177816481682e-06,1.510001107943e-05
"ZNF81",143.099537750346,1.84176788474202,0.340577170475702,5.40778432732154,6.38091960998988e-08,5.00462300314421e-07
"CHMP1A",1239.7149261594,-0.633416435132694,0.212866856642658,-2.97564611571269,0.00292372032058639,0.00773356059143881
"PRKD3",2211.1723617814,1.63476933345474,0.247362546291646,6.6087989388956,3.87450505711637e-11,8.37332992474625e-10
"ABRAXAS1",221.120500948213,1.31440965685417,0.297755768026946,4.41438856269351,1.01295877951467e-05,4.86948324411664e-05
"RIDA",238.188472195022,0.819146434747293,0.249655529549012,3.2811067162303,0.00103400613959925,0.00314040895052266
"CD320",444.640540672955,-1.08222717024508,0.223709605603723,-4.83764283310271,1.31387964108179e-06,7.59181592961329e-06
"APAF1",952.149246942186,1.28155332532363,0.251092394828998,5.10391135580354,3.32704164594824e-07,2.22206870523587e-06
"NOL10",687.764244375476,0.68682402105619,0.214728092097619,3.19857553032209,0.00138108350005639,0.00405998351160027
"NPHP1",186.194743792207,1.12823585850519,0.274127137344906,4.11573939535086,3.85940181299824e-05,0.000161934544913339
"ZNF548",421.364160753436,0.667368355419138,0.227348805686611,2.93543814054194,0.0033307701517662,0.00864166787999524
"KDM6A",1115.12578969754,1.41302970537069,0.226942191753652,6.2263860873634,4.77316975902149e-10,7.09381896017938e-09
"MRPL2",406.741131699591,-0.684848982572005,0.228596927784664,-2.99588008119307,0.00273654027788544,0.00733647770057154
"RAD18",454.045544670017,1.0204907003794,0.260311510500338,3.92026729212988,8.84508102489807e-05,0.000346178774157537
"ADAL",148.983404067314,0.928492184066685,0.29455763265077,3.15215795194658,0.00162068577985346,0.004668669339054
"BNIP3L",2706.42427690897,1.45754576305693,0.196327366184363,7.42405804847504,1.13585339984871e-13,8.99414156136199e-12
"CDC14B",999.99561166946,0.841280305729304,0.222315928172803,3.78416568099155,0.000154225063624547,0.000573663915729338
"WTAP",2762.6633105115,0.751574861998239,0.186083075841379,4.0389211033834,5.36976215977483e-05,0.000219174869515263
"RAB23",512.317169144776,1.17490372652027,0.251587206773597,4.66996609878327,3.01249445919797e-06,1.61613388385591e-05
"RAB3GAP1",1447.96880606672,0.819787726589488,0.198951238032585,4.12054599255733,3.77975601783539e-05,0.000158929588209578
"MTX3",616.077362545164,1.80622219351171,0.300034261766663,6.02005311952144,1.74359841040964e-09,2.12538633820623e-08
"POLK",443.444681279196,1.9586304342635,0.299735840624833,6.53452196500929,6.38130295713466e-11,1.26460985853202e-09
"SPCS3",701.091566367237,1.36531285686706,0.224583355837269,6.07931452345184,1.20697404104757e-09,1.55555065863136e-08
"IFRD1",1503.56565870568,0.600207467596371,0.203833615667176,2.94459510827892,0.00323377540246143,0.0084253511275502
"YAP1",2920.22352365748,0.649044082619779,0.22495384195994,2.88523226349414,0.00391124986168437,0.00991892163232178
"HIPK1",854.969775909878,0.841770979972249,0.235837310673617,3.5692867153544,0.000357954503991888,0.0012154489470023
"ZFAND5",9091.22521045766,0.730246539219322,0.187116865573087,3.90262276456363,9.51559475010396e-05,0.000370225459263086
"NDFIP2",290.095504895926,1.37239488160625,0.262036706332677,5.23741463863416,1.62841574385156e-07,1.16447842079578e-06
"ARFGEF2",3066.41565579934,1.37378974096178,0.24673975452599,5.56776812719524,2.58022857752877e-08,2.21117770219739e-07
"GADD45A",724.87226128012,-0.589741946089458,0.203055819767796,-2.90433412233077,0.00368035166562821,0.00940323200474652
"VPS54",551.426955390377,1.42179915483768,0.239965014561596,5.92502685208189,3.12246363711516e-09,3.53150367036072e-08
"NUDT21",2201.98928626167,1.392539727,0.194660840044099,7.15367162026288,8.4487038547392e-13,3.73327101581288e-11
"CEBPZOS",643.193737849057,0.970297613266864,0.213873580742737,4.53678107364747,5.71193465682143e-06,2.89931944785736e-05
"GOLT1B",528.844419725067,1.18999602858222,0.23634985063867,5.03489223863095,4.78117721940988e-07,3.04726929283445e-06
"C21orf91",340.291838111619,1.61938199887961,0.271937736743978,5.95497343718871,2.60114074823121e-09,3.00772092593371e-08
"CDC42SE2",281.261551335643,1.38556930450322,0.255581909118056,5.42123387873754,5.9189060932005e-08,4.69433754090533e-07
"TPP2",599.287177235651,1.61850967681478,0.258136527100495,6.26997540795409,3.61105132451004e-10,5.56731869314647e-09
"ADD3",1114.87126643577,1.85382810515876,0.243485749686412,7.61370268094262,2.66353117042588e-14,3.10160370880887e-12
"TAOK3",687.874864725286,1.15250818521738,0.211973607037053,5.43703624864918,5.41741201213632e-08,4.32431807226817e-07
"STXBP4",201.540482633156,1.63216766909703,0.31328253436613,5.20989040260233,1.88952214408672e-07,1.32830185952914e-06
"WDR36",441.744248767833,1.70435355026676,0.273049304208103,6.24192599651451,4.32215446033414e-10,6.50162383714093e-09
"CCDC85B",354.313008967968,-1.04198470697368,0.248159723566567,-4.19884698450744,2.68277521926162e-05,0.000116926944607008
"SMAD2",1089.03592519243,1.13728858895044,0.234458048867016,4.85071250249764,1.23018753247071e-06,7.14577241572481e-06
"STXBP3",315.384887927046,1.45990769675102,0.296762006600278,4.91945621164854,8.67849799817426e-07,5.25702406278634e-06
"FAM133B",310.292193467956,1.16221940696334,0.262666834820317,4.42469034112501,9.65807171179212e-06,4.67090111951681e-05
"MTBP",217.203398464752,1.09445831533032,0.284716272380715,3.84403148502466,0.000121029467748227,0.000459512724116589
"ACAP2",1098.79986356855,1.97427726098924,0.240731957828593,8.20114320839353,2.38111666895103e-16,1.24043646259354e-13
"TGFBR1",566.841151124093,0.929032473407978,0.268730852851323,3.45711131993457,0.000545999250908035,0.00177948652798411
"PAQR3",107.133049361607,1.69306361942344,0.351298341100926,4.8194466678026,1.4395692823657e-06,8.25542106422696e-06
"PTPMT1",378.994975208915,-0.691756136345065,0.235646411196282,-2.93556830691076,0.00332937300454741,0.00864030781305984
"RFK",280.913261628836,1.14629641040228,0.24543043449657,4.67055527466908,3.00386638314539e-06,1.61325390452377e-05
"REEP4",358.369338771992,-0.84031499806038,0.235771407849757,-3.56410900593961,0.000365094219746837,0.00123672230905345
"FXR1",3256.33968047746,1.63790397107632,0.20989140884133,7.80357795546799,6.01762041281547e-15,1.10300753418607e-12
"UFL1",612.879444400151,1.79207140566607,0.230228505984273,7.78388148767507,7.03326462356665e-15,1.17991954650954e-12
"TMOD3",852.22826981666,1.2852696519912,0.233763456302917,5.49816328145708,3.83767500818739e-08,3.17072681394314e-07
"MIDN",1040.39461356426,-0.565584029663361,0.190579809215944,-2.96770173078777,0.00300035325568108,0.00790037151495913
"S100A11",3418.25497672026,-0.633021768176806,0.175667379025036,-3.60352486437785,0.000313930700772007,0.00108343308097675
"E2F1",244.648437823959,-1.03405255078356,0.272473533719342,-3.79505685072765,0.000147609628770316,0.000550920100138984
"TTC3",7619.93131139349,1.67487015111185,0.228380050651001,7.33369725743384,2.23888543922947e-13,1.4741884681644e-11
"MAT2B",820.022187514041,0.920780183370298,0.211363358769376,4.35638508363687,1.32228063425554e-05,6.22345873412332e-05
"LGALS8",406.343561292367,1.44587189199911,0.256992599118665,5.62612268585791,1.84305286033996e-08,1.65370557983707e-07
"USP45",187.206130688222,1.73450273583969,0.3133756111591,5.53490020944575,3.11405600795455e-08,2.62994252275889e-07
"EIF4EBP1",524.774715265855,-1.01114527252912,0.231306415015232,-4.37145365148015,1.23422052277003e-05,5.84512666716639e-05
"ZNF559",361.676459170779,1.53847656495205,0.25491970445166,6.03514180381372,1.58823155625417e-09,1.96749886655867e-08
"ZNF638",1675.82811488103,1.69644695931026,0.228864078382665,7.41246494993316,1.2397322730518e-13,9.58661721770834e-12
"DCXR",386.262560515808,-0.790995878265549,0.239868604763237,-3.29762154178661,0.000975074635227633,0.00297787372399973
"RIF1",1135.26970931971,1.40649246385734,0.249743028958458,5.63175865097439,1.78381197804021e-08,1.61780215432598e-07
"SLC25A5",1300.56220564197,-0.673271413109417,0.194100659694632,-3.4686714314554,0.000523038706121802,0.00171254949162871
"ABCA1",1857.63902094595,2.08420231144431,0.250073262300177,8.3343668662287,7.79139885881506e-17,5.14128439363676e-14
"LDAH",242.105724598926,1.17878868613622,0.2628439205663,4.4847477681679,7.30002364547747e-06,3.62800168767747e-05
"PTBP2",373.560855667181,1.51824707214067,0.32727280662123,4.63908715122126,3.49951466776182e-06,1.85528635144652e-05
"IWS1",1047.04708211795,0.856566099218355,0.199281195876569,4.29827859799123,1.72129722303443e-05,7.87310532051516e-05
"CLIC2",140.934488766252,1.39632928964913,0.313095122007394,4.4597606014959,8.20512512096412e-06,4.02449595873652e-05
"RYBP",984.177137719647,1.43076696290258,0.215631631403185,6.6352369250843,3.23981714823001e-11,7.22245723720284e-10
"COL21A1",111.258837156741,1.65757555467329,0.350611167898189,4.72767471900558,2.27105620254545e-06,1.24813516339783e-05
"SCML2",199.63531761248,0.965741194825266,0.321345355160395,3.00530622060253,0.00265313592121648,0.00714577941447639
"GDA",5963.04381162224,1.20633031423054,0.214249954355188,5.63048107926624,1.79707655618905e-08,1.62294377309847e-07
"AQR",670.749661210941,1.44741988787347,0.270916686103471,5.3426753024753,9.15847289979595e-08,6.94640343005213e-07
"ZNF33A",298.963732855808,1.9006545672064,0.276140301827709,6.8829307226305,5.86335465355797e-12,1.76937452319868e-10
"JRKL",403.375711514288,1.38751518859037,0.251493179493563,5.51710862053772,3.44622449635555e-08,2.88097382305129e-07
"CAPZB",2755.57648509136,-0.627966848691317,0.200288994385605,-3.13530381745453,0.00171676212341867,0.00490971149887259
"POP7",257.69021672304,-0.793972178417142,0.24637257594481,-3.22264836243382,0.00127011370682645,0.00375944541572017
"CDKL5",543.420121014244,1.38850508856021,0.270669555835632,5.12989015064331,2.89911307467234e-07,1.96275110896764e-06
"PCNP",2402.83067800494,0.656416264123369,0.178079725965775,3.68608083016438,0.000227734046746704,0.000812585290086112
"ZNF330",394.615360264908,0.848056910844021,0.225779169882704,3.75613441791198,0.000172558036266112,0.000633523532255927
"PPM1B",373.358965835656,1.15552799667328,0.233691771021458,4.94466703565348,7.62741176681796e-07,4.68338223746676e-06
"KIF18B",639.042561901744,-0.863147033095222,0.203576253725217,-4.23992001670431,2.23599444158561e-05,9.95138173687697e-05
"MAPRE2",1278.42065006618,0.55589343828444,0.188977078707224,2.94159186969795,0.00326529969362322,0.00849183824684251
"ARID2",715.596082118164,1.51393391835843,0.259462948714536,5.8348751752763,5.38308515938314e-09,5.65180384461034e-08
"RBMS3",210.530856595487,1.8021595963466,0.27959587858779,6.44558712899892,1.15153748861698e-10,2.10293691186917e-09
"RABAC1",1664.25527061293,-0.66316567796997,0.190612786796628,-3.47912482218481,0.000503054213210633,0.00165422943599962
"SRPK1",549.809478037521,1.1810961076555,0.231401722219013,5.10409385172007,3.3238329790254e-07,2.22142463378754e-06
"CLTC",11087.5502439776,1.24200082825873,0.222065216996255,5.59295528159944,2.23236802631666e-08,1.9577702104233e-07
"LRRC59",1852.00026831614,-0.563314806663025,0.180478777188274,-3.12122464169502,0.00180100590481824,0.0051166350303935
"NEMF",540.951819991504,1.32539775083565,0.237584232467741,5.57864357019403,2.42401359923594e-08,2.10156156165934e-07
"NDUFV1",1076.60384033165,-0.737816084470956,0.217271879877627,-3.39581949070682,0.000684234675783403,0.00216930007075725
"CILP2",299.806928973129,-0.871176679809556,0.291983219039663,-2.98365324786428,0.00284829360556747,0.00756843224373338
"TMEM267",115.696685509905,1.0403291336011,0.347448027265738,2.99420072057405,0.00275164858146371,0.00737099260063
"SLC35D1",737.538078272293,0.871967696867712,0.21665196011552,4.02473947802169,5.70384244557012e-05,0.000231190141385148
"BANF1",3173.60412591136,-0.934092742217389,0.186963947923988,-4.99611156369652,5.84978269947622e-07,3.66927434470314e-06
"COL6A1",58695.0318494082,-0.573481187225004,0.188390438780688,-3.04410983347522,0.00233369922754059,0.0064057002091505
"S100A16",1924.63332965304,-1.17010091961207,0.185760812571367,-6.29896533835696,2.99638980554568e-10,4.72915842658459e-09
"AP2M1",8576.35939962248,-0.719053378419735,0.182693009159356,-3.93585601183312,8.29006688129193e-05,0.000326133076275944
"RNFT1",143.882270114409,1.53921002830274,0.304396709804559,5.05659219934081,4.26814567950664e-07,2.76298926983367e-06
"LUC7L3",1710.84386625955,1.8623818834441,0.214234071816697,8.69321050405836,3.52338692612767e-18,3.87494264386797e-15
"R3HDM4",445.548850074792,-1.03980744975274,0.232052500707547,-4.48091464897937,7.4323831784676e-06,3.68196840342704e-05
"JAKMIP2",173.705944538328,1.48470954379169,0.341098682370555,4.35272729133198,1.34454358957787e-05,6.31622802545881e-05
"ADAM9",3223.16266209733,1.35743323579372,0.218807936714969,6.20376598844303,5.51277411344137e-10,7.98908318811753e-09
"MFAP3",592.41548340187,1.50812870869138,0.262313802475701,5.7493303610323,8.95975984455407e-09,8.91293496898454e-08
"C16orf87",195.078870535688,0.845650440538374,0.285255053360682,2.96454148866249,0.00303134364442873,0.00797079710187565
"FANCL",248.242415827346,1.25794314179224,0.267566317605927,4.70142562430052,2.58351366964644e-06,1.40503397264618e-05
"PTPN11",2307.66836485092,1.48720100440125,0.222169740295817,6.6939854294336,2.17173051077006e-11,5.09901743244178e-10
"NUBP2",264.801070159289,-0.761148306300496,0.256898991086668,-2.96283104531039,0.0030482383338603,0.0080115408997741
"PPARGC1A",1496.67876669655,1.50316690311739,0.238001684346151,6.31578262669425,2.68797652512024e-10,4.31908955286365e-09
"ACADSB",219.33202277432,1.62861306544957,0.319223235548567,5.1017998819882,3.36438397126613e-07,2.24096046753648e-06
"TCP11L2",235.22322725934,1.27341579872153,0.314195855653913,4.05293633192986,5.05787707666945e-05,0.000207471476605364
"VRK2",155.010106378559,1.01432678795844,0.291984547997439,3.4739057080765,0.000512941255011665,0.00168282815449303
"ZNF805",449.919327975498,1.32594925403302,0.269501861090638,4.92000036165642,8.65440524596672e-07,5.24885435812369e-06
"CNTRL",1086.30458783164,1.80054981336643,0.229617228687525,7.84152750060717,4.45098419630623e-15,9.15219994995455e-13
"ANGPT1",781.277267080601,1.46437885839142,0.21780547167031,6.72333365714536,1.7761322781176e-11,4.28784324117268e-10
"SLC7A11",3637.40419761415,2.04335192924132,0.262132054796519,7.7951242202236,6.43451478329539e-15,1.11734784780803e-12
"PKIG",469.210781083039,-0.993163778615069,0.222253977304114,-4.46859845057398,7.87337736205442e-06,3.87714871291615e-05
"NHLRC3",133.236836404761,1.73887756397236,0.33102634044749,5.25298851330591,1.49650872949843e-07,1.08238301297799e-06
"APOOL",265.962876193194,1.62495957823311,0.284791022203971,5.70579636133788,1.15800379411321e-08,1.11932827677076e-07
"FYTTD1",1247.40822723793,1.50642318992881,0.210290416455456,7.16353705185561,7.86215997864211e-13,3.50539006615313e-11
"USE1",361.291222233649,-0.879401958751703,0.232342986975289,-3.78493007342301,0.000153751803944495,0.000572333717729451
"FAM45A",208.863457360567,1.09716123816402,0.261706809648828,4.1923297282033,2.76104300855125e-05,0.000119915768752261
"GRHPR",855.263807774672,-0.602678212196353,0.206814695738658,-2.91409761788847,0.00356718342475268,0.00915188738678124
"ZNF44",248.705465317332,1.19968367040492,0.278053835492973,4.31457335691108,1.59911428925208e-05,7.35161785184259e-05
"GOLGA7",1460.66049783629,0.687232990175151,0.189574152571134,3.62514077396327,0.000288804089305492,0.00100654326617808
"CPEB2",271.179266181789,1.41477337836519,0.280436823705845,5.04489160756281,4.5377853836204e-07,2.91088786306382e-06
"PIBF1",211.119240854873,1.00407901293877,0.267375378479038,3.75531591072621,0.000173122971284708,0.000635361946524302
"ZNF439",193.73472921252,1.517874289828,0.313485305533542,4.84193122623285,1.28583270929306e-06,7.44714579086173e-06
"ACD",406.516887692278,-0.773432857695807,0.219699709163749,-3.52040911041599,0.000430881637643129,0.00143986038129362
"ZNF221",95.0967444086304,1.70009409509081,0.410168371462685,4.14486882308396,3.40008292491244e-05,0.000144375893568354
"PURA",339.366356913373,0.74283083719871,0.230605489957084,3.22121922308506,0.00127646468250502,0.00377711432808213
"HLTF",989.038084212182,1.66880925218486,0.23127547094242,7.21567767383486,5.36660388280568e-13,2.62963590257478e-11
"CNOT6L",460.945237643834,1.52050046846632,0.237199125034608,6.4102279814248,1.45302188821873e-10,2.54099128084611e-09
"SGCD",165.263047208674,1.20032313625028,0.298867172934246,4.01624281604979,5.91333298330127e-05,0.0002388011826549
"PPP1R14B",568.31055478758,-0.84169356332055,0.226787386834634,-3.71137731717984,0.000206134568743989,0.000744099183598834
"GAD1",224.523447263947,0.984879261083179,0.255192534226359,3.85935765742105,0.00011368545214655,0.000435471596496344
"APPL1",797.993251762896,1.57310480576008,0.227093700930924,6.92711774616141,4.29501094605435e-12,1.39454558547883e-10
"ARMT1",313.541227134708,1.37731687291514,0.235335191466786,5.85257506253383,4.84019674952739e-09,5.19612444976379e-08
"RPAP2",220.231363476137,1.3465731008178,0.280077773205201,4.80785420923501,1.52558954130622e-06,8.68831143834811e-06
"MCFD2",2789.63726880263,0.694377575625348,0.192466969626067,3.60777528203627,0.000308833793261409,0.00106882408590959
"ZNHIT6",265.596710691776,1.30879269612403,0.259623578210362,5.04111647002866,4.6282366084859e-07,2.96123373954709e-06
"SPC24",337.749992065906,-1.2385912543864,0.238864075499899,-5.18533920094201,2.15622057637076e-07,1.49665296387923e-06
"PPP1R12A",1641.88939499196,1.56147835128637,0.220061967611078,7.0956302365069,1.28763329470593e-12,5.35503964327701e-11
"AMIGO2",212.925524737278,1.05974597427004,0.276169265170299,3.83730598557572,0.000124391440280735,0.000471192681170576
"NT5E",1785.11305434241,0.865617370798807,0.202618015632824,4.27216389468271,1.93585206261952e-05,8.73339276016774e-05
"ANPEP",540.82000080272,-0.907090589706485,0.216630933941073,-4.18726251696458,2.82339194806859e-05,0.000122103743055049
"TRMT6",375.157536451909,1.00052876135039,0.236893749080515,4.22353382152914,2.4050125947478e-05,0.00010622407256945
"CDCA3",625.891023538858,-0.873035182308981,0.206663351985684,-4.2244315400897,2.39544653714147e-05,0.000105943386169018
"AKAP13",1805.47533112873,0.649975039125483,0.199756652513656,3.25383425756521,0.00113858688324348,0.00341921510022573
"BZW1",2676.85635829426,1.14564156558407,0.202926530374421,5.64559776126973,1.64608300001949e-08,1.51524029992604e-07
"UFSP2",292.852977158241,0.927160983852282,0.244628715410466,3.7900742040712,0.000150602287914512,0.000561243014223583
"SNAI2",8254.04839968194,0.773338765159222,0.181639082010898,4.25755711049467,2.06672873572469e-05,9.26471060969336e-05
"DNM1L",978.596957186992,1.66221819314078,0.240919485530455,6.89947593687126,5.21947285016856e-12,1.62972688551951e-10
"ZNF664",865.675566649397,1.21999242802288,0.240306406950275,5.07682022924726,3.83803687665014e-07,2.52250258997896e-06
"BAG5",782.037510893579,0.78396898662307,0.20437148949124,3.83599976970699,0.000125054524384923,0.000473523214369535
"PTP4A1",1299.21665103045,0.649972389436222,0.200397002134964,3.24342371648093,0.00118102431422059,0.00353379040573016
"ZNF721",222.319739756784,1.39575713341013,0.319237833898247,4.37215450426535,1.23026409470467e-05,5.83476473856578e-05
"SLC35A2",366.170055764748,-0.664612979377492,0.226431603347701,-2.93515997569002,0.00333375763803814,0.00864262260379819
"RPL35",10511.3969023526,-0.663506464573008,0.174338833558976,-3.80584434935177,0.000141321241411055,0.000529246177633986
"NUDT12",151.68921872117,1.39726199992324,0.293427215190811,4.7618691368305,1.91808054514001e-06,1.06778184678267e-05
"TOGARAM1",356.625210911151,1.66913012364482,0.293095062086147,5.69484218452724,1.2348608874234e-08,1.1854416452915e-07
"IFIT5",395.983700750329,1.25503324984202,0.243246177096527,5.1595189072344,2.47585220890372e-07,1.69591592828575e-06
"CD46",1301.85475093981,1.41009483956667,0.251726207482546,5.60170056852122,2.12258993150325e-08,1.87416548992142e-07
"SMURF2",598.655190681666,1.38058008427145,0.245714655978928,5.61863141118391,1.9247597311761e-08,1.71787843274851e-07
"DTWD1",197.755420004058,1.11846151425721,0.26703322882407,4.18847316936007,2.80837505201813e-05,0.000121811114219437
"INPP4B",157.897709944363,1.72663669540728,0.350605829374198,4.92472329535759,8.4479810910657e-07,5.12680054196005e-06
"ZBTB26",197.605997884453,1.88793534347633,0.337230646209474,5.59835046042529,2.16400949511209e-08,1.90733445971679e-07
"ZNF33B",132.281598020508,1.80264759858735,0.317495652619947,5.67770797398975,1.36511504371025e-08,1.28930426551947e-07
"TMEM115",599.843089548824,-0.652007282136359,0.21158477741327,-3.08154154617111,0.0020593173639716,0.00573687679949081
"RGS2",411.141761055292,1.36264641762779,0.236960693120535,5.75051667718851,8.89711264596071e-09,8.85951921224538e-08
"CAPNS1",2996.23986071344,-0.608046328163398,0.18719866687476,-3.24813385861446,0.0011616460728814,0.00348212381265296
"MSANTD2",266.020419969467,1.11643930496208,0.246335818414834,4.53218420344368,5.837690932074e-06,2.95557364939481e-05
"PPIP5K2",671.11358455354,1.7158068485414,0.278699877636725,6.1564678933153,7.43852463468173e-10,1.02974149418293e-08
"CHMP2B",422.982095998965,0.903148860001278,0.231744156372817,3.89718072782099,9.7318994850436e-05,0.000377044702020939
"ROMO1",1181.06095830802,-0.75401485883039,0.199489934340365,-3.77971380522844,0.000157008722845967,0.000582485884081479
"PCMTD1",886.262773537043,1.87836860569255,0.250750988811507,7.49097187849793,6.83654658584886e-14,6.44309798097676e-12
"ZC3H14",743.747959303882,1.0115049845899,0.214424572963332,4.71729975072806,2.38995443154115e-06,1.3083943010727e-05
"ASPN",395.478487647676,1.87968813197054,0.244095440835953,7.70062777712345,1.35399368216035e-14,1.9422941255106e-12
"ACADM",522.280630032065,1.50050528181925,0.249392719211983,6.01663627775685,1.78078587849882e-09,2.16272621170323e-08
"PQLC1",380.954082317111,-0.680373912528832,0.231110081198397,-2.94393870228778,0.0032406417648013,0.00843657869226809
"IER5L",1075.36773667284,-0.638166224327045,0.205320928025503,-3.10814017092197,0.00188268751107357,0.00531968055512596
"FAM208B",1217.12657195074,1.69043552901475,0.262055823269293,6.45066958606612,1.11357044867756e-10,2.06020940205804e-09
"TKT",16150.3638256495,-0.630374092921168,0.188987608945171,-3.33553134218473,0.000851365562587208,0.00263173527123304
"MRPL14",271.179701771722,-1.28660960308392,0.253240276191569,-5.08058837414407,3.76267639022128e-07,2.48286472736068e-06
"LYST",861.382487615824,1.63393449264574,0.250052717642926,6.53436006634004,6.38820902471218e-11,1.26460985853202e-09
"POLRMT",449.239753329951,-0.719166324729108,0.241682546453971,-2.97566512468899,0.00292353911865618,0.00773356059143881
"CLK4",284.708466727983,1.51716336899827,0.271589853064029,5.58622994151623,2.3205194535674e-08,2.02544105391624e-07
"SPDL1",409.929259145904,1.0946066722079,0.260463560250792,4.20253286545705,2.63944912151254e-05,0.000115292442209758
"KIF18A",299.974833757611,1.14509448534037,0.283526630830802,4.03875460299785,5.37357460537827e-05,0.00021924007190451
"RHOT1",565.821805992949,1.17806495269735,0.229341785288984,5.1367218198503,2.79572315544452e-07,1.8979470365288e-06
"CCNQ",137.619783337382,-0.874601529756664,0.302987884620576,-2.88658911511233,0.00389442443450807,0.00988638447108512
"KLHL8",227.063766109181,1.55973621450104,0.298215795551889,5.23022669411099,1.69302301638879e-07,1.20384639484312e-06
"CHML",212.691573451318,1.27576913189283,0.287628205738546,4.4354799231773,9.1867393700372e-06,4.46612702773223e-05
"ZNF655",1174.08574796858,1.12388644990001,0.22140133829811,5.07624054370767,3.84975872835698e-07,2.52852766378749e-06
"FRYL",1054.37925116236,1.87611002501243,0.275072045264894,6.82043143717401,9.07675000194918e-12,2.55959178117644e-10
"SEPT11",1679.69994317566,1.61380206659431,0.237662296246642,6.79031588973429,1.11888282010257e-11,3.03784991597399e-10
"SORD",370.1540941354,-0.751577467273792,0.224863722812286,-3.342368692798,0.000830666458795464,0.0025766018831581
"PSMD4",2887.85443962542,-0.53885926345799,0.186401220150344,-2.890856953744,0.00384192950209281,0.00976564412216605
"SENP6",776.438371656276,1.50019240110092,0.254066055856705,5.90473369629133,3.53216844033627e-09,3.91943982314444e-08
"ITGA8",652.079737068047,1.60085391578809,0.236195468296471,6.7776656653662,1.22133071937638e-11,3.24856990807155e-10
"ATG101",483.843165244883,-0.76015018837224,0.225371600484399,-3.37287478430478,0.000743877730074186,0.00233591563675288
"ZSCAN30",303.914739292312,0.71745421623793,0.247268452264946,2.90151942015306,0.00371357760629119,0.00947114840385438
"MAPK6",854.266491597231,1.83199417233878,0.262275805418449,6.98499112190662,2.84873995654204e-12,1.00702957463761e-10
"CARD19",757.903385260294,-0.6617565008447,0.209848572937806,-3.15349535896453,0.00161327793679992,0.0046527462174958
"RAB10",1975.45248536058,0.755763083060846,0.19166830563873,3.94307801982327,8.04424713940383e-05,0.000317218956915614
"XRN2",2602.13157310365,0.705871108368561,0.201225431776515,3.50786231211826,0.000451722779048324,0.00149988328313328
"ABCB10",234.543381205042,1.01652592295831,0.255018914111269,3.98608050897268,6.71737271557893e-05,0.000268640626823435
"NOL8",1351.19439491277,1.66395549688961,0.227752182525561,7.30599144402428,2.75229687463806e-13,1.71334807957028e-11
"DOCK1",1918.62297744324,0.861985001023292,0.203789325645073,4.22978484420012,2.33914924813157e-05,0.000103778123074882
"PDS5B",744.114515156852,1.74976498531914,0.241827601877492,7.23558837673776,4.63515180838579e-13,2.38951732288555e-11
"TAF1D",776.336716590401,1.25795570857962,0.210272134947006,5.98251265626167,2.19721432066434e-09,2.6014386777435e-08
"AHSA1",1033.46299124084,-0.717114489911565,0.2003425895229,-3.5794410545422,0.000344329903095251,0.00117604464487122
"PITPNB",1314.16139012656,0.682592781746367,0.184218993693035,3.70533335386565,0.00021111289460864,0.000759576674240754
"FCHO2",291.250202752887,1.71286244135236,0.281850852199396,6.07719447355297,1.22303404520315e-09,1.57126108391983e-08
"TTC21B",266.771060600632,1.7711600266649,0.280006669573776,6.32542085287091,2.52543325528822e-10,4.09111920799391e-09
"TMEM38B",568.970049719113,0.917294833811308,0.217181189096053,4.22363850952863,2.40389517382151e-05,0.000106222117993238
"THSD7A",501.916962714093,1.77459594979823,0.245449754681706,7.229976465446,4.83077743604464e-13,2.45205308010102e-11
"EPAS1",305.623258924078,-0.800652947532037,0.233489175808385,-3.42907950554889,0.000605632087323463,0.00195325721744139
"DOP1A",341.093817687149,2.00344259064799,0.285917078466039,7.00707562275248,2.43350752412373e-12,9.02129493399876e-11
"ELP6",502.661009746852,-0.678053469305812,0.221815718624765,-3.0568323719783,0.00223689331516704,0.0061863006520043
"CDH2",3126.65123898099,0.70211320354711,0.177357774035093,3.95873937506786,7.53464012099419e-05,0.000298669875521027
"CCNL1",1533.62483046178,1.34959579958673,0.218541296441235,6.17547265237183,6.59658245977933e-10,9.3542941528504e-09
"ZNF92",397.760946609147,0.966962152739956,0.239568240535333,4.03627021085603,5.43076653787284e-05,0.000221208753875989
"ZC3H13",836.923942888394,1.51292249972644,0.225736519751611,6.70216100341756,2.0535958284967e-11,4.88267158016476e-10
"PNRC2",1853.02463557169,1.50742105192676,0.200028038396131,7.53604876603097,4.84425487914794e-14,4.9431376076089e-12
"BBS10",332.383528361777,1.67269682260225,0.262760135212761,6.36586985026417,1.94186044212214e-10,3.27436706237221e-09
"MAP2K6",145.466148324022,1.46989197572908,0.329597911601715,4.459651969838,8.20928479507575e-06,4.02454189706091e-05
"TMTC2",2543.5970072718,1.08825210177166,0.20487653184474,5.31174601587051,1.08579862594022e-07,8.08670790034331e-07
"BOP1",403.816077398483,-0.817210049074657,0.226005661292323,-3.61588309072333,0.000299325451292078,0.00103809506548318
"ZNF711",123.878544311016,2.0143089660678,0.355554799157033,5.66525601916618,1.46805175361032e-08,1.37471866199006e-07
"PDE4DIP",702.7413177419,0.595370049887931,0.199358834508466,2.98642421017287,0.00282260794160157,0.00751972453548585
"SZRD1",3069.18210069264,-0.658191796193433,0.195694083845308,-3.36337094745142,0.0007699682657953,0.0024064243431771
"SLX4IP",256.817910455234,0.892908110359619,0.255989593369797,3.48806409903447,0.000486531425257006,0.00160469445091431
"ZNF808",252.195241840526,1.41450869786613,0.283080792425086,4.99683742492161,5.82781595476201e-07,3.65781371719939e-06
"IMPAD1",2074.07226612868,0.912197136774512,0.200484560481765,4.54996202491853,5.3655598048965e-06,2.73754180148791e-05
"HSPA13",1435.05158639717,1.15075444690746,0.20854090843703,5.51812330507297,3.42638994451362e-08,2.86681383523211e-07
"SEC24D",1767.76234854049,0.692809278209227,0.214292394073912,3.23300918449896,0.00122493624445099,0.00364315473184372
"HMGCS1",2303.5515879528,1.37980591975243,0.204074523861949,6.7612845231276,1.36773620783572e-11,3.50721579926372e-10
"SSR3",1669.42390884951,0.638695437514657,0.192011424491479,3.32634081126251,0.000879942659440372,0.00270991675268849
"SS18L1",678.79917691832,0.936862889688016,0.2290730624914,4.08979947052129,4.31746297882732e-05,0.000179631141506653
"VPS4B",579.045395764395,1.55042035491786,0.22302853636168,6.95166806997099,3.60991989885903e-12,1.20306354070393e-10
"MFAP5",1075.35766440385,0.813257444454062,0.209389308987804,3.88394922541833,0.000102773378681476,0.000396280055391217
"CDK2",1413.10896140305,-0.697324355121813,0.185552110664717,-3.75810521703977,0.000171204892640982,0.000629255858655937
"ACTN4",14119.9452749411,-0.582779450340047,0.182877631208944,-3.18671806107442,0.00143896969836888,0.00420641526120944
"CHURC1",229.244905344336,2.09473405261036,0.289914476311057,7.22535169427988,4.99806652475701e-13,2.49852840717398e-11
"FAM161A",126.88768960266,1.85140290286966,0.358568574812802,5.16331612115263,2.4261289930906e-07,1.66531378457772e-06
"RBM33",2154.61677372872,0.629164539246761,0.189067407410138,3.32772606270489,0.00087557917615954,0.00269899803351826
"BMPR2",1791.62988223809,1.69392108899763,0.239795380226285,7.06402720268899,1.61745059836924e-12,6.35564362180131e-11
"SNAI1",1402.49767938633,-0.735837670957041,0.185838828529177,-3.95954751103864,7.50919049222116e-05,0.000297899669306634
"TOPORS",409.28671731272,1.32208502511267,0.254500791878471,5.19481694086039,2.04921381052996e-07,1.43141272382678e-06
"LTN1",902.057715815768,1.5303702416971,0.233941383190855,6.54168245405554,6.08305599222424e-11,1.21636541840476e-09
"ANKRD36",313.385153878093,1.47669768509573,0.286181096995312,5.16001126769014,2.46934980148069e-07,1.69263326420054e-06
"TCEAL9",919.310880154473,0.771557680941968,0.196715682316946,3.92219711135609,8.77451620726423e-05,0.000343824867060575
"GPX8",697.311914565358,1.09553375644653,0.216825957016637,5.05259504683045,4.35847341204237e-07,2.80986596449993e-06
"HBS1L",773.001727448866,1.23179045287249,0.210709933945232,5.84590593243062,5.0381870949438e-09,5.35638838515077e-08
"ADRM1",1647.98550774509,-0.911245211049064,0.201097051263119,-4.53137032753789,5.86023044227206e-06,2.965468349571e-05
"PHIP",1283.13114623265,1.43198885282385,0.225593024818461,6.34766457861986,2.18608062824927e-10,3.6427316596652e-09
"SCAF11",1695.52752047606,1.81813411596077,0.241978782448521,7.51360965438182,5.75189211176986e-14,5.58159099238216e-12
"ATM",1538.11554547174,1.87520762726684,0.261025001178785,7.18401539622042,6.76932363609167e-13,3.10783876941658e-11
"BRD7",917.353003063501,0.694423133608718,0.194781081269912,3.56514672308674,0.000363652694438294,0.00123268300327063
"ZNF350",218.559867225973,1.33189893698188,0.271330706017502,4.9087659724586,9.16512684410327e-07,5.50797969052423e-06
"ANO6",1267.52583530394,0.93146418157275,0.237024832795262,3.92981684909502,8.50105889554734e-05,0.00033390270217511
"DOCK7",1614.03233767683,1.71875211237184,0.247995716999755,6.93057175811443,4.19143089316375e-12,1.36920075843349e-10
"RNF38",674.757782669978,1.23233655705408,0.228787302186751,5.38638528133074,7.18887767796328e-08,5.58959240035197e-07
"MBNL3",188.789873238133,2.22894704781097,0.334624108626832,6.6610473972055,2.71882935370389e-11,6.20068500989888e-10
"STX7",303.513353538787,1.35600833465009,0.26763976972646,5.06654274899427,4.05105806875588e-07,2.64444513998856e-06
"GTF2H1",1254.56293353189,0.900100296438405,0.20526534637834,4.38505725549681,1.15955275160185e-05,5.52322095060399e-05
"SLC4A5",199.764348085434,1.06420928004283,0.298209364566127,3.56866485930506,0.000358805050134783,0.00121791919966875
"BCKDHA",693.39332073848,-0.637966182722451,0.206652704117221,-3.08714171173184,0.0020209122905778,0.00564259234192921
"SENP5",1023.024049469,0.813796705194549,0.217653556449917,3.7389543201965,0.000184787297505329,0.000674170538410523
"ZNF354C",317.995156161849,1.85559964571523,0.305250414724933,6.07894225921803,1.209779093734e-09,1.55713829255906e-08
"FBXW5",1425.00472576781,-0.651283020481983,0.204113110595737,-3.19079464607202,0.00141882086557139,0.00415610799864625
"ELK4",1511.63206617219,1.85268582289866,0.272953022373765,6.78756295419111,1.14043501113863e-11,3.05908556646345e-10
"TSSC4",349.014345720628,-0.828159119094894,0.235490417811728,-3.5167423234902,0.000436877673410522,0.00145743687610966
"ZWINT",743.997535525892,-0.780410283924113,0.196688674217047,-3.9677438827155,7.2556247159127e-05,0.000288534244427898
"FERMT2",497.721496627661,1.41393239849905,0.227100818299457,6.22601190557854,4.78457723903653e-10,7.10011177091208e-09
"TWF2",922.052769718397,-0.879339597017759,0.205215936256029,-4.28494790931192,1.82782009429498e-05,8.29897398776684e-05
"PSMC2",1661.26010799389,0.539192333869847,0.185604851820684,2.90505516736582,0.00367188374554417,0.0093840189293561
"PRKAR1A",5102.88838322568,1.13649242769753,0.186187475017146,6.10402191443261,1.03432095266215e-09,1.36867764564839e-08
"GALNT5",898.967781770921,1.50191025257849,0.212483099871044,7.06837510131395,1.56758349180721e-12,6.2582744025492e-11
"CUL2",450.223797080406,1.34655185377863,0.266188879822603,5.05863300779514,4.22272661361867e-07,2.73716751942355e-06
"LRWD1",224.375650384004,-0.856542584572739,0.255563043454701,-3.35159017123132,0.000803488677092194,0.00250092167479828
"UBE2T",493.086221150814,-0.626311772996129,0.210219700409267,-2.97932007217587,0.00288888838346357,0.00765574758220144
"SKIL",394.793165461599,1.65618563532178,0.256590826149038,6.45457852168028,1.08520499531658e-10,2.01905245181269e-09
"PFKP",872.541610809136,-0.717717723214018,0.210264619959427,-3.41340223263671,0.000641571735219881,0.00205178579489705
"SLC4A1AP",603.780283146644,0.769414079540512,0.214041913954649,3.59468884072647,0.000324779503288025,0.00111620400123086
"LRP3",893.35312623903,-0.645951681770133,0.205815866862631,-3.13849311822622,0.00169818922631447,0.00486643803186468
"MRPL28",536.450397025625,-0.80631909845696,0.235529681638478,-3.42342881308099,0.00061836445682242,0.00198655351951584
"RNF40",2249.89072286821,-0.617300795710992,0.204716097719001,-3.01539938768429,0.00256641069398305,0.006948121731139
"RTF2",3354.2212453257,-0.566789951858007,0.187833908985029,-3.01750602391596,0.00254863975586202,0.00690378661836953
"CH25H",377.466231971644,-0.69898785442616,0.23052032208086,-3.03221793252994,0.00242763864769138,0.00662314424885591
"NAA35",1085.77832330638,1.212838361749,0.219331259249538,5.52971047491743,3.20759739323718e-08,2.70202544666056e-07
"COPS2",847.374746587749,0.907035459173402,0.205715754353099,4.40916867075006,1.03768184155626e-05,4.98591012996304e-05
"PPIL4",597.193527576842,1.49367257620706,0.230619570450469,6.47678153805192,9.36997008635487e-11,1.77330714942142e-09
"ZBTB44",673.91966892663,1.56490926518423,0.224357180340608,6.9750799274998,3.05696969443786e-12,1.05575827275903e-10
"AEBP2",560.864600100371,1.26957423761102,0.257543216176026,4.92955806198865,8.24158394709893e-07,5.02001217897755e-06
"ZEB1",1327.80546829455,1.83737129928993,0.254190088692187,7.22833572600429,4.88948794254536e-13,2.46919141098541e-11
"TRMT9B",145.988674451555,1.07825787423075,0.305490802179454,3.52959194364663,0.000416201058111977,0.00139242073258454
"DST",9804.83951589329,1.85641843732177,0.268561421539044,6.91245386877683,4.76340929944804e-12,1.52091049180441e-10
"ZNF91",411.189406680519,1.49568113390783,0.263289726996206,5.68074246941426,1.3411128079782e-08,1.27058049452057e-07
"DDX60",172.130386554478,2.06686061638404,0.30526283804512,6.77075738933717,1.28109948086677e-11,3.34573157298661e-10
"TMTC1",6218.72988031416,1.21936403368085,0.212495731692906,5.73829894824923,9.56322011573607e-09,9.46567527055556e-08
"ZNF701",208.887972162359,1.32928037152497,0.289261478552465,4.59542825466087,4.3186137153382e-06,2.25155134498291e-05
"EXOC6B",1055.04944701541,0.947867794068224,0.224924433935146,4.2141610739433,2.5070832214333e-05,0.00011014251986572
"ARPC5L",498.748678169535,-0.881576841324974,0.225511243603145,-3.90923675130085,9.25881901717058e-05,0.000360802325322655
"DCLRE1C",235.818193847041,1.47340963726248,0.303627523435431,4.85268799281239,1.21799233954103e-06,7.07908877086147e-06
"HELZ",2235.2250203249,1.54732903806315,0.274188139855877,5.64331133679406,1.66810301404533e-08,1.52660444371451e-07
"THAP12",820.680748950263,1.42616441140403,0.229384701143871,6.21734755758421,5.05628983096289e-10,7.42539417609357e-09
"FGF2",211.634643170201,1.85081730569974,0.288568187042984,6.41379538287098,1.41940692214358e-10,2.4950380398363e-09
"POLE4",411.016250965641,-0.855329287241416,0.226959476978733,-3.76864318964555,0.000164137318465107,0.000605979551722354
"TYMS",265.917294033421,-1.16151534231984,0.252337945490059,-4.60301497685611,4.16418270819118e-06,2.17619499010238e-05
"MED1",2692.03903159735,1.25396566984641,0.227173633843757,5.51985566559563,3.39278223307101e-08,2.84350199347476e-07
"SEMA6D",279.95053615657,1.30065475529013,0.270442226273026,4.80936269906699,1.51412254859633e-06,8.63791641844753e-06
"RAP2C",668.733494358272,1.3110661453612,0.223609009785292,5.86320804613406,4.54008781644811e-09,4.90052226905162e-08
"ECHS1",1506.68041513772,-0.600151675425558,0.198662586214649,-3.02095974315522,0.00251974858482035,0.00683862667742031
"NCAPG",549.895631289385,1.02902174304797,0.241634609580122,4.25858590719292,2.05724158577792e-05,9.22636031537373e-05
"TIMM17B",234.756211518851,-0.878699423656913,0.27492282728314,-3.19616756578728,0.0013926620650774,0.00409037659351219
"SPTLC3",226.350270412141,1.22615441135307,0.270478960295978,4.53327094281687,5.80772406461417e-06,2.94341284134926e-05
"ZNF658",137.10736557205,1.4696213707664,0.337988270291427,4.34814311602953,1.37295005568059e-05,6.43440324390459e-05
"BBS9",241.5760899938,0.799413121709976,0.254504391974802,3.14105825642932,0.00168338543927498,0.00482541241759159
"CDKN1B",1620.23632732869,0.5376073477356,0.183468723400766,2.93023975842062,0.00338700562647012,0.00875772771442039
"CENPC",202.472047362229,1.53584066576707,0.37988622816505,4.04289640397227,5.27949508323156e-05,0.000215846519346658
"RMI1",270.820397528356,1.34066521542125,0.274232582280939,4.8887889406511,1.01458199781769e-06,6.04231805920548e-06
"ZCCHC14",1346.82893264221,0.625024384129848,0.199561767902383,3.13198460155746,0.00173628981498617,0.00495982585533423
"CFAP44",209.537875172097,1.99530705564149,0.294126290293183,6.7838446323604,1.17019173387477e-11,3.12198322962061e-10
"ZNF654",657.916903223598,1.53206314538249,0.233799685698017,6.55288795965856,5.6434859210312e-11,1.14465622226162e-09
"WBP4",234.950641378247,0.805674286189867,0.273243735423876,2.94855538019946,0.00319262931670021,0.00833570165568417
"IQCB1",309.572886031303,1.01942444176731,0.300265311040888,3.39507896610972,0.000686088091011846,0.00217447964291875
"MICAL2",325.55172402174,-0.789663776693594,0.232813883775519,-3.39182424985872,0.000694289588502576,0.00219555218753946
"ARL2",366.573417211739,-0.79547751662471,0.23530860035308,-3.38057136641457,0.000723352875174602,0.00227727314200961
"HSF1",1550.61755231909,-0.60274805063711,0.203788413499238,-2.95771501572323,0.0030992851335041,0.00813059216841336
"LIN7A",203.694326124413,1.84935983022601,0.322316880640814,5.73770702468083,9.59669374873117e-09,9.48931815433977e-08
"TPI1",7524.64309779688,-0.602259793320319,0.185465225549605,-3.24729227021179,0.00116508679000744,0.00349138027474829
"RBBP6",1155.3579037403,1.33448506702449,0.228389846020041,5.84301399681047,5.12647083465443e-09,5.42113336767196e-08
"PUS7L",210.553967368282,1.26136216327599,0.339314007952785,3.71738900756349,0.000201292374237281,0.000729012777241348
"PTPN12",950.959274967508,1.39126973708612,0.238667319025332,5.82932654025603,5.56515103605345e-09,5.82281870558743e-08
"ZNF184",125.296598851761,1.63873192714095,0.322102620826472,5.08760817573042,3.62607561318707e-07,2.39752147089684e-06
"B3GNT5",359.013962988362,1.50767755866529,0.281613494349091,5.35371205186764,8.61679462401888e-08,6.5860257288447e-07
"SPAG5",1768.29843291105,-0.593790207946203,0.186748086014503,-3.17963209486436,0.00147462142156217,0.00429793958498893
"SDCBP",3775.00300318107,1.57399634545814,0.212237685535009,7.41619633426744,1.20531784033682e-13,9.46844125686812e-12
"SAPCD2",377.483450095844,-1.25340178902206,0.234968082113738,-5.33434914966597,9.58878636482646e-08,7.24502346862995e-07
"BAG4",533.191777673658,1.20015518092946,0.252129194450981,4.7600801785086,1.93516067440374e-06,1.07487207380742e-05
"UBR5",3794.96761884104,1.62531620967111,0.242238480974344,6.70957068065191,1.95197852944807e-11,4.6668317595355e-10
"SGTA",1711.0657688798,-0.676221825729262,0.203065526928044,-3.33006707716018,0.000868250650153423,0.00268058170156537
"SEMA3C",1098.3540155027,2.28491169802433,0.232907726628941,9.81037310825053,1.01592223605981e-22,5.02779914626e-19
"FBXL4",135.311342443987,1.17700416441661,0.308567126039704,3.81441853357109,0.000136503956925916,0.000513537121114678
"SLC5A3",9086.65764331075,1.72191994315178,0.270094490828085,6.37525014994766,1.82664554540606e-10,3.10655285368199e-09
"SPART",1097.79765440342,1.38089910488303,0.206800270931436,6.67745307423151,2.43130421690174e-11,5.66236450326903e-10
"SLC9A6",354.382448600677,0.788771446193067,0.236517496019939,3.33493910372944,0.000853180808865398,0.00263570026409167
"ZBTB43",1186.42492579693,0.882009717801322,0.205758740615393,4.28662089961945,1.81411490165928e-05,8.24094169172278e-05
"TUBB4B",6187.75437108447,-1.12418814214171,0.187189473720446,-6.00561623363824,1.90606555266072e-09,2.29516263263209e-08
"GCLM",245.898231443704,1.05558582926894,0.291505540832894,3.6211518527329,0.000293294293545362,0.00101967928258236
"CCNC",476.497151570924,0.887294759385244,0.230529651155916,3.84893984325311,0.0001186301334929,0.000451845295130858
"LAMC3",166.090111339922,-1.01862509473817,0.294789225459307,-3.45543529669737,0.000549405039405375,0.00178999706386912
"TRMT5",293.249590208497,1.21943415606912,0.241588292097177,5.04757140953921,4.47461545960458e-07,2.87222722562686e-06
"MRPL24",923.382539897114,-0.748709692386098,0.209703498919819,-3.57032522701194,0.000356538277820961,0.00121188731932413
"COL6A2",63639.6550447878,-0.774303494732506,0.198456859046509,-3.90162123119689,9.55505874979442e-05,0.000371177282203553
"MCC",523.293021710785,0.861990083227724,0.241206535625222,3.57365973104084,0.000352026333425484,0.00119871700616634
"ZC3H15",943.359745033973,0.98138908390382,0.192305594006248,5.10327891903101,3.33818438438711e-07,2.22800735243854e-06
"ELOB",1909.30880581381,-0.586789785173333,0.191312364584956,-3.06718170802158,0.00216087455781944,0.00599616943462204
"ICE2",471.210969170678,1.92792359884789,0.265819583164543,7.25275232131597,4.08386479058272e-13,2.2088575790813e-11
"UBA5",381.949111764397,1.44860117867008,0.236257784950295,6.13144315635923,8.70854512094284e-10,1.18078328228893e-08
"GLO1",1799.56275659628,0.804826879682343,0.208188938102665,3.86584843083957,0.000110703676679895,0.000425201781830658
"UBE2S",535.104119916406,-1.23595843626491,0.230057014171657,-5.37240057954809,7.76952693832688e-08,5.99865660183771e-07
"ZNF106",2181.35166848569,1.16813727010019,0.215174145363713,5.42879939467482,5.67344094236801e-08,4.52139439996446e-07
"FUT10",346.206726796706,0.855210888525545,0.231358069523411,3.69648177946525,0.000218607940905422,0.000782561084658901
"WAC",1316.94074645358,1.47578909248148,0.239220870479048,6.16914857606763,6.8658690549343e-10,9.625831714694e-09
"TDP2",382.21894548537,1.07521720228844,0.226426423965882,4.7486383587918,2.04790763924723e-06,1.13494903769703e-05
"GTF3C4",2440.94870344623,0.81157771216481,0.196796220556902,4.12394968698166,3.72430280555844e-05,0.000156731076400584
"PLXNB2",3434.84461235495,-0.577243918958249,0.190629642478553,-3.0280910746774,0.00246103904787236,0.00669581212090177
"CKS1B",1918.46505230094,-0.850400789561967,0.198385400953554,-4.28660972770403,1.8142060968139e-05,8.24094169172278e-05
"SAMD8",864.520524061728,1.8441657698564,0.269252859694368,6.8491965951624,7.42658786836939e-12,2.15149549347236e-10
"ZNF292",874.324061174213,1.67913195755074,0.286918075840296,5.85230453896316,4.84807852133985e-09,5.19894704271093e-08
"SIX4",411.61759716118,1.38395341193505,0.263383803451253,5.25451221297742,1.48417297636837e-07,1.07621568645378e-06
"OSBPL1A",1322.40358681114,1.11398785094497,0.214421148563603,5.19532638644799,2.04360977170572e-07,1.42850632205813e-06
"SBF2",1565.15920292312,1.51058691137859,0.254846185066205,5.92744565113331,3.07683133231694e-09,3.49248584028361e-08
"AGL",178.649341122401,1.30871559930927,0.322459280625538,4.05854530460557,4.93793545357348e-05,0.000202803672694898
"MYDGF",1105.42147592642,-1.04863676249822,0.223061469312197,-4.70111115887317,2.58749603482832e-06,1.40642700454315e-05
"ESPL1",882.713219509984,-0.821094995366716,0.198232847469835,-4.14207335387068,3.44180219000907e-05,0.000145897036731091
"CREB3",529.368099319778,-0.737702467374703,0.228772204402242,-3.22461581074608,0.0012614182476432,0.0037362396406478
"SON",9147.58667111211,0.773178067352142,0.202245599861737,3.8229660762989,0.000131855926085458,0.000497374221186685
"DPP8",507.086015652521,1.77611915960615,0.297801005622839,5.96411404283698,2.45964912812678e-09,2.86418906708222e-08
"EAPP",520.871724389478,0.736441934425408,0.209198275839734,3.52030594644859,0.000431049278679706,0.0014399344449449
"AAK1",1411.19225011377,0.655601708385444,0.224126762262418,2.92513799676379,0.00344303504918895,0.00888403569261527
"SMARCE1",2473.85701021812,0.712085805590576,0.191310034576512,3.72215606550311,0.000197528866054803,0.000718009811314889
"MOSPD2",255.483106905565,1.72045303934109,0.290226677233522,5.92796312089801,3.06715356679692e-09,3.48870296754305e-08
"ZNF709",138.035192651254,1.31491843305259,0.345444073570816,3.80645821901191,0.000140971094446607,0.000528134705841223
"ARHGAP32",1882.83612864291,0.745724825460736,0.210052290878972,3.55018658611253,0.000384958204824462,0.00129470482886596
"RRAS",802.098973151833,-0.686755403332169,0.210454563385094,-3.26320034256293,0.00110161614396913,0.00332129046390694
"LAMP1",1373.54808837338,-0.959010457923389,0.196164139719297,-4.88881637232826,1.01444065024019e-06,6.04231805920548e-06
"EPHA3",3118.99309228986,1.69932488964809,0.225119875414915,7.5485333603534,4.40186965294333e-14,4.53851102342011e-12
"CDR1",131.978808736357,1.01236031201947,0.340913082086355,2.96955548265829,0.0029823095164757,0.00786541422703876
"MBD4",682.680597978939,0.973521805833149,0.213865594997348,4.55202626605378,5.31317002570101e-06,2.71221025860694e-05
"BAD",281.731944985164,-0.77013355525012,0.25030654524303,-3.07676155452657,0.00209262623184353,0.00581984109097703
"DDA1",841.434699243227,-0.664329263930233,0.206406590970567,-3.21854675670199,0.00128841963066602,0.00380679925502456
"TRUB1",256.097288262989,1.53902160473135,0.268366071062325,5.73478457481284,9.7636363687646e-09,9.62554509741354e-08
"WDR62",327.118495024788,-1.0177597806041,0.231092601642379,-4.40412100331581,1.06213649562439e-05,5.09598983698024e-05
"APC",701.324549490946,1.83730879496968,0.244192409378309,7.52402091304679,5.31168430939705e-14,5.31061124185979e-12
"MTUS1",115.127729767135,1.25989709537842,0.35290745969871,3.57004948678057,0.000356913795035208,0.00121274725137607
"RAB27A",193.160031514822,1.01751355828152,0.301717650586696,3.37240316005028,0.000745152855469146,0.00233772518650828
"CIAO2B",892.110772646424,-0.686153612348342,0.214089623054301,-3.20498304662954,0.00135070436060369,0.00398131976213678
"PRELID3B",525.223488894533,1.21148091257252,0.220415272964542,5.49635647420592,3.87718373666929e-08,3.19803038546272e-07
"TAPT1",165.757002953537,0.989113300734414,0.315218353219915,3.13786710269484,0.001701820185204,0.00487120190663655
"GTF3C3",1058.82677473336,1.08076924039863,0.201203838028527,5.37151403764674,7.80782888616837e-08,6.01415488834977e-07
"COX20",856.621576201315,0.717919773118052,0.199796992873075,3.59324613846479,0.000326583819567164,0.00112123713009913
"IREB2",1235.90737191552,1.70999478663357,0.25073557802715,6.819912834422,9.10957660295898e-12,2.5615508300025e-10
"TRIQK",289.573904472378,1.28002627564222,0.248453710935566,5.15197084729471,2.57763112527034e-07,1.7631923205201e-06
"SRGAP2C",254.165728079404,1.13204222605648,0.289610905112542,3.90883839687104,9.27409731969331e-05,0.000361255471351139
"AKAP9",867.061789735461,1.38690414765323,0.237086171938432,5.84978928257945,4.92196153969193e-09,5.25685870826884e-08
"DHX9",3521.60955019824,0.771997314951723,0.196500248806489,3.92873454176628,8.53940397638837e-05,0.000335142825369913
"AZI2",579.839708964254,0.966318604145052,0.231670165670839,4.17109644371737,3.03137521699592e-05,0.000130002391238413
"PLA2R1",543.212814445178,1.16168966628709,0.235256800880499,4.93796422436764,7.89423198434056e-07,4.82924030784937e-06
"BRCA1",511.454541031306,1.18156882304431,0.23400015735666,5.04943601915354,4.43116312079318e-07,2.84618121801498e-06
"SC5D",752.651903971913,1.720901844832,0.231101680052093,7.44651377888766,9.58390311793819e-14,8.10781821037198e-12
"SHMT1",321.956117322465,-0.702710935356554,0.241719541492018,-2.90713332906003,0.00364757692289378,0.00932912568031076
"OTUD3",457.46031144706,0.763997776250748,0.247305952821713,3.08928178854444,0.0020064103659909,0.00561416959737443
"KIAA1551",368.821348959934,1.54396071211702,0.30457546812929,5.06922215896133,3.99444770877168e-07,2.61142955227358e-06
"NUP133",970.463690503758,0.976495850144076,0.226457764637534,4.31204402157306,1.61752218035037e-05,7.42934317452807e-05
"FBXO45",367.522935943804,0.765984538252336,0.250485149585401,3.05800379591437,0.00222816753587003,0.00616906357203959
"DHCR24",5453.6757169811,-0.716198378165449,0.184491070437877,-3.88202191285248,0.000103591539975976,0.000399279230016437
"FNBP1L",1189.48037540995,1.90322238098819,0.235981256807259,8.06514215043222,7.31507010653227e-16,3.01685682976902e-13
"PIAS1",622.57802595658,1.56517800424472,0.237749904733485,6.58329603117725,4.60131686882774e-11,9.60840387503311e-10
"PLEKHF2",452.458655452264,1.24474603117017,0.216438500806148,5.75103794627104,8.8697202321868e-09,8.84113704513444e-08
"MTR",1211.35249486333,1.33399937718753,0.229391678035023,5.8153782587695,6.04969285696922e-09,6.27671487403368e-08
"TEX261",1648.58151309463,-0.570897183575196,0.183641646189422,-3.10875662150365,0.00187876410085842,0.00531314487722762
"AGGF1",401.974402814077,1.27661512242997,0.248905779544504,5.1289091188086,2.9142598042361e-07,1.97165711157409e-06
"PDIA4",3575.99056579539,-0.669585832886472,0.187112590008768,-3.57851832875113,0.000345547639044824,0.00117979666480361
"GOLGA5",556.230655565171,1.39082944381678,0.235950865303468,5.89457233830428,3.75653006607741e-09,4.14054950935793e-08
"RAB22A",2321.40558743647,1.0650482043532,0.203625675464911,5.23042195892794,1.69123562102916e-07,1.20343998396453e-06
"RUVBL1",1128.15367402773,-0.76197671879573,0.200035918795239,-3.80919948469707,0.000139417443495934,0.000522907864995361
"ZMYM1",312.948318295839,1.32098791659078,0.272799956061993,4.8423318524677,1.28324214930422e-06,7.43649343900069e-06
"SLC25A22",362.337388352558,-1.15986141500939,0.228188990258399,-5.08289823140012,3.7171888681556e-07,2.45612385961309e-06
"PLD1",111.714274289459,1.03810567669878,0.327728548422176,3.16757780698892,0.00153714570987004,0.00445394269212344
"TOR1AIP2",1924.99407580043,1.11111726783267,0.220858870859151,5.03089263976752,4.88201483279255e-07,3.10753587234602e-06
"CEP78",565.663734813407,0.945418822982813,0.229730697161061,4.11533519318923,3.86617160582254e-05,0.000162149858281489
"THOC1",143.792268856963,1.36080385063969,0.325064670354984,4.18625576613305,2.83593776003967e-05,0.000122523404403634
"NLGN1",443.775850030647,1.36595679131172,0.236243695462209,5.78198198533611,7.38256152496565e-09,7.47163537567587e-08
"USP15",554.249518042236,1.45757149702301,0.248423310357191,5.86728956685774,4.42976668022277e-09,4.80765686412774e-08
"ZNF143",378.534223134183,1.30848847325965,0.26785136237623,4.88512905684503,1.03361128548415e-06,6.13718326558017e-06
"ZNF148",909.223588542785,1.45217546436043,0.252923449613612,5.74156119797869,9.38076447360328e-09,9.30368805207668e-08
"INHBA",203.298688334021,1.60332534246557,0.272679863081548,5.87988172044109,4.1055975052114e-09,4.48534261662058e-08
"HECA",412.274184351735,1.61996571280688,0.238655084885745,6.787895232077,1.137812248768e-11,3.05908556646345e-10
"CTSZ",827.747532467061,-0.766209419130565,0.221562499143915,-3.45820895725173,0.000543779449723007,0.00177341976716914
"YARS",2162.98425496525,-0.66074921159867,0.191085444494068,-3.45787306483819,0.000544457845643957,0.0017750473505217
"RP2",266.115906522474,1.37125534336441,0.273256643183025,5.01819581544794,5.21589986365334e-07,3.30518417736496e-06
"FSD1L",280.01659239929,1.87601618261221,0.273936479834786,6.84836201349911,7.47003380956468e-12,2.15563832790295e-10
"EED",410.788300164381,0.790542131419433,0.219388981915313,3.6033811931567,0.000314104352993846,0.00108365454372014
"CP",268.686076641029,2.4020971695438,0.272771082042507,8.8062750331044,1.29373373821923e-18,1.82933950584199e-15
"EIF1AX",1551.13220773098,1.07089014100783,0.194108847924563,5.51695686444966,3.44920050656584e-08,2.88102840624377e-07
"C19orf70",515.997475662297,-0.837755457177052,0.241532007140728,-3.46850699869744,0.000523358894686766,0.00171303119696085
"ZNF462",1447.56765565512,1.04010132163352,0.23912568516867,4.34960100961078,1.36385451525143e-05,6.39999617899427e-05
"STIP1",6527.06504889669,-0.701158422308922,0.189321679061971,-3.70352949426046,0.000212620448138375,0.000763612915701611
"ZCCHC9",278.515859043891,0.993791126529205,0.25934040332159,3.83199499114249,0.000127108327831337,0.000481115957504618
"TP73",104.083849435881,-1.14283892183708,0.335839527855374,-3.4029315403553,0.000666669826515081,0.00212040422327965
"ZNF397",296.358997773204,1.33710171045398,0.269980067798937,4.95259417243264,7.32305965926894e-07,4.51330289585579e-06
"SPSB1",257.020390853951,-1.07736458198811,0.264520258417886,-4.07290008119567,4.64313470828853e-05,0.000192050761983451
"SMC2",887.466307699862,1.18034373603505,0.219918524540068,5.36718650010766,7.99743496202181e-08,6.15063024507318e-07
"ATP6V1D",514.688514686486,0.624308691738918,0.209044149578831,2.98649205441403,0.00282198171496398,0.00751972453548585
"FNBP4",1339.55267223908,1.02130884118846,0.204064892552859,5.0048238499619,5.59131368609273e-07,3.52726723167278e-06
"PAM",4095.91920695405,0.78407811657035,0.179042243525382,4.37929117247234,1.19065956597977e-05,5.65777646858751e-05
"SCRN3",206.692675617698,1.36681769883007,0.306333369358733,4.46186356286066,8.1249953869312e-06,3.98716927812816e-05
"NAPG",100.197326283666,1.43598542131416,0.378546471149871,3.7934191195924,0.00014858704402125,0.000554359050781129
"CASP3",324.232532641794,0.738189506774401,0.242236664960537,3.04738965463655,0.00230838261553528,0.00634853323939099
"RALGAPA1",298.306426291531,1.84766290931227,0.266594825703326,6.93060303941681,4.19050410087697e-12,1.36920075843349e-10
"STC2",570.535178352058,-0.844506843842834,0.20635941189989,-4.09240768844856,4.26917215664778e-05,0.000177921120027367
"MRPL9",862.904277856176,-0.584683359157535,0.199193189238357,-2.93525778362781,0.00333270690421008,0.00864216215296603
"ATP6V1A",1008.99592664817,1.486555229736,0.232351681733487,6.39786731322702,1.57562110786406e-10,2.73126054739728e-09
"DIAPH2",159.79791446107,1.31993565210732,0.315216627485052,4.18739221543733,2.82177952844108e-05,0.000122103743055049
"NFAT5",2532.35425988236,1.83097799085106,0.281505468461189,6.50423595981935,7.80892431108807e-11,1.5128226299525e-09
"IARS",4969.75942530601,0.664755503085459,0.189866645895337,3.50117051865919,0.000463219354932424,0.00153445286985312
"CKAP4",3995.51492735807,-0.524922539254947,0.180885314076979,-2.9019632795151,0.00370832005682261,0.0094624779382393
"CLN5",249.31792040502,0.882347964059737,0.259090192625201,3.40556296291824,0.000660277860416785,0.00210228349096051
"PIKFYVE",1642.06368365234,1.94715843348797,0.275646509505965,7.06396912835145,1.61812708900175e-12,6.35564362180131e-11
"EPC2",624.231289348062,1.5073808255175,0.244219644383873,6.17223413505651,6.7331690180149e-10,9.50711939234115e-09
"SNX8",607.623957656223,-0.902550707305693,0.217015904966157,-4.15891502259451,3.19762821873119e-05,0.000136621998428025
"MTMR9",692.113925536893,1.43855641611002,0.24613599372543,5.84455931997804,5.07911028545654e-09,5.3883208580331e-08
"ZNF766",376.636654493193,1.59143204000106,0.246150459694746,6.46528160855201,1.01110333395537e-10,1.89903240977044e-09
"IFI16",1463.16320126862,1.60787877265563,0.221739245704337,7.25121422483572,4.13051767915005e-13,2.21102603994689e-11
"ORAI2",820.252208283308,-0.655368596350828,0.212856332441507,-3.07892459121893,0.00207749259763206,0.00578100133015523
"FAM169A",92.4037303300004,1.60526694608431,0.392159509072249,4.09340308968147,4.25087788242734e-05,0.000177233316260597
"MYSM1",940.249352705599,1.96000006560891,0.26369103679178,7.43294155711708,1.06208835675654e-13,8.6168447173576e-12
"BRMS1",368.721820882487,-0.760252859139558,0.245782528623167,-3.09319325258133,0.00198015142831204,0.00555385061984488
"NSD1",1841.02856718538,0.963746762571898,0.206912927417585,4.65774069605083,3.19698536171426e-06,1.70586313262791e-05
"KIAA2026",375.325484881181,1.5388783619223,0.26888333883866,5.7232194771491,1.04524091600478e-08,1.02332290668797e-07
"MALT1",312.617184545882,1.25359229121564,0.264638916006647,4.73699148308236,2.16914277932795e-06,1.19744424036743e-05
"CRYBG1",1127.14220924259,0.906367915380536,0.224986103451782,4.02855065924009,5.61217683959705e-05,0.000227754515614316
"RNF103",691.728947299928,0.651479273155637,0.19969481729594,3.26237446708579,0.00110483093418869,0.00332736012151472
"PHKB",500.466372564843,1.37042113303542,0.251804219260112,5.44240734751066,5.25653025703908e-08,4.21971909847306e-07
"SEC22B",759.677215272079,0.669750138174813,0.21096978473072,3.17462587843883,0.00150029800815992,0.00435624599280722
"SHMT2",2052.79236259759,-0.713374436520926,0.192771065201647,-3.70063025680075,0.000215064649507701,0.000770713215361051
"SMAD9",1040.20879339814,1.30253911483654,0.23799898201287,5.47287683258285,4.42787873027165e-08,3.61610096305518e-07
"HLA-A",650.813639507322,-0.61749185176595,0.211366282924512,-2.92143024526993,0.0034842828933628,0.00895901536751357
"CCSER2",538.697651939413,1.49085553484761,0.277915456997454,5.3644210759435,8.12092582005487e-08,6.23107936177543e-07
"PIAS2",632.211083289748,1.12743047535335,0.234840293667228,4.80083914794849,1.58002144399967e-06,8.97249125227121e-06
"CCDC91",150.314449698169,1.15053834115901,0.309866513230069,3.71301283628787,0.000204806495161344,0.000740655713959438
"DZIP1",718.507756740406,0.814623263650038,0.22966716939229,3.54697306456804,0.000389684430436426,0.00131015505858008
"FAT3",516.745975045061,1.49630925791942,0.284996818713176,5.2502665281514,1.51879293481947e-07,1.09649981537879e-06
"TNFAIP8",354.360916779894,0.854243938144283,0.229686618270901,3.71917155894888,0.000199877264342042,0.000724948758687258
"NEK4",622.992943286764,0.934448444256228,0.232305675000526,4.02249512093973,5.7584847460246e-05,0.00023311853585338
"MAP9",233.300543500355,1.50859501749707,0.267877560417679,5.63165878898124,1.78484537535256e-08,1.61780215432598e-07
"LAMP2",2983.60697941605,1.20417522888055,0.202906367295449,5.93463499904453,2.94499926538138e-09,3.36600493403521e-08
"FAM13A",1059.17961147024,1.34392947689372,0.237780208037087,5.65198208878724,1.58608121951713e-08,1.46857174095234e-07
"SOX6",713.377546296361,1.67080901871626,0.230947468531502,7.23458468430173,4.66955894818698e-13,2.3947820968474e-11
"FKBP14",489.176887644148,1.89452232306317,0.244207547758195,7.75783689101638,8.63901577343252e-15,1.33607778320992e-12
"ZNF562",903.002162246586,0.768420635304621,0.213455605613042,3.59990843575049,0.000318329255467647,0.00109631975317285
"USP16",845.569974628185,1.22382401959554,0.212638959833734,5.75540823070464,8.6432666087204e-09,8.64152049425399e-08
"CKAP2L",659.600085640824,1.45856937190617,0.250153994302398,5.83068591798291,5.51999979576831e-09,5.78168867497511e-08
"TMEM100",846.947775008552,0.952709709304701,0.205790542962676,4.62951161695265,3.66529164513319e-06,1.93591551246149e-05
"TFB2M",353.401851374486,1.08521370581846,0.236408053622052,4.59042612631716,4.42341998104071e-06,2.29832078594966e-05
"MLF1",252.626431482543,0.814101499011931,0.251028021198019,3.24307021633151,0.00118249065079257,0.00353710863147322
"PCF11",558.538851750864,1.4964080171268,0.227583368657502,6.57520813561201,4.85851571436777e-11,1.00395800711508e-09
"ADM",536.330765387277,-0.66711850371344,0.208343948480548,-3.20200566696914,0.00136474313225612,0.00401671945378266
"SKA2",1168.4253099867,0.902274427193997,0.205279022832497,4.39535620709881,1.10591251847556e-05,5.29063417490143e-05
"CUEDC2",392.440189340217,-0.901286193625935,0.247530833187938,-3.64110677453113,0.000271468513151495,0.000952159937340008
"MKLN1",1854.33276220922,1.92731049163611,0.264145394786086,7.29640012538138,2.95569063020187e-13,1.78367422618231e-11
"C6orf120",472.391889154767,1.38349854403602,0.224160212516287,6.17191841721463,6.74663128296103e-10,9.51255789725758e-09
"PDLIM2",313.019440056843,-0.811988081719989,0.266476300256485,-3.04713057385759,0.00231037324612848,0.00635224288616103
"TMEM189",793.339856904751,-0.633451343816704,0.201535137656252,-3.14313102510764,0.00167151001131184,0.00479414838944208
"SOAT1",1065.86385841006,1.01367807435334,0.221000347698783,4.58677140062673,4.50153107545354e-06,2.33645278368323e-05
"EFHD2",455.515005687711,-0.744899377816436,0.246751721578664,-3.01882140092369,0.00253760078590056,0.00687764857032961
"SPOCK2",1571.92988914037,-0.684679749562628,0.198944032854698,-3.44156967031374,0.000578349514514636,0.00187136433300617
"SCAI",304.094543086504,1.8838688354285,0.248030202635441,7.59532030942799,3.0703201322469e-14,3.4931067435609e-12
"CEP112",176.347137379407,1.38292716250454,0.290213923199308,4.7651992270364,1.88667138202564e-06,1.05207173742477e-05
"MYNN",607.353834167331,1.10443737896622,0.219718605468501,5.02659925685969,4.99254130118484e-07,3.17176982022641e-06
"POLR2F",297.096682720094,-1.17744762985529,0.263531269705926,-4.46796173816185,7.89684257037545e-06,3.88677015224148e-05
"GTF3C5",1486.04200916949,-0.609675502600642,0.19262810074136,-3.16503926609984,0.00155062023584825,0.00448641891096929
"ZSCAN26",251.245092594842,1.2630775855354,0.252689873288207,4.99852870674714,5.7769407402195e-07,3.63048631407572e-06
"ETAA1",141.033040094359,1.17842401881131,0.299550766581435,3.93397096679087,8.35538803225034e-05,0.000328572231796638
"PRPF38B",591.523154058006,1.29217933780318,0.238773097406247,5.41174592883331,6.24132021309579e-08,4.91069852696519e-07
"MRPS15",692.497167728974,-0.666676357942738,0.213656474274975,-3.1203190083757,0.00180655278174426,0.00512944906302488
"ARHGAP18",107.380315322522,1.25549431258914,0.354924976025235,3.53735126405946,0.000404161753210269,0.0013551466914889
"MIB1",1481.09333043601,1.62913877396565,0.24550729345181,6.63580601235957,3.22734059430517e-11,7.21088424434144e-10
"ATG2B",770.828875177362,1.90485359763462,0.249266140149973,7.64184656804391,2.14128257989161e-14,2.58468475314234e-12
"IL13RA2",328.036853848796,0.798419869553715,0.23845718709526,3.34827345436545,0.000813167327146072,0.00252866170408163
"PSMD8",2890.44947096512,-0.627351031389391,0.19224917459747,-3.26321833476234,0.00110154620418604,0.00332129046390694
"RSPRY1",864.772944491142,1.02072877234885,0.228554522870645,4.46601869667024,7.96886487880118e-06,3.9163765923721e-05
"ZFPM2",742.698374802028,1.17369507857853,0.257271854982175,4.56208114432046,5.06490640909719e-06,2.5988825110028e-05
"ZNF667",353.429216220724,1.75456800269736,0.241201749735008,7.27427559967946,3.48284298084484e-13,1.98121723128749e-11
"EXOSC9",267.966517227899,0.789724491664841,0.258289429740519,3.05751765551617,0.00223178493707586,0.00617735103668258
"RFXANK",629.416998892226,-0.612312322553169,0.211623486522111,-2.89340437876773,0.00381090308280516,0.0096967400292045
"PGAM1",1449.77293558407,-0.604879801549662,0.18367186861982,-3.29326317685423,0.000990317302150783,0.00301697773366834
"RNF146",437.71070937327,1.14406681444886,0.247957851045146,4.61395680607249,3.95074563675604e-06,2.07340828804938e-05
"FAM217B",422.11990746691,1.17356944562691,0.235852467613076,4.97586248515404,6.49577518773658e-07,4.03610689317116e-06
"FGFR1OP2",367.333625193024,1.02473818056897,0.229878421991295,4.45773975518146,8.2828373189117e-06,4.05859028626673e-05
"PCDH11X",155.033929442232,2.07524691528839,0.327180263164022,6.34282427436041,2.25590702188077e-10,3.71530244635205e-09
"ZNF512B",909.687450159189,-0.594199811213344,0.205146870572797,-2.89646051901382,0.00377398126594684,0.00961020493191197
"ACBD5",451.237827047634,1.55243254573798,0.241430788383594,6.43013493072565,1.27490723136089e-10,2.29650858330507e-09
"SEC14L2",310.743861111122,-0.729456753428777,0.237192998086449,-3.07537220454928,0.0021024000469205,0.00584538080461212
"KIAA1522",1653.61152933628,-0.636189958139467,0.190295119987642,-3.34317536981917,0.000828255390650174,0.00256992848171016
"TET2",520.079657439866,1.8470316699217,0.294474632410581,6.27229467883812,3.55765437263849e-10,5.5107453803405e-09
"CSGALNACT2",553.056015488806,1.16896044826846,0.233037095504895,5.01619901216073,5.27037372155387e-07,3.33708040275178e-06
"ZNF596",167.657702869248,1.23159762582244,0.285176402063415,4.3187220853869,1.56935251341762e-05,7.23495630079535e-05
"COL4A3BP",682.669614013722,1.82932777273001,0.247855517917673,7.3806215334598,1.57552282584419e-13,1.18140340380347e-11
"FHL2",1989.81783119282,-0.620104223290144,0.180050773205445,-3.44405198739459,0.000573065501012604,0.00185851976704546
"TBC1D9",766.570925129605,0.847259935853899,0.212770664630838,3.98203360093796,6.83281169736141e-05,0.000272926433335284
"BMT2",254.16704831365,1.24652362062103,0.252737683871399,4.93208452940995,8.13566933487415e-07,4.96772702508231e-06
"TRAF2",445.252173176733,-0.796898357070286,0.234729067674021,-3.39497091249464,0.000686358921820087,0.00217464167995366
"ESF1",553.110438917357,0.889594629520751,0.233412827287772,3.8112499636705,0.000138265865143793,0.000519693478463358
"BRWD3",416.202793998414,1.95571533988867,0.281008271210511,6.9596362109341,3.41152530083504e-12,1.15641361053648e-10
"FAM126A",789.980726403142,1.06063745309243,0.223754236813912,4.74018936219974,2.13518572682569e-06,1.17935649130138e-05
"PBRM1",1964.36164954239,1.54660309795799,0.241405217361436,6.40666806982215,1.48734137772927e-10,2.59184946421907e-09
"TRAM1",2390.94666954973,1.23706930665213,0.189498463526818,6.52812315007007,6.65989301414413e-11,1.31052924560633e-09
"PDK1",397.684651028181,0.767471384410178,0.256778530737349,2.98884561028664,0.00280033593419943,0.00747108492633583
"SPATA7",99.7157136931649,1.33991789309739,0.339288014485977,3.94920491113539,7.84112079611743e-05,0.000309702368874582
"DDX39A",2460.73907453114,-0.726923613728195,0.188580656383952,-3.85470931996424,0.000115867213197987,0.00044262974767799
"VPS13D",2688.98072561266,1.06091947681426,0.212405394088489,4.994785943959,5.89010610177858e-07,3.68522567606854e-06
"NCOA3",1825.61468764406,1.228891918257,0.216575439325696,5.67419797038452,1.39339918896242e-08,1.31351096879524e-07
"CHST2",1006.59980298688,-0.581733665738754,0.198624978221566,-2.92880417632988,0.00340268718653435,0.00878909127670067
"MBD5",379.161855290304,1.10822616186811,0.250826110139861,4.41830462247397,9.94781484049569e-06,4.79374251661277e-05
"LRP12",753.105243467882,1.54281941290153,0.25057935664802,6.15700923467799,7.41315279358672e-10,1.0276664755031e-08
"KIF2A",537.728775874009,1.46562447421545,0.222777989598329,6.57885672124966,4.74079324228e-11,9.83739444697849e-10
"NAE1",468.111182366727,1.2984743869228,0.22338260458296,5.8127820174134,6.14430487779208e-09,6.33503434170687e-08
"PPM1A",497.773592371798,1.25582926559977,0.240790513009842,5.21544329094245,1.83378157067234e-07,1.293711331897e-06
"FER",391.48628821783,1.69369816036855,0.289650627009001,5.8473830278155,4.99366750819085e-09,5.31476569850248e-08
"KCNN4",549.913683160399,-0.860625018465104,0.222677821826863,-3.86488879496162,0.000111139824456539,0.000426711397389768
"UBXN2B",313.986408367135,1.47631904642362,0.251246366862977,5.87598167032903,4.20344838075319e-09,4.58212908289593e-08
"LSM8",332.345191396337,1.06744782156891,0.250640044145416,4.25888778151347,2.05446569993943e-05,9.21808771441544e-05
"TANK",371.138963395672,1.24667128197564,0.238019483811183,5.23768584829217,1.62602530972707e-07,1.16373091219657e-06
"GNL3",1488.41304095914,1.03347123559761,0.197963147290114,5.22052336379082,1.78418195427866e-07,1.26231829760187e-06
"GALNT7",162.592684724992,1.51071000366796,0.289846081744816,5.21211118181685,1.86703591285732e-07,1.31436141290624e-06
"CTBS",208.569863466524,1.04631677662618,0.277000330689694,3.77731237367473,0.000158529849946096,0.000587468534169398
"PPP3R1",1073.43276217107,0.646397622654066,0.198596685014239,3.25482584267568,0.00113461920226709,0.00340936881118387
"SUCO",1011.51907884469,1.67210673133049,0.241919969295685,6.9118177230205,4.78482431540679e-12,1.52283572584876e-10
"AURKB",744.919656326236,-1.46916913800766,0.213318384851403,-6.88721292837033,5.68960309860598e-12,1.72747519846632e-10
"EIF3J",512.961752073868,0.650090457354297,0.216967828178511,2.99625277540887,0.00273319764107826,0.00733148787300612
"ZMYM2",814.877785622335,1.73447616190983,0.257804204509657,6.72788159219048,1.72150916421024e-11,4.21769745231508e-10
"GMPPA",693.950294903455,-0.640969860562768,0.205289859682871,-3.12226751751367,0.00179463783038498,0.00510000724810523
"SYTL5",604.333089625813,0.853844574815838,0.246153332605056,3.46875082201629,0.000522884179719628,0.00171254949162871
"THOC2",801.294690333308,1.91884833553811,0.23837846481683,8.04958760436918,8.30734779544875e-16,3.28904513917407e-13
"GOLGA4",1392.90120925413,1.30135617913797,0.241814407362542,5.38163210923533,7.38135014724511e-08,5.73474126824428e-07
"NIFK",519.566892967771,0.714909367070587,0.216612368791388,3.30040879502635,0.000965440879102282,0.00295346470695965
"ZNF229",185.314351826427,1.35568145913867,0.290019481247164,4.67444963803417,2.94742949533057e-06,1.58466361459978e-05
"PPP4R3B",1465.72561682468,1.4572785724496,0.202185103016487,7.2076456213036,5.69275479965961e-13,2.73528577704033e-11
"ANXA1",13454.7291533136,0.864283058238236,0.177804144539153,4.86087127202999,1.16870235115597e-06,6.84081364384496e-06
"ACSL4",706.907870080408,1.53564670182199,0.223001134947779,6.88627303256369,5.72730199342305e-12,1.73360352082267e-10
"ARID5B",2840.94852334074,1.22128698132867,0.22324822974846,5.47053377625761,4.48682184024206e-08,3.66121703006726e-07
"DNAJC10",1007.34859720086,1.44417471954753,0.21475546616575,6.72474021421603,1.7590599846707e-11,4.26744503143887e-10
"ITGA4",438.123966371416,1.65363946327913,0.257255659963601,6.42800031499057,1.2929347360887e-10,2.31418951497394e-09
"SLC4A7",2328.70598194875,1.79725205420223,0.264685535985361,6.79014078918779,1.12024168451253e-11,3.03784991597399e-10
"ZNF431",385.893893757643,1.65741353155406,0.26021112974576,6.36949516023176,1.89651404246621e-10,3.21433150553605e-09
