"","baseMean","log2FoldChange","lfcSE","stat","pvalue","padj"
"DPY19L3",4561.62651593782,0.759387395342831,0.192232841293466,3.95035203263492,7.80363299093258e-05,0.000279345080871214
"GRPEL1",1366.10497754931,-0.938272565362148,0.212033715367261,-4.42511024125091,9.63930453071665e-06,4.18045141078933e-05
"SHC1",4211.20988954607,0.976604748687976,0.179502424053277,5.44062150602553,5.30950118792151e-08,3.62284555651596e-07
"ZNF408",982.267569854825,-2.26747632843145,0.271431010752235,-8.35378508206354,6.61095855741078e-17,1.93866769805163e-15
"DNAH12",600.050298650906,-1.77697963584767,0.250694626902189,-7.0882238594646,1.35844109687181e-12,2.0529484504899e-11
"TRAIP",437.851157355363,-2.2589048675769,0.281212830105346,-8.03272335309411,9.53324681517638e-16,2.35698558288189e-14
"MCM5",936.17863321111,-1.54878676122786,0.231479911241522,-6.69080419515061,2.21947474133055e-11,2.70968517490129e-10
"CEMIP2",1515.92126316051,-1.10212781319465,0.197245800747178,-5.58758568760262,2.30248157050124e-08,1.67244789183674e-07
"TBC1D2B",838.667372608172,1.10191729683343,0.224779900305069,4.90220564800465,9.47665514910289e-07,5.09068684327718e-06
"TIMM10",392.086189017103,-1.07941928143525,0.279453141567129,-3.86261279934816,0.000112180738703269,0.000385953994176197
"ZC3H3",942.488143987755,-0.97847032011366,0.261537263608293,-3.74122718351572,0.000183123890824715,0.00060245547921498
"C8orf82",449.935886347747,1.03073701843285,0.263661426674081,3.90932049270509,9.25561026318672e-05,0.000325253648796731
"KNTC1",3279.05076193033,-0.731473888536512,0.207035220138519,-3.53308914322459,0.000410733952802855,0.00124590704677211
"RAB40B",438.545581227063,1.28049516112568,0.290811498585808,4.40317926681931,1.06675946751513e-05,4.58268389207336e-05
"ING3",3072.58324255521,-2.21083481050939,0.21542659061057,-10.2625901669954,1.03882246615361e-24,7.9719505876645e-23
"INO80",2528.43297935753,-0.648132733265801,0.209844838184163,-3.08862843076935,0.00201082759173027,0.00519658003041075
"SLIT2",10107.2955103595,0.914052174756345,0.183829313696009,4.97228737016272,6.61675256823162e-07,3.68158106644827e-06
"GBE1",6443.84373795824,0.89178035290628,0.17457921654161,5.10817020818587,3.25293562803468e-07,1.91832301657255e-06
"WDFY1",2932.16547085635,0.676646961469934,0.18010027874441,3.75705671411093,0.000171923543620193,0.000569288999300487
"SLC4A7",35746.2358323209,-0.801363476171611,0.187676307288967,-4.26992350684812,1.95540019130928e-05,7.95487761132291e-05
"SSBP2",6676.52884663636,1.92360625612059,0.213868478432738,8.99434208452351,2.37651295020353e-19,9.45644109276275e-18
"NUDT12",653.2274279041,1.77882964250718,0.246259496560525,7.22339510699838,5.07054135109202e-13,8.10874934874228e-12
"HEXIM1",2297.10347002889,0.760184306698416,0.209429197823318,3.62979142640719,0.000283650325675471,0.000895604391296755
"CCDC102A",356.743662724746,-1.08600341918565,0.302801880733595,-3.58651477512162,0.000335127084300538,0.00103932776087284
"NSMCE2",677.754316884411,-1.17969127787525,0.257702975135286,-4.57771695206836,4.70078158150219e-06,2.18029186539219e-05
"HAUS8",147.998880056143,-2.07450675986843,0.410118045433245,-5.058316216437,4.22974623865112e-07,2.43720824224178e-06
"COA5",1115.73488279507,0.736433228597867,0.238204225028597,3.09160439328671,0.00199077968225084,0.00515604520816139
"PTPRD",5256.9491051436,2.51613710310566,0.247774076519174,10.1549651135959,3.14922792296049e-24,2.18926915256159e-22
"PODN",268.379395408398,1.90281403240052,0.37666209562527,5.05177997600685,4.3771174307609e-07,2.51966750105857e-06
"PCDHB13",518.478149379593,1.5883390182254,0.277873807581108,5.71604438738537,1.09032268688943e-08,8.46056041605992e-08
"DOCK7",14446.7082098728,0.516924031703367,0.164617982336297,3.14014316277639,0.0016886529028993,0.00444861792386624
"CYS1",167.627225575718,2.7021584793165,0.409087812898667,6.60532627498692,3.96642793602947e-11,4.65032195912661e-10
"B4GAT1",832.227424744179,1.02810227758509,0.221177296169895,4.64831741498172,3.34653662777143e-06,1.59601976864418e-05
"NRDC",6390.1598103473,0.898915632772411,0.172541557973392,5.2098499824085,1.88993382974637e-07,1.1572662176136e-06
"FOXO4",137.675640380309,1.22315783043141,0.4201068446597,2.9115398760575,0.00359651997572643,0.00870976907236372
"ZNRF2",2946.22673260736,0.666589756423161,0.196673822446086,3.38931611809138,0.000700671845214647,0.00199964739597843
"NDUFAF5",583.38965185894,-1.08881144589071,0.259747350403164,-4.19180963424928,2.76738164953801e-05,0.000109564208824925
"PRKAB1",2183.22227822487,-0.982177783850584,0.211793924921242,-4.63742189118889,3.5278185891682e-06,1.67436787497148e-05
"ZNF276",427.46092770433,-1.08351753776436,0.344733819564864,-3.14305552942851,0.00167194118960518,0.00440753981234755
"KLC2",839.633475801568,-0.846529745873346,0.228459242903489,-3.70538628735172,0.000211068808075122,0.000685843050269947
"GTF2I",3896.11179537875,0.968092074593424,0.194174775279693,4.98567372203194,6.17462699229708e-07,3.4600162064944e-06
"FKBP7",1163.98660935845,1.71830944665317,0.227323424015596,7.55887543966993,4.06569002370565e-14,7.72481104504073e-13
"STX1A",4571.10439968031,-1.8549381100971,0.272233875217361,-6.81376668725026,9.50758558622573e-12,1.23745205350238e-10
"GTF2F1",2414.49123590293,-1.40090101144057,0.207134865438214,-6.76323132987209,1.34947505395625e-11,1.71854484780764e-10
"GNPTG",804.059523919603,1.02159200064693,0.245506557623451,4.16115972842489,3.16635517411198e-05,0.00012394827905815
"PLSCR4",744.765244204137,3.28527122871252,0.248627989926453,13.2136016933747,7.32346195785966e-40,2.88495578059951e-37
"CARD10",370.501710071591,-1.76071858735668,0.337347480372027,-5.21930261763021,1.79598104406376e-07,1.10373915646102e-06
"GCN1",10818.418929538,-0.756680499933724,0.201309365507794,-3.75879432149135,0.00017073411555193,0.000565667445358202
"PLTP",1959.02208957113,1.31156071445466,0.192410484906515,6.81647216414376,9.33032951312782e-12,1.21706218748504e-10
"DPAGT1",723.358992720005,0.93531460888029,0.236879634273785,3.9484804666629,7.86488320748599e-05,0.000281232041591738
"JAM3",1942.64912415976,1.38846808739291,0.200624918963919,6.92071600359184,4.49366555874155e-12,6.24043943280935e-11
"TMEM106B",19599.8946950526,1.37775429747081,0.210477254578191,6.54585836475258,5.91546240299133e-11,6.68345455817893e-10
"KDM6A",6457.55274748301,-0.730621047279918,0.181241733071443,-4.03119654010326,5.54936133179719e-05,0.000205716286760286
"LIPG",3136.22205207123,2.11330115856695,0.212424311561818,9.94849009056081,2.56038329764263e-23,1.57596926101774e-21
"NGDN",610.889705499698,-0.876160782960508,0.251420668545395,-3.4848399219904,0.000492431545228657,0.00146220000037997
"POPDC2",73.2403598875753,-1.56018147574812,0.539213104338415,-2.8934413188314,0.00381045485000789,0.00916961014404261
"POLR3GL",508.421025533384,0.773118185672671,0.257918660974521,2.99752713801908,0.00272179624398265,0.006817759222422
"ADD3",1116.98061668272,1.50390211936534,0.240489353154475,6.25350810602967,4.01333723400046e-10,3.95135223531149e-09
"NUP153",11601.4145252767,-0.512833427540507,0.167174735373976,-3.06764910614801,0.00215749795035164,0.00553447162519116
"C1R",3985.64570463801,1.76086896291588,0.179026172548514,9.83581862835561,7.89230979035315e-23,4.66356585511968e-21
"ABCG2",142.940690446188,-2.83219238131944,0.429900396415533,-6.58801993423123,4.45730814065888e-11,5.16435956924575e-10
"LDHA",63884.7596537239,0.945399913689029,0.191296409006384,4.94206827299868,7.72981358214412e-07,4.22139264851106e-06
"BHLHE41",5849.5998465822,-3.26192410032207,0.20798276155945,-15.6836272192188,1.95749412916936e-55,2.57040729094706e-52
"CDKN2AIP",1505.73960979678,-2.03244051955773,0.198417917852934,-10.2432307603599,1.26925733266703e-24,9.43401456443963e-23
"ZNF35",1056.59166589649,-0.67062386419542,0.225816747240389,-2.96977027785065,0.00298022519195547,0.00738349598590041
"NR1D2",16682.2458717664,-2.24270259638789,0.182096840612537,-12.3159885083337,7.4299174350671e-35,1.6260511897708e-32
"RAB3GAP2",5741.48094067144,-0.596070039879565,0.171814420016486,-3.46926666470935,0.000521881175416209,0.0015407423759852
"CEBPA",117.110325569269,-2.74532368776389,0.558068173961418,-4.9193339019431,8.68392225862974e-07,4.69472064284018e-06
"C8orf33",3164.12726142341,-0.703721293937644,0.207142727124998,-3.39727734449007,0.000680599492158214,0.0019513160597588
"PLCD3",2683.02396449681,1.19949312099117,0.180811686740249,6.63393579594411,3.26852044752038e-11,3.90570016671344e-10
"SFSWAP",1988.50452179325,-0.8400657624574,0.209265011968847,-4.01436319695171,5.96065030181333e-05,0.000219653773828593
"ZW10",1437.64879049968,-0.812558629099936,0.21130912831656,-3.84535507563426,0.000120377995236189,0.00041211678670373
"HMGCR",3681.1915576652,0.81455201892213,0.202994117191966,4.01268780686797,6.00312839234371e-05,0.000221081244439757
"HSD3B7",407.640979521454,0.869300382467286,0.272801590386286,3.1865664024772,0.00143972434643436,0.0038486003904459
"KBTBD3",455.750072764314,1.43853603191175,0.313286378929755,4.59176053815701,4.39522504672228e-06,2.0482164669623e-05
"ZNF773",1022.3640314648,-1.41709218566571,0.226001862639193,-6.27026772751899,3.60427835375856e-10,3.56446540457897e-09
"CENPN",4732.9352672206,-1.77803402871869,0.176238339905391,-10.0888037737599,6.191946253451e-24,4.04289617808198e-22
"EPHA2",3696.43642228524,-1.82360081205299,0.222120756952189,-8.20995226684517,2.21276445127578e-16,6.13860335332797e-15
"CAVIN4",233.256768357512,-1.48821119710091,0.368034669974663,-4.04367120413781,5.26206997091436e-05,0.000196112087405443
"ARFGAP2",1683.05381489883,-0.719017841036292,0.221845320382116,-3.24107734072472,0.00119078872057773,0.00324107349142967
"PLEKHF1",653.515979872759,-1.2358401725781,0.241395372132793,-5.11956862163146,3.06235326939732e-07,1.8186377355647e-06
"ZMYND19",571.454921435023,-0.996251175556196,0.263269202736018,-3.78415388204425,0.000154232379462756,0.000515328883373155
"PYGO1",1952.52029430108,0.770173712700612,0.2211580100252,3.4824590464205,0.000496831208455539,0.00147378293713041
"GSR",3046.81547567991,1.25584227237412,0.190514795743612,6.59183591212619,4.34420588161834e-11,5.04320482406342e-10
"S100A2",201.788897027316,-1.27283121344469,0.361272886475985,-3.52318499697125,0.00042639362260349,0.00128746035562801
"INTS10",1964.89147597149,1.18455592270069,0.198089747486714,5.97989516231848,2.23281275505042e-09,1.94024861317543e-08
"SERPINE3",144.961320833199,-1.32584542225038,0.414082936298061,-3.20188374363734,0.0013653208765678,0.00366462914360169
"BTN3A1",1308.45732030828,1.53944937348444,0.221279565535769,6.9570336047844,3.47512088963931e-12,4.94806971972981e-11
"KCTD3",2932.90301420987,0.625642818262414,0.181618355368185,3.4448215159425,0.000571436585116418,0.00166811939072474
"XPO6",21185.1141569489,-1.26520846175908,0.171830066886426,-7.36313780634993,1.79636754420559e-13,3.09017054402062e-12
"BAHCC1",4248.08696145663,-1.07168381378743,0.247193987488653,-4.33539595633014,1.45497981437809e-05,6.09317910925596e-05
"ZC3H14",3664.73549999653,-0.719470230085141,0.1873085897106,-3.84109576179476,0.000122486315617484,0.000418365109239141
"HSD17B4",1354.59767893355,1.04387848040147,0.203955311465426,5.11817256879052,3.08510263171459e-07,1.83030837859453e-06
"WDR77",1857.94265052765,-0.845737143288626,0.206220516855534,-4.10112997573902,4.1113753423597e-05,0.000156539794829168
"OGT",13775.9139361381,0.927799932990833,0.221464951278234,4.18937591540255,2.79722687196516e-05,0.000110708731322452
"DNAJB1",8632.50159639702,-0.497378254080062,0.172029746186052,-2.89123401683184,0.00383732262960737,0.00922487364456873
"IFT122",1024.86493170913,1.35341076253295,0.241941247074918,5.59396456328036,2.21942272880564e-08,1.6200826318113e-07
"COL6A1",91256.0187196948,1.1726059105136,0.202697860751199,5.78499401112531,7.25149134436779e-09,5.77480624715219e-08
"ZSWIM8",2353.5713442615,-1.18174356807274,0.224143459280604,-5.27226434295958,1.34750802398666e-07,8.47517287252495e-07
"L2HGDH",390.357441346207,0.92082354413445,0.299095923047745,3.0786897218504,0.00207913098327709,0.00535552963390772
"NEURL4",1623.09030300535,-1.84965616178569,0.254214053409713,-7.27597918752596,3.43916612426576e-13,5.7245162333201e-12
"BRIX1",1162.29592611581,-1.54394044546044,0.212254528799647,-7.27400472532584,3.48983771258906e-13,5.80068946376618e-12
"FBXO15",51.7608234872848,1.85808369444601,0.640899611491199,2.89918055984267,0.00374139368842297,0.00901994912480265
"SPEF2",159.558886802781,1.08077600798228,0.376668814994952,2.86930047022015,0.00411380795367403,0.00981087645254577
"SSC5D",685.221459650039,2.02699298438293,0.249698114839084,8.11777448015261,4.74810052407319e-16,1.22250657937902e-14
"ELAVL1",4342.37403410266,-0.591643656334975,0.177067923293606,-3.34133729774386,0.000833758668541075,0.00234157793365457
"ZNF646",2127.31422089244,-1.17668312745723,0.20063752024303,-5.86472124471998,4.49887856967417e-09,3.68932931724859e-08
"SERPINF1",1272.88104044792,1.41251145253298,0.274715706648632,5.14172076203717,2.72233523531871e-07,1.62569771657385e-06
"SLC7A11",54074.8967425254,0.974501287556247,0.231911875562712,4.20203271260565,2.64528895592257e-05,0.000105082436575102
"TFE3",7178.07314855209,-0.735718682423978,0.187554768337303,-3.92268716464112,8.75668202541453e-05,0.000309561675669605
"PSMG1",1488.33511649343,-1.22001517212274,0.217305385545873,-5.61428870737859,1.97372438782504e-08,1.45875389714299e-07
"ALKBH5",8210.3659688181,0.659445447776531,0.17052474372611,3.86715401745864,0.00011011288894268,0.000380056694370502
"GOLM1",5236.9864445632,1.17075208598173,0.215627738297447,5.42950594031061,5.65102722496746e-08,3.82934860921247e-07
"GTF3C5",1664.05954775881,-0.928956465001927,0.204178007675222,-4.54973812105945,5.371272054278e-06,2.45942243849118e-05
"FAM229B",197.973901204753,1.27340184910664,0.378441694294486,3.36485611470638,0.000765835849294306,0.00216470893732602
"ASS1",2156.44464305016,1.84679529704188,0.18620324467091,9.91816925803765,3.47063399224647e-23,2.08202804671923e-21
"MED27",977.084053691585,-1.37665565600338,0.236869597085683,-5.81187148093725,6.17782624887669e-09,4.98018762682297e-08
"MCM3",1949.59141279007,-1.20345058580159,0.195243014496633,-6.16385988970857,7.09927644691728e-10,6.68519912746361e-09
"LDLRAD4",84.9736149131502,-2.13160445240462,0.551272823062748,-3.86669605906183,0.000110319779049181,0.000380659605489993
"EDDM13",118.933522934694,1.70884825457244,0.475959158779728,3.59032539462759,0.000330265406837741,0.0010260453675101
"TMEM205",1764.8066495503,-1.05089336902786,0.224936421598369,-4.67195735381733,2.98342912990165e-06,1.4367630585647e-05
"KCTD5",2845.26027863432,-0.951362995999393,0.20299606239824,-4.68660812805815,2.77770095125118e-06,1.34812607153538e-05
"EEF2K",5144.30612061221,1.73899226431469,0.225184210091451,7.72253198218675,1.14041292260071e-14,2.33577121651563e-13
"SRF",2053.17168074581,-1.42419646617229,0.236068911593897,-6.03296917224871,1.60974133738462e-09,1.43685219978938e-08
"ZMAT1",653.466925384835,1.73404237133849,0.243952496571269,7.10811488183274,1.17638624572246e-12,1.79156348607577e-11
"BCLAF1",15384.2838575509,-0.832960768463211,0.166826544753602,-4.99297500702583,5.94562540808728e-07,3.33961031714712e-06
"CNTNAP3B",1496.02263353175,1.07058550162053,0.284547009895209,3.76242049429651,0.000168276811446425,0.000557995330435983
"CCDC62",124.091703775897,-1.59701262963602,0.509984072475414,-3.13149511098311,0.00173918681776418,0.00456647629689781
"CLTA",2301.67189949877,-0.900417777460891,0.20910299763116,-4.30609693625316,1.66160265985039e-05,6.86362119332818e-05
"MAB21L1",290.962402296641,1.03683198101199,0.314168805245715,3.30023848230594,0.000966027003562997,0.00267930230652605
"NKX3-1",665.643823673897,-0.91613172859627,0.246828893491741,-3.71160651265864,0.000205947971392336,0.000670371692495013
"POSTN",64321.0658527292,1.28858813819999,0.204697935991776,6.2950714766941,3.07258245272581e-10,3.08249400902493e-09
"THRB",3393.77390309678,0.80455703906024,0.234454907402859,3.43160673398824,0.000600016966781603,0.00174226056840909
"SLC25A44",3096.33716961195,-0.743940359261517,0.188015291626525,-3.95680772997594,7.59580191200616e-05,0.000273014558990538
"CLN6",2376.72840320496,-1.43887405849168,0.205953987670968,-6.9863860115708,2.82057364659179e-12,4.09000482888611e-11
"VASP",1219.15176000269,-0.685777554714189,0.211250136757126,-3.24628218112173,0.00116922883333116,0.00318753087711826
"RAB13",936.500482346926,-0.789563899823756,0.223750155936336,-3.52877474663486,0.000417488325452133,0.00126347683231583
"OLIG2",45.2729719135194,-2.18532813001623,0.754299921795385,-2.89716075379501,0.00376556750521984,0.00907452625952042
"RASAL2",4744.61418728278,-0.894956006503961,0.181206188911843,-4.93888212029754,7.85716887402084e-07,4.27957040774527e-06
"STXBP5L",123.77963057019,-2.16452068452568,0.445479529829134,-4.85885554686631,1.18066232867297e-06,6.20964281275354e-06
"DHX8",3999.54321845753,-0.621324797346906,0.183768924771445,-3.3810112243931,0.000722195926902403,0.00205314204092677
"CIART",1547.81161298756,-2.2764527544729,0.209907283478351,-10.8450393752425,2.10545185857449e-27,2.09094370291037e-25
"ATP9A",9500.7459465023,1.84978250237463,0.198131302393368,9.33614466785308,9.99058068455044e-21,4.64837332795343e-19
"SPTSSA",2961.14262653607,0.821138886395602,0.202561436072144,4.05377697906498,5.03972652067515e-05,0.000188718276366727
"FOSL1",13613.2868134357,-2.47061163149505,0.256759841941445,-9.62226652273169,6.439629345454e-22,3.44359907713011e-20
"HNRNPM",3122.21028101201,-1.04742806404612,0.186704053912319,-5.61009813176322,2.02211918537564e-08,1.49079254727195e-07
"SERPINI1",1061.98664359908,1.81052468828041,0.271899048916862,6.65881214183285,2.76049499796895e-11,3.3255382146786e-10
"ACVR2A",1763.43699937749,0.969295728205086,0.194709301325759,4.97816859084406,6.41887348747587e-07,3.58174101711784e-06
"SMAD9",506.027454232709,2.04852586834424,0.275929038302855,7.4241039687016,1.13545944703666e-13,1.99685412873203e-12
"MED1",12254.9623221989,-0.598727375316146,0.168819633475035,-3.54655061731717,0.000390309753753474,0.00119074484094708
"BUB1B",974.817765657964,-1.43613404089533,0.243360618824879,-5.90125899510787,3.60738091223446e-09,3.00437122063332e-08
"PLD2",1036.4100783123,1.00783492402826,0.240794376970967,4.18545871671155,2.84590790909411e-05,0.000112409557719499
"GAA",2159.87098144235,1.21869945591856,0.188736778498532,6.45713816678309,1.06701474381506e-10,1.15054564255533e-09
"CDC25B",27027.1799067294,1.72859049655513,0.215802044660912,8.01007469262515,1.14638797123782e-15,2.78193286326254e-14
"B4GALT1",5825.94154198954,1.20141050299825,0.194026183454784,6.1920019329671,5.94048234002296e-10,5.66623246928098e-09
"NPAS3",776.82305797584,1.09103942259849,0.232545020469872,4.69173418718653,2.7089894722243e-06,1.31760290929953e-05
"ITFG1",3727.32410966357,0.785610518265825,0.195511069071367,4.0182406141877,5.86343069926357e-05,0.000216341005319691
"CASP2",6275.98283513178,0.600117609756848,0.189013445264971,3.17499958225493,0.00149836716976154,0.00399001874994185
"MAGED2",4691.46733713724,0.813080168685248,0.200139724465716,4.06256264645018,4.8536915938828e-05,0.000182271773932339
"ZNF799",217.906007556544,-1.17175418424371,0.345996319474519,-3.38660881139807,0.000707622088024959,0.00201607469534209
"FMNL3",8856.53812298872,0.720883448919629,0.177959404545066,4.05083086652536,5.10360884229556e-05,0.000190687478021653
"KDM7A",2302.75599333114,-1.33381274501632,0.18661626618276,-7.14735522416931,8.84657408421779e-13,1.37745471050443e-11
"NXPE3",2756.38687279175,1.26710214070559,0.192637540660685,6.57764907276033,4.77944594583125e-11,5.50521366353155e-10
"SHROOM3",973.72589291856,1.14544213969601,0.22043397585614,5.19630485839236,2.03288783095288e-07,1.23774695446683e-06
"CRYZ",1001.51471045514,1.37204425391363,0.224237322672046,6.11871492918369,9.4332985949717e-10,8.71639740386048e-09
"NCOA4",7599.80692829708,-0.929954598105987,0.191444885388034,-4.85755780950266,1.18842446026312e-06,6.24768695346511e-06
"PPM1G",2507.45252071777,-1.25999853808779,0.196883401443831,-6.39971947278279,1.55662680415533e-10,1.63667398323022e-09
"LOC728392",493.519843295291,0.915426318817429,0.263928415364492,3.46846442264733,0.000523441829859866,0.00154419259742484
"SLC2A8",367.515739648484,-1.11362183980374,0.280614608967864,-3.96850985021691,7.23234683664133e-05,0.000261222111599716
"CPEB3",227.141598756665,-1.0674714408846,0.338757446648437,-3.15113793496154,0.00162635664229923,0.00429983955228016
"AP3S1",2948.26422757899,1.26899052442351,0.198771105677259,6.38418003512014,1.72318268734195e-10,1.79899054761548e-09
"EME1",507.172166150038,-1.49341578144543,0.286938973900135,-5.20464599544152,1.94366767206356e-07,1.18770757747917e-06
"MYO5A",8732.60411771262,0.57044432506778,0.19411590829446,2.93867890622574,0.00329614360959307,0.00806998657099046
"ZNF689",1445.25083818668,-1.13999570102223,0.225181873851949,-5.062555353686,4.1367389999208e-07,2.39061034235032e-06
"DEDD2",1531.30953639103,-1.16887923765833,0.219800011357243,-5.31792164359145,1.0495924825806e-07,6.74868550551554e-07
"SCRG1",66.5929550331775,2.3705207077373,0.590250144004378,4.01612897822473,5.91618857510875e-05,0.000218151377786693
"NLGN1",2481.08771162592,1.39886860582832,0.238526716998684,5.86462021290486,4.50161861183996e-09,3.68932931724859e-08
"PCDHGA12",213.806659613449,1.55426059826232,0.392569311272175,3.95920046125238,7.52010972786445e-05,0.00027062319355634
"GLCE",901.338968542763,1.60876475080631,0.278394881706223,5.77871525850809,7.52731937033245e-09,5.97032619587845e-08
"STRIP1",1665.24416326326,-0.723958937988243,0.201819699007215,-3.5871569601457,0.000334303105484218,0.0010372260699954
"RAB27A",3046.31593729937,1.05142627287823,0.190682172709183,5.51402502887253,3.50718690311131e-08,2.47155246398148e-07
"CNIH2",328.83835447898,-1.12318667245368,0.344757875794267,-3.25789996781376,0.00112239963702578,0.00307476098988656
"MGAT4B",4387.59684038775,0.527759616335956,0.183537719141604,2.87548313667762,0.00403409693865097,0.00964104299716423
"CCDC86",1339.10981752087,-1.54766116266721,0.217057077048057,-7.13020364834524,1.00220534458752e-12,1.54420635754046e-11
"ZC3H7B",3300.07139815339,-1.42847458761411,0.200632702326113,-7.11984921227962,1.08045201571547e-12,1.65398729556029e-11
"CBLL1",16487.5346989208,-1.3615491040412,0.19185741460753,-7.09667180091233,1.27797056513095e-12,1.93756370383342e-11
"KLF5",392.396639914794,-2.17249929928908,0.285258208467798,-7.61590459029448,2.61851061701838e-14,5.15759307865388e-13
"GNA11",3789.37558406603,-0.589502227747942,0.190059066520484,-3.10167906504165,0.00192426452978163,0.00500461228278154
"ATG4B",1723.42094807423,-0.9450635478092,0.218979138616431,-4.31576977505877,1.59047677743191e-05,6.60212664407809e-05
"SALL2",488.383496786314,1.23272925369464,0.266979882872532,4.61731138852586,3.88743730314349e-06,1.8267091072982e-05
"ABCA5",6111.6022407305,0.795995831456666,0.183051663196813,4.34847636757514,1.37086587106328e-05,5.76339127151401e-05
"AVL9",14101.1520428681,-1.00860557155482,0.167253268357214,-6.03040874155402,1.63545503412489e-09,1.4576023826009e-08
"ABHD15",460.367324568564,1.03104651107737,0.265805604386725,3.87894948060343,0.000104908537240863,0.000363260794934814
"FOXJ2",5648.37635682638,-0.515028251959307,0.174415463856825,-2.95288181776179,0.00314822466281028,0.00775280663994414
"ZBTB21",10226.3485726789,-1.38867940585393,0.166365531042224,-8.34715819529633,6.99250318420325e-17,2.04548026314144e-15
"SRRM1",11222.6243442425,-1.31204041875345,0.17547536954783,-7.47706314643678,7.60019012239415e-14,1.39038772239093e-12
"HAT1",1442.63910273717,-0.774083307503888,0.200354424276712,-3.86356982281955,0.000111741933697601,0.000384556252894073
"LONRF1",3452.67006639116,0.726000601076247,0.178380612016683,4.06995240608517,4.70227430435784e-05,0.00017697922843599
"CALU",50430.8520612113,1.47325533013185,0.184121392102984,8.00154351053254,1.22869155184957e-15,2.97554851634389e-14
"SLC35G2",834.424963973808,-0.904816825368859,0.261187961381707,-3.46423633226547,0.000531739129410733,0.0015659339724336
"VRK1",544.483709454448,-1.42150953366192,0.26204929415536,-5.42458829451818,5.80882712460209e-08,3.92727225163315e-07
"SMG5",3489.83553314615,-0.674124421641437,0.199424728218087,-3.38034519422399,0.000723948440731819,0.00205614579970407
"NICN1",509.207632938518,1.24373965934607,0.268519693625817,4.63183777156853,3.62434105271306e-06,1.71567743735725e-05
"GLUD1",5908.21573264821,0.596288595458733,0.175166979790742,3.40411529713575,0.000663787286639411,0.00190681530226168
"ITPRIP",2729.97308559292,-1.01965894005189,0.230921028084424,-4.41561753171785,1.00722035355903e-05,4.35236156878669e-05
"MED15",2700.37671139839,-0.860341681542112,0.196318059043864,-4.38238685596358,1.17386131351473e-05,4.99789941505068e-05
"ARHGEF2",8312.57048004738,-1.01484402671263,0.169012020869449,-6.00456713961506,1.9184301825252e-09,1.68314832198091e-08
"BRAF",17265.5849501281,-0.669885850814049,0.168747759618504,-3.96974663443526,7.19490981158995e-05,0.000259949385977897
"NOTCH3",802.459196800608,-0.840379530261391,0.231194916594699,-3.63493948153988,0.000278045897698683,0.000879771464257841
"GSTK1",3830.09842901549,1.28049956344427,0.197889264638531,6.47078842696829,9.74928643518985e-11,1.06152778863858e-09
"RALGDS",2382.34775397735,1.16727923441404,0.211286567118747,5.52462586870469,3.30188453334458e-08,2.34083211848028e-07
"SCOC",3217.94492686134,0.664370764066789,0.223093593917446,2.97799122063824,0.00290144295467587,0.00721119933509135
"TMEM200C",1670.56115335989,-0.864528192899867,0.221040873911341,-3.91116890556009,9.1850507369213e-05,0.000323241218321928
"PMP22",16288.8799352558,1.78945560045179,0.19846757963952,9.0163622879969,1.94438597523554e-19,7.84257797110361e-18
"MRPL58",801.742951715639,-1.27190062767193,0.248074023162803,-5.12710122348129,2.94237338024956e-07,1.75002358368341e-06
"PPM1M",759.713517401496,1.01959457025523,0.252199275287299,4.04281324398624,5.28136858178816e-05,0.000196645286388067
"HDAC11",236.360439041302,1.1788490176239,0.347114222927468,3.39614149971097,0.000683430191268398,0.00195800678797816
"AMDHD2",364.96623630609,-0.986417046409853,0.278832641723652,-3.53766704038719,0.00040367875516215,0.00122639473740521
"OSGIN2",7535.56078808139,-1.97156690485636,0.253288091421269,-7.78389103804035,7.03273343250652e-15,1.49215159255587e-13
"LDOC1",1158.17669903594,1.43191341379004,0.229265832000905,6.24564681659319,4.22049879839784e-10,4.14267897005528e-09
"ECT2",4935.50459056903,-1.19902373814728,0.183243486234525,-6.54333620684723,6.01613702860829e-11,6.79070748845204e-10
"ILF3",9752.90616277255,-0.845091015512323,0.170467184734868,-4.95749969019969,7.14061561590952e-07,3.93519597516697e-06
"RHOT1",2104.84479126194,0.635630029443731,0.192526075779509,3.30152695872579,0.000961600935170069,0.00266953249984493
"MTOR",7609.22665508269,-1.26057243817261,0.182142582259577,-6.92080030125043,4.49099207635851e-12,6.24043943280935e-11
"SORBS1",675.032046864998,0.901158125316406,0.290109574710282,3.10626812719418,0.00189464834072312,0.00493627735684873
"TMCC1",2490.82589022358,0.647137584949024,0.182614619364326,3.54373372297182,0.000394503465624323,0.00120068039061248
"PLEKHH2",2568.52811209673,1.41597827105482,0.259015876958578,5.46676245364396,4.58329609520762e-08,3.17127595159038e-07
"ECM1",1330.95455954395,1.2516023203876,0.201595307830745,6.20848934360324,5.34963496076386e-10,5.1358233928763e-09
"PRMT3",996.447436202158,-0.905938632638186,0.214444582941887,-4.22458156886011,2.39385137065156e-05,9.59651814734063e-05
"EPC2",2529.24486110805,-0.787839727085617,0.186753495774277,-4.21860765614718,2.45815594043024e-05,9.82098948749309e-05
"CBX7",337.623626510397,1.28021285133175,0.322996805179047,3.96354648344613,7.38444769098084e-05,0.000266065252475645
"L3HYPDH",1166.35284762808,1.19105502878302,0.254162809727611,4.68618925821399,2.78338894709195e-06,1.34922438788895e-05
"SRBD1",1832.61400992141,-1.33488936768576,0.198504414961812,-6.72473389542781,1.75913631939184e-11,2.19610023474683e-10
"SHKBP1",1416.89513660794,0.588843368691679,0.197719733031483,2.97817197941451,0.0028997322813267,0.00720846363077807
"RASA1",2915.86938136197,0.620530969812058,0.186034585892495,3.33556777539553,0.000851254009651206,0.00238617644356213
"MAU2",4224.58671122629,-0.563043287667264,0.195753437059486,-2.87628813125853,0.00402382223108295,0.00962037854075225
"RSU1",1945.5327311205,0.81815199444262,0.188481751408239,4.34074910875884,1.41997784367548e-05,5.95292591577043e-05
"CBFB",7129.60691682373,1.1617151225409,0.201755431258944,5.75803642703375,8.50979943564102e-09,6.6956597690017e-08
"ANKRD28",17698.474653183,1.08061602642027,0.186383477522077,5.79781019641223,6.71864299515277e-09,5.39042246549324e-08
"CSF1",4589.41524642333,-0.748565026784442,0.182385112201209,-4.10430992831595,4.05523517430392e-05,0.000154695833731194
"SEL1L",7158.12412782255,0.838218996312016,0.177125100615519,4.73235579485437,2.21928963537013e-06,1.10199852566404e-05
"ATL2",3326.52929724469,-0.591010351698354,0.19459899703285,-3.03706782002883,0.00238891700110532,0.00606492397831637
"ZNF829",949.027584405092,-0.875761189169421,0.215652107869505,-4.06099062894095,4.88649330928915e-05,0.000183387036929753
"GPATCH3",319.843846734423,-1.1255205004967,0.359160806571088,-3.13375089905288,0.00172587300915782,0.00453756779137422
"BBS4",528.057986161734,0.994345531222157,0.249509973524019,3.9851935262477,6.74251506392557e-05,0.000245480724046434
"GEN1",1759.36049842889,-1.15842166962607,0.194814708787145,-5.94627416398916,2.74314551949954e-09,2.34916621372794e-08
"HIST1H2BF",1599.07528100065,-1.32767988294159,0.195495664035985,-6.79135207161018,1.1108745377807e-11,1.42699079211873e-10
"KLF7",1496.65206123261,-0.807928311892335,0.22227508636205,-3.63481272289936,0.000278182638422408,0.000879968528071739
"VAMP4",2074.26985621686,-0.573608432420844,0.190768872879474,-3.0068240366616,0.0026399252699626,0.00662813614625409
"RNF111",6764.64563897563,-0.93315524475306,0.177505951509074,-5.25703638001881,1.46395361231055e-07,9.15881619390478e-07
"NHSL2",3568.12409860203,1.22190916294597,0.283069645024488,4.31663791728805,1.58423710849524e-05,6.58084855824139e-05
"HIST1H3F",1292.12843062876,-2.50304657866044,0.23701238174389,-10.5608262329736,4.52659811406186e-26,3.93348062588111e-24
"CENPH",460.470535641178,-1.55307874630442,0.264766696682597,-5.86583873940254,4.46867950904786e-09,3.6674204470783e-08
"ZNF430",419.525492360713,-1.0057216811367,0.269211746224102,-3.73580163288827,0.000187118134504149,0.000613415288091549
"PIGF",304.743045227852,1.06243231267341,0.323386844713912,3.28532941286868,0.00101863203306711,0.00281397694408301
"LOC100289561",714.931516415846,1.03365236778973,0.292984916637809,3.5280053992252,0.000418703616157604,0.00126650610078079
"TCTN2",1040.12821160174,1.18756888360886,0.224034700680074,5.30082563104691,1.15280152069965e-07,7.34041399333429e-07
"VAMP3",10701.6499483406,0.812959980009015,0.179930068112427,4.51819970134755,6.23676479989592e-06,2.82398798487241e-05
"EWSR1",2699.75070757521,-0.549228356246432,0.182608070045342,-3.00768939790041,0.00263242034509993,0.00661069775571418
"ARMC2",257.380934035723,1.13760255183744,0.338097422441806,3.36471820347358,0.0007662187125379,0.00216475561672792
"SLC9A8",5540.11500780902,-1.49829024839937,0.195848030797766,-7.65026966212656,2.00558283439549e-14,3.99696086625395e-13
"MAP9",1325.12844408537,0.87365430554088,0.230373510526658,3.79233837928508,0.00014923537512527,0.000499904666448538
"TMEM258",1937.666594731,0.755548613375979,0.220689619705839,3.42358020455635,0.000618020112735679,0.00179013172301712
"APLP2",30808.8157648175,1.29735387766018,0.181381878059099,7.15261023616407,8.51431059585623e-13,1.33274334598449e-11
"CBLB",4550.39424037269,1.52389611675139,0.195393430370177,7.79911644861515,6.23421171421454e-15,1.32989014510086e-13
"STAT5B",2742.76645232022,0.614050486049529,0.188024161819544,3.26580626716934,0.00109152898432603,0.00299713976225953
"MMP11",121.854806324418,2.90980402252298,0.449490606785977,6.47355913247921,9.57209281808238e-11,1.04357004542525e-09
"FXR2",2017.02733537171,-1.47333169258595,0.214680014586453,-6.86291965940143,6.74671750036294e-12,9.01953703838114e-11
"ITGB4",585.159815480844,1.69821074312341,0.246827378516777,6.88015548894216,5.9787266704404e-12,8.11212305295806e-11
"MMGT1",3244.34301985167,0.991075247701301,0.223114377323787,4.44200530503258,8.91243622515899e-06,3.88517784245404e-05
"RSRP1",2125.53908835637,0.761843387995903,0.196179881550195,3.88339202764262,0.000103009285193446,0.0003577325102604
"SVIL",10081.1562257376,0.656003684535696,0.215382906787745,3.04575555376905,0.00232096446499544,0.005915281010851
"RHOJ",272.621592539606,1.67543799078381,0.420209505686999,3.9871491913174,6.68719776058688e-05,0.000243767128731079
"ODF2L",1577.97969153613,0.873803615599651,0.224781121344066,3.88735321887707,0.000101343231573145,0.000352394592913263
"TPP1",18028.5559467579,1.22278399668244,0.278671214909889,4.38790923231106,1.1444551628955e-05,4.88626124100397e-05
"UBXN1",1234.12742632382,-1.21120611508878,0.236855093413728,-5.11370094529947,3.15907357512539e-07,1.87137501307428e-06
"PAPOLG",2428.39963609048,-0.809851887425908,0.185132720103777,-4.37443952085802,1.2174486897228e-05,5.16617903595838e-05
"TNFRSF12A",1759.79422961201,-3.36944146096224,0.310752978844032,-10.8428291612721,2.1569560922864e-27,2.10668653707774e-25
"SRC",1877.80144466618,-0.728392940846616,0.213611840089152,-3.40989029701077,0.000649890149302872,0.00187007591537895
"HPS3",4822.74457113401,0.924958291824594,0.172044183678445,5.37628341771418,7.60390672089133e-08,5.02308382490183e-07
"THOC6",605.190097496976,-1.47309266818229,0.283674197019944,-5.19290328009185,2.07039757113099e-07,1.2547671023398e-06
"TRIM7",107.001082719386,1.57463130161098,0.499726644929796,3.15098527882618,0.00162720691508335,0.00430112532374301
"KDM6B",10083.3267023275,-2.51450429515336,0.207359882461862,-12.1262814450902,7.66517395064182e-34,1.33216214336301e-31
"DACT3",416.64180320894,1.31265455584742,0.274804861314972,4.77667880242808,1.78214091752267e-06,8.98904881062011e-06
"POLI",2679.05291367275,0.943928014328944,0.190294152110912,4.96036270089257,7.03616787959683e-07,3.88749097714237e-06
"GAS2L3",2939.14196818547,-0.853222736130944,0.207517265395709,-4.11157468996113,3.92969704868052e-05,0.000150489824113112
"GPR155",1579.74413549878,1.78906194523937,0.236284267601367,7.57165072140004,3.68511178716962e-14,7.08140668305212e-13
"PWWP2B",154.151770195888,-2.0360242971068,0.428995211840379,-4.74603035398065,2.07447594659081e-06,1.03451774275496e-05
"BTN3A3",1278.73325630775,1.80119012921743,0.244109750998886,7.37860786735083,1.59953171925607e-13,2.75960085520704e-12
"CCNA2",1398.7092639997,-0.707893577127396,0.236542076686763,-2.99267507516141,0.00276544000637964,0.00691974804052394
"SF3A2",1154.7521364282,-0.928833622804396,0.248083086615089,-3.74404251203759,0.000181082993902539,0.000597088735194644
"CEP57",2689.99525388374,-0.791160519136684,0.185810793087357,-4.25788247276212,2.06372388098431e-05,8.35131849006629e-05
"UBA2",6002.35852231224,-0.961560631179154,0.175826157163391,-5.46881446248978,4.53055692810925e-08,3.1421432967368e-07
"CELSR3",5177.0222326899,-1.83648615202109,0.181011265372979,-10.145700866943,3.46283735226672e-24,2.39320537012211e-22
"SERPINE1",3027.59997393327,-2.83770686760802,0.809282052533854,-3.50644977078534,0.000454127138582416,0.00136215089435711
"TUBA1A",27624.6715759125,1.58881862544924,0.179238780716374,8.86425704916718,7.7015888939953e-19,2.86218168393826e-17
"USP19",4444.47925971945,-1.03473337383086,0.199221357441772,-5.19388777949317,2.05947310586663e-07,1.24942778055092e-06
"PRSS12",1245.82013948701,1.01080183379542,0.224993913214953,4.49257412945979,7.03674124943693e-06,3.13930570350493e-05
"SARS",7583.89748426065,-0.985338137352027,0.173602261605566,-5.67583698644876,1.38012160369776e-08,1.05026980399155e-07
"RBL2",4560.53998293191,1.1550036474111,0.187561981596677,6.15798381728956,7.36768822482288e-10,6.92141013044172e-09
"SMC1A",5181.47376890625,-0.776451411645504,0.177726281716963,-4.36880468180861,1.24928434060264e-05,5.28798077981446e-05
"ACACA",725.892005785435,0.893320131070704,0.306678033290907,2.91289246081516,0.00358097899600755,0.00868034309081308
"FBXO10",365.545346023214,-0.925350772059119,0.301473462528348,-3.06942695485878,0.00214469844844932,0.00550460317267193
"SSH3",746.189910214558,0.906935932685155,0.229444965480719,3.9527384302593,7.72618801619085e-05,0.000277026972012571
"NSFL1C",3353.18574969231,-0.565839592341006,0.191780436074537,-2.95045523893317,0.00317306017678172,0.00780835058255681
"FUT10",1106.47569923192,1.43250564172502,0.229479412784071,6.2424146216242,4.30866976800057e-10,4.22221055706722e-09
"TIMM17A",885.396523266736,-0.939912230513863,0.241712711574438,-3.88855110015348,0.00010084443993723,0.000351039643940556
"PNP",478.662362935009,-1.48538604479064,0.301803864143941,-4.9216932626224,8.57986165995486e-07,4.64271085610561e-06
"PHKG2",514.676063271849,-0.911192660314315,0.308995653783254,-2.94888503821311,0.00318922586868134,0.00783907473296092
"FREM2",15845.4054931535,1.8781844677092,0.249912987885729,7.51535357805407,5.67573278456699e-14,1.05465110138385e-12
"PIGM",1038.78345563866,0.901770783205523,0.239653220639304,3.76281520774034,0.000168011347905662,0.000557271431251506
"ERMP1",1232.63021072527,1.10548271074068,0.236476687153747,4.67480631620126,2.94231169585318e-06,1.41927508659563e-05
"PPP4R1",7023.41362151175,-0.645075302090208,0.171261941249052,-3.76660043314662,0.000165485530484338,0.000549403892413415
"MEIS3",351.62895331796,1.55982774705404,0.294301078130639,5.30010884418725,1.15733664122717e-07,7.3613586792372e-07
"NOVA2",921.425660064538,2.25541645437763,0.223599382538862,10.0868635179958,6.31552673953645e-24,4.07851885288753e-22
"PPT1",5627.07836548924,1.33178332214483,0.209334701452053,6.36198066019105,1.99168525312515e-10,2.05817256172966e-09
"MSMO1",8036.1720285291,1.11255725823382,0.202649002830008,5.49007023324506,4.01773948914598e-08,2.80790332836944e-07
"PSMD2",11776.3444174915,-0.677737517489307,0.177744852355754,-3.81297972068875,0.000137301382290704,0.000462814528212077
"DDX47",4045.6132785641,-0.671387406367455,0.179595961826134,-3.73832128262117,0.000185253112067215,0.000608243299250759
"ACCS",218.921780579482,2.06176890194751,0.342576775017951,6.01841412582472,1.76134111068925e-09,1.55688326448209e-08
"PTPN18",472.461701422915,1.41869615841598,0.256841215016158,5.52363123779307,3.32064044362742e-08,2.3498999259155e-07
"SDC2",5931.43376273229,1.48747180756654,0.19916169621213,7.46866408479577,8.10130522946818e-14,1.47521148230901e-12
"BLM",393.331568887898,-1.70796142939594,0.279750665440176,-6.10529889789013,1.02608475956842e-09,9.45149624986715e-09
"HEMK1",1809.47259519713,1.06631719199526,0.240543833384431,4.43294337249169,9.29552866088236e-06,4.03728620780256e-05
"MOSPD3",1181.34403900857,1.52887774526125,0.204419370680653,7.47912362791532,7.48198647123432e-14,1.37088552119453e-12
"KCNJ14",170.166465650098,-1.85467233151247,0.388818689524268,-4.77001847257322,1.84209025763392e-06,9.26375432541179e-06
"HRH1",1824.56820479482,0.766777970584034,0.190255587114398,4.03025205311307,5.57170743907734e-05,0.000206479894998482
"VGF",235.748649087944,-4.33483559115749,0.449562464460933,-9.64234324223521,5.29648965619061e-22,2.89786642392873e-20
"ZBTB7B",752.026105518707,-0.767686226198723,0.253638276956428,-3.02669705618053,0.00247241609316865,0.00624738366240476
"TCEANC2",1015.5282975207,0.676031315786926,0.221178943047205,3.05649039855772,0.00223944652746828,0.00572480619978804
"ALDH7A1",1078.49545807754,1.11193804319195,0.218689697390055,5.08454699266743,3.68504526143191e-07,2.14848864822902e-06
"STMP1",6056.71251337762,1.29018822280345,0.21047957908973,6.12975485975021,8.80145796753912e-10,8.19666117103052e-09
"TMPPE",1202.50841900909,1.43636463265066,0.23833310184795,6.02671060592757,1.67330225537594e-09,1.48684857549119e-08
"RAF1",9655.48805925995,-0.624063377930621,0.175772804013501,-3.5503978071755,0.000384649439387812,0.00117583731885286
"DNAJB5",591.33691675873,-0.749906422253044,0.24403735599331,-3.0729165180498,0.00211977779649665,0.00545072541318481
"SGCB",5446.06059508665,0.89080984875038,0.214716336197924,4.1487753774321,3.34258588940271e-05,0.000130242927929315
"ESYT2",18724.4786600646,0.713169398991982,0.177842618206003,4.01011527037849,6.06891126396627e-05,0.000223156170869799
"CMTM7",858.641834094894,0.684516325556176,0.221218355092663,3.09430166981148,0.00197276783242709,0.00511500005344963
"PLOD1",11654.7885193065,1.5240402273454,0.185759322851532,8.20438082972284,2.31782298037624e-16,6.38508904011337e-15
"ZCCHC24",4511.66843248348,1.78981623016602,0.212350983232149,8.42857519623226,3.49899296267529e-17,1.06301025277369e-15
"ZNF704",1266.18823170555,2.35738669813619,0.270557000274018,8.71308706020779,2.95709370498577e-18,1.00711623647037e-16
"RAB30",5630.15253363505,1.01277131094735,0.19827673721296,5.10786754504429,3.2581490744456e-07,1.92043919011462e-06
"MLC1",261.779710717333,1.74270161687763,0.355453865655316,4.90275049805627,9.45039863017924e-07,5.08120159287799e-06
"F2R",7631.12862957329,0.732281181389353,0.224478393881724,3.26214549528177,0.00110572376109164,0.00303259303981922
"ARPC5L",922.760625385491,-1.93991542063824,0.228811916249452,-8.47820975601348,2.28685407158154e-17,7.11211616261858e-16
"SNORC",277.106872185191,-1.87073812066083,0.325967526833624,-5.73903216321196,9.52191370698367e-09,7.46220001254197e-08
"HOXD8",139.014978995397,1.64211975821636,0.427927838626146,3.83737539368404,0.000124356299024195,0.000423840108492888
"CCDC130",1573.50452367164,-1.52449890343739,0.238765594533196,-6.38491867481116,1.71488580180074e-10,1.79191161853944e-09
"MYO1C",5328.33526542699,0.635988065062846,0.181711239857477,3.499992986464,0.0004652703994043,0.00139000665078561
"DRAP1",1093.26419144804,-1.40522475278399,0.254136734191813,-5.52940430769593,3.21320017481169e-08,2.2806966766321e-07
"TROAP",1206.71464146896,-1.09262069680632,0.301056259317755,-3.62929074878691,0.000284200999256512,0.000897085312289919
"PLAT",444.115739434839,1.01121623014364,0.296352059237968,3.41221259856891,0.000644378361303511,0.0018564757371733
"ZNF317",3680.45583407092,-1.75845094851625,0.203066578176348,-8.65947988245104,4.73921670366897e-18,1.59113815352159e-16
"MFN2",7736.22919948267,-0.690103023756274,0.183204819885593,-3.7668387992588,0.000165327674456368,0.00054914065675249
"PCYOX1",8587.57260922347,1.84889462192809,0.18912899119828,9.7758392841515,1.42967419591157e-22,8.28229884670729e-21
"NOCT",2024.59838612941,-2.7681684559136,0.226827923668202,-12.2038257510253,2.96555907066404e-34,5.74540608149306e-32
"KCNT2",758.314713246482,-1.75596865670436,0.27067692284751,-6.48732310915773,8.73748287000055e-11,9.6055416332713e-10
"SMC2",3664.74750678086,-0.93274198280169,0.187606774586728,-4.97179264904689,6.63366336929777e-07,3.68925335051111e-06
"SPARC",76003.557389954,1.64683518116186,0.213802140579881,7.70261315763846,1.33311473776329e-14,2.7023584855723e-13
"EHD2",14726.8007152462,1.46819549175253,0.182955418532122,8.02488116248251,1.01624272734237e-15,2.48653344756359e-14
"CD82",494.85770068259,-1.29910565329991,0.29145391203069,-4.4573278987695,8.29876143864767e-06,3.64725781636066e-05
"ACBD4",270.514780985612,1.30949303213906,0.314543042659629,4.1631600593248,3.13873180947126e-05,0.000122989166194733
"BCKDHB",2178.60245728817,1.44983476604254,0.254098943497396,5.70578824959733,1.15805895030092e-08,8.93921663922683e-08
"FOXO3",11212.5196852487,0.870486015948225,0.172161663087195,5.05621286608593,4.27663968772492e-07,2.46302767200453e-06
"MED12",5312.08600900671,-0.547328398072267,0.177864690480537,-3.07721783673618,0.0020894254745818,0.00537852978841379
"ISPD",794.180117967985,1.46115687168886,0.275354025716854,5.3064663495836,1.11770783127945e-07,7.14003845949216e-07
"C1orf109",833.63542424708,-0.756913117152979,0.226875059975714,-3.33625528180138,0.00084915150961392,0.00238144461645556
"EMC10",2043.48692788929,1.47817102172013,0.235202036785942,6.28468631445321,3.28516336569754e-10,3.27077174859424e-09
"KIF5A",1033.12272632765,1.00425830385501,0.240104482496013,4.18258873560051,2.88208470639906e-05,0.000113762448430942
"ATP1B2",509.131278685257,1.89634822078359,0.332536143279746,5.70268302891902,1.17936166963838e-08,9.09771293197548e-08
"SPINDOC",1391.5318538667,-1.56148217033469,0.224691474909552,-6.94945000010907,3.6671306248365e-12,5.2089122264805e-11
"SPACA9",635.190158649931,1.3123692404411,0.236101016339535,5.55850737446123,2.72091464316597e-08,1.95475800929699e-07
"KIAA1109",12368.4800843522,1.13912988762461,0.192513652893854,5.91713818994794,3.27591447509127e-09,2.7633659719221e-08
"MYH3",177.165466264566,-2.09695573467355,0.406233242894389,-5.16195011450283,2.44390425245941e-07,1.46833047562609e-06
"ALDOA",103964.024520524,1.08940438108089,0.172962967431669,6.29848341097218,3.00571886076705e-10,3.02568871350469e-09
"NUMBL",2394.2962068774,0.942567793145778,0.206568001895924,4.56299032035308,5.04301406075284e-06,2.31900156303413e-05
"CBX1",2398.73573995048,0.703077123840287,0.185055203980382,3.79928317992517,0.000145115205209913,0.000487762086226037
"ESF1",1912.56715537461,-1.21737573456363,0.192593498731676,-6.32095965118583,2.59943899013953e-10,2.64145915610223e-09
"WDR12",1381.21968850787,-0.71412049083733,0.199920410815115,-3.57202392655016,0.000354233038745729,0.00109132587380006
"REPIN1",6081.33611023389,-0.798541191330187,0.177588963877266,-4.4965699100653,6.90584799827179e-06,3.08907311292869e-05
"CCDC115",368.362035623861,1.02950143948627,0.295672831956765,3.48189393213107,0.00049788086208917,0.00147615555147261
"TMEM154",4388.51524080667,1.9924194359447,0.253778739140119,7.85101006765042,4.12699826600536e-15,9.08247029937642e-14
"HIST1H2BK",5369.71767260417,-0.977064913959294,0.203326033201977,-4.80540980696117,1.54434846748378e-06,7.91241196804683e-06
"HEXA",1886.47549323547,1.07457320956026,0.205474565175795,5.2297139971602,1.69772478778845e-07,1.04716657317766e-06
"HELQ",1995.10517889602,-0.915807772134166,0.188198110421242,-4.86619004879657,1.13770121012337e-06,6.01581643958943e-06
"PIGN",3822.08708406459,1.26588951382169,0.198019389101501,6.3927553739337,1.62922803365267e-10,1.70996597706103e-09
"ZNF830",547.166014981092,-0.785488837228052,0.263670857546663,-2.97905064115415,0.00289142986802934,0.00719084978543156
"TMEM43",12544.3489215713,0.808305870679657,0.166438778004366,4.85647563849846,1.1949347488923e-06,6.27911910289425e-06
"CLDN1",1261.4627578595,-2.63808225177728,0.243137434652127,-10.8501689818014,1.99056993793032e-27,1.9936064005475e-25
"TUBA1B",17909.918089536,0.561340971234641,0.169444623003766,3.31282847035025,0.000923576039976632,0.00257485766464823
"PCDHB14",864.77257371163,1.15996494792024,0.27710047770876,4.18608065028091,2.83812540255687e-05,0.000112177143837515
"IER5",538.138691172507,-1.27721249866873,0.284831739997841,-4.48409471036622,7.32241361306132e-06,3.25576833067057e-05
"THBS2",102.131968561636,1.78407206708145,0.526094897210355,3.39116018144556,0.000695974114626148,0.00198801528766405
"GET4",1973.25497399284,-1.47236163980246,0.219651237832674,-6.70317934162557,2.03932917432185e-11,2.51049918563913e-10
"PTPN1",7360.14492623896,-0.855155219856582,0.176568454128529,-4.84319367282952,1.27768638564799e-06,6.66171578014974e-06
"PLXNA2",903.989988330126,0.95004676985721,0.227601378156474,4.17416967134558,2.99074810576329e-05,0.00011773704568258
"STK16",3162.59991021395,-1.79200984846221,0.246779405094894,-7.26158590005973,3.82577919107519e-13,6.27959145557314e-12
"APOBEC3B",606.151408979429,-2.95338335673019,0.27754901791556,-10.6409432788147,1.92173877266209e-26,1.76055107095509e-24
"SLC39A13",2593.22371667385,0.836639259418281,0.18343588476378,4.56093561243845,5.09261964141772e-06,2.33999140444303e-05
"ZNF273",1062.72895887686,-1.06168966160892,0.21471258537073,-4.94470158689475,7.6260591500977e-07,4.16858311914221e-06
"TCOF1",1779.98197474027,-1.00834388658467,0.205940165086245,-4.89629541746941,9.76602184400843e-07,5.23898529970457e-06
"SEC24D",10457.1942601039,0.904463048000898,0.167073442085532,5.41356565538325,6.17819260670152e-08,4.15796584430516e-07
"CEP95",2243.64676953948,-0.885358881847098,0.20875641996774,-4.24110972004556,2.22417369796155e-05,8.96496751790912e-05
"DNHD1",1769.79589688042,-0.851977636381249,0.291604992955081,-2.92168397991899,0.00348144588609188,0.00847276101355722
"DHX29",6300.82667528687,-1.10836188701186,0.180639078165038,-6.13578135069547,8.47416438593507e-10,7.90431528910661e-09
"EIF3D",5340.56022859152,-1.10465132647643,0.191815490338917,-5.75892658369055,8.46505070362749e-09,6.66488802234974e-08
"GLCCI1",4049.72125566508,1.33522018869624,0.218144218681961,6.12081400444035,9.30985249806475e-10,8.61580554597723e-09
"FSCN1",9176.06146800718,0.686798804782982,0.176961378248434,3.88106609239216,0.000103999570763857,0.000360747557172664
"PCSK7",242.209082350062,-1.35787305089614,0.344127669332422,-3.94584095353418,7.95203871696807e-05,0.000284090669761574
"ZNF865",873.117329913814,-1.20566100369964,0.22701703784819,-5.31088333777786,1.09095152601132e-07,6.98800278287357e-07
"IL6ST",34813.0905149323,-0.769535843525268,0.170334251297443,-4.51779860869838,6.24858722688601e-06,2.82717472616152e-05
"NUP210L",118.340137093105,-1.74524677469658,0.445011433521819,-3.92180210041954,8.7889165488068e-05,0.000310515443269951
"TTYH2",198.250814994023,1.46153933446479,0.388538588344035,3.76163237915163,0.000168808037165309,0.000559599826990077
"DSC2",329.832623858699,1.36565872960809,0.303367549944381,4.50166383932121,6.74235614339629e-06,3.02395312723557e-05
"TIMM23B",655.7290795306,-1.54968890779707,0.257497314841615,-6.01827210800345,1.76288676117807e-09,1.55708488367731e-08
"EPC1",3661.49072022294,-1.29864524174297,0.196413614345574,-6.61178832266743,3.79704697645623e-11,4.48735011677597e-10
"CHPF2",4379.62094497619,0.702194205722929,0.182800597500121,3.84131242088781,0.000122378236380271,0.000418116796051472
"AP3M1",2969.44658563256,0.887603621995542,0.194059627613395,4.57387058251921,4.78795652326925e-06,2.21290849401627e-05
"RLIM",17227.9280168497,-0.642988105676666,0.166187176398697,-3.86905969287355,0.000109255893594292,0.000377429450598463
"GSTP1",5745.14562993542,0.731184439593433,0.179931686552013,4.06367801916907,4.83054494246526e-05,0.000181460203846327
"LRRC59",7137.57718069466,-0.809630968121847,0.184344843820592,-4.39193715073363,1.12345178299967e-05,4.80352864380972e-05
"SERINC5",4603.79413611486,1.45057303885521,0.219580975005332,6.60609617395122,3.94586604639164e-11,4.63080883180302e-10
"PLA2G4C",313.080592134386,-4.99300285678692,0.406394537346864,-12.286097370756,1.07575278709743e-34,2.27022257819954e-32
"TENM4",1726.35062354742,1.07341614385031,0.221635401616282,4.84316194986179,1.27789047838885e-06,6.66171578014974e-06
"JUP",276.8235036027,1.2351192443969,0.316161657354785,3.90660668574019,9.36013264388148e-05,0.000328731196390464
"HSD17B10",857.853157745047,-0.720680075842373,0.249508640841605,-2.88839726516679,0.00387210493491482,0.0093028127913851
"MMRN2",121.20469266178,-2.40804869886476,0.478546786129182,-5.03200265608871,4.8538253897203e-07,2.76712534759838e-06
"RASSF1",517.054138428882,-2.47598380443043,0.300785694109351,-8.23172063339649,1.84543238819409e-16,5.14370753860326e-15
"AKT1S1",4774.71275459359,-1.03189536001892,0.194514152706146,-5.30498858650052,1.12680046223421e-07,7.19423439367038e-07
"ZNF442",1101.71119859462,-2.98764183311948,0.238492090663512,-12.5272155768668,5.29906110114517e-36,1.39015917679332e-33
"NPM1",12506.5130729183,-0.879544387918908,0.189409398709333,-4.64361533224998,3.42364731926194e-06,1.62950720978806e-05
"UHRF1",595.309872223059,-2.12784730401829,0.250677981949577,-8.48836937121306,2.0955660855789e-17,6.56907161787041e-16
"GLRX3",2792.08922427849,-0.943967638234372,0.19396580427908,-4.86667039967613,1.13494071676535e-06,6.00390751599501e-06
"ING1",1383.10520309846,-0.738142403564637,0.208354295310662,-3.54272707679986,0.000396012315613939,0.0012043421373972
"ZNF57",614.811008231526,-1.54039385689032,0.294125766777216,-5.23719452997494,1.63035827288247e-07,1.01142121096719e-06
"HNRNPC",23992.8046634639,-0.82498876827809,0.171385310013285,-4.81364924575006,1.48198828886486e-06,7.61815467499127e-06
"XYLT1",958.81138396871,1.62288571559583,0.26971839823439,6.01696334480495,1.77719303278062e-09,1.56854871257665e-08
"RNF130",2167.07170116032,1.00138129432445,0.224074037229262,4.4689751062051,7.85952760449414e-06,3.47099765433153e-05
"PLEKHA5",1596.2282122161,0.955080649681942,0.216372419856728,4.41405910380978,1.01450242135231e-05,4.37728719077825e-05
"MAGEE1",583.797948821054,1.56042881804464,0.252118779678702,6.18926055422464,6.04470969847598e-10,5.75635610125617e-09
"NPR2",1223.24729434819,0.91970057368138,0.206000982529055,4.46454459775046,8.02392345976563e-06,3.53963148366966e-05
"RIPOR2",620.218779040067,1.4156922575994,0.330685206189269,4.28108736376045,1.85982321287129e-05,7.60006595079975e-05
"HIST1H3C",1472.6002491043,-2.03681145833818,0.26812590386538,-7.59647400335036,3.04308398076517e-14,5.9149944876123e-13
"ICK",8504.06508627156,1.28138597746253,0.183442441381978,6.98522091076147,2.8440810423051e-12,4.11384588064178e-11
"PYDC5",53.9029782200005,2.51934407325167,0.673438931424589,3.74101340996468,0.000183279740308781,0.000602671110453303
"C1QTNF6",533.659548557612,1.0545615194955,0.327315950102106,3.22184580117934,0.00127367662155097,0.0034468308480626
"WTIP",263.617541274149,-1.29480833462497,0.384424036688688,-3.36817735378375,0.000756669041202556,0.00214238493745372
"DKC1",1642.40421602632,-0.940469791543817,0.199680839394663,-4.70986497450067,2.47880955442186e-06,1.21908328398492e-05
"DMWD",3443.8457418344,-1.67226578613287,0.217133773967019,-7.70154617395852,1.34429581485006e-14,2.72035752395513e-13
"TMEM11",1765.19712020228,-0.875500846148491,0.216905629462372,-4.03632145610297,5.42958104373883e-05,0.000201782354638067
"UBALD1",603.830941095933,-1.07858798682108,0.278052426568333,-3.87908136653506,0.000104851681283649,0.000363170331011184
"CDC5L",4298.16720386703,-0.698230646598032,0.176481438683381,-3.95639706819651,7.60886509243625e-05,0.000273317834840157
"ZNF788P",1091.9681955382,-1.27740408816351,0.223181831928392,-5.72360248648452,1.04288606599246e-08,8.12983346167471e-08
"KIAA0930",1336.21139004317,1.18650594140874,0.202210364890299,5.86768112530944,4.41932127613122e-09,3.631956803986e-08
"RHOG",1325.47873650241,-0.900258351198126,0.202093142700301,-4.45467045130367,8.40221537895804e-06,3.68861000551732e-05
"SLC43A2",145.228586875878,-1.79958592066364,0.471809714498469,-3.81421972749456,0.000136613879758061,0.000460891473303102
"STT3A",3189.27104699224,0.733482789891942,0.179357145741283,4.08950971460022,4.32285964000677e-05,0.000163899760107796
"AFF1",6497.99098911579,1.05171469455735,0.184054198494503,5.71415758597194,1.10248798480484e-08,8.54714480051006e-08
"KMT2D",15905.2888238394,-0.864854846704894,0.231114777546806,-3.74210102826393,0.000182488117605903,0.000601071508881426
"SCARB2",11465.9085143194,0.772456434484017,0.203914740448834,3.78813435842732,0.000151782765155769,0.000507772175677006
"GORAB",2459.22888613413,-1.7230322701847,0.190748032261599,-9.03302775790456,1.66986300106743e-19,6.8285262791055e-18
"GNS",14834.1586811391,1.01848746926046,0.167277425825052,6.08861275953428,1.138932246851e-09,1.04098231193233e-08
"CTF1",83.6107090108262,2.00438903885438,0.519702529836271,3.85680061916544,0.000114880791410161,0.000394325063283557
"TGIF2",1843.83731520109,-1.86880636955191,0.202594681908782,-9.22436044196529,2.85258112601495e-20,1.27696226315321e-18
"LAMP2",32595.5878318385,2.39051757700627,0.214706184531694,11.1339018120057,8.57959389060385e-29,9.83879178486537e-27
"PRMT2",3740.17371071123,1.39867686285841,0.213061404692405,6.56466554736964,5.21497782524352e-11,5.95464811002202e-10
"MCMBP",2895.64315065275,-0.635744316325007,0.191207550081702,-3.32489128203022,0.000884530193319799,0.00247183207014741
"FBLN1",2998.77469509478,1.2715932459311,0.210956107992523,6.02776216356895,1.66245448649165e-09,1.47832107760408e-08
"ZNF24",12048.0156134451,-0.94940807728367,0.169764973347635,-5.59248506074056,2.23842419537516e-08,1.63093077317778e-07
"SYNE1",9554.87840101544,-0.649195376584846,0.191629737798768,-3.38775904012649,0.000704661411354553,0.00200909253543742
"SLC9A9",630.943663073692,2.66852552921243,0.267913928021257,9.96038372816774,2.27184137604527e-23,1.40568698335618e-21
"FBN1",12250.366891263,0.962425153834997,0.195781033027672,4.91582427036723,8.84096770484554e-07,4.77525394588046e-06
"GAN",1304.5168020395,-0.747592929663101,0.202531809608566,-3.69123710052252,0.000223165985274376,0.000721185565756788
"DDX27",2695.20058044205,-0.789361849097788,0.193672738230599,-4.07575096169665,4.58660857528957e-05,0.000173066858693398
"ARHGAP9",134.769652004075,-2.4015427360032,0.474130462547005,-5.06515173714473,4.08075172929691e-07,2.36403548709955e-06
"ZFPM1",317.351007987368,-1.19925673001559,0.30760759574852,-3.89865772689185,9.67273859836891e-05,0.000338402678376329
"ALYREF",269.342363332819,-1.31185399157017,0.322112953418466,-4.07265208569835,4.64808297299287e-05,0.000175106932020497
"ZMYM2",4740.45892144181,0.718406161648956,0.212749030712287,3.37677760149469,0.000733403235093679,0.00208049914362388
"CSRNP1",8971.71094632494,-4.12281786720911,0.217944682569563,-18.9168086993506,8.29260608992693e-80,4.90010093853782e-76
"KREMEN1",1341.5381120459,1.01257487456256,0.216580069122633,4.67529112288356,2.93536911154557e-06,1.41650437567356e-05
"CD248",115.79475573664,2.66044575073327,0.512278877898169,5.19335437301031,2.06538509976119e-07,1.25237152944986e-06
"YAF2",3140.5319472636,-1.59338091912341,0.203633003205573,-7.82476756734198,5.08595710341237e-15,1.09482406280742e-13
"ZKSCAN2",2736.45469511384,-0.909672050700031,0.211617635193921,-4.29865899345501,1.7183461367029e-05,7.07822051012717e-05
"MBD5",3363.76223979053,1.08669684439425,0.193824653408299,5.60659764011074,2.06342591227183e-08,1.51613786851311e-07
"KCTD11",1252.37001507737,-0.707962928768448,0.20879489077556,-3.39071002235136,0.000697118181521607,0.00199046694110228
"SEMA3A",21736.8781946832,0.626594943227746,0.175604031797615,3.56822640581454,0.00035940588230539,0.00110495804294618
"SH3BP4",3304.74132819656,-1.00091031290517,0.179074262337935,-5.58935884943828,2.27909536115437e-08,1.65851902574645e-07
"CARS",4240.49542998685,-1.62907258506777,0.193681614835603,-8.41108530848698,4.06234122928459e-17,1.22784523395615e-15
"NSUN5",752.351513135469,-1.34539100966693,0.256835639864899,-5.2383345643721,1.62032130124635e-07,1.0057225387673e-06
"SPAG1",1125.84204524942,-1.4483095508612,0.210048261950556,-6.89512751694241,5.38165067938497e-12,7.36115135751985e-11
"TMTC3",8803.66024165865,0.802796435930797,0.198689133844598,4.04046472193437,5.33453893754435e-05,0.000198393398869035
"SLC25A23",4713.35501843666,1.99842526759021,0.178074470479583,11.2224130848635,3.16514007753218e-29,3.81690055472197e-27
"WDR74",688.147064836168,-1.24363716123852,0.25544140431519,-4.86858097485243,1.12402463517244e-06,5.9541564941586e-06
"CREG1",800.990201127515,2.06485628164863,0.355209703643733,5.81306270765515,6.13400699999047e-09,4.95839225211268e-08
"AMOT",1600.82451678097,1.05499300907665,0.24472432381087,4.31094462801328,1.6255861186523e-05,6.73367569233539e-05
"ZNF136",774.601950787624,-0.931784016461993,0.253949902696373,-3.66916469180951,0.000243344281429487,0.000780418648014566
"AP1G2",223.360662956657,1.30058601632347,0.369262719630221,3.5221156839929,0.000428117279480532,0.00129200459880003
"CSRNP2",3291.89987155373,-0.854142799005851,0.181250540700354,-4.71249793631199,2.44698559804689e-06,1.2059414427739e-05
"MAN1A2",3596.33349173858,0.844115776220632,0.191329138118211,4.41185166317481,1.02490323476191e-05,4.41571506686705e-05
"MANEAL",862.508400126916,0.664531518774043,0.223289850128344,2.9760937113446,0.00291945636163811,0.00724987083039276
"SCYL2",9816.29671356367,-0.751962678113567,0.193078145759523,-3.8946027534889,9.83597906088751e-05,0.00034336413828524
"CPNE3",19253.0518575593,0.64192169717793,0.181694513384958,3.53297237885156,0.000410915400737671,0.00124613759453882
"RBM22",4794.9824499272,-1.09183818128057,0.178885659846073,-6.10355342189009,1.03735873505039e-09,9.54790150375815e-09
"LSG1",3832.47822412993,-1.30867641421142,0.185750498983474,-7.04534534966635,1.85002082955043e-12,2.73636372510977e-11
"CCDC91",1062.9676392171,-0.93609770929928,0.248146645831985,-3.77235689066332,0.000161712721760578,0.000538495617291213
"HLF",658.396462502254,-4.36405688164424,0.336311002022174,-12.9762536919815,1.66843832266796e-38,5.05579592238203e-36
"ZNF589",351.64100939953,1.4210837081536,0.308679111264116,4.60375728805851,4.14936013827986e-06,1.94065509404214e-05
"PCDHGB2",4109.14903358964,1.9600921019646,0.216975810699743,9.0336894958168,1.65979202994014e-19,6.81091048952522e-18
"SH3D21",533.532424888582,0.974774784174787,0.262440551280394,3.71426892459667,0.000203791988092667,0.000664023632555593
"BAG1",311.943888424616,-1.49903194366128,0.336696076108606,-4.45218121038556,8.50023827299785e-06,3.72610593139053e-05
"SH3YL1",2068.98679285668,1.48916511901135,0.268774494778347,5.54057452601458,3.01480900306963e-08,2.14374324899379e-07
"GTDC1",496.144710398947,1.06932903201689,0.256565984042666,4.16785193098345,3.07483556486854e-05,0.000120645440589696
"ACSS3",1172.37823838256,1.16391949463022,0.223932302529522,5.19764000763926,2.01834514655883e-07,1.22952592484702e-06
"HIST1H4E",614.833779291383,-2.61044713460637,0.292739582495761,-8.91730155638987,4.77787364792215e-19,1.82678036196659e-17
"MAK16",2024.03569465348,-0.871278457471763,0.195838829467858,-4.44895662335829,8.62884387859078e-06,3.77511707894098e-05
"NIPSNAP3B",503.30277536919,2.46564821354505,0.310142696571266,7.95004441762982,1.8644465483378e-15,4.32039790357964e-14
"MEIS2",350.646408245916,1.49078830222758,0.283299639596912,5.26223155224877,1.42317371154779e-07,8.92258192205402e-07
"PCDHGA5",351.644054971136,1.52070535170834,0.364474396594492,4.17232421787985,3.01508190842202e-05,0.000118655471174597
"INPP5K",741.868926858618,0.829260936105783,0.22991722523066,3.60678037617166,0.000310019845800342,0.000970546897395615
"TEAD1",26596.3388545965,0.776990511376958,0.190559475011497,4.07741735922646,4.55387076004024e-05,0.000171941356684203
"JMJD6",1874.99195877146,-1.28701734970725,0.218791350070124,-5.88239594158885,4.04369569466147e-09,3.33717847203276e-08
"HIST1H2BC",3378.42036737928,-1.15284643181749,0.185425597878261,-6.21729925646174,5.05784596401029e-10,4.88745900267159e-09
"AFF4",39684.760377141,-0.825147394708593,0.178148361607839,-4.63179895263366,3.62502082418885e-06,1.71567743735725e-05
"MRPL1",896.205105870285,-1.0530927010994,0.240479381599063,-4.37913925966075,1.19148977535126e-05,5.06511732557597e-05
"CMBL",1503.47339739143,2.27289636378916,0.229383006798771,9.9087390801494,3.81429453676213e-23,2.27663297148762e-21
"FOXN3",2836.7323469705,1.42415135444192,0.212520034073116,6.70125694574257,2.06634329383579e-11,2.53583022290254e-10
"PCSK1N",469.250560730909,1.36170117012846,0.279245438246316,4.87635958775211,1.08061544178791e-06,5.75516597163116e-06
"TBXA2R",203.274844693512,1.51783325426848,0.363542350657909,4.17512086699564,2.97827883020544e-05,0.000117363451868516
"TPM3",340.231170806307,0.954276521176552,0.309535116876432,3.08293459820103,0.00204970196481704,0.00528663854653161
"IPO5",6356.10965335796,-0.661864612497883,0.191072349393262,-3.46394763344666,0.000532310124909729,0.0015672249766276
"ZFP64",1462.56015224389,1.0028694291718,0.201689168123863,4.97235145794202,6.61456492997357e-07,3.68158106644827e-06
"FBXO28",3616.57637733572,-1.25148431235822,0.177533831630886,-7.04927224778321,1.7985595222974e-12,2.66692301562242e-11
"ATAD5",1853.30911634309,-0.785918383573682,0.223561536688309,-3.51544543491583,0.000439016964762656,0.00131950724556589
"SEZ6L2",2807.35461404192,1.39059608127629,0.234785575184413,5.92283439978816,3.16439461858902e-09,2.67311047909114e-08
"KLHL7",1930.55210215181,1.2506081752361,0.217258749317618,5.7563075326729,8.59737009398471e-09,6.75107772562866e-08
"GPM6B",1874.32274946983,1.0378892518537,0.261776472391002,3.9647919554186,7.3459987629629e-05,0.000264841407506698
"ZNF644",6579.12001158011,-0.586361253691595,0.174282276630849,-3.36443420998899,0.000767007682880771,0.00216646672951361
"TAF3",633.840657750589,-1.10336131847855,0.246580610557451,-4.47464752392392,7.65374672977289e-06,3.38644623184036e-05
"PRDX2",2478.29580657881,1.00285684551113,0.198775119335227,5.04518296286294,4.53087592017137e-07,2.5980539361759e-06
"ADAM12",6483.40872897082,1.17318364440539,0.198316518472941,5.91571319141256,3.30440585751924e-09,2.78269092064474e-08
"STK35",4519.45593064076,-0.733786689042575,0.17882577882146,-4.10336078991828,4.07191502963752e-05,0.000155241816256201
"ORAI3",1485.85617988434,1.64647136497637,0.209535503779704,7.85772022056651,3.91187854118136e-15,8.64123001863203e-14
"NOL10",2624.66797330871,-0.88295863957739,0.190463474327576,-4.63584234559744,3.55486839537291e-06,1.6851758803256e-05
"PCDHGA8",300.014692077792,1.64803890569419,0.368980978022725,4.46646034309304,7.95243952722009e-06,3.50940740600026e-05
"CCDC171",270.277966437679,1.14661648422528,0.328011517278096,3.49565921873759,0.000472892227927328,0.00140984872594479
"RNF19B",1001.29062454582,-1.14767105533124,0.23641147458898,-4.85454886369858,1.20661115932467e-06,6.33484259480187e-06
"DEK",5581.98965337614,-0.569337970865845,0.180200750578978,-3.1594650357259,0.00158059064410516,0.00419008977838377
"SLC26A10",1074.70551516014,0.783775302685594,0.219187454389147,3.57582191403197,0.000349129267132101,0.00107784996838223
"ELOVL6",4159.30100014402,1.43744599182417,0.18602551018903,7.72714446724811,1.09985805018312e-14,2.25661847865697e-13
"EIF2B2",2556.44547469473,-1.50341163022811,0.219830595666023,-6.83895535866248,7.97727369668348e-12,1.05218103289515e-10
"CHAF1B",948.856211230272,-0.734909912438105,0.216800073666416,-3.38980471735859,0.000699424282901243,0.0019965691244751
"PCDHB12",788.204728695304,1.17731802276583,0.275064007817569,4.28016021473325,1.86758819190756e-05,7.62652289286925e-05
"ZFAND3",6068.64142172165,-1.01459272336275,0.185457057082888,-5.4707690250325,4.4808696195463e-08,3.10950776064581e-07
"INTS12",1433.47565441612,-1.44780564701431,0.230086175352702,-6.29244953459265,3.12494938293554e-10,3.12971625487561e-09
"SLC20A2",2530.04697674924,-0.633234864671004,0.192148782380628,-3.29554450892448,0.000982311414425167,0.00272127433091341
"CCT5",3775.59195289039,-1.29657669096684,0.193769872888533,-6.69132240032329,2.21162800960819e-11,2.70289760264215e-10
"PTP4A1",37524.3427200461,-1.51857878873334,0.201185377403886,-7.54815687068919,4.41461006004149e-14,8.34749787033126e-13
"TMEM185A",668.236442283214,0.863296368914387,0.236923122508082,3.64378267420875,0.000268660291403384,0.000852356328538308
"ZNF622",896.299985223804,-1.80348517215301,0.255057027470973,-7.07090955319101,1.53921443658278e-12,2.31430486151848e-11
"NAALAD2",447.558351378675,-1.01334208898818,0.326420013170143,-3.10441164175798,0.00190657865308106,0.0049618908879348
"ZFYVE9",2204.89023898456,0.80895139537673,0.185118595782702,4.3699088789886,1.24298393362357e-05,5.26319746598471e-05
"CRY1",2429.07879194266,-2.75081151447159,0.190202412615592,-14.4625479595315,2.08918450281155e-47,1.80866956541423e-44
"PKM",59381.2638843524,0.527031396726315,0.162782493012411,3.23764175725047,0.0012052204645685,0.00327808871122451
"CCT8",9018.84984841286,-0.959977781434708,0.179779276368784,-5.3397577341756,9.30708695358454e-08,6.06345940559328e-07
"PGM2L1",5693.45674130146,1.36399487881646,0.281403516984648,4.84711382939423,1.25270558005331e-06,6.55355225545377e-06
"SRCAP",14300.6812283919,-1.06641877052957,0.17231129635692,-6.18890805812652,6.05824040648961e-10,5.76459622575637e-09
"P3H2",1765.79179030262,1.01880193510676,0.195622871302728,5.20798988544725,1.90897328165788e-07,1.16771460883193e-06
"RNF169",7549.90485484116,-0.625220804204825,0.184955743946824,-3.38038057571534,0.000723855242742281,0.00205614579970407
"C3orf62",888.015964185721,-1.09880692240007,0.22993157762575,-4.77884305299099,1.76306745704074e-06,8.90044049863627e-06
"WDR53",422.21392436446,-1.0555805137189,0.281112949041724,-3.75500494487084,0.000173338056043247,0.000573471670676417
"TEX30",333.368050637515,-1.54059047286312,0.295361621742702,-5.21594668858222,1.82880772868567e-07,1.12332898844112e-06
"LBH",265.890491246952,-1.40439180981563,0.318072726145153,-4.41531666935422,1.00862229348884e-05,4.35668796215318e-05
"P3H1",2283.27151097217,0.87864877139522,0.186704424328602,4.70609507275943,2.52506793850531e-06,1.23930795021731e-05
"GXYLT1",1393.09324960555,1.02375942508606,0.223387057860535,4.58289497561319,4.58582395532484e-06,2.13115483696535e-05
"PDIA4",13001.2336468449,1.30810099985666,0.170852351977912,7.65632421627868,1.9133033721345e-14,3.81949649525094e-13
"HIST1H2BL",264.211753603299,-1.59474047078984,0.365452225991955,-4.36374540190911,1.27854367561078e-05,5.40022486003154e-05
"CRELD1",1442.92574624851,1.04426387820328,0.210167014472046,4.96873346574648,6.73916264594546e-07,3.74347354234527e-06
"OAS2",2848.61764784079,1.46134396976368,0.25362233536187,5.76188988906922,8.31772584639981e-09,6.55763069064396e-08
"TRANK1",4663.90619644925,1.16686819205777,0.21175666019204,5.51042026729901,3.57977940746826e-08,2.51970417137939e-07
"MKI67",9845.97241030445,-1.53420161843752,0.222776910322705,-6.88671737216904,5.70944927253939e-12,7.76458820516347e-11
"TRIB3",9282.29006008023,-3.1079447236383,0.218208785095972,-14.2429862403174,4.95630096765881e-46,3.90490432238612e-43
"GOSR2",4007.28032219325,-0.720486887525701,0.186670939715363,-3.85966283034896,0.000113543579058528,0.000389961644089997
"MEX3C",6486.46789962548,-0.607077838176185,0.174083821654641,-3.48727315614973,0.00048797268632091,0.00144968858897449
"FICD",579.467232886713,-2.3627690564224,0.299701499678473,-7.88374118567055,3.17722020792705e-15,7.13847688541481e-14
"TBL2",2756.2977383929,-0.78084974593727,0.207210003292307,-3.76839792254499,0.000164298646244408,0.000546183235250749
"PPP2R3A",6636.99550280825,0.98450984336292,0.198811540664942,4.95197532331446,7.34639219511503e-07,4.02710844944986e-06
"TMED5",7617.52706232669,0.744892111302237,0.191320177845602,3.8934320451206,9.88358979187288e-05,0.000344860537822125
"HIST1H2AH",332.887786294382,-3.3190988393297,0.344655986376358,-9.63017899159689,5.96255260166489e-22,3.23235993791173e-20
"CTSF",586.517360000485,2.20956119748519,0.253162856268446,8.72782536132486,2.59616126014455e-18,8.89316920938792e-17
"FOSB",536.119108491477,-4.17074266801104,0.409424581274084,-10.1868399181899,2.27024037681566e-24,1.58755625876968e-22
"RANBP9",2879.0850193819,0.713736916986161,0.183534562863093,3.88884200257459,0.000100723659850119,0.000350722513879997
"MRPS18A",1768.40172366645,-1.0771583572999,0.238799862064792,-4.51071599449937,6.46091757186847e-06,2.91316231406942e-05
"ZBTB46",1053.53081050286,-1.38018623211425,0.265620601787998,-5.19608126336462,2.0353331470906e-07,1.23776490212658e-06
"B3GNT7",2430.532386854,1.84192127868243,0.23778012838182,7.74632132305328,9.45929610742234e-15,1.96813312319573e-13
"DOT1L",2183.33375444737,-1.47991969692657,0.272700564376182,-5.42690368210997,5.73400504084866e-08,3.88112666510593e-07
"ZMYND8",5580.54456829194,0.865852787414229,0.205225043147309,4.21904059141907,2.45344103574759e-05,9.80546708165878e-05
"SAFB2",577.725206944073,-0.931141897199185,0.272018191286179,-3.42308686340601,0.000619142887889906,0.00179207216485009
"CCDC59",1758.84798231044,-1.22572284768232,0.236208408181638,-5.1891584093813,2.1124663527992e-07,1.27895119658714e-06
"ZNF598",3779.08110817724,-1.31004531899128,0.192748110159655,-6.79667010953392,1.07064872256845e-11,1.37981751399279e-10
"CTGF",1984.31760020611,1.58717435191886,0.191025939459314,8.30868496923117,9.67684466259818e-17,2.78250487159575e-15
"ARIH2",5699.2471003939,-0.859014177374351,0.177278358965437,-4.84556706406466,1.26250555128743e-06,6.60189849783841e-06
"GAL3ST4",463.166614104958,2.38412136091894,0.325431597317745,7.32602912737797,2.37072287417172e-13,4.01968478148657e-12
"RAB3IL1",309.989502318521,-1.24710322271711,0.328169540760036,-3.80017968708747,0.000144591205476713,0.000486277423541205
"TTC3",34519.1550598173,1.80944043527443,0.197980557927464,9.13948548390985,6.2750159135549e-20,2.69665956605061e-18
"ZNF670",468.726124500894,-2.16642945881848,0.286245216655642,-7.56843899133074,3.77735644208663e-14,7.21176065146685e-13
"UBTD2",2390.43857373219,1.50970471622191,0.22052407296358,6.8459860002279,7.595090680738e-12,1.00626436844127e-10
"CTSD",6233.19308254815,1.1776211420503,0.194117732112765,6.06653049792593,1.30702916544669e-09,1.18273129228553e-08
"NSA2",2346.69480697663,-0.73676533013807,0.210731646166971,-3.49622538208761,0.000471889940160204,0.00140757075033147
"SOCS4",3364.97334710844,-0.70894049096293,0.200127417944126,-3.54244559913755,0.000396435182769035,0.0012053179804385
"IGSF3",1157.88132381008,1.81823815712764,0.238970179295394,7.60864038554407,2.76994278171993e-14,5.42872036390814e-13
"TNFRSF1B",5383.67680246541,1.08048225669748,0.198933293921277,5.43137971226198,5.59200037645518e-08,3.7980609453418e-07
"GBF1",6549.01744685359,-0.59931084508859,0.182520518034195,-3.28352588269725,0.00102517230481763,0.00283017134550935
"CWF19L1",771.504803371713,-0.826490160970504,0.240910174035841,-3.43069845131382,0.000602029432319662,0.00174767473130773
"PLCL2",2225.67886304762,0.733809716379117,0.222360761344929,3.30008636389233,0.000966550791646052,0.0026801260571734
"EAF1",4522.09944992216,-1.21737347817519,0.181136691987511,-6.72074478570654,1.80798024052304e-11,2.24912741921066e-10
"STAC2",85.843482874531,2.68532114355253,0.669247979203845,4.01244565093354,6.00929170787967e-05,0.000221239281631533
"TIPARP",24258.0139124582,-0.931157827238903,0.164946221074271,-5.6452207342151,1.64969451900607e-08,1.23159127135905e-07
"ZKSCAN5",4436.95613623969,-0.989805100414414,0.191983990635366,-5.15566478818719,2.52732666920711e-07,1.51306720246655e-06
"IGIP",396.251450948209,1.10080909809657,0.286631321896244,3.8405052553714,0.000122781343646722,0.000419251638028593
"NFIX",22774.4004410308,0.975833210629862,0.175161629847437,5.5710443633106,2.53216834387799e-08,1.82623047042671e-07
"MTA2",2596.34792591823,-1.02265190731953,0.191841826141399,-5.33070356912558,9.78329985530356e-08,6.33528973643712e-07
"TENM2",919.361376758575,1.29122362026275,0.254884935704468,5.0659079427114,4.06458320221158e-07,2.35582365295421e-06
"CPQ",1133.45246479663,1.97340366998979,0.227706505388805,8.66643518427476,4.4586035118348e-18,1.50119020805879e-16
"PTPRG",8891.17628876437,1.54257632600545,0.222844854609793,6.92219853452098,4.44687415947178e-12,6.19000692775471e-11
"BRD2",921.695553083196,-1.77453983203685,0.248513405296323,-7.14062016059425,9.29107699372033e-13,1.44286396730338e-11
"SLC16A2",6789.37875730383,1.01102406048544,0.174919623221493,5.77993504596809,7.47294714195266e-09,5.94315540535643e-08
"ARID2",5885.41971881389,0.775013489839183,0.179340748860082,4.32145786590771,1.55001653167187e-05,6.44549450080863e-05
"BCL2L11",1350.81511522654,1.21301024335552,0.214315595337931,5.65992522122743,1.51438968331354e-08,1.14358193465811e-07
"CLEC11A",74.6629641653947,1.61079343035243,0.549775548354718,2.92991100672439,0.00339059092072754,0.0082686759185221
"B3GNT2",947.505110898849,-1.04015113118858,0.237456005141761,-4.38039514127096,1.18464289759533e-05,5.0378228728973e-05
"TTF1",604.360712504236,-0.805020287973301,0.256442233185613,-3.1391876368142,0.00169416928102126,0.004461485577556
"KCNAB2",186.124991577206,1.69130168215328,0.375335943546824,4.50610103090829,6.60296580574333e-06,2.96706653582793e-05
"NDRG4",1312.82477638006,1.55612129520134,0.234644417535841,6.6318274755616,3.31555981418084e-11,3.95391381271333e-10
"PERP",5177.53360857353,0.950682476894389,0.193066981318723,4.92410701405727,8.47464525782212e-07,4.58997972763253e-06
"GOT1",3468.32790437627,-2.27303299732348,0.213652663104493,-10.6389172233804,1.96398322965227e-26,1.78541183138697e-24
"SHC4",66.5298305304633,1.88432327124942,0.615417587003904,3.06186126467891,0.00219965377596543,0.00563160925571047
"EIF4E",3357.10278240626,-0.785370902254592,0.185249299336893,-4.23953507552179,2.23983195518015e-05,9.01578135092609e-05
"HGS",3975.84662960122,-0.702679412723774,0.213346409962714,-3.29360785984906,0.000989103843005981,0.00273752440670836
"SNED1",26854.5593315674,2.28656106173432,0.220791401230612,10.3562052189979,3.92215347209104e-25,3.13189254953865e-23
"PSMG3",740.107456061266,-1.28951982273121,0.236118466054105,-5.4613255976164,4.72592373714278e-08,3.25471834064997e-07
"NUP93",1835.71957860234,-0.857836478695351,0.208785758568758,-4.1086924921311,3.97905474383004e-05,0.000152084311004474
"SLC27A1",1763.79877678042,1.66475219783877,0.205406711541642,8.10466311126977,5.28918678486298e-16,1.34714675481704e-14
"DZIP1L",390.699689476589,0.942674996866569,0.305155027671182,3.08916750957924,0.00200718234085279,0.00518942920678151
"PSME3",6836.09044295809,-0.831420089598503,0.179778493838169,-4.62469159601995,3.75156170398231e-06,1.76707677232615e-05
"MTF2",1570.7069295838,-0.724197809717809,0.201260237965973,-3.59831538030999,0.000320285087627283,0.00099818807109157
"TAOK3",2279.07118424336,0.666593036160022,0.192795260726823,3.45751775042093,0.000545176325951858,0.00159912976423407
"SF3A1",7348.58298289226,-0.971705793228949,0.174199935299127,-5.57810651054714,2.43150765087756e-08,1.75860204516958e-07
"PIGX",1393.9111258533,0.918996182896465,0.211625432362089,4.34256021423772,1.40831869258856e-05,5.91243705471105e-05
"ID4",255.999299083978,1.78207275950136,0.32961240236729,5.40657070760214,6.42428727723749e-08,4.31621529519003e-07
"PRRT2",1368.35613944478,2.66410485826352,0.861891030606417,3.09099963180854,0.00199483881296426,0.00516086328932315
"SLC7A5",15045.0254201532,-0.647465674560327,0.166830843846632,-3.88097104607072,0.00010404022795528,0.00036078269189422
"GDE1",2778.77902279217,1.21872267184949,0.189369483459427,6.43568673043675,1.22916313652035e-10,1.31221770075858e-09
"BARD1",2470.04122819108,-0.673783446771639,0.189449819574757,-3.55652725499569,0.000375789509818906,0.00115203123918024
"AGRN",5166.77226184294,0.788552928151969,0.219947279375822,3.58519064382049,0.000336832061244889,0.00104397621290115
"TPCN1",8487.6318357174,1.04290407573178,0.234151738770056,4.45396682172813,8.42981326297635e-06,3.69797821610447e-05
"ALKBH7",330.336559111419,1.50217106499114,0.294389924505597,5.10265786953786,3.34916154693985e-07,1.96819448840056e-06
"C21orf91",8481.55329173009,-1.08982335717737,0.205141502769491,-5.3125444752248,1.08105030888429e-07,6.93585914787974e-07
"DOK1",142.585543963409,1.16043459095867,0.39774319564419,2.91754731109658,0.00352796123601478,0.00857360598133307
"SYCE2",101.723895456072,-1.4636428033911,0.4755051627985,-3.07807973056927,0.00208339165649996,0.00536533506134593
"ZNF888",350.785240008139,-0.842558871004876,0.283298581649549,-2.97410197431611,0.00293847403594617,0.00729250024292563
"DPF2",7357.6184697269,-0.776762572421262,0.180045000678069,-4.31426904105024,1.60131841278281e-05,6.64479670023427e-05
"MAVS",12938.3151457245,1.13733160634938,0.183411251463771,6.20099147283794,5.61085542177883e-10,5.36915703437913e-09
"ZNF649",958.240965895647,-1.52079964445543,0.241565341423899,-6.29560364699308,3.06205874285582e-10,3.07454632311556e-09
"ITPR3",5251.22680330702,-0.73559040805458,0.206399522905128,-3.56391525378039,0.000365363958126838,0.0011223995989454
"ALDH6A1",2345.02676295108,1.59936456886106,0.198669214779107,8.05038954142614,8.25309314690361e-16,2.06205189873376e-14
"SSR2",4037.95615814539,0.595920731364833,0.186573066788705,3.19403406730575,0.00140299559738098,0.00375977368930803
"TCEAL7",944.621937227921,-2.21565320864377,0.277699237675644,-7.9786074574381,1.47993414671971e-15,3.51908687040916e-14
"DTNB",630.791700903197,0.756896503246751,0.247813969013437,3.05429313068994,0.00225591538039901,0.00576192089162643
"MYC",4306.89010471883,-2.58606302067029,0.29138091560699,-8.87519697466506,6.98097529716996e-19,2.61079639436565e-17
"R3HDM2",4170.19252780196,0.886047895560328,0.185962229064721,4.76466592176604,1.89166802841038e-06,9.50094889917294e-06
"KCTD12",3856.15287451783,0.738925890531564,0.214653288257563,3.44241589089902,0.000576543121793618,0.00168112178962669
"GNA12",8837.73764839377,0.538877292570306,0.172004146901945,3.13293198028246,0.00173069544664275,0.00454923460596619
"CLDN20",451.180407057004,1.02324581710171,0.302684126491409,3.38057310425477,0.00072334830078766,0.00205542924229588
"L3MBTL3",498.612746217623,1.45326661840829,0.32131656939048,4.52284991454086,6.10125045330073e-06,2.76793005209628e-05
"PAMR1",765.396726794666,1.85571572664559,0.263680860815679,7.03773387611469,1.95391406233979e-12,2.8720592523298e-11
"AAR2",3349.69462984474,-1.14727551510511,0.206509060118673,-5.55556988369333,2.76707478563159e-08,1.98550636409193e-07
"KIAA1958",986.653979065988,1.02705626347357,0.229252362056799,4.48002478255431,7.4634372983812e-06,3.31216304890233e-05
"CHURC1",1041.69940392628,0.728911758516689,0.23365408477153,3.11961915508315,0.00181085003491525,0.00473360444871233
"TCEAL8",2645.92963435396,1.07800324527376,0.239971338576752,4.49221666082,7.04856610207903e-06,3.14339449790076e-05
"SMIM10",73.8701492132169,1.97189401897094,0.639319414822781,3.08436436193252,0.00203987601525104,0.0052647422468305
"SLC48A1",1489.92378793758,1.43568905936096,0.237678187443476,6.0404746216032,1.53661552774072e-09,1.37469510271308e-08
"TMEM39A",3124.37656780739,1.02965861676232,0.190913371869179,5.39332895690447,6.91641623342751e-08,4.61537024543457e-07
"VPS37C",1114.98504920928,-1.02545488459258,0.22162039019996,-4.62707823800574,3.70860443980888e-06,1.75005292437115e-05
"TTPAL",4662.6486295331,-0.511706402601352,0.172632778983191,-2.96413233694846,0.00303537719918866,0.00750776218920293
"BST1",293.574103051653,1.72295509896994,0.305606481759811,5.63782249986466,1.72213881863866e-08,1.28243456576381e-07
"PRSS23",8464.44658608287,0.560313959382631,0.194586573765113,2.87950986823474,0.00398293832884921,0.00953613556935574
"MRPL9",2055.18060990312,-1.10944732016325,0.218658089087837,-5.07389104510824,3.8976228179095e-07,2.26238243919718e-06
"SLC7A1",8416.91828197761,-1.41904295061195,0.172767375369211,-8.21360484049376,2.14645147587396e-16,5.96865024514786e-15
"MPPE1",398.702197188327,0.880903128453098,0.275714699054613,3.19498065019236,0.00139840215876696,0.00374831406493715
"STON1",1195.9402577749,2.10750065259841,0.265005285112799,7.9526740446001,1.82528136550901e-15,4.23795190129382e-14
"DYNLT3",3504.30417818015,1.05957990914297,0.203984098808781,5.19442405231912,2.05354583118135e-07,1.24711226273901e-06
"SYT11",4976.7512624576,0.945608512784089,0.182832475774129,5.17199424653797,2.31608717676273e-07,1.39579389367577e-06
"SOD2",42210.4563370311,0.759014710976683,0.203703369874249,3.72607832381585,0.000194481994563089,0.000635264845701103
"RHPN2",1204.73978548042,-0.765618635520662,0.219253478196927,-3.49193381932581,0.00047953704670196,0.00142785810479309
"RGS3",4095.02152672369,-0.918539836265582,0.182526976370889,-5.03235113257527,4.84500807163368e-07,2.76343172734396e-06
"RPGRIP1L",2600.65589647795,0.758340680976458,0.186499466196458,4.06618150948285,4.7789720056026e-05,0.000179694213051898
"SLC45A3",114.330058631488,-2.43471712992161,0.468636781024836,-5.19531805548267,2.04370129533138e-07,1.24177182047436e-06
"C11orf54",959.933405331039,0.981185212556935,0.251465009373442,3.90187571225788,9.54501666521536e-05,0.000334231131702267
"OTUD4",8774.33496131193,-0.664022563264802,0.1682538133046,-3.9465528312436,7.92844335125821e-05,0.000283419066924288
"DICER1",5132.23739620494,0.621671379945765,0.178153333315347,3.48952988067506,0.000483870959107845,0.00143967446997395
"NLGN3",144.414407733161,-2.03970065208238,0.485584590544696,-4.20050531215246,2.66319919050553e-05,0.000105722835181036
"SCAND1",720.596484896461,-0.684532138418896,0.236476389103594,-2.89471663963467,0.00379500938220032,0.00913711953998243
"OPHN1",1562.99486582519,1.19966455410016,0.219230978312399,5.4721488876023,4.44611042811114e-08,3.08719935601747e-07
"CD9",5367.43799309075,1.40822389996551,0.181908769870089,7.74137443165163,9.83477962420924e-15,2.03550657791427e-13
"IGFBP7",260.648641727796,1.15306900212513,0.315345855373675,3.65652182350321,0.00025566065472746,0.000816152787025696
"UBA7",2607.00144443156,1.30026927381811,0.190682827019754,6.81901613344239,9.16661077145096e-12,1.19835183735628e-10
"CDC6",768.386875415605,-2.7690258069125,0.242042783455309,-11.4402328686812,2.63178186026597e-30,3.57498827869232e-28
"MDH1B",116.668604944356,2.05739443862515,0.455726510796583,4.514537534867,6.34550833321039e-06,2.86554136346505e-05
"CCNE2",368.753800697244,-0.886014778083688,0.286309918140838,-3.0946003681502,0.00197078241479045,0.0051109735742799
"IGHMBP2",878.536647791883,-1.30096889048041,0.265165032641252,-4.90626112169368,9.28289228810496e-07,4.99742436147259e-06
"KDELR1",6784.68982513138,0.858857235236488,0.17073105425005,5.03046876275138,4.89282101502387e-07,2.78801151183954e-06
"DCLRE1B",700.572234233196,-0.733757148516065,0.233524603724775,-3.14209782101097,0.00167741983715249,0.00442099635046123
"MYH10",5192.01856996307,0.74497455755068,0.174488397208816,4.26947905687473,1.95930044640361e-05,7.96800160894628e-05
"COL7A1",1009.69086538804,-1.0787981551813,0.301415756638624,-3.57910338600748,0.000344775063161462,0.00106607841351181
"PTPRS",8105.07081886381,0.962651499692281,0.18045994058169,5.33443320766533,9.58434582244885e-08,6.22008780503572e-07
"BRIP1",930.620952392666,-1.48567125585346,0.225552917219135,-6.58679689968302,4.49416374129067e-11,5.20196151758797e-10
"COBL",212.757717556395,-2.00837882973538,0.360186730422598,-5.57593786805804,2.46199794571807e-08,1.77847748915013e-07
"BTN3A2",729.523111149749,1.71862351429587,0.266991859352389,6.43698844775467,1.21867204933098e-10,1.30219405777518e-09
"GFM1",2536.31461997996,-0.637617887613764,0.184390963344795,-3.45796711534868,0.000544267814069596,0.00159686122807212
"DKK3",19729.5349213328,1.58760158091371,0.17367413084787,9.14126688392276,6.17249338047168e-20,2.66228199892023e-18
"TMUB2",1085.64607903774,0.951039576637449,0.209873326277435,4.53149332269245,5.85681887530611e-06,2.66522470036071e-05
"ZFP62",641.514029678263,0.792973323852015,0.234404964785827,3.38292034290548,0.000717194311932618,0.00204039537275389
"PIEZO1",25619.5284934089,-0.944403905594158,0.177855025180682,-5.30996470093967,1.09646469293148e-07,7.01571182515659e-07
"TOGARAM1",3350.25707417936,-1.20148083899701,0.184601968247738,-6.50849419646822,7.59078415471737e-11,8.43119240041822e-10
"SAMD4B",6073.03977113952,0.98151645744544,0.171485251243053,5.72362025498213,1.04277694547654e-08,8.12983346167471e-08
"DCAF13",1537.30534772797,-0.671160641545355,0.220103040444769,-3.04930200050449,0.00229373775086985,0.00585093734940208
"SAT1",3405.81433794597,0.890338146289925,0.190566832944213,4.6720519648378,2.98205485790988e-06,1.43668668205377e-05
"CHKA",1748.08075316565,-0.793119908670592,0.193666188819137,-4.09529362614389,4.21633668108652e-05,0.000160220793881288
"RRAS2",989.172669854577,-1.45070722135736,0.221880926829076,-6.53822409203699,6.22536006868806e-11,7.02016271867896e-10
"RAD51AP1",514.333807318333,-1.82434955557871,0.274019250676107,-6.65774229758442,2.78065765124088e-11,3.34641671307176e-10
"PLRG1",2995.9371465834,-0.910258706037865,0.204015985532929,-4.46170285950925,8.13109221936085e-06,3.57755948802705e-05
"PLAGL1",1418.46076737645,1.33713792594256,0.209081192461407,6.39530466705835,1.60227552063365e-10,1.68317263136431e-09
"SEMA3C",12206.2665567049,1.08630100813463,0.226624842028206,4.79338892600059,1.63987269865877e-06,8.33549056032228e-06
"AP5B1",1713.30211961391,-0.892104188146131,0.228099410046594,-3.91103242206501,9.19024330472853e-05,0.000323244926712148
"SUGT1",676.058424356223,0.881863743679401,0.236147151907825,3.73438229745671,0.00018817647041104,0.000616542702333704
"CYREN",2331.51082931361,-0.768478851935772,0.212528182452695,-3.6158915164431,0.000299315714299154,0.00094002474397752
"DPYD",4755.30255090353,0.951120654328519,0.18614410392105,5.10959323606575,3.2285313828023e-07,1.90773919409788e-06
"CAPN15",2182.76014698592,-1.16636146110443,0.254804933255514,-4.5774681290602,4.70637465567343e-06,2.18117394826465e-05
"TTC39B",686.821338770652,1.04208442079914,0.238750507865435,4.36474221611491,1.27272756378338e-05,5.37950441659227e-05
"ASPHD2",157.876329888249,-1.78377724274747,0.420736052154076,-4.23965864968055,2.23859935054863e-05,9.0138899914084e-05
"SERF2",1380.8482451531,1.1681778904169,0.205239610320578,5.69177601045061,1.25724716162935e-08,9.66697915168228e-08
"TRIQK",1860.87896289368,1.84194319890695,0.208322608407373,8.84178252657556,9.42034472497346e-19,3.46821289594194e-17
"RSRC1",2594.45636979959,0.572927921341648,0.186888994499439,3.06560545673741,0.00217229756411852,0.00556760195461996
"ST3GAL5",673.165724977431,1.04495776389542,0.278288568059167,3.7549431914618,0.000173380798724559,0.000573471670676417
"PHF5A",637.700679691278,-1.02176724972647,0.248533491189583,-4.11118535709564,3.93633027133664e-05,0.000150695015052337
"DHX15",11063.974466994,-1.00971459377003,0.171575033336414,-5.88497390404258,3.98116803594838e-09,3.28787168754983e-08
"RAB38",515.882229798152,-1.24478282885618,0.269332298037923,-4.62173618954868,3.80541746960405e-06,1.79173002612672e-05
"GORASP1",3405.65844730913,-0.715007528399275,0.193828973275519,-3.68885784367708,0.000225263031757372,0.000727167033408529
"OLA1",4325.70544428997,-1.0828588838423,0.19802087171963,-5.46840782205765,4.54096112981372e-08,3.14751194323393e-07
"NOP14",1438.86329352301,-1.29157995260784,0.229139241051095,-5.63665981733717,1.73380130088491e-08,1.29030628298853e-07
"VWA1",55.4726169980556,3.01229070817242,0.64251068365012,4.68831224884778,2.75467482383877e-06,1.33804961233566e-05
"ITGBL1",498.792222049272,1.00168990060336,0.259450744304524,3.86080950851946,0.000113011986387508,0.00038836163277917
"ETNK2",781.461120927371,0.751657911484175,0.232173271736209,3.23748683844277,0.00120587501838205,0.0032791143504922
"KMT2B",5022.46152354618,-1.66047982336828,0.249867679088875,-6.64543661438368,3.02319544806301e-11,3.62722069088412e-10
"PSMB7",2130.89647193606,-0.731416401750881,0.205772915746101,-3.55448334441331,0.000378722498437779,0.00115891830309106
"MLLT11",894.787659918202,1.55356650160523,0.234496631660404,6.6251122270067,3.46984456149016e-11,4.13373216004947e-10
"THSD1",185.065786352608,-1.40667972533432,0.415236701409633,-3.38765749886502,0.000704922313523155,0.00200935164042852
"PGBD1",523.609372618649,-1.05844175934843,0.275205731743383,-3.8460018715576,0.000120060845654085,0.000411150122845545
"TAF13",430.354415364324,-1.23178530986766,0.27214542195185,-4.52620257593603,6.00530172875373e-06,2.72649465349257e-05
"SCAF8",10291.3896859337,-0.622988527283781,0.170288754221648,-3.65842436355425,0.000253770609156445,0.000810899562331994
"KIAA0232",6052.33832643086,0.858642145701486,0.183225788842224,4.68625159769875,2.78254170771822e-06,1.34922438788895e-05
"PEBP1",3219.08449513736,0.574522310786339,0.18077956426751,3.17802685892187,0.00148281013857547,0.00395393732348485
"MRPS10",1352.41625609269,-0.885285748547176,0.21295819912331,-4.15708694096612,3.22331348228219e-05,0.000125886050011933
"LAMB3",963.051641833679,-1.29879626739935,0.239024588842408,-5.43373497132408,5.51865297537477e-08,3.75471737840985e-07
"HIST1H2AB",341.733313543899,-2.39049690673686,0.302770707940311,-7.89540349857136,2.89377502403257e-15,6.52645672404902e-14
"EXOSC2",1430.3396451058,-0.788979264959166,0.201814335076354,-3.9094312337162,9.25136856687609e-05,0.000325201290075377
"ABL2",22225.1323546347,-2.81449306311579,0.206901643892404,-13.6030483381728,3.84084956658802e-42,1.97352870338857e-39
"CALR",22040.5542027335,1.0145858023393,0.214620353086615,4.72735128680847,2.27467544205463e-06,1.12760546871651e-05
"WDR6",2188.35371434758,0.94897391017954,0.203832540995423,4.65565461503446,3.22952938132109e-06,1.54395542995359e-05
"SSBP4",547.091222792635,0.853169959359251,0.253889740378967,3.36039557205334,0.000778309476845486,0.00219524138361813
"SUV39H2",1045.31024102159,-0.729423870011833,0.211128795663407,-3.4548762887594,0.000550545373958618,0.00161295223092189
"METAP2",5446.77714956397,-1.01076581539192,0.198264715753308,-5.09806201043642,3.43148419478262e-07,2.01256973766456e-06
"SLC19A1",498.817216742403,-0.753261247839286,0.259252546870232,-2.90551146722708,0.00366653413737453,0.00885807602153166
"KTN1",6307.88537540263,-0.503340570063128,0.173852881844316,-2.89520981604358,0.00378905177088728,0.00912553776815688
"RBM25",4935.51013181745,-0.517647789889904,0.175906529992065,-2.94274345536378,0.00325317882187245,0.0079763625138773
"RABEP1",3844.87520358641,-0.6662218232598,0.175973879267263,-3.78591314821198,0.000153145160460857,0.000511985716075364
"NATD1",459.86534617976,1.31919527580527,0.262557525402984,5.02440474246745,5.04996371890202e-07,2.86925342451846e-06
"MSI2",9481.2611447522,1.89047040555681,0.245246789363832,7.70844099717136,1.27363979216701e-14,2.59068417621854e-13
"BCO1",483.721016003877,1.36619575582076,0.271034611046232,5.04066897783664,4.63907298408175e-07,2.65365752787406e-06
"SPOPL",2026.08469580488,0.58071879065023,0.189744193028782,3.0605352468528,0.00220941753520505,0.00565293276273073
"CDK19",6011.42745019758,1.31510804504559,0.222914734260102,5.89960125072345,3.64381112357817e-09,3.03257463791879e-08
"SLU7",3548.30529683381,-0.768661478587734,0.185610674543361,-4.14125685647549,3.45407895047908e-05,0.000134056830991007
"ZNF777",4698.23018394652,-1.48974521768566,0.209594388997717,-7.10775333638292,1.17947108285814e-12,1.7939497113536e-11
"EMSY",4928.33979168481,-0.593288676844144,0.177434958054204,-3.34369666130224,0.000826700763221363,0.00232286010930815
"CNTROB",1985.58101340229,-0.707606625616063,0.21794527904022,-3.24671692239537,0.00116744443706176,0.00318340063617811
"GTF2H1",7030.56937750291,-1.10622521711195,0.185272674258417,-5.97079532391806,2.36099787778877e-09,2.04412255822034e-08
"MYEF2",1618.89167598854,-0.663865530300896,0.231298939546179,-2.87016244693312,0.00410260970044601,0.00978894436500524
"TMEM230",6542.58192491569,1.3874662131714,0.218064079057939,6.3626536711842,1.98297477355525e-10,2.05388219753514e-09
"ITM2B",19079.7236280456,0.989309279243825,0.188537140624483,5.24729120197208,1.54351825871295e-07,9.62093817588059e-07
"TMEM237",2748.25646519853,0.593919178148559,0.19340832782029,3.0708045762146,0.00213482827385708,0.00548465229140064
"ZNF563",424.822610724562,-1.54640706749295,0.306302273514524,-5.04863071941783,4.44987942917342e-07,2.55781493647721e-06
"H2AFV",8192.68497639393,0.876449290876901,0.201906397254185,4.34086934736157,1.41920095282062e-05,5.95178029114057e-05
"SLC4A1AP",1350.91275682641,-1.01645814343294,0.213955350846768,-4.75079561885283,2.02617844800292e-06,1.01206157643696e-05
"CNN2",1435.84420963685,0.765952729658713,0.200414300050614,3.82184669190408,0.000132456030413416,0.000448657313678921
"MSRB3",270.736911129217,1.04320032182164,0.362420331351889,2.87842659911027,0.00399664275248252,0.00956507169883322
"ATM",4063.68036934241,1.1651260263803,0.191272983272286,6.09143019807293,1.11906378253845e-09,1.02599656959188e-08
"EPHA3",3965.10837133181,3.11954542768731,0.249054426644115,12.5255570427783,5.41101050368022e-36,1.39015917679332e-33
"CCND1",8938.14640727594,-1.72270447521726,0.170499535031731,-10.1038661184423,5.31063305049317e-24,3.54582267744227e-22
"ITGB1",12932.2685222993,0.52702737248472,0.166817208849051,3.15931057785301,0.00158142864542061,0.00419137109925562
"BCL10",1874.0285553986,-1.28289926954594,0.205727739078438,-6.2359080758517,4.49164815145514e-10,4.38696676478487e-09
"RNASEL",322.042524563575,1.14511002512633,0.312469330053617,3.66471174924541,0.000247617303752816,0.000793046421612676
"IGDCC4",1063.67743803798,1.46627515981129,0.212872257406051,6.88805191281639,5.65615724458443e-12,7.70097538208512e-11
"SLIT1",2690.63495654513,2.14735391057142,0.633705185036709,3.38856926103111,0.000702582825654376,0.0020041331966168
"GOLGA2",2301.47958746779,0.804885332586445,0.220622666271928,3.64824406389135,0.000264038752786888,0.000839389967821055
"SHPRH",3104.78477903432,0.607901744789257,0.183742433912535,3.30844504366711,0.000938155953543896,0.00261057853990623
"HIVEP2",4495.00750284563,-1.80561682471926,0.21353373232423,-8.45588565827908,2.76976921238841e-17,8.56888286701734e-16
"JAZF1",3380.99876414327,0.559515195479595,0.192622825943194,2.90471906815759,0.00367582867265533,0.00887818173992248
"SLC22A1",433.721726457232,-3.59434767112842,0.42849058764068,-8.38839352555987,4.92830128986903e-17,1.47077435968869e-15
"ZSWIM6",2141.03247594889,-0.970475816656741,0.197631294413461,-4.91053716739022,9.08272379245468e-07,4.89688092058528e-06
"TM4SF4",70.2764756649799,-4.18535051744523,0.68899762003913,-6.07455003575706,1.24335863780783e-09,1.12857237954017e-08
"STK17A",7963.02065094756,-0.983471724524468,0.173295533861652,-5.67511292766269,1.38597194139347e-08,1.05333867545904e-07
"DUSP12",536.353168901333,-1.30577988775969,0.265776595364431,-4.91307327482772,8.96597487415144e-07,4.83835119007862e-06
"MPP6",4614.97941832476,0.682097357936205,0.173183365974834,3.9385847139345,8.19636553157379e-05,0.000292112930796559
"FAM222B",2194.91846457195,0.887673228794795,0.219043414982875,4.05249903935342,5.06734321570099e-05,0.0001895875749372
"ZNF235",240.174250858875,1.22282145039613,0.361893193640237,3.37895675267039,0.000727614533103646,0.00206506929688254
"GMPPA",675.811604274341,0.759889739933846,0.25855074525926,2.93903519470374,0.00329235685615102,0.00806238568710999
"PRKCSH",6626.52033934585,0.562481601851484,0.186373752630033,3.01803013522003,0.00254423603108423,0.00640830805953825
"SLC25A45",174.662211559342,1.57370332861657,0.383148708838719,4.10729122221576,4.00326353333096e-05,0.000152861287356722
"ATP6V1H",3481.48931015387,-1.30929406943376,0.220988324665344,-5.92472055442974,3.12828894869126e-09,2.64639361457647e-08
"FGD6",593.329804204286,1.47376037666578,0.268961065856717,5.47945618809709,4.26635070707601e-08,2.96935999153264e-07
"ANXA4",3031.79332329478,1.21463180190262,0.196970816475027,6.16655717653796,6.97928516880513e-10,6.58269689744126e-09
"DEXI",1551.18476047334,0.607954006014759,0.206061261311895,2.95035564736526,0.00317408327962455,0.00780835058255681
"ATP6AP2",4432.21318891214,0.900773801447684,0.187261728872616,4.81023969430737,1.50749408909116e-06,7.73916817761916e-06
"DLGAP5",590.979863440878,-0.911903516827426,0.302779888710219,-3.01177043400059,0.00259728936597592,0.00652941198194075
"NRSN2",2273.1183963766,1.65817694273772,0.195224898380569,8.49367553264285,2.00202729959097e-17,6.2925421879165e-16
"NUPR1",1241.21525980823,-1.02346410811866,0.255469610716197,-4.00620686448549,6.17016156921628e-05,0.000226597170369789
"C2CD5",2691.30288448258,0.779238842713334,0.200554268604478,3.88542636432289,0.000102150452577376,0.000354958555883397
"RBP2",88.5044242394801,1.80908383529341,0.518939621829159,3.48611622469056,0.000490088026885098,0.00145560701224632
"LMBR1",8962.23194670371,0.871268965808787,0.18228096131006,4.77981331427564,1.75458040900829e-06,8.86234508560527e-06
"SBF2",6783.60137079547,1.09383660537453,0.18494465948561,5.91439952046645,3.33088497885718e-09,2.79576695171407e-08
"USP31",2570.51403980962,-1.04975930094872,0.183913194271796,-5.70790641261626,1.14374275729017e-08,8.83447836970929e-08
"DDX28",907.863944008245,-1.24590806319772,0.259273639336982,-4.80537885140876,1.54458744375394e-06,7.91241196804683e-06
"PPIL3",1010.98479818068,0.632540706707881,0.219599453789967,2.88042932617158,0.00397133977106783,0.00951414826971004
"RIOK1",526.166206478585,-1.34362875942978,0.256592156012993,-5.23643738884108,1.63705740932284e-07,1.0145120326889e-06
"POMT1",1225.51273769171,0.75167856384877,0.211422235592818,3.55534299285551,0.000377486315068632,0.00115603349869943
"GSTM2",2935.89607785865,2.16190083818248,0.189304604294129,11.4202232230097,3.31381703319969e-30,4.4003022132982e-28
"MBTPS1",9527.67944157404,1.17767978290758,0.179568801649686,6.55837635540428,5.4396782294772e-11,6.19923985689118e-10
"PPOX",232.046090272555,1.08686206275779,0.355089285559609,3.06081345441029,0.00220736574562377,0.00564890610259456
"IDH1",5272.79467379774,0.927817859559041,0.197742117719002,4.69205989225573,2.70467917277399e-06,1.31647028269535e-05
"WDR62",1027.82242550336,-2.86200910035063,0.312476118713141,-9.15912906284529,5.23178413622413e-20,2.27313326918738e-18
"IPPK",1123.2737677379,-1.67016052159894,0.224409036746991,-7.44248335900105,9.88099096383887e-14,1.76334429326986e-12
"ASAP3",2699.52337727352,0.569285196659571,0.193493339394419,2.94214363368413,0.00325948704579257,0.0079891985283839
"YOD1",1403.33284189965,-2.02451476379567,0.230906592535035,-8.76767848665254,1.82387763339215e-18,6.37709641166523e-17
"HADHB",5085.20956368826,0.579626627642284,0.179924630718665,3.22149683079581,0.00127522872755113,0.00345024109482583
"TMED10",10586.4965926236,1.34136676384771,0.193072802854928,6.94746615791143,3.71905239401879e-12,5.26999534682423e-11
"CRTAP",14961.4793823223,1.74358587729707,0.185283158443745,9.41038512049353,4.94322338873645e-21,2.40407465053857e-19
"SLC39A6",5881.98028831149,0.903155810618114,0.186307805816736,4.84765416381166,1.24929941638448e-06,6.53862732632055e-06
"MPHOSPH8",2145.85362324138,-0.638161630445734,0.203378470061034,-3.13780328003363,0.00170219076448382,0.00448044177445324
"CSNK1D",9679.43483249224,-0.628853951798809,0.170504461940964,-3.68819645327841,0.000225849250017225,0.000728860304943629
"PIAS3",3420.12948604839,0.756361116315962,0.188775629450249,4.00666716630018,6.15815453598997e-05,0.000226226516339227
"DNTTIP2",3994.73978990602,-1.80521937358266,0.194276552044263,-9.29200850327717,1.51403832247554e-20,6.96221980350816e-19
"GPR82",189.412118580623,1.52556872089999,0.438128236587876,3.482014153621,0.000497657387492642,0.00147586323849135
"ANKS1B",1708.7872922924,0.948714684014762,0.275329120533235,3.44574770070586,0.000569481781448242,0.00166340476845164
"GLT8D2",870.431292105145,1.21896201553631,0.253033623145822,4.81739146118867,1.45447162403809e-06,7.49953998816846e-06
"TXNDC12",3447.78721771722,0.560564281131793,0.194221432018623,2.8862122748536,0.00389909077706054,0.00936003550747542
"SCD",113945.615901643,2.42429023466561,0.176277238795041,13.7527127792395,4.90550533842551e-43,3.05122432050067e-40
"FANCD2",2195.34596687753,-1.04360129191662,0.206169175289495,-5.06186868357615,4.15166953171091e-07,2.39806600810164e-06
"MRPL10",2642.07141169267,-1.00981145950679,0.209551318339363,-4.81892200683475,1.44335959165019e-06,7.44549264693232e-06
"CTPS1",761.72501874447,-1.7115045571275,0.243587521077812,-7.02624071033908,2.121723046867e-12,3.11098299849555e-11
"STYXL1",3345.34032341145,-0.790019030717081,0.211148304117785,-3.74153623453393,0.000182898800491515,0.000602088586130565
"TMEM17",190.222822863618,1.45949727719088,0.429654878579451,3.39690609825345,0.000681523493439354,0.00195349130377547
"CRNDE",769.08669777422,1.0897928144822,0.238383734879006,4.57159048638675,4.84036188206723e-06,2.23538088011999e-05
"UBR4",41389.8571242291,-0.586680776671643,0.181734654039654,-3.22822732830928,0.00124559944885266,0.00337858487182481
"ZNF83",3235.14668718943,1.07995257381222,0.199983602674208,5.40020561371508,6.65645595446756e-08,4.45447318629092e-07
"ERICH2",317.752125883442,1.06888416933087,0.300603533112206,3.55579376684136,0.000376839605795904,0.00115465140298055
"UBE2D3",18541.7655376938,-0.651520683535187,0.190516825765522,-3.41975403441292,0.000626777800006927,0.00181117263506886
"STAT2",4498.27425234299,1.26992045995824,0.174154408634571,7.29192255260627,3.05562810659552e-13,5.14407592076152e-12
"CERS6",1428.37764552056,0.832981567921558,0.217239188152778,3.834398273187,0.000125872050968487,0.000428320155008804
"PDPK1",4291.69636241753,-0.826385567587534,0.178599630587157,-4.62702842593091,3.70949617156011e-06,1.75005292437115e-05
"CENPL",697.594949282391,-2.01216259143861,0.235216460744326,-8.55451436124521,1.18365986629877e-17,3.82199243167181e-16
"LRRTM2",717.028249670778,1.03627593015747,0.289745504810388,3.57650390757786,0.000348220113795758,0.0010753240932423
"FAM217B",2084.2521380022,1.38666083420932,0.240524203201891,5.76516132576225,8.15797675881604e-09,6.44027851273801e-08
"SPRY4",5221.97602417968,-0.922184683172982,0.250466000672982,-3.68187570646373,0.000231524285295952,0.000744937109618177
"G6PD",13532.7235953438,1.26171205494045,0.170486082978524,7.40067478176144,1.35494199834707e-13,2.35827754587123e-12
"SCD5",2215.89652520363,1.07199580061191,0.212396071379118,5.04715456199959,4.48438562294033e-07,2.57389360329814e-06
"SMARCA1",5098.64165945489,0.910931275253232,0.178248242584068,5.11046427189095,3.21368084638353e-07,1.90086487700503e-06
"WRAP53",972.918015248153,-1.83126812938537,0.225159589060206,-8.13320070901226,4.18101525173818e-16,1.09316898772217e-14
"CHST3",5636.99071929042,-0.967038646460305,0.211173988452936,-4.57934546553222,4.66433254554888e-06,2.16508570397866e-05
"NUP98",11102.435998203,-0.896876301780245,0.172743766587437,-5.19194596423411,2.08107408826322e-07,1.26059116222936e-06
"NOP56",2604.9587295484,-1.51926372294159,0.214322203197911,-7.08869030027031,1.35387118387803e-12,2.04866192715372e-11
"PRDM4",7953.47137024273,-1.80099365410442,0.185102587856177,-9.72970542963869,2.25244276082154e-22,1.26758897844709e-20
"ADGRG2",128.637445514809,1.97711661106317,0.46852990671555,4.21983011697799,2.44486480832582e-05,9.77780450246852e-05
"HARBI1",77.8973537212398,-2.09565288202003,0.541065377258046,-3.87319715898319,0.000107416860747738,0.000371293495266677
"MELK",774.90993041932,-1.83162460285806,0.235122949516966,-7.7900715630734,6.69712526983257e-15,1.42350047551945e-13
"ANGPTL3",572.483642960831,1.57761814872258,0.294312613587158,5.36034840469174,8.30616032800708e-08,5.45952184407051e-07
"PPP4R2",6024.54009333373,-0.787663520369483,0.175687439381346,-4.48332290084658,7.34895963376497e-06,3.26626569958008e-05
"SGPP2",113.821641461125,-2.4451881683568,0.505903800949552,-4.83330657679844,1.34283746149229e-06,6.96648512726775e-06
"RECQL",1014.77420467123,-0.763409449010006,0.2149475528645,-3.55160800314507,0.000382884818057935,0.00117135200098594
"COPS3",3334.80363097174,-1.45152688919402,0.19492357125228,-7.4466462925378,9.57428591703382e-14,1.71958831257607e-12
"SNX3",13060.9659245718,0.699922216711042,0.240813204619501,2.90649434202314,0.00365503508937836,0.00883698950210176
"RAB14",10690.9842949925,-0.613860363098715,0.167326811454315,-3.66863121195801,0.000243852534394784,0.000781836476255442
"PCDHB6",177.229525342082,1.4671957840822,0.379724300213801,3.86384485600765,0.000111616128011561,0.000384235188127185
"LARP4B",5537.72955087543,-0.574433607548967,0.17079172489293,-3.36335737524217,0.000770006125182137,0.0021738968914005
"NOM1",2978.63334303372,-1.1784782599999,0.183189966057154,-6.43309393720954,1.25032323308824e-10,1.33360288525603e-09
"ATP6V1FNB",395.027985084974,-1.23699971339909,0.278195937501958,-4.44650531027393,8.72785105783064e-06,3.81033408945115e-05
"ZFHX4",3334.87673819123,1.16788669367907,0.193970094778518,6.0209626386614,1.73382780039818e-09,1.53485969626259e-08
"HIST1H2AM",230.61711885595,-2.00653517246135,0.348015850347957,-5.76564306038117,8.13470637031829e-09,6.42620052703353e-08
"SMC3",1881.21167691503,-0.88030108862331,0.200028402687377,-4.40088045895726,1.07812511434342e-05,4.62646427062835e-05
"IKZF2",374.385334302187,1.07006377096308,0.34708128703278,3.08303504378217,0.00204901024407216,0.00528600809090696
"MORF4L1",6734.22322520755,0.801919326666738,0.176447344865816,4.54480812548684,5.49853187054512e-06,2.51185348458068e-05
"CCT4",5343.41359400445,-1.01133903793273,0.189672874902482,-5.33201723468733,9.71277177983603e-08,6.29306671568543e-07
"IL10RB",1176.77211096833,1.53118911969608,0.20585564102933,7.43816935032604,1.02090132421517e-13,1.80884735375936e-12
"KLF15",130.354207930864,-2.39166074822079,0.479771847501069,-4.98499601566443,6.19630897675448e-07,3.4705203548476e-06
"PCDHGA4",598.68347152741,2.00935827201093,0.266968042178109,7.52658728594331,5.20836669293357e-14,9.7393160723242e-13
"CFAP69",1215.11620682937,-0.625967303111401,0.21804097396117,-2.87087005593213,0.00409343757810543,0.00977100490770551
"PRPF19",2884.37286779754,-0.55044379959954,0.187768305218644,-2.93150539415363,0.00337323508058023,0.00823314584516669
"ERN1",3022.57803226507,-0.954304945620835,0.230798016182965,-4.13480566862546,3.55255122020002e-05,0.000137292512492884
"TICAM1",1586.43999272112,-2.31349573868093,0.237949450833497,-9.72263533526613,2.4145007618153e-22,1.35234928924802e-20
"CCPG1",639.843464165092,1.02804128156329,0.252291276487945,4.07481897858015,4.60501537790169e-05,0.000173595125154839
"PCLAF",132.762613269678,-1.46183122850441,0.444776341991376,-3.28666588236105,0.00101381043310525,0.00280196718859632
"MTHFD1L",1641.40007742889,-0.959174668555021,0.195168062762149,-4.91460874786654,8.8959935553718e-07,4.8027798920687e-06
"RALGAPA1",4583.16642093506,0.530324102838829,0.175223128850361,3.02656450845437,0.0024735003604966,0.00624878735791981
"PDE4A",399.528493094724,1.17519496069391,0.278989001697892,4.21233436996375,2.52745033453058e-05,0.000100773981287053
"MAP3K10",381.183726810693,-1.54829929067799,0.362019360514324,-4.2768411293758,1.89563983775243e-05,7.73039047707323e-05
"ATP6AP1",9101.83328287541,0.894317300658977,0.178739772653322,5.00345998757403,5.63103582374383e-07,3.17649553054914e-06
"FUT8",1975.14129425019,0.754700419180369,0.204896992582969,3.68331623449654,0.000230219265503385,0.000740939890991016
"ERAP1",4790.15522394629,0.653788076641688,0.178548353586464,3.66168639200071,0.000250560464620702,0.000801820625748026
"GMDS",285.337576561749,1.23350764684055,0.323991508402852,3.80722214888052,0.000140536495279528,0.000473314420408512
"BCLAF3",1354.42571560998,1.07374178592307,0.213720316884766,5.02405106624476,5.0592775265989e-07,2.87316395047313e-06
"TSPO",918.306611879345,0.792966857333629,0.217187262950705,3.65107440722068,0.000261145562517231,0.000832089042283267
"ATG3",4386.16421928239,-0.919001786843,0.196505611715979,-4.67672031764307,2.91499393317315e-06,1.4083973140736e-05
"ARMCX4",509.739484189504,-1.10457597567722,0.26697124288666,-4.13743429342373,3.51210976733101e-05,0.000135913984423316
"HIST1H4B",2059.04160158386,-2.81280259144568,0.252441736790643,-11.1423832968572,7.80035246633045e-29,9.03770249481306e-27
"ZNF620",373.843380891654,-1.00223984736468,0.286087224312332,-3.50326670397032,0.000459589046680734,0.00137678665492343
"MTMR14",1669.55976111331,-0.70758672243134,0.201572729008279,-3.51032962599956,0.000447551513003978,0.00134379161094538
"SEC23IP",3435.65707422077,-0.917814624405939,0.184489720080989,-4.97488219941485,6.52873302540069e-07,3.63946070255591e-06
"MFSD10",1319.05465012669,0.840297573612206,0.199775554342026,4.2062081938893,2.5969101674997e-05,0.000103334290772766
"LRRC4",980.022643970985,0.681021824838542,0.227908204817143,2.98814088498896,0.00280680137339384,0.00700248651694498
"PXMP4",1046.02859667087,1.1450186382557,0.223151862470346,5.13111844812795,2.88025581894873e-07,1.71653369986566e-06
"AFTPH",4284.95669532359,-1.15552810083256,0.1745052931637,-6.62173668135431,3.55003034683567e-11,4.22289477082096e-10
"SS18L1",2974.63987826109,-0.68785470689562,0.192399539668511,-3.57513696800282,0.000350044590660484,0.00108039356814458
"NPEPPS",9563.44475642196,0.511586173918985,0.175610368366577,2.91318888900158,0.0035775812554368,0.00867635035435094
"TOMM40",1001.0610589232,-1.54293395176482,0.249854572240796,-6.1753280635498,6.60262251735407e-10,6.25238725241109e-09
"CNST",1680.64025957689,-0.767831709707382,0.196644644229833,-3.90466627105268,9.43555018618784e-05,0.000331084715262375
"SNAPC1",545.750145119752,-0.952266927761947,0.26589911908462,-3.58130907330647,0.000341876928937008,0.00105850184599884
"P4HA1",5864.90097770431,1.54194092614998,0.190202928888956,8.10682009555278,5.19617089952599e-16,1.32631420498052e-14
"FAM234A",4223.84277451324,1.12177209816214,0.177949004236219,6.3038964616685,2.90254429596553e-10,2.92431956434106e-09
"OPTN",2645.88916923662,-0.73001024337459,0.190966907283663,-3.82270548210863,0.000131995401959206,0.000447225246661093
"SEMA4A",723.889655564132,-1.89576479112592,0.359234357849667,-5.27723685026604,1.3114633466834e-07,8.26606604325567e-07
"TNS1",6330.00022444152,1.07645766422295,0.22722403090568,4.73742878309287,2.16446883344794e-06,1.0770396915237e-05
"TVP23C",474.552859073006,1.39151123485806,0.288049281028022,4.83080960970249,1.35978985674526e-06,7.04824409079625e-06
"MAPRE2",6657.30811206308,0.893062383377294,0.180817877684585,4.93901595800795,7.85177875114998e-07,4.27957040774527e-06
"DGKA",714.445839848744,1.15755898965082,0.233488858780694,4.95766262979624,7.13463141314073e-07,3.93519597516697e-06
"ADAM10",8210.89862511714,1.52144681647413,0.186473071645497,8.15906984879053,3.37614375126013e-16,8.96612738256005e-15
"SIAE",679.665712698872,1.17865584802188,0.26340039103117,4.47476878605848,7.64940439571258e-06,3.38579255237945e-05
"ZNF768",3547.75020104204,-1.32388780754275,0.188080651058486,-7.03893675448344,1.93712264287921e-12,2.85447822862177e-11
"LARS2",1723.94040459639,-0.708113785847564,0.201037215397651,-3.52230199989051,0.000427816484174487,0.00129142661812876
"HSDL1",1594.71687212343,0.671379371250836,0.200644951966975,3.34610646651774,0.000819549213508825,0.00230440937550495
"DTD2",698.228056379946,0.849272808570374,0.283922928223427,2.99120896605454,0.00277875270198522,0.00695011628191775
"RARA",1813.27010965728,-1.46264950395363,0.210010782334771,-6.96464004225305,3.29244482598529e-12,4.71637732769627e-11
"MYO1E",2386.17448498252,0.947936808487661,0.229421731481306,4.13185273412037,3.59850950974611e-05,0.000138886954233114
"KCNE4",537.746533145444,1.53996628999678,0.359285311031839,4.28619329182738,1.81760853571912e-05,7.44299988743194e-05
"HTT",7656.26072494409,0.650297182604923,0.179742973653264,3.6179282527026,0.000296970689183831,0.000933435276669527
"TMEM123",10315.4579549897,0.816971693665161,0.208039036382385,3.92701152568084,8.60078611592281e-05,0.000304505962606278
"TRA2B",9830.25671874214,-1.3411173101889,0.195303727064886,-6.86682906846596,6.56446458835323e-12,8.82580688340825e-11
"FAM111A",4022.25364917138,-1.26187162862856,0.181264083909537,-6.9615094254321,3.36646031128867e-12,4.81656512818517e-11
"COA3",1553.54009484245,0.646622242026944,0.203408565426902,3.17893320111595,0.00147818152101392,0.0039424845893348
"TBC1D22B",977.079133786772,-1.49685502443966,0.22283697517202,-6.7172650467193,1.85166986718108e-11,2.30105515145594e-10
"DOCK11",1923.0722909472,1.23811037154118,0.201261630200656,6.15174571679059,7.66346793548747e-10,7.18214623803259e-09
"FAM8A1",3090.19353638845,0.798296474560795,0.202040234199461,3.95117575330412,7.77681848368946e-05,0.000278588787027105
"MED20",981.007677267923,0.934246415069692,0.217216303665828,4.30099582445232,1.70032264584017e-05,7.00642016336791e-05
"SNX7",880.481687462882,0.774320000311193,0.240833364759165,3.21516913192455,0.00130367686215899,0.00352317703109879
"INSIG2",677.675544301716,1.47955058821098,0.237404624551122,6.23218941504814,4.59960840294161e-10,4.48499769851188e-09
"RIOX2",1191.2826742201,-0.613560751699541,0.212814897601299,-2.88307237235348,0.0039381694947724,0.00944425468531254
"PAK3",3350.96657093123,-1.72223257403186,0.240351829466796,-7.16546480154747,7.7523074030472e-13,1.21993034472985e-11
"FAM160B1",2684.70110871196,1.14603957678625,0.185001830292851,6.19474723559282,5.83786383747969e-10,5.57735447302627e-09
"E2F2",152.805710645072,-1.62643311423618,0.409367023174433,-3.97304380217053,7.09599938570416e-05,0.000256689686991894
"LUC7L2",649.808336624091,0.805500078361479,0.272577273687751,2.955125595996,0.00312541788524081,0.00769985169226098
"SLC6A20",80.9490932194271,-2.47650288336306,0.542136028307903,-4.56804704732988,4.92289548899491e-06,2.2690631391943e-05
"ATP8B1",1149.72613628136,0.88997207834433,0.206515972281081,4.30945882061376,1.6365452673502e-05,6.77195096972852e-05
"PCDHB5",2150.61797567035,1.77606083975283,0.237987837018892,7.46282189039704,8.46887938895602e-14,1.53504933464237e-12
"ZNF254",1590.5761874938,-0.632425025766222,0.217665334245856,-2.90549263601107,0.00366675477215543,0.00885807602153166
"ZMPSTE24",4336.43815824654,-0.809993909765509,0.184618437814196,-4.38739445179742,1.14716631944272e-05,4.89606773679093e-05
"ACBD7",317.760662300496,1.43630774940959,0.309637554982424,4.63867423798486,3.50651245865289e-06,1.66492423609321e-05
"CHMP4B",5193.44022353265,-0.992189792581791,0.188261399514252,-5.27027736509883,1.36217759454015e-07,8.56288021929548e-07
"TKT",28504.0384585979,0.997284757567586,0.2268734518101,4.39577548457429,1.10377976821627e-05,4.72454520129658e-05
"TMTC1",2948.88955956166,0.764520613679368,0.215710870726516,3.5441914035415,0.000393819231465149,0.00119921558295675
"CXCL8",26032.0174354588,-5.40861555586075,0.660433339557297,-8.1894950359203,2.62324446967125e-16,7.11043650059056e-15
"PCDH10",832.400383003956,1.89281158203098,0.300233106407042,6.30447322976034,2.89175697115742e-10,2.91593719156471e-09
"TSHZ1",1116.81613702722,1.43785908503115,0.218031125102025,6.59474230735779,4.25995133466005e-11,4.9600103323165e-10
"SOS2",3443.50147152188,0.746338059878344,0.196437750813034,3.79936166439157,0.00014506926047676,0.000487746378467809
"FMN1",57.1373107993292,1.96315849906238,0.645873675187767,3.03953942462767,0.00236940188899129,0.00602055289703271
"RBM47",108.787468063665,1.53097969700906,0.47175499993294,3.24528557668003,0.00117332891335032,0.00319723336360942
"ADAT3",158.239872331419,-1.62674500472566,0.423186088355958,-3.84404178087569,0.000121024387317175,0.000413850176306244
"HSD11B1L",162.922125082561,1.19754224444286,0.383734842922722,3.12075451716023,0.00180388339479312,0.0047185245594655
"LSMEM1",593.967524798099,-2.23083761601109,0.272321586747027,-8.19192353665091,2.57083951442464e-16,6.9844095129817e-15
"PI4KB",4719.83840920344,-0.694543433260058,0.179664575461069,-3.86577838996734,0.000110735455061279,0.000381759512227011
"SLC2A6",560.46582100961,-1.6381797796585,0.254723098068719,-6.43121802490229,1.26585434635716e-10,1.34773573560801e-09
"REXO4",344.47686312017,-1.28485244601816,0.342321023623414,-3.75335535170523,0.000174483233729254,0.000576956590993934
"SCAMP5",245.880314064874,2.1542551894627,0.358289121641559,6.01261679280866,1.82552220103258e-09,1.60640516543582e-08
"RPAP1",1862.80416475583,-0.898428516719962,0.221493270688423,-4.05623391594498,4.98703161363394e-05,0.000186982041909663
"TTC30A",1343.47863304928,1.3901938304971,0.215551311303503,6.4494798110491,1.12234709521721e-10,1.20531281876239e-09
"ARHGAP35",11187.7612253023,0.552012904575892,0.178516017849887,3.09223178527362,0.00198657666955745,0.00514854453526972
"METAP1D",558.337114050183,0.997648061743202,0.250105217502893,3.98891343293013,6.63766372163214e-05,0.000242335217368701
"SLC35A3",2080.73528569695,1.06182375175914,0.217762014823517,4.87607424380088,1.08217892099332e-06,5.75830278626703e-06
"ZNF530",280.335977915033,-1.33995019211284,0.325782691773801,-4.11301835839457,3.90519316702214e-05,0.000149599911986605
"AKAP11",11542.1648859867,0.70243860493377,0.18633833380821,3.7696945688951,0.000163447446745595,0.000543659421795509
"TXNDC9",765.993328273712,-0.758321884784153,0.255227027965848,-2.97116606665038,0.00296671311758451,0.00735177513600624
"CYP27A1",1113.21298682636,1.24729562637123,0.210952744583969,5.91267787878792,3.36590034520112e-09,2.81915026786583e-08
"ABCC4",2862.97370160026,0.721051968125295,0.188034875762321,3.83467144167828,0.000125732249410869,0.000427967662309231
"ZNF714",2245.37513825802,-0.719287353251443,0.210711207114238,-3.41361697416255,0.000641066322612453,0.00184828538683434
"ATPAF1",1249.24862107047,0.931507592263386,0.203081723504213,4.58686077796686,4.49960518160203e-06,2.09190928545133e-05
"UQCRFS1",1732.43835024096,-1.1440450191571,0.205208229919861,-5.57504452722913,2.47466560510499e-08,1.78653623220102e-07
"FAM53C",7085.08288323727,-1.36836253751771,0.180833264321262,-7.56698466210688,3.81986980899287e-14,7.2694398394006e-13
"EZH2",3799.2750844928,-1.54912170446204,0.204452765213287,-7.57691735225971,3.53862040329963e-14,6.82209068942822e-13
"ODC1",30971.7381638849,-1.97696404017141,0.183678479607216,-10.7631772889182,5.13679497530439e-27,4.89569701759252e-25
"ABCA3",2089.01120666271,1.04041872901651,0.221322812651094,4.70091047802056,2.59004052028744e-06,1.26745751009346e-05
"ILF2",7247.40545430737,-1.27259994476251,0.189699347635586,-6.70850986376179,1.9662188199937e-11,2.43317005389377e-10
"SETD1A",3859.98150598916,-0.807161389995229,0.19702130727147,-4.09682283187302,4.18859218139445e-05,0.000159268926640025
"IL11RA",60.3291651293759,2.38884207540996,0.715642121565172,3.33804006698957,0.00084371582195574,0.00236785409258441
"RAD54L2",6967.33590594878,-1.24968892908462,0.188940943982348,-6.61417743949335,3.736233749797e-11,4.41990094645655e-10
"ADAM9",8150.29554379347,0.913085811254746,0.168142083077108,5.43044188905411,5.62146824735262e-08,3.81150382944425e-07
"ZNF362",826.372995455718,1.24522210822366,0.243868227688355,5.10612686214689,3.28828972423631e-07,1.93723868200522e-06
"DDX46",2489.8295350459,-0.560215445079151,0.19297461618108,-2.90305251626187,0.00369544662726042,0.00892009563745172
"PBK",1595.2379117925,-1.22820043062013,0.213708657974028,-5.74707848649442,9.07985894067475e-09,7.12048924757095e-08
"MTERF2",752.78649496412,0.923146632405516,0.238885763779114,3.86438529362974,0.000111369310149813,0.000383497234076483
"FKBP10",7464.4273615125,1.0223665454155,0.196183981621596,5.21126412546497,1.87558199479905e-07,1.15026611388351e-06
"FBXL13",503.57017755318,1.00623224060107,0.270203480603692,3.72397956663227,0.000196106805268935,0.000640041487066631
"THAP10",546.599980309332,-1.49640005966191,0.258322842641922,-5.792751598573,6.92424827735139e-09,5.54033623166816e-08
"SEC22B",3865.54283918194,0.975045482659529,0.196601570370696,4.95949997154682,7.06748582732071e-07,3.9029695096858e-06
"TRIP6",9134.53117409404,-0.670557019723857,0.173498536423523,-3.8649145609331,0.00011112809285575,0.000382889738008528
"FBXL18",3915.0863561976,-1.56124342402232,0.198514308869322,-7.86463924396532,3.70162638499494e-15,8.23838429715071e-14
"PPP2R5B",1218.37212873191,-0.75328758354912,0.212203862566282,-3.54982974597755,0.000385480364210613,0.00117776808279241
"YPEL3",596.081973874173,1.94925533909645,0.268030116293186,7.27252357329969,3.52832985351308e-13,5.84821910362099e-12
"RNF122",176.835417361474,1.72888310023092,0.403553137534586,4.28415229477121,1.83437234969275e-05,7.50644474676903e-05
"RUVBL1",1192.93195293185,-1.18560912188722,0.222538386069961,-5.32766118612223,9.94854806466924e-08,6.43172543918277e-07
"PPP3CA",6605.07719791241,0.742152057202106,0.181279672090221,4.0939618250895,4.24064161506695e-05,0.000161040818145441
"SNRNP48",2208.82750829016,-0.827552484021062,0.188169060880294,-4.39792004142233,1.09293225959748e-05,4.68320284406203e-05
"KPNA4",18179.7188097834,-0.721652054495082,0.174642705831036,-4.13216258337907,3.59366075863653e-05,0.00013874512527137
"RETREG2",4142.55283882263,1.10313110893497,0.183163163182986,6.02266902233449,1.71564052611545e-09,1.52218016048292e-08
"ELF1",4083.5864756494,-0.762365772058239,0.184597109663522,-4.12989008033688,3.62936716696766e-05,0.000139986492099294
"ATP2A1",282.950184201989,-1.12286532999459,0.36484418842847,-3.07765716327078,0.00208634790286183,0.00537177767233576
"LNPK",6592.4737115358,0.775808295220426,0.20813956123322,3.72734664483671,0.000193506230231457,0.000632602110338967
"FAM69A",1627.62474825497,1.20275715524766,0.207827755175075,5.78727876954864,7.15358075773942e-09,5.70624671671336e-08
"IFI44L",1569.52722899211,1.68216427768158,0.252317802105719,6.66684737915072,2.61356625465508e-11,3.16142538357357e-10
"PI4K2A",3974.58483369235,-1.67682117150678,0.19040665800105,-8.80652593302453,1.29084247171161e-18,4.59493262972526e-17
"TMEM143",284.10645280567,1.92764703587639,0.312953066529314,6.15954033380857,7.29563979873567e-10,6.86463942209062e-09
"LHFPL6",2429.75116970276,0.592488827941664,0.200121421949282,2.96064670223971,0.00306993876269704,0.00757897144298175
"RHOB",2235.96297498338,-1.7156899664776,0.250252541878382,-6.85583432479735,7.08975056047103e-12,9.44607352014054e-11
"CALHM2",556.787829319572,1.03402367479946,0.250469932794263,4.12833454005361,3.65400232053518e-05,0.000140752931630003
"PPFIA2",1134.15371844514,0.640498660666201,0.208688773880485,3.06915723714497,0.0021466357723638,0.00550780320403721
"THOP1",1255.89188711265,-1.81096652560279,0.230636489765744,-7.85203818980324,4.09329798664285e-15,9.02511112054948e-14
"HIST1H3B",2675.49337217157,-2.76527445617792,0.231085493213684,-11.9664563003134,5.32549455447612e-33,8.86432318940828e-31
"HTRA1",7031.54628083239,1.02923557854042,0.190703568563337,5.39704414707159,6.77477229157513e-08,4.5285214333617e-07
"TMEM231",1754.62333923169,0.908558020982821,0.193230325008572,4.70194324282441,2.57697139810183e-06,1.26158442347835e-05
"RMDN1",1947.32489036023,0.875599660916371,0.192897487496833,4.53919681525529,5.646891014588e-06,2.57564484795064e-05
"GAB1",2255.81669629292,1.20072420455764,0.206632883940754,5.81090570706026,6.213575578199e-09,5.00559210519126e-08
"BNC2",3691.50246114621,0.925220211941383,0.223077554714348,4.14752713748424,3.36085643539385e-05,0.000130825432653111
"HIST1H4F",64.4460376543037,-2.97863674152371,0.682968239125766,-4.36131077681814,1.29285578054916e-05,5.45482670993571e-05
"NXT1",457.448537897767,-1.55795724135252,0.277623502149673,-5.61176279849892,2.00275844132843e-08,1.47744065291008e-07
"FADS1",7643.0154343983,1.53428784659835,0.18237635443419,8.41275641986797,4.00486071918391e-17,1.21357548664911e-15
"FAM102B",1441.56801243797,1.51474398895321,0.220967382050709,6.85505695408746,7.12841133567845e-12,9.48688796903693e-11
"UIMC1",1584.74333189483,-1.49411869583046,0.205861622701611,-7.25787874506425,3.93207783201747e-13,6.42728849499065e-12
"TEX2",4659.56963538221,-0.74654852905859,0.181638845725759,-4.11007087209605,3.95537700453544e-05,0.000151277169707443
"ZC3H4",4786.55783869011,-1.20926507754002,0.194324141221436,-6.22292768123979,4.87962339524732e-10,4.73848720501502e-09
"NIFK",779.267820336746,-1.57431016960672,0.241748000199364,-6.5121952128184,7.40603819805762e-11,8.24148393829048e-10
"ASPH",12469.186122428,0.977827390904336,0.180915135024801,5.4048954542708,6.48462044611135e-08,4.35427525182636e-07
"CDC25A",1049.85217863978,-2.74174919254838,0.25200179199063,-10.879879745658,1.43752483760115e-27,1.4520229513479e-25
"SLC4A2",5746.73353256786,-0.897094420606441,0.185788622924711,-4.82857564948948,1.37513093816731e-06,7.12463718862836e-06
"LTO1",538.342756390363,-1.61846060637992,0.317272116483495,-5.10117505540111,3.37551165886029e-07,1.98170873245956e-06
"ZNF669",262.579270430624,-1.79068190888922,0.325822606014538,-5.49587989241396,3.88767052495293e-08,2.71860889135466e-07
"GPATCH8",9268.08474864502,-0.927304760392877,0.188166064371438,-4.92811901811574,8.30250388734423e-07,4.50087114406578e-06
"CDK5R1",225.256251392225,-1.82529068771985,0.347754519478063,-5.24879070000122,1.53100898485081e-07,9.54800220737037e-07
"EIF4G1",21910.0556684061,-0.915461173213743,0.171514316417626,-5.33752046088476,9.42262723933618e-08,6.12522600189631e-07
"ZBTB1",2621.07755660231,-0.553625544375895,0.183548796196614,-3.01623086529459,0.00255938311113139,0.00644234070444107
"TOP3A",3564.95381658817,-1.06953096116943,0.192765413611143,-5.54835507642955,2.88369771035851e-08,2.06043165302399e-07
"CYP27B1",142.311299684817,-2.01226847788249,0.452512249298499,-4.44688178276275,8.71257529776574e-06,3.80647744432516e-05
"SAMD4A",2024.43637804901,-0.892439664956102,0.187302247041435,-4.76470346219966,1.89131588881262e-06,9.50094889917294e-06
"TGOLN2",31449.0957565214,1.15291040250971,0.18810104702176,6.12920778891965,8.83177205038289e-10,8.21194981049764e-09
"C19orf48",1214.4974273835,-1.74505876122391,0.219357851184699,-7.95530568793988,1.78689761874451e-15,4.16519843359421e-14
"POLR2A",10767.9695506081,0.67128627893226,0.174072794189452,3.85635378611586,0.000115090885445067,0.000394931499474392
"NLGN4X",101.500942912663,1.76931297434998,0.599887962008939,2.94940569973233,0.00318385720147048,0.00782750663760726
"STOML2",840.361848410387,-0.764928397777474,0.2318362646132,-3.29943375793125,0.000968800890412645,0.00268510528210522
"LAS1L",895.418559477069,-0.76592459028758,0.242119155047222,-3.16342005298257,0.0015592717170448,0.00413914491285611
"WNT4",223.504992988218,-3.11967820712891,0.438796352300028,-7.10962657455234,1.16357346721005e-12,1.77433693361141e-11
"CDC20",1690.71319059525,-2.5712743664812,0.197939732146589,-12.9901881678661,1.39084681064873e-38,4.44243989412073e-36
"PHGDH",1157.97225887997,-0.743711024098688,0.219878586488907,-3.38237131670941,0.000718629374615752,0.00204349421299542
"TRIL",734.296141647691,2.0116121615914,0.369565932027224,5.44317532343108,5.23390867441269e-08,3.5822372143752e-07
"RNF219",512.052931702065,-0.828016218254556,0.259591973950351,-3.18968343147974,0.00142428718475751,0.0038107824200734
"NOMO2&1",1738.99516629163,0.585073377360124,0.195165359486073,2.99783413870571,0.00271905609016112,0.00681378390023836
"NUDT11",623.548270078112,1.07440673348294,0.271471919810592,3.95770853292143,7.56722154834393e-05,0.000272152843147683
"ZNF207",21354.8425875656,-1.10038456999604,0.178304279553443,-6.17138619864827,6.76938464405887e-10,6.40004701787902e-09
"TUT1",951.644613373624,-1.2198097131611,0.239503943618863,-5.09306734047877,3.52316489606674e-07,2.06224679255655e-06
"EIF6",4538.69576569459,-1.42996284954923,0.224115483601872,-6.38047325676735,1.7654155539875e-10,1.83904593881371e-09
"STARD3NL",4266.07455746884,0.802112539699777,0.190779875147581,4.20438759108783,2.61790001545551e-05,0.000104134440870593
"ZFR",12057.4697710876,-0.733739165632566,0.165912803127831,-4.42243848455289,9.7593140559955e-06,4.2293939682345e-05
"DDX60L",2460.00872781219,1.20707037813724,0.187115645165622,6.45093240102304,1.11164080013368e-10,1.19539317342855e-09
"DIXDC1",973.58806418733,0.776255135883379,0.231426018249147,3.35422586343634,0.000795873702510168,0.0022405039104967
"LACTB2",186.920723470099,-1.25890436081276,0.36445054073575,-3.45425296467194,0.0005518195083412,0.00161580846124289
"GAMT",467.674331713524,1.17385310931824,0.266157291432952,4.41037366663295,1.03192395495163e-05,4.44272397071706e-05
"PNPT1",1011.53318467049,-0.714301159866619,0.21487169177106,-3.32431486892973,0.00088636060439663,0.00247636161294548
"URB2",629.076151826848,-1.42173327815734,0.243668222078755,-5.8347094505324,5.38843810407172e-09,4.38571360288703e-08
"SENP1",7551.85642456828,-1.4361890780875,0.197139958050496,-7.28512419445494,3.21374109276606e-13,5.37960229947724e-12
"ALDH3B1",890.546869322425,0.746431248878619,0.238291738661321,3.13242604662642,0.00173368097097413,0.0045550559615323
"RCN2",1779.20049508531,0.664041906955018,0.212072093940163,3.13120832928815,0.00174088617173475,0.00456890801189458
"ORC1",358.164509603952,-2.57662163461963,0.30884216268415,-8.3428428690765,7.25255072612777e-17,2.11631220941674e-15
"SSPO",144.402403724306,2.52274677667004,0.595638275185541,4.23536713768807,2.28178587354552e-05,9.17527916078971e-05
"TUBG1",1477.57269022387,-0.850399242078273,0.206201669771255,-4.12411423739509,3.72164160854481e-05,0.000143078596388362
"FNBP4",4999.4659223065,-0.939683257260173,0.190256109846996,-4.93904378690318,7.85065842947122e-07,4.27957040774527e-06
"SPCS3",5416.52617885053,0.75066524883947,0.21647647147163,3.46765282959561,0.00052502510041564,0.00154809047822157
"PPIL2",893.993988115472,1.06277497291706,0.23538955603338,4.51496230685083,6.3328028561586e-06,2.86089694778602e-05
"TIMP2",58562.1113696743,2.8891944933376,0.211220796532614,13.6785512637317,1.36382895724278e-42,8.05886530834759e-40
"PCDHB2",495.761324979612,1.615936996557,0.273129904022906,5.91636789950866,3.29128580972617e-09,2.77435204702881e-08
"RTKN",869.234316923138,0.680419562206222,0.220408853641424,3.0870790849136,0.00202133811717506,0.00521917716162875
"ADPRM",317.333380605498,-1.66759900082783,0.347093562461152,-4.8044653695197,1.55165553172111e-06,7.93486156377329e-06
"NGFR",2159.1608146106,-4.38082340792877,0.882249183406755,-4.96551710142986,6.8518254517307e-07,3.79566206839674e-06
"IRAK1",3790.29069662444,-0.727045618612755,0.177183599205452,-4.10334603130911,4.07217490602659e-05,0.000155241816256201
"ZFAND5",16958.4919490327,0.669938654721394,0.169328631148304,3.95644050376004,7.60748240009406e-05,0.000273317834840157
"MRPS21",1039.18201491261,-0.653662882751422,0.209376357274852,-3.12195173924699,0.00179656386771907,0.00470041881529865
"GK5",2523.85106030505,0.765351499512959,0.196467498691696,3.89556290281873,9.79709310777573e-05,0.00034234786028295
"ACAA2",3130.30684370879,1.02754610872804,0.201274238168837,5.10520431266564,3.30437300669268e-07,1.94574390598376e-06
"B3GALNT1",2272.6628005992,1.29701587382963,0.211782305452535,6.12428819800681,9.10898925016271e-10,8.45640494567344e-09
"SPATA20",2217.41550482448,0.588942967318226,0.195762017973762,3.00846391661718,0.00262571980532631,0.00659667445989504
"ARHGAP26",1318.80157405009,-0.945365462834582,0.213844707557415,-4.42080364593902,9.83344988525599e-06,4.25839907453116e-05
"CDKN2C",3033.50850728043,1.32617741470027,0.257265655071859,5.15489490553975,2.53773214929149e-07,1.51852752102921e-06
"ASH1L",17310.8920612195,-0.556093001751842,0.170513436038609,-3.26128553075387,0.0011090829718136,0.00304110036215619
"FBF1",937.638351333373,-1.16130293634929,0.252251868916226,-4.60374363662281,4.14963227504187e-06,1.94065509404214e-05
"SART1",415.859061304195,-1.22777379178027,0.314819180255623,-3.89993325941372,9.62192082517445e-05,0.000336724490115225
"SORT1",4584.67916164752,0.916947178691622,0.202317258366473,4.53222422098409,5.8365848276825e-06,2.65704004212449e-05
"RPP38",619.392286759034,-1.54406369066444,0.244581272323685,-6.31309043409093,2.73517553541676e-10,2.76986327999616e-09
"ZNF48",1146.22100221612,-1.29421043380721,0.227720843467147,-5.68332004265531,1.32104720997114e-08,1.00984061626384e-07
"HDHD2",1749.87105944988,0.711115482207466,0.196121207512209,3.62589793948316,0.000287959077333395,0.000907493433580285
"CD276",5312.48139014793,0.691807445922086,0.194920113538358,3.54918450109536,0.000386426223319639,0.00118004783131563
"LRRC17",2861.26217688211,1.78695586381528,0.211514876007984,8.44836967281593,2.95398763389445e-17,9.11494147711869e-16
"DEPTOR",290.649174914897,3.53884685044401,0.418993136980274,8.44607354657127,3.01263939977651e-17,9.27171156941636e-16
"NRBP2",1719.35925005727,1.84602502297012,0.216196269802047,8.53865344050742,1.35794982726196e-17,4.32567413977949e-16
"EXOC6B",4401.89505333273,0.796521513366109,0.179333578619949,4.44156370210026,8.93074994369224e-06,3.8917257682358e-05
"MRC2",4539.75012840176,0.93611732865467,0.17706395636584,5.28688812713817,1.24414674712375e-07,7.87025295450487e-07
"SUV39H1",523.956713192447,-1.50538056539821,0.28248396541545,-5.32908323905835,9.87097517248975e-08,6.38506757462966e-07
"CLMP",1644.6081662924,0.782439947231946,0.200875166936222,3.89515518103027,9.81358803593781e-05,0.000342822889177396
"NT5DC3",1681.77456042447,0.848957876471927,0.215838522510007,3.93330100020753,8.37872085134245e-05,0.000297624655909724
"GARS",23526.8597836249,-1.28024784890441,0.18647097039304,-6.86566839978324,6.6180642525837e-12,8.88114116946311e-11
"S1PR3",924.657222377051,-0.983750631461149,0.227083908662695,-4.33210189684725,1.47692555259033e-05,6.18070332171125e-05
"TIFA",1670.49967071175,-2.45760160889759,0.20289789657063,-12.1125041236792,9.06827263970784e-34,1.55317168197199e-31
"CAV1",55767.7958800504,0.643515399247179,0.194789439167031,3.30364624488379,0.000954361769482749,0.00265192743751402
"RTL8C",4757.02263650864,1.80855604631564,0.199463614262816,9.06709754057029,1.22229482511744e-19,5.08629586029505e-18
"ZDHHC17",3289.3209640056,0.682301597234724,0.196174100605258,3.47804116409664,0.000505092352107212,0.00149528592615306
"TMEM243",1460.96704947429,0.596558567410865,0.197906190625587,3.01435021069895,0.00257530343478146,0.00647764721917504
"UBL3",3518.16754762337,0.710203882909259,0.180311895851895,3.93875223569613,8.19064571100356e-05,0.000291997137293032
"KIAA0895L",440.980164897664,0.991794653826832,0.283832445356444,3.49429626546504,0.000475313235860643,0.0014159949133857
"ATP6V0A1",4244.35566236538,0.820483319500149,0.180604484060044,4.54298421088687,5.54634072229192e-06,2.53173637141931e-05
"ZNF579",425.885266504152,-1.18551648220567,0.301932145702498,-3.92643346884235,8.62147251529488e-05,0.000305146936764765
"SNW1",1891.78757618246,-0.920923431058012,0.20654091686009,-4.45879414625549,8.24220306525377e-06,3.62374835659111e-05
"STX7",2985.89981029806,1.11715075638529,0.214837260399676,5.19998604668007,1.99303487729701e-07,1.21536048399877e-06
"SLC25A37",5025.19055369924,1.27319388469268,0.201222773043296,6.32728525423279,2.49511852428916e-10,2.53982004479322e-09
"HIST1H1B",7390.27953745553,-2.49164160468111,0.198819775379277,-12.5321618532561,4.97867833976409e-36,1.33722774134846e-33
"ZNF3",2878.67698252801,-0.758143888352391,0.202610478810617,-3.74187896303743,0.000182649486101309,0.000601435393353378
"REXO1",2396.28201055033,-1.91401083431938,0.239360773313627,-7.9963429588837,1.28169061767194e-15,3.09122851421368e-14
"SAAL1",589.855263106987,-1.25051664698607,0.262542850505859,-4.76309541309778,1.90645640471736e-06,9.55492018276071e-06
"RRP1B",2074.2344205633,-0.705603204988121,0.195927457352492,-3.60134926733967,0.000316569946082273,0.000987651431573468
"DMRTA1",517.748458211427,1.39209314290532,0.270864527431335,5.13944426797718,2.75552203039977e-07,1.64385458633339e-06
"ENDOD1",1120.98426344385,2.03067060395938,0.261068293086891,7.77831187368095,7.34986963574875e-15,1.55644147073485e-13
"C2orf42",1482.91872797108,-0.671810077490228,0.21085453582949,-3.18613054657499,0.00144189518191691,0.00385353171865537
"SMG9",1556.30857894781,-0.779635802283285,0.221085990888944,-3.52639169559555,0.000421263424269846,0.00127294583176196
"CSRP1",5340.75495002035,1.55980248247798,0.180698415230576,8.63207616119725,6.02482442229394e-18,1.98886522409692e-16
"CREB3",514.090186436825,-0.969021690263549,0.268995130142562,-3.60237633205473,0.000315321422671938,0.000984015995019002
"HNRNPL",7974.37143988719,-1.17746053998598,0.172993250510461,-6.80639583632064,1.00074126891803e-11,1.29537352859511e-10
"ZWILCH",1170.51963802143,-1.59648110257723,0.208458768393371,-7.65849820029924,1.88119876541883e-14,3.76176091535021e-13
"CCDC174",1519.90065779121,-1.60234938173648,0.220679613098885,-7.26097603324361,3.84307043669143e-13,6.29922419151447e-12
"TMX4",7180.14068685942,1.57168585235726,0.192662743144891,8.15770515202974,3.41449795626513e-16,9.04765400160119e-15
"SPATA2",3092.80027579304,-0.950156420055301,0.182415579776122,-5.20874599209906,1.90121171821161e-07,1.16356913960771e-06
"CRY2",1671.14951221953,-0.718277641252159,0.20512349457535,-3.50168391358167,0.00046232775889827,0.00138358811209414
"SRRT",4091.39997948559,-1.60823938027342,0.276312181872724,-5.82037089126318,5.87171847137666e-09,4.75287458183078e-08
"CDON",344.359791986435,1.75152514589342,0.294742398279377,5.94256257707859,2.80600481569056e-09,2.39778488154961e-08
"RSL24D1",1646.4187475571,-0.670124158854595,0.207269227286942,-3.23310974632467,0.00122450511866412,0.00332367734254088
"SHROOM4",1563.30754964539,1.11791990134942,0.236280831662502,4.7313186325086,2.23066064300367e-06,1.10717965052572e-05
"GUCY1B1",35.6695637595255,2.86357307847939,0.801792476572364,3.57146414084735,0.000354991157768661,0.00109280685139621
"COL4A6",2908.41729265312,2.37080500648645,0.285089957709633,8.31598918998451,9.09901154606586e-17,2.62914715040113e-15
"TBC1D19",1817.01743316664,0.944393228277209,0.200438446422218,4.71163713915379,2.45734643715913e-06,1.21054273423704e-05
"MAN1C1",843.365105561682,1.12329936557841,0.254688860853727,4.41047701031394,1.03143156625921e-05,4.44222239433359e-05
"RGS12",650.260608304042,0.741466933942779,0.255059666994709,2.90703325492132,0.00364874405939674,0.00882719698954977
"LEPROT",3375.02641108554,1.12913884158189,0.212090111267812,5.32386368620502,1.01586044516061e-07,6.55676610644898e-07
"DPH6",527.378810401238,1.12511635131218,0.293043663955648,3.83941538310299,0.000123327624246846,0.00042087376937604
"C1QTNF3",273.312124082823,1.54975957183933,0.373647919681046,4.14764672893732,3.35910186938983e-05,0.000130800217108563
"GRN",8148.10710579016,1.45046537272395,0.219413107283784,6.61065963961739,3.82611262991191e-11,4.51267455691607e-10
"MFSD8",2102.74937185911,0.852398602309234,0.19792970759754,4.30657233143828,1.65803729483924e-05,6.85368476754464e-05
"SAP25",189.161395087638,-1.41103521461454,0.476193543061976,-2.96315486669859,0.00304503325355765,0.00752691968009711
"FANCA",1373.40647057945,-1.62300955773872,0.239281969668057,-6.78283265550777,1.17842111413733e-11,1.5039504024703e-10
"ZNF780B",2199.97219848183,0.713704167167939,0.198546455881291,3.5946457165403,0.000324833301030713,0.00101023156620552
"SOS1",8133.06328964033,0.949626926126237,0.188590166730037,5.03540000304261,4.7685201154514e-07,2.72374918919307e-06
"SNRPD3",1907.6601037537,0.617596421600313,0.205418167362529,3.00653262333101,0.00264245697758639,0.00663308338171536
"PCMTD1",4333.62492705299,1.30561389348713,0.202105703209688,6.46005467808367,1.04665156571438e-10,1.1316860204586e-09
"CERCAM",4213.85450420741,2.09674664925731,0.184840999303966,11.3435150056144,7.98706122306655e-30,1.01495795198065e-27
"VAT1",8944.23736149886,0.996789952274262,0.172032226699943,5.79420479171529,6.86456535909116e-09,5.49630307681161e-08
"MDFIC",12117.5767295874,0.688105930814758,0.200856923864884,3.42585118588019,0.00061287606907489,0.00177697973118917
"NAA10",177.496869132522,-1.41513166391293,0.386479041970593,-3.66160000991878,0.000250644979595388,0.000801873949339006
"SLC2A12",3574.30802428731,2.54319210306312,0.277606162978111,9.16115145204338,5.13464741802397e-20,2.23916100318108e-18
"DNAJC8",4480.32320924058,-0.67617535214227,0.178133047887401,-3.79590064932636,0.000147108406983149,0.000494180543981481
"GABPB1",1532.36257328834,-0.988630103037649,0.220894849376022,-4.47556883209502,7.62081414514088e-06,3.37566647553504e-05
"GINS1",1275.95365074926,-1.51549155551505,0.206144797513663,-7.35158768881664,1.95866202702273e-13,3.35470548338474e-12
"CRIPAK",558.519607602062,1.06425246629228,0.287589094819898,3.70060091102817,0.000215089523793677,0.000697756791708392
"ZNF75A",1931.76705457396,-0.90668929124498,0.209674089541554,-4.32427913829233,1.5303142998763e-05,6.38378199644834e-05
"VWA5A",1371.07728211376,0.998645059095792,0.218060059298924,4.5796789302291,4.65690247735447e-06,2.16248618771611e-05
"DOK3",135.122962737137,-1.36927879559815,0.413448359301561,-3.31184962956747,0.000926813480485771,0.00258266486969602
"CD99L2",2949.81095800989,1.04184292211214,0.187754692557679,5.54895810016615,2.87377033472625e-08,2.05706952245881e-07
"SORBS3",2612.39541853682,0.544633551423593,0.189306721230874,2.87699003966886,0.00401488267879229,0.0096028908111652
"NOL8",3659.5022881417,-0.870799115340195,0.178241534267285,-4.88550055922641,1.03166413123874e-06,5.50935684725684e-06
"IFFO1",917.800622630952,1.28931694214563,0.27367546960425,4.71111621370396,2.46363690856624e-06,1.21313587439316e-05
"PDIA2",69.8600296651014,-5.81805834316676,0.900875311669233,-6.45822820073343,1.05935916694945e-10,1.14437903427867e-09
"TET1",2101.3190829627,1.0609529822592,0.193807978872089,5.47424821430811,4.39372857605738e-08,3.05262106477637e-07
"SMURF1",12144.1800582743,-1.75233428939037,0.18666735832899,-9.38747033802228,6.14585409537034e-21,2.92869772980188e-19
"LPAR1",11530.6396960477,0.596506781763132,0.200378812946906,2.97689547607604,0.00291183264470565,0.00723397901936752
"SLC26A2",2839.04995655151,0.989460949370311,0.22892943355155,4.32212203568618,1.54535668392103e-05,6.43517452099319e-05
"FGF1",354.442485477509,1.36792706568416,0.324861390123617,4.21080222910956,2.54465443899579e-05,0.000101391524477587
"KLHL18",1799.68959323264,-1.33865540049016,0.211162257318649,-6.33946339411452,2.3056678646854e-10,2.36121168326274e-09
"ZNF385A",856.416211946995,-1.71768322681002,0.241943784520438,-7.09951375777096,1.25196582901839e-12,1.90176506006932e-11
"TRIM14",2737.83073212009,0.982183139509002,0.206161669542203,4.76414040345138,1.8966041527156e-06,9.5176509030968e-06
"CCDC93",4803.69636876196,-0.81187903542018,0.18573692264298,-4.37112354327502,1.23608824085412e-05,5.23587484961073e-05
"MAP1A",3960.81336409095,1.31291036013972,0.229652082674233,5.71695385842467,1.08450549735048e-08,8.4320302419e-08
"PCDHGB3",550.558643138594,1.74992733885991,0.332365257693044,5.26507298327809,1.40133676145819e-07,8.80435823865654e-07
"RCAN3",1389.46209809073,1.56767352060163,0.23745128987627,6.60208466931682,4.05415839331993e-11,4.73916679562824e-10
"PPARA",3328.9048192679,1.10584396955704,0.193529329292647,5.71408981573447,1.10292738371787e-08,8.54714480051006e-08
"NUCB1",4371.05528562498,1.46892924995125,0.18366585127426,7.99783541556544,1.26625470644497e-15,3.0602450144717e-14
"PXDC1",990.338507785723,-1.56746526138328,0.270713628179025,-5.79012320852463,7.03348111852095e-09,5.61632972018112e-08
"GMIP",933.511035036367,-1.08922691848765,0.256840804504727,-4.24086398805686,2.22661037585656e-05,8.97172909030781e-05
"FBXL17",1867.73295847032,0.847312502544517,0.221852754316234,3.81925617807178,0.000133854694198099,0.000453005376870886
"KDELC2",1843.08942186012,1.4206131601773,0.199674485255513,7.11464541080157,1.12200920586398e-12,1.7131659941732e-11
"DNAJC4",409.353687016278,0.913387224900788,0.27624511158589,3.30643760411594,0.000944903922705092,0.00262749989612442
"DDX21",4081.40199795871,-1.7620732508967,0.177130959033259,-9.94785587180071,2.57674974358411e-23,1.57782530930969e-21
"CENPE",2289.83538905969,-1.73899292770761,0.279199179392017,-6.2285030045376,4.70913060277302e-10,4.58422615021183e-09
"RAD52",1296.78737446064,-0.765309775129016,0.215851751687442,-3.5455342342424,0.000391818088615542,0.00119404491265046
"APCDD1",257.558660938016,2.27072605315268,0.355456664404111,6.38819378153829,1.67856547364204e-10,1.75551210331873e-09
"GALNT1",5334.51681404196,0.940605918281772,0.191619492041139,4.90871731399765,9.16740075786239e-07,4.94028008009201e-06
"PRRC1",9019.8403857113,1.36806564729841,0.183166479081122,7.46897387645104,8.08225810014617e-14,1.47401429363468e-12
"C7orf31",1367.59654693763,-0.984345531048761,0.208161679464514,-4.72875475246425,2.25901053602284e-06,1.12030996704649e-05
"IGF1R",2905.85995497164,1.71146185863513,0.189494987412573,9.03169989878888,1.69025415403032e-19,6.88807710080356e-18
"FKBP4",5075.09389162523,-1.04488794719643,0.197092688476719,-5.30150537430949,1.1485166650267e-07,7.31707274786283e-07
"C1orf216",315.25419625202,1.12620684232469,0.294187582043893,3.82819300019489,0.000129087516534323,0.000437874934099493
"NOV",1133.53068588335,1.18194420458842,0.2273524342187,5.19873125022913,2.00653385824871e-07,1.22296117260357e-06
"SMIM14",4185.61828427923,0.847103407893006,0.187440068105997,4.51932938593455,6.20358165030298e-06,2.8121951646828e-05
"ICMT",3110.02930592679,-1.60788383969361,0.23855051954083,-6.74022359200274,1.5814307975104e-11,1.99672533813867e-10
"MIER3",2369.88895870252,-0.677632193762432,0.187986818569574,-3.60467930102045,0.00031253861782219,0.000977137932651493
"ARMCX3",3239.41648569938,0.756556543165248,0.188604704628411,4.01133441849087,6.03765153970889e-05,0.000222075835344786
"RALGPS1",1399.24012560215,1.05052152311997,0.280778278811733,3.74146293497426,0.000182952163029269,0.000602096536530188
"RRP12",2382.93447595003,-1.61734244297035,0.233284909522042,-6.93290640309305,4.1228100075249e-12,5.76607913241767e-11
"CSTF2",851.426232205229,-0.758133457884015,0.223313723936941,-3.39492550891362,0.000686472753199959,0.00196386710174706
"KIF18B",1151.49605260431,-1.63085951209927,0.296280672363526,-5.50444110677007,3.70341233030217e-08,2.60053041708325e-07
"LRP4",1357.11441953001,1.24789586993707,0.226890378151153,5.49999466749413,3.79802735447925e-08,2.65906915137653e-07
"UBTD1",999.967748509,-0.781841609224567,0.214149615408052,-3.65091297378613,0.000261309777980083,0.000832245100578598
"PACS1",7411.27699874459,0.749518891043536,0.173427962635497,4.32178801880317,1.54769849085736e-05,6.43820001260053e-05
"LITAF",2718.052006727,0.898125123475735,0.186943237258623,4.80426645352911,1.55319876636938e-06,7.93652683299034e-06
"KIF20B",1783.7517726996,-1.564410265551,0.223723823841031,-6.99259577586429,2.69846171323057e-12,3.91774207947898e-11
"SRD5A1",1696.5922427239,-0.896277580701028,0.20820385138652,-4.30480788291056,1.67130709688291e-05,6.89888483093335e-05
"UHRF1BP1L",6978.12345722779,-0.7511478336545,0.168623507171406,-4.45458552164355,8.40554191677668e-06,3.68870012523085e-05
"SLC25A34",93.9723251179192,-1.82018685495485,0.514702837542336,-3.5363839524299,0.000405644673874278,0.00123173400715473
"CCNF",1182.26627273672,-0.995420064349032,0.253385450907093,-3.92848153193301,8.54839140403779e-05,0.000302832402916423
"BCL7B",4706.8316775099,-1.62561699064386,0.207274324108206,-7.84282856855543,4.40509193185901e-15,9.62280525891124e-14
"CADPS2",1244.45818908247,1.34658980152044,0.206584028754064,6.51836354263157,7.10785567226693e-11,7.93207160857891e-10
"MEIS1",412.389935886425,1.23753127096088,0.274081322551636,4.515197385359,6.32578182217519e-06,2.85881795695856e-05
"SLC1A5",5197.02944610681,0.581833767272236,0.197584720879811,2.94473056763412,0.00323236007535884,0.00793684424903196
"BBC3",40.5928249265118,-2.81354792315808,0.955697468533918,-2.9439733972239,0.00324027850471874,0.00794956770462067
"CETN2",2316.3026432092,1.27125998770979,0.204597866793678,6.21345670720878,5.18315174701072e-10,4.99221575763429e-09
"PPP1R37",1177.08755748554,-1.6072295731088,0.232622819007667,-6.9091655752647,4.87512687769417e-12,6.71494748724821e-11
"DDX42",8227.76336845015,-0.685483632923465,0.168491690656149,-4.06835274934935,4.73466669332823e-05,0.000178141645914527
"SYNE2",6738.60925256367,0.704840782506897,0.219753454036504,3.20741617280706,0.00133933087104429,0.00360305309219246
"BSDC1",2886.67101141273,0.655229523961053,0.18493834755917,3.5429619254677,0.000395659822279267,0.00120357986607371
"NEK2",597.198600458011,-1.34912229813118,0.27559500138062,-4.89530757587265,9.81520917861004e-07,5.26298285266849e-06
"NBR1",11170.5719072722,-0.594330094162502,0.170326650088081,-3.48935468322284,0.000484188235678884,0.00144025586943193
"RCN3",104.719070508603,1.73144472365689,0.47003466438365,3.6836532597597,0.00022991494180353,0.00074056548984304
"GALC",576.033308623019,2.3701978560763,0.305729133915474,7.75260710590832,9.00248277312845e-15,1.87639050110815e-13
"ZNF614",2139.72183325263,-0.78143566766823,0.186596098653629,-4.18784569080823,2.81614877259799e-05,0.000111383019392781
"C11orf58",9319.43895487022,-0.591197573924245,0.186518454472725,-3.16964654031431,0.00152624475394724,0.00406059443992538
"SLC5A3",31339.8231952808,1.86659129708334,0.257178638455368,7.2579562139928,3.92982710461405e-13,6.42728849499065e-12
"PATL1",15067.4517245111,-1.03551241707325,0.169876194924071,-6.09568878992188,1.08967224814199e-09,1.00111065843878e-08
"L3MBTL4",1178.5241713641,-0.709534691834789,0.204882229211604,-3.46313438000509,0.00053392167031066,0.00157001400839298
"DNMT1",4795.10541814223,-1.52803034881339,0.197369881963447,-7.74196312837836,9.7893382043692e-15,2.02965612103922e-13
"LRRN3",1871.92341080587,-1.27538881878246,0.235161611590746,-5.42345670347773,5.8457379734898e-08,3.94996748831918e-07
"PPP1R10",6013.78168914021,-1.2095660549844,0.190680913383003,-6.34340392818895,2.24743145385492e-10,2.30556813556055e-09
"ARL4A",1119.84467008955,-1.00411475848987,0.221593624389243,-4.53133415393795,5.86123416612053e-06,2.66620728926915e-05
"DENND2A",3619.82902716052,-0.639048417230964,0.17621290979704,-3.62656980108333,0.000287211206349974,0.00090585582062506
"GFPT2",5391.73018487307,0.580367088426004,0.192008361250877,3.02261362289166,0.00250601984603243,0.00631878441229171
"JUNB",5295.03268906467,-1.58089552417764,0.232435923169191,-6.80142510943499,1.0358924606543e-11,1.33648221615858e-10
"STAT5A",384.662985937311,-0.823968515622874,0.284088387426571,-2.90039491964749,0.00372692774811446,0.00898690718776101
"EXTL3",7495.21912177637,1.2419815474044,0.193644542270717,6.41371831522162,1.42012501919368e-10,1.50116614282924e-09
"STRIP2",715.194956848791,-0.980058563121066,0.229635420330117,-4.26788934264655,1.9733116574263e-05,8.01946257478131e-05
"WDR41",2847.2280713123,0.945168683093609,0.1857642975402,5.08799966198603,3.61860015638778e-07,2.11305916367875e-06
"C10orf88",620.499151608121,-1.19964801900954,0.247601572542047,-4.84507431311171,1.26564297423648e-06,6.60953100730302e-06
"C7orf43",782.676549149747,-1.8468303963413,0.280625664468627,-6.58111723258928,4.66926227879928e-11,5.39407053869501e-10
"FBXL4",1369.80228612277,1.28154182569088,0.206213255691135,6.21464328951952,5.1441373684161e-10,4.96272778938298e-09
"PRPF3",2924.24123271526,-1.37702313706541,0.212482546620607,-6.48064115837298,9.13336592210131e-11,1.00128124737842e-09
"PXYLP1",691.246619130356,1.41996904705002,0.269797869125117,5.2630847369351,1.41658247814683e-07,8.88597225410785e-07
"WDR44",1395.77953304679,0.706367138729993,0.211913308930882,3.33328351245925,0.000858274354530085,0.00240471463296267
"SLC35E2A",1230.33499962651,1.71143915590762,0.234628666997314,7.29424574503173,3.00336813706143e-13,5.0633102202271e-12
"ARHGAP1",5635.08422172419,0.927932256702785,0.170386693972317,5.44603709990142,5.15043983837412e-08,3.53062053421724e-07
"PDCD11",1647.8016301667,-1.18156690239215,0.217115377758758,-5.44211522274122,5.26515997022438e-08,3.60090628056202e-07
"HACE1",1514.42190030172,0.910803741231894,0.196280886961484,4.64030785336027,3.47890520679957e-06,1.65314442034408e-05
"ADAM32",96.9567150476236,-1.72131941423049,0.499532487046324,-3.44586079757984,0.000569243506509026,0.00166340476845164
"PRDX4",1947.13902091187,0.875432817405766,0.211943241773144,4.13050593206835,3.61965754314043e-05,0.000139657567237459
"SNRNP40",1531.918841887,-1.19080340309591,0.210583389903068,-5.65478314146257,1.56043163641302e-08,1.17459752096364e-07
"ME2",4569.90438421464,-0.546034348229839,0.187509231702196,-2.91203981410929,0.00359076863574107,0.00869940626018614
"AXIN1",1313.94501226637,-1.30292016934708,0.225680060676211,-5.77330653600101,7.7730844006476e-09,6.15286747802099e-08
"PDGFC",900.755806930179,-1.06665770633217,0.259259433933272,-4.11424838105104,3.88443005493534e-05,0.00014885277039308
"JARID2",1891.89819117304,-1.39724825455802,0.212413507116305,-6.57796330151912,4.76935898382721e-11,5.4989545825239e-10
"DOCK4",3414.82146153028,1.33463917200983,0.298240700766576,4.47504035693106,7.63968812698572e-06,3.38275887166419e-05
"MNT",1797.99924581195,0.875719959233722,0.223571352227767,3.91695962164941,8.96727614392921e-05,0.000316438547234862
"DHX9",10554.4824879962,-1.1032156843978,0.16957745471036,-6.50567427304594,7.73456575426689e-11,8.55871704905675e-10
"AK9",882.958887928013,-1.14590718123287,0.227104539817626,-5.04572555948496,4.51803533150874e-07,2.5919486188238e-06
"RND1",118.352305126619,-3.39606571790129,0.493036415031692,-6.88806265493188,5.65573026541294e-12,7.70097538208512e-11
"DHX30",4082.76564333586,-1.14117831529181,0.203503282355972,-5.60766540018572,2.05074000185468e-08,1.50906882577326e-07
"MAD2L1",530.409664779426,-0.973863775378437,0.250330440646641,-3.89031303129895,0.000100114990112638,0.000348808653641262
"ENTPD4",5341.20765165557,1.50323483430212,0.183600685750202,8.18752298315128,2.66657320089741e-16,7.21134143894864e-15
"ZBTB43",3577.41746639606,-0.920846544375574,0.188907638110038,-4.87458608655721,1.09036829779115e-06,5.79405240256105e-06
"NRP1",5564.12971922704,1.13254084969148,0.178508802937366,6.34445378074078,2.23215986061265e-10,2.29388393328002e-09
"ATP6V1C1",9950.88408767732,-0.527502581310016,0.175285438086621,-3.00939192136052,0.00261771195645483,0.00657935344563656
"IFITM3",3998.53619127343,1.28445558842049,0.177192959713872,7.24890870661342,4.20142942760268e-13,6.8391863602491e-12
"ZNF410",2389.90261705087,-1.77837487631437,0.218960047139787,-8.12191493171826,4.58884940087594e-16,1.18927680306035e-14
"MAP4",37229.6525991981,0.534891950799794,0.166563123666291,3.21134677968366,0.00132114401716782,0.00356009135075805
"COL4A3BP",4038.90187197533,0.757332171936268,0.181704527500745,4.16793231491253,3.0737517027125e-05,0.000120642967860034
"PRR14L",4595.34154572904,0.752543476021549,0.182839162408928,4.11587685103509,3.85710219697847e-05,0.000147997512220427
"GHDC",400.252675218639,1.09947637869046,0.27147238313942,4.05004872309904,5.12069700686942e-05,0.000191190963570025
"SF1",10332.0567768356,-0.946385253768659,0.174436304342967,-5.42539156245783,5.78276285629028e-08,3.9118884622575e-07
"CPVL",502.785019714315,1.22703419338611,0.288435178665074,4.25410728006559,2.09884664640533e-05,8.47715983158516e-05
"TOX",797.230855585111,3.00413012107039,0.297488850402032,10.0982948336065,5.62110508973988e-24,3.69056777503032e-22
"CASZ1",95.8618915755946,-1.67276619976616,0.550720411539383,-3.03741456593267,0.00238617034584481,0.00606055472752932
"CREB5",9610.86230744743,-0.912713528578498,0.19941765991454,-4.57689418765438,4.719300100459e-06,2.18537918463776e-05
"SRD5A3",714.871342748131,1.05342305752971,0.304268129130884,3.46215379355938,0.000535870848531349,0.00157496187215705
"NCAPG",1992.59581718816,-2.2496240136312,0.205177207754057,-10.9642978294538,5.67392644148949e-28,5.93402324650644e-26
"IFI35",1058.72364599248,0.948814266864652,0.222784007503942,4.2588975640357,2.05437580442359e-05,8.32029241147293e-05
"ZNF431",2309.37944183064,-1.1468167848055,0.184578637417753,-6.21316096407156,5.19292053486066e-10,4.99755170040581e-09
"ANXA11",3588.94505903343,1.13190040308122,0.201620650398994,5.61401027544185,1.97690467211497e-08,1.46019121344092e-07
"ACSS2",1629.06271809572,0.624446565310367,0.208926874972052,2.98882834194451,0.00280049419836669,0.00698970230967214
"LRIG3",1541.58657017194,1.11199239518226,0.2221531861104,5.00552080594356,5.57111945963493e-07,3.14569946363907e-06
"PLEKHA6",316.344636016767,1.09107777917275,0.310026932754115,3.51929998300531,0.000432687160253651,0.00130322361435633
"EVI5",2398.17502700243,1.38710109697774,0.206843159192041,6.70605255883714,1.99959726404756e-11,2.46930412398266e-10
"ITPA",498.414749892946,-0.941349101968991,0.254463907969408,-3.69934231333963,0.000216158891937215,0.000700648871342295
"SEC61A2",1290.19445943562,-1.21745871394972,0.216031917681733,-5.63555018635409,1.74500314800514e-08,1.29700925805816e-07
"PLEKHB1",506.528674902856,2.17127120706339,0.309140431067464,7.0235756596637,2.16260953481099e-12,3.16308409435598e-11
"MOB2",597.127857695866,-1.14059136435144,0.251814386200113,-4.52949246293273,5.91255433170149e-06,2.68645009965583e-05
"IPO13",2984.30814087257,-1.00640109442741,0.192635980771904,-5.22436717374758,1.7475171519109e-07,1.07619373117681e-06
"PSKH1",2457.60464489476,-0.69162481662666,0.20163078082336,-3.43015492873859,0.000603236708081167,0.00175031952273588
"BMPR1A",2756.15981498211,0.675595004290424,0.183064215452234,3.69048097478507,0.000223830429998702,0.000723135052412428
"EIF3J",2831.86560789927,-1.39135647192409,0.205090259483555,-6.78411776077382,1.16798032202637e-11,1.49223691304947e-10
"AMBRA1",2773.61618173853,-1.21093670033975,0.228310706841151,-5.30389799538518,1.13355669996658e-07,7.22962965358845e-07
"ASB1",2018.39539408543,-1.32336735063964,0.22371059372394,-5.91553278103891,3.30803013772046e-09,2.78269092064474e-08
"TMEM117",245.090256782857,1.45456779006542,0.365432294333964,3.9804029709977,6.87985425359777e-05,0.000249865143113148
"NAA60",4196.00729167755,-1.18925156260992,0.191666583028709,-6.2047934690409,5.4768780536389e-10,5.24945213608309e-09
"QSOX1",3007.9016535583,1.12725383397713,0.204055910002482,5.52424006716305,3.30914742161578e-08,2.34457459404408e-07
"VKORC1",3608.269880045,1.26126152759599,0.19429946026152,6.49132800419713,8.5083008746777e-11,9.38852471866863e-10
"EBPL",1040.5398652099,0.676798759910481,0.212181752111838,3.18971237240869,0.00142414457179666,0.0038107824200734
"RNF170",970.22673724891,1.61069414040598,0.230882146115897,6.97626112500468,3.03139069585144e-12,4.36357798338275e-11
"HIST1H4L",168.672846299471,-2.55720492880602,0.417334756847055,-6.12746694793789,8.92891397621333e-10,8.29574727758562e-09
"CDK11B",564.418679782475,-0.963330405271701,0.308200101934903,-3.12566543367066,0.00177403255316796,0.00464764280943005
"CD164",17333.7170478113,1.35402106472799,0.195970408701773,6.90931387905884,4.87003350330136e-12,6.71494748724821e-11
"DEDD",1390.72540931685,-0.746418507132056,0.207180951093667,-3.60273713964465,0.000314883911912663,0.000982910214205982
"PON2",3829.65107871884,1.18954696491551,0.213862566180228,5.56220280230365,2.66390454588863e-08,1.91613048833304e-07
"FAM214A",3171.46451379892,-0.847283784049789,0.190448026765471,-4.44889767796431,8.6312120048219e-06,3.77511707894098e-05
"FAM118A",468.001789445277,1.04094364650189,0.300520238483047,3.46380547199188,0.000532591505162283,0.00156759509983967
"XYLB",818.219750593332,1.17233453227286,0.242499384084098,4.83438148389812,1.3356024607249e-06,6.94419264445526e-06
"MIS18A",391.983692458946,-1.5443255032789,0.278218810235681,-5.55075877856962,2.84432331952182e-08,2.03846046028556e-07
"ZFAT",869.671231728727,-0.733098539844231,0.230177034282201,-3.18493346710446,0.00144787291973451,0.00386775817482424
"C17orf100",287.335395146166,2.1274144594319,0.308089769512299,6.90517722415633,5.01407911231555e-12,6.88227490700873e-11
"MAML2",4250.94088422105,1.19539783995073,0.199563103843541,5.99007440216972,2.09745061229924e-09,1.8320525747341e-08
"C20orf194",2080.7384696014,1.22800078534905,0.206999541594,5.93238408110872,2.98567176093252e-09,2.53299848318023e-08
"SOX4",2303.4822271104,2.06137427858567,0.260456522889418,7.91446593741433,2.48316692844182e-15,5.6326423724233e-14
"TTK",1292.25805133963,-0.997046509057055,0.245258999753981,-4.06528001034494,4.7974828203003e-05,0.000180332862500983
"C16orf58",2677.21394326412,0.590489114521662,0.19786312039612,2.98433135664448,0.00284198817355127,0.00707682600822354
"TPX2",12077.8430035938,-2.05234023332661,0.188624776988457,-10.8805442534848,1.42708328677979e-27,1.4520229513479e-25
"LANCL1",4655.40931627007,1.60685474906676,0.19777487127193,8.12466588264095,4.48596420642918e-16,1.16516758223253e-14
"PISD",859.577974661653,-0.899289671618373,0.222418041424564,-4.04324067354661,5.27174578490001e-05,0.000196410755630354
"H2AFX",1417.67494458032,-1.23228509204208,0.210143528595491,-5.86401637146833,4.51802903740009e-09,3.70021255467736e-08
"FAM207A",197.964155173032,-1.173144748307,0.353094267569529,-3.32246897232903,0.000892245938700977,0.00249221519819621
"HDGF",4644.82884621438,-0.84204825026067,0.190798088574666,-4.41329499970934,1.01809119578771e-05,4.38956649099568e-05
"ZNF14",767.148473206227,-0.757920986590081,0.229448355502622,-3.30323128675211,0.000955775218043848,0.00265460670431074
"CSTF3",1252.90705298937,-1.04355247550957,0.213490992068959,-4.88803984372555,1.01844921513346e-06,5.448634144159e-06
"GDAP1",853.986156086056,-2.13324598030824,0.301666585703223,-7.07153553428986,1.53228553478478e-12,2.30682171338682e-11
"POMGNT2",959.080097795555,1.0945443169179,0.221219382645725,4.94777764871887,7.50655865414879e-07,4.11086701458436e-06
"CLCN5",670.637098859485,-0.747024709133706,0.260704948401187,-2.86540287675761,0.0041647900740044,0.00992328409164999
"DCN",1594.51651004394,3.76457108118592,0.305814297656169,12.3099904420377,8.00326659528261e-35,1.71968372041909e-32
"ABCA1",593.474510056627,1.07777411809142,0.253058712364257,4.25898839056786,2.05354134182463e-05,8.31976399646329e-05
"PPFIA4",555.369807168956,1.76820765870945,0.265250411834955,6.66618251967002,2.62542724765891e-11,3.17252548188477e-10
"TMEM265",638.113092834371,-0.989609175749148,0.239404409636823,-4.1336296906577,3.57078648312102e-05,0.000137907041364458
"AGMO",184.11598895331,1.55307033522833,0.414844955383063,3.74373682281912,0.000181303555722011,0.000597502906169193
"EPHX2",151.931249116468,1.57933137899447,0.39271748656049,4.02154585176897,5.7817450310626e-05,0.000213660609059093
"MFSD6",3083.53868935125,0.841455186494555,0.216213817155078,3.89177341932327,9.95141589655808e-05,0.000346919861550216
"ZNF713",524.357959563592,1.96708071298,0.273646402701322,7.18840333204387,6.55533735897044e-13,1.03987888467534e-11
"OBSCN",139.677272837568,1.76728508157203,0.512085718547159,3.45115088658595,0.000558201404449172,0.00163311657913137
"CTDSP1",1874.74161957477,0.882940111754977,0.198637667839033,4.44497824285005,8.79007626865618e-06,3.83608276746598e-05
"HIST1H2BI",202.244300243994,-1.19114301556177,0.38294851919778,-3.1104520734459,0.00186801206946338,0.00487332596841461
"EIF3G",1008.87235444598,-0.746821287736016,0.249503008650227,-2.99323559974769,0.00276036569395969,0.00690967701291184
"ZNF7",1863.77710035787,-0.644640226688172,0.220394179131716,-2.92494216148472,0.00344520250235084,0.00839492848923344
"TRIM23",1055.91075745531,-0.702788049474731,0.217582246504947,-3.22998801953611,0.00123795405440474,0.00335861823116511
"ZNF514",1251.75872988919,1.32242279242819,0.236508185406052,5.59144619099662,2.25186082201551e-08,1.63970987027599e-07
"TFIP11",1029.49143121158,-0.853125031068963,0.225054770378365,-3.79074404703654,0.000150196671950082,0.000502982224172873
"RBM10",2507.32635546368,-1.15200968901352,0.202982315808089,-5.67541898626627,1.3834960784691e-08,1.05213363290527e-07
"TMEM263",10908.4523462881,1.03930119681794,0.183200744680299,5.67301840738478,1.40303147215815e-08,1.06425070205167e-07
"GDF9",178.792553329486,-1.15435678545222,0.366176964243442,-3.15245604768512,0.00161903193353851,0.00428334886737364
"FKBP9",12546.8107285585,1.65272728343289,0.173727000378059,9.51335877460773,1.84603768803178e-21,9.40365232636191e-20
"RAB3IP",533.440413495459,-1.26706051593371,0.273932970492742,-4.6254399886752,3.73804027997775e-06,1.76167449598659e-05
"C12orf4",3122.98001636738,-1.32550218760285,0.233057331765032,-5.68745114158958,1.28949478470286e-08,9.87637677616225e-08
"PER1",15393.6577956642,-2.63797878285403,0.239549331866939,-11.0122569004673,3.33542029396637e-28,3.58345427582678e-26
"ZSCAN31",418.849465224217,-0.962030440695537,0.296512400497542,-3.24448636576841,0.00117662650137051,0.00320547994310666
"ATL3",8903.4824506743,1.57913736101744,0.212201777926006,7.44167827645668,9.94141019808191e-14,1.76939135121886e-12
"ZC3HC1",1999.12773498489,-1.16938201216035,0.236630044282446,-4.94181546433115,7.73984565566887e-07,4.22491898192585e-06
"SERTAD1",554.973257767608,-2.91104964760792,0.339290450890313,-8.57981602479293,9.50250012154333e-18,3.08517984715382e-16
"CCNL1",11299.38866418,-1.71421974851261,0.184894491420126,-9.27134029438157,1.83821299451232e-20,8.3553850650564e-19
"ZNF281",2821.63262181824,-0.993411789994237,0.183036293256945,-5.42740334344344,5.71798136580894e-08,3.87249878401892e-07
"RAB11B",2159.21110461165,0.721911905775912,0.18790014745471,3.84199754792591,0.000122037055777505,0.000417071696118726
"DHX34",2126.89241674146,-1.19142302810392,0.229796293497358,-5.18469210260615,2.16372020937628e-07,1.3079716334736e-06
"IMPG2",133.689092951592,-2.37532356295575,0.432181758872069,-5.49612174552438,3.88234531444633e-08,2.71649241717743e-07
"ZNF454",186.480857498452,1.2860145850546,0.363274107684092,3.54006673707924,0.000400025861585451,0.00121592223050845
"ANKRD33B",2695.72160529671,-1.45977140942506,0.19374062955203,-7.53466845235489,4.8957712927613e-14,9.16929083008765e-13
"NAV1",5160.67638107512,0.915951893328162,0.207892281653248,4.40589658280779,1.0534721869141e-05,4.53054377909419e-05
"SLC25A36",9391.33397730673,1.10636335362461,0.187093116746673,5.91343697118823,3.35041770398678e-09,2.80817279615005e-08
"PHF19",265.649737261027,-0.927989409598273,0.320957587048091,-2.89131476259269,0.00383633674867058,0.00922437999914322
"NSUN2",1872.04651821614,-1.45807303043455,0.197675989549037,-7.37607553532872,1.63023545915926e-13,2.80847269042917e-12
"NOL3",251.592955062132,1.23027328337412,0.331468620096692,3.71158296376664,0.000205967136186275,0.000670371692495013
"SAP130",8990.7958555733,-1.2421927824674,0.18381702550811,-6.75776783480046,1.40133836774479e-11,1.78075449785032e-10
"HIST1H2AC",3303.84383581807,-1.20845776883102,0.214452414799434,-5.63508585324734,1.7497114719466e-08,1.29969140009207e-07
"SMIM30",1683.36085717886,0.757612747910308,0.253941628976521,2.98341296369472,0.00285053096429911,0.00709660310429468
"ZNF764",1504.16880293618,-1.44578935458953,0.227339154451028,-6.35961437474676,2.02260879159911e-10,2.08397477760404e-09
"CDC27",10059.6931434943,-0.525164460607578,0.179131275581453,-2.93172958715844,0.00337080110632584,0.00823314584516669
"DNAH10",47.9912685597376,-2.71247565086905,0.714845910371585,-3.79448998940076,0.000147947250508621,0.00049618743787335
"FAT4",7756.42774479024,2.91145562271301,0.257546243364381,11.3045936321184,1.24529315463748e-29,1.56562494696869e-27
"SNAI2",3663.25301210384,1.90450405902618,0.249989602381455,7.61833308619022,2.5697249600118e-14,5.06995151542896e-13
"ZNF836",342.448712743507,0.864355983957247,0.29006832321982,2.97983583440864,0.00288402899686881,0.0071739538381384
"EFNA3",254.487804483483,2.08387196878731,0.356724719974788,5.84168085950027,5.16767338872902e-09,4.21473872380949e-08
"POLR2D",1766.4603474874,-0.582837305649206,0.195806120259894,-2.97660412695785,0.00291460088335614,0.00723933443453192
"ST6GALNAC2",226.74935755825,2.19133658743715,0.352187646037184,6.22207113762812,4.90634470155184e-10,4.75732814796474e-09
"UCN2",133.745785113023,-1.57623499716753,0.438833692787175,-3.5918732382565,0.000328309545421048,0.00102077406150643
"SLC17A5",953.147322886961,1.31735701747679,0.227926813082777,5.77973692370436,7.48175242234603e-09,5.94615669988469e-08
"SUPT7L",3654.83881059705,-0.644420539062509,0.199783962560258,-3.22558693302593,0.00125714650447713,0.00340677766335948
"SMO",3770.65442666021,0.888167914598019,0.179643493154529,4.94405836249254,7.65127811816256e-07,4.18043480353422e-06
"FRMD6",8440.36724961934,-1.88026108547904,0.168889442221752,-11.1330883727489,8.65826997483498e-29,9.83879178486537e-27
"SOCS3",2372.4225633229,1.11168481771998,0.204334469634837,5.44051534577915,5.31266630940469e-08,3.62291347054499e-07
"HLX",71.3143210134531,-1.92431979034222,0.556074030452087,-3.46054605135534,0.000539081019840936,0.00158315353699772
"GSTM3",2977.32190115544,0.616838653147544,0.183208830999048,3.36686091922474,0.000760290218147937,0.00215109164425959
"URGCP",7308.36151362421,-1.5352762358602,0.179787242489722,-8.53940588108171,1.34913698598141e-17,4.3092164595482e-16
"MR1",900.996679690326,1.03718631975085,0.220952125153406,4.69416765749926,2.67694423512794e-06,1.30512074961807e-05
"SEPT6",946.254987209265,1.2498015173422,0.234146647604205,5.33768700141644,9.41397891086409e-08,6.12297208412723e-07
"DDIT3",2913.33853292153,-1.86133401529841,0.224841502752364,-8.27842721434061,1.24812749537238e-16,3.56289148316686e-15
"DTYMK",810.7028354392,-0.945869127388322,0.223874882632677,-4.22498994199477,2.38951450055078e-05,9.58238288683715e-05
"AGL",1740.14825233344,0.681746843202705,0.19796902497983,3.44370460617344,0.000573802243125539,0.00167436911339694
"ANKRD36",2456.2499242817,1.40646893517752,0.224067398659918,6.27699051084274,3.45189142009762e-10,3.419484727805e-09
"ADCY1",1553.99127014427,-0.741582965823306,0.195057696351508,-3.80186467744867,0.000143611163087945,0.000483118908446723
"EXOC3",2762.58406891097,-0.645122372182278,0.210554626767525,-3.06391924075153,0.0021845787409386,0.00559422569023019
"FKTN",5337.76051582966,0.557093847749814,0.192038368485226,2.90095074304213,0.00372032353422239,0.00897464452489084
"INVS",2667.58231110427,0.557876347881679,0.185075660513848,3.01431504462975,0.00257560198704548,0.00647764721917504
"SLC35E2B",2728.3217037034,1.16138457497209,0.192073207031045,6.04657251744838,1.47959651760239e-09,1.33073604604452e-08
"DCAF16",4093.5330766651,0.982151124783347,0.196752089752889,4.99182054948886,5.98128144273529e-07,3.35804199953661e-06
"PSMD14",2069.27349787075,-1.16975765671562,0.216684227037906,-5.39844396016414,6.72213578203769e-08,4.49588006067467e-07
"DTL",1431.60265580778,-2.9295845717789,0.218907992966601,-13.3827208960153,7.63021555372282e-41,3.33977360792208e-38
"NIT2",1186.80340056097,0.697054586332603,0.208515132431514,3.34294484148074,0.000828943750894658,0.00232860880629262
"C12orf66",2044.90308085379,-1.35562386511731,0.218742332325151,-6.19735490020393,5.74199310100958e-10,5.49020019965463e-09
"ABCD1",689.126598975145,0.721016641734187,0.245649101865997,2.93514869892546,0.00333387880177285,0.00815730428143924
"ATXN7L3B",3664.31670709572,0.750962448961116,0.18153797891401,4.13666855527144,3.52384531216999e-05,0.000136272264068144
"KCMF1",5101.02951703689,-0.987247340777774,0.181778065178933,-5.43105869130018,5.60207046649782e-08,3.80271503578813e-07
"KLHDC9",43.0976510448585,2.09212159581605,0.696153155968779,3.00526052044484,0.00265353461816743,0.00665947592217089
"BBS2",1610.77772398246,1.05667710483216,0.201816829663197,5.23582253569039,1.64251716698471e-07,1.01736204818791e-06
"ZFAND2A",4358.16742797149,-1.19240621252837,0.208063805907002,-5.73096414982112,9.98613730452057e-09,7.8053022926471e-08
"ZNF416",652.974295059613,-1.16168317547867,0.244787819499754,-4.74567393856716,2.07813244030082e-06,1.0358232467092e-05
"RTL8B",1438.90976525162,1.14556600700441,0.219104721439601,5.22839489481379,1.70987993201525e-07,1.05411377342494e-06
"RTL5",8745.18294386553,2.06295457632638,0.190248634449941,10.843465879747,2.14199195672222e-27,2.10668653707774e-25
"DAPK1",718.876450026941,1.68600632648734,0.232627555790206,7.24766384945323,4.24021359057328e-13,6.89282588905021e-12
"ZNF404",275.27483629099,1.21309240051847,0.335116701101144,3.61991030746134,0.000294705152693206,0.00092726983347399
"PI4K2B",1042.95959297528,-1.02868886170112,0.212814029614774,-4.83374551745109,1.33987849130504e-06,6.95724253525616e-06
"SQSTM1",107619.091987995,-0.997191999242176,0.186810976871334,-5.33797326015265,9.39913165545022e-08,6.11668160264926e-07
"GPCPD1",5427.63748699987,-0.657591270328452,0.192284418663696,-3.4198884906976,0.000626468096835968,0.0018110567437396
"SHISA5",12187.1290147427,0.514253043124559,0.165375840936403,3.10960198426033,0.00187339598614246,0.00488629303999814
"RECQL4",773.431233201419,-1.72234875086896,0.328612772324535,-5.24127147793263,1.59473888688074e-07,9.90884551270065e-07
"PLEKHA1",1490.595261374,0.831821980143343,0.213982861406665,3.88732992294416,0.000101352954925722,0.000352394592913263
"CEBPG",4894.93088645664,-1.41492951622656,0.190798106418817,-7.41584674389103,1.20850182749326e-13,2.11273292859694e-12
"ZBTB6",3804.28497639549,-0.709492401050998,0.189242625808082,-3.74911517963463,0.000177459574333087,0.000586142327967699
"TMSB10",17862.9068767062,1.12353890060853,0.20039056291568,5.60674556855898,2.06166385928387e-08,1.51613786851311e-07
"FAM171B",5765.93668479416,1.40606581611314,0.205969247522707,6.82658131262113,8.69620145200848e-12,1.14317807296814e-10
"TRIB2",13149.4788100393,1.58876294810865,0.23763638706851,6.68568886990616,2.29840877557872e-11,2.80026751647313e-10
"PPP2CB",6566.79675910249,-0.54845835477482,0.180640321997628,-3.03619008596554,0.0023958826785785,0.00607999602650649
"CCT6A",10253.119244828,-1.12394743048516,0.188366025330978,-5.96682670619752,2.41912094400518e-09,2.08985170440448e-08
"BET1L",3646.32241082284,0.595959226265518,0.178892783472622,3.33137656364279,0.000864176159330647,0.00241952946007334
"RAD18",4619.17140551204,-1.34406039778532,0.180059979668396,-7.46451488143334,8.36070653971127e-14,1.51777004433653e-12
"ZDHHC7",4085.54211285981,0.562279055520094,0.178625463412298,3.14781019894269,0.00164498466029317,0.00434131949873708
"KIAA1143",4859.13959529505,0.669138051440444,0.231161021089463,2.89468375025682,0.00379540699118072,0.00913711953998243
"PPM1K",925.351312555757,1.60863712780353,0.224780133561957,7.15649155604819,8.27679759365077e-13,1.29728373954595e-11
"NSMF",5874.8567866455,0.684283720173447,0.220238226369406,3.10701612274018,0.00188986091314963,0.00492597623987699
"MAD2L1BP",778.405461303081,-2.11489375683947,0.272110809279485,-7.77217840937462,7.7147682180424e-15,1.62518949734091e-13
"FBN2",2031.53849643562,0.795640259832828,0.224534056453081,3.54351706107036,0.000394827763210527,0.00120135800865654
"PPP1R13B",441.637838807869,-1.6018704175675,0.282329287215218,-5.67376637885394,1.3969160790645e-08,1.060292499832e-07
"ZHX2",161.505672270162,-2.0416266795752,0.439287330259012,-4.64758835264248,3.35838263205289e-06,1.60102323298108e-05
"CDT1",398.90831964285,-1.63749229276163,0.274498764715889,-5.96539038875626,2.44049834559139e-09,2.10370601372714e-08
"NSRP1",1032.5077513414,-1.09240223257062,0.219240681601296,-4.98266208895131,6.27154166579909e-07,3.50933141128853e-06
"SUZ12",6835.54675868581,-0.573802282018384,0.175143660291048,-3.2761807139628,0.00105221210370286,0.00289793582884184
"SPAG5",1794.68791559811,-1.33608424411161,0.241647063164518,-5.52907296540153,3.21927435031714e-08,2.28363651092725e-07
"EGLN3",137.005706138095,2.63552780242345,0.565474147117714,4.66073969226893,3.15074999534444e-06,1.51057052515134e-05
"VAMP2",4994.4421151802,0.718672366423573,0.221432142318766,3.24556479875896,0.0011721788422109,0.00319483615250195
"PLCE1",515.867676495736,0.764871244840686,0.258320471637527,2.96093933241941,0.00306702346874534,0.00757335632127715
"TSC22D2",4014.34704555541,-1.31080134949095,0.199223054510483,-6.5795665703036,4.71821628748956e-11,5.44530078960465e-10
"PPTC7",6230.42409523993,-1.2265949139128,0.17854965804772,-6.86976904534297,6.43059285320197e-12,8.66553550047216e-11
"NOTCH2NLA",1165.73390289633,-0.783035211747916,0.218883052295362,-3.57741361670744,0.000347010843675009,0.00107215010471928
"RSAD2",251.741040752306,2.12852880614545,0.382705762537254,5.56178927652874,2.67022603121433e-08,1.91950919932427e-07
"P2RX4",201.826657039117,1.40393131607422,0.348700304777793,4.02618322048461,5.66895229501119e-05,0.000209820476737996
"DNASE2",1205.35064437316,2.16029169181653,0.224069994820639,9.64114670304597,5.35859900372859e-22,2.91833746663891e-20
"ESCO2",1646.55212977577,-2.98590584481214,0.210617093065395,-14.176939778981,1.27276963279121e-45,9.40099470020408e-43
"KDM2A",7553.81240659195,-0.799727518900737,0.169628676554516,-4.71457736477544,2.42212963922967e-06,1.19618587866345e-05
"CEP97",2678.79504195153,0.630962368330057,0.212301523114459,2.97201055872728,0.00295856509162634,0.00733312127786076
"ATIC",2801.68601053476,-0.782370827603002,0.187776654367802,-4.16649678969441,3.0931624664296e-05,0.000121283988149519
"POU3F3",423.539748713692,1.04232792535544,0.282979486031971,3.68340454628459,0.000230139486077816,0.000740884894161708
"SELENON",17555.1328903653,1.34813972865655,0.177308361402651,7.60336240204177,2.88534013832395e-14,5.6268893984674e-13
"YIPF2",1225.0041120231,0.84069185515893,0.216684968178001,3.8797885346081,0.000104547317142912,0.000362222279095553
"PLEKHA2",5393.47164442225,1.132658488427,0.179851816670678,6.297731707103,3.02032684510197e-10,3.03522301491624e-09
"ZNF592",3365.52472882814,-0.671016801774774,0.186486690328038,-3.59820210543941,0.000320424585351946,0.000998359543814736
"COQ7",843.200397426568,0.842750731112046,0.244575768221604,3.44576544618455,0.000569444388747922,0.00166340476845164
"COTL1",8331.27729518238,-1.11941153119186,0.191765019437626,-5.83741255039461,5.30177053451946e-09,4.31814777236051e-08
"MYB",45.3191881961704,-8.65753080814379,1.5978471279874,-5.41824725062937,6.01861460730138e-08,4.05750070901812e-07
"PDZD11",1825.33399177927,0.920290573819202,0.231819118648116,3.96986486354532,7.1913406727256e-05,0.000259899890123153
"LSS",1052.20047845716,1.00497726482172,0.29672188202169,3.38693344075062,0.000706785326829315,0.00201417627018781
"HIST1H2BB",190.577863140791,-1.64471205259146,0.360537966572361,-4.56182761618079,5.07102740564068e-06,2.33097634694133e-05
"PRKRA",3198.46635437881,-0.625469588216108,0.202006253495397,-3.09628824550405,0.00195959769041199,0.00508643213382141
"EXD2",1378.98385784478,0.662544698305822,0.221185632293277,2.99542375983687,0.00274063803915156,0.00686350081515006
"TRPM4",1116.06730950852,-1.48010248408028,0.241400461372778,-6.13131588756434,8.71551569963062e-10,8.123025594498e-09
"ZNF283",225.936263532053,1.1969334954892,0.337124225506737,3.55042267784246,0.000384613098388663,0.00117583731885286
"ACAP2",8890.76956462303,0.592894422606831,0.184380611828705,3.21560068993397,0.0013017182021016,0.00351868840632131
"LRRC6",230.583174982979,0.983640801371187,0.330924488958063,2.97240256974709,0.00295478974304296,0.0073265544715399
"STK10",1807.30553880057,-1.31420898128173,0.197684269317338,-6.6480200261765,2.97061896543229e-11,3.56776168023158e-10
"OVGP1",93.340642872774,-3.07672363124029,0.591656791611439,-5.20018307042587,1.99092330335834e-07,1.21469961791889e-06
"BSN",1355.03303847013,-1.3348206822961,0.209797717737541,-6.36241755482762,1.98602647533777e-10,2.05524175880401e-09
"EXT2",4486.90278604611,0.540695625975234,0.173038787205927,3.12470767222711,0.00177981838544812,0.0046617672161405
"ST8SIA1",2339.91347439331,1.35206836140541,0.284270405277907,4.75627549087851,1.97197319414624e-06,9.86236953382155e-06
"ERLEC1",3329.14775272907,0.709400836108813,0.185216937396884,3.83010779726209,0.00012808713518926,0.00043485600794791
"TRAF3IP2",1508.40066505612,-0.694372011183855,0.203893778098482,-3.40555762740572,0.000660290763011245,0.00189907915241346
"CMPK1",3898.0152151544,2.05251259070998,0.200525343557314,10.2356767194533,1.37232378722809e-24,1.00111867391738e-22
"USP12",3399.99787925928,-0.595967967679209,0.182439591756286,-3.26665918259311,0.00108824607104066,0.00299020973437771
"RAB35",1623.57694271952,-0.862640502966262,0.228989621362794,-3.76715982948222,0.000165115298658178,0.000548589945986939
"TBRG4",3572.16649471938,-1.34899238316583,0.206814987217011,-6.52270128639341,6.90523004460274e-11,7.73516669830476e-10
"SDC3",3944.17461137657,1.04657014730071,0.228368578216219,4.58281150355903,4.58765558099967e-06,2.13116798963263e-05
"ZNF248",948.674476719868,1.63095033861502,0.284481702918027,5.73305882904172,9.86354026500459e-09,7.71968999018704e-08
"PRC1",1275.45547227493,-1.56049638506007,0.220981450997669,-7.06166231606713,1.64522412223092e-12,2.46117198437025e-11
"ERF",3818.67779156323,-1.42792252675508,0.196636357603197,-7.26174215267229,3.82136134871588e-13,6.27959145557314e-12
"NVL",1016.81042108719,-1.04988135022765,0.237473926992007,-4.42103839998815,9.82277140003854e-06,4.25533403246538e-05
"TRIM28",7653.97239647627,-0.628697097941747,0.169965792916164,-3.69896252154605,0.000216482561423076,0.000701505596626794
"STK32A",1381.88163394956,-1.23919914713401,0.308019727471844,-4.0231161728019,5.74331487891097e-05,0.000212373264202033
"SLC22A23",1957.74603650814,0.853020768628143,0.205186676180526,4.15729122624729,3.2204334952908e-05,0.000125815150569741
"THUMPD2",1231.71647329783,-2.48827993739892,0.265775028303314,-9.36235414321616,7.79795228906521e-21,3.64253755542184e-19
"CEBPZOS",2816.5012373486,1.01713601782844,0.206221951252389,4.93223932588825,8.12922275580511e-07,4.41300663886563e-06
"IKZF4",1150.74551311218,0.823928776127681,0.205747491599767,4.00456292186754,6.21322521376179e-05,0.000227895392849897
"WARS",7920.69129820065,-1.08398649891715,0.191732078799007,-5.65365225113683,1.57073847261954e-08,1.18160326348935e-07
"UTP3",1327.82553292332,-1.49388439301808,0.217861812400977,-6.85702728970498,7.0308204300624e-12,9.37813045626157e-11
"ZNF551",550.036202683604,-0.741547854797426,0.255067190069009,-2.90726476657699,0.00364604451990635,0.0088242789547928
"COL12A1",16794.7731358126,1.66392096818553,0.192489982300029,8.64419513318895,5.41858850564914e-18,1.80385574534539e-16
"HES1",348.779503818298,-2.31453996746784,0.310990338169414,-7.44248191468568,9.88109903192638e-14,1.76334429326986e-12
"RNF114",6951.69736553715,-0.78375473089347,0.184073506800194,-4.25783560338323,2.06415648244065e-05,8.35131849006629e-05
"NFKBIA",7639.68490640354,-1.70651019315028,0.197933124317606,-8.62165036313979,6.59959517931703e-18,2.17253525986542e-16
"NXF1",4768.54504718966,-1.33881191793767,0.211356017483812,-6.33439224430984,2.38278627361807e-10,2.43175891032973e-09
"SURF6",225.545559007751,-2.04232351588438,0.401408776094364,-5.0878895468002,3.6207013085543e-07,2.11305916367875e-06
"SARNP",1132.81881214194,-1.12577354384207,0.227539575408607,-4.94759446492084,7.51362427156632e-07,4.11283055309731e-06
"ZNF778",553.076563378918,-0.972195482683334,0.254432376898319,-3.82103682925487,0.000132891802948094,0.000450004391759476
"TUFT1",1112.94843561017,-2.53258483743062,0.238871535452752,-10.6022880986234,2.90777540484264e-26,2.58376614544589e-24
"TARBP1",822.421498148577,0.668699550847683,0.227066196456893,2.94495420842895,0.00323002463260727,0.00793275791939998
"RETSAT",1933.69505389422,0.685756432983069,0.202851536920668,3.3805828804307,0.000723322568190917,0.00205542924229588
"PPP1R15A",28414.8960595535,-4.42411046947899,0.243867425101744,-18.1414572595467,1.5000061043302e-73,5.90902404699144e-70
"JPT1",1622.98076561145,-0.758371683899672,0.217252052086026,-3.49074577946623,0.000481674345011311,0.00143349972534467
"C19orf70",759.296857185878,0.906643424783421,0.244206160270518,3.71261488153735,0.000205128900297622,0.000668011392592256
"MLH3",1702.30756845673,0.563678047270014,0.195863695537757,2.87790979192136,0.0040031959461286,0.00957823535841957
"PAQR8",909.146463178133,1.0687844722305,0.22309638729091,4.79068480314225,1.66213055041685e-06,8.43774005361954e-06
"ALMS1",5739.23857821756,0.604187867864167,0.174046226444975,3.47142181824425,0.000517710060136317,0.00152995686188822
"HLTF",3779.67398156374,0.599080476727714,0.183892723959893,3.25777150844953,0.00112290781397251,0.00307544021912565
"MARK2",2171.46360299578,-1.4418324951147,0.18921994434588,-7.61987590736807,2.53919704182769e-14,5.01809876928422e-13
"WDR20",1279.83457211253,-0.953892082271585,0.217712360856017,-4.38143281585392,1.17901400054896e-05,5.01749638404306e-05
"CHD2",11255.8868345296,-0.760819532612432,0.209798286598861,-3.62643348974119,0.000287362791633385,0.00090585582062506
"HIST1H2AL",108.298525399999,-3.7317048862931,0.582354612982482,-6.40795969174431,1.47479884470085e-10,1.55478793458293e-09
"GPRC5B",1187.17059860398,2.55766790611063,0.265723301746454,9.62530530555835,6.25209812660208e-22,3.37384911690335e-20
"GDPD5",95.9626215363551,1.56334810230677,0.499019566229359,3.13283928748441,0.00173124207464963,0.00454965951483419
"MRPS2",714.956383487402,-0.830473738816148,0.241583153293392,-3.43763100818365,0.000586826770281362,0.00170731629029668
"TCF7L2",2198.98659049586,0.778502832629956,0.206425656259757,3.77134725758276,0.000162368532808569,0.000540527132600471
"MPI",649.927967136116,1.616573899292,0.254840773429524,6.34346646157493,2.24651896566964e-10,2.30556813556055e-09
"NUDT15",693.994700502638,-0.904829262344417,0.25654126566674,-3.5270320351496,0.000420245913583369,0.00127052090220728
"PLA2G16",715.153402150629,0.931432079656909,0.229987878636627,4.04991813124439,5.12355543769055e-05,0.000191190963570025
"SNRPC",2684.72870950275,-0.627854670389059,0.20556108490513,-3.05434596572024,0.00225551807533876,0.00576192089162643
"EYA1",200.121377013172,2.60503745374836,0.525095248160563,4.96107603882143,7.01037402039137e-07,3.87505145804421e-06
"ECI2",785.620720598804,0.790604514441528,0.255313340855728,3.09660479077073,0.00195750660259445,0.00508212061279903
"ARSK",745.681386160481,1.27558001511299,0.228056054929548,5.5932740549557,2.22827146154228e-08,1.6255377859572e-07
"HIST1H2BN",1154.64982462236,-0.954648438159033,0.225577378078374,-4.2320220506657,2.3159969598826e-05,9.30018758813881e-05
"PTX3",2097.81257992713,-0.648057061868142,0.206724847197779,-3.13487745016026,0.00171925918142402,0.00452219118764057
"BEND5",197.510989110824,1.86029099733977,0.394383906962717,4.71695463353587,2.39401045725213e-06,1.18328797924742e-05
"IRF1",7691.74003176752,-2.38293982876521,0.248560636861565,-9.58695575797217,9.07222808926722e-22,4.76513740262044e-20
"SERPINE2",11129.5497136926,0.728228027485343,0.171765041069396,4.2396754482254,2.23843184138868e-05,9.0138899914084e-05
"MANEA",2020.81817874357,1.32138131684018,0.214598082771046,6.15747028015136,7.39161087822478e-10,6.9383683366847e-09
"POLR2H",1386.32737618344,-1.86377170968451,0.23028527958918,-8.09331674612203,5.8061620905947e-16,1.47247260915554e-14
"CCDC167",355.579790942817,0.85143631521137,0.296516435488881,2.87146415276295,0.00408575119139675,0.00975659882399005
"PEA15",11327.1520827836,-0.959741104517572,0.171850803150501,-5.5847344727104,2.34057541027842e-08,1.69907372227705e-07
"FTH1",88132.4644070612,0.834188690515374,0.166410703038339,5.01283075718504,5.36350692343555e-07,3.03281936943355e-06
"STAG1",4207.1018889223,-0.832547307621663,0.189608458410047,-4.39087641238661,1.12894697445182e-05,4.82353410848574e-05
"CHMP2B",2790.83431160904,-0.72719956140844,0.204352014932217,-3.55856320599359,0.000372889062605689,0.00114373292028913
"C2CD2L",438.100254758079,-0.997562308075728,0.301224729756849,-3.31168795098917,0.000927349230658518,0.00258354861101423
"CDK1",809.634566604114,-1.06495406104466,0.241249537239655,-4.41432581894136,1.01325258514193e-05,4.3734912531802e-05
"HIVEP1",7098.42885352276,-0.738190546006645,0.171288882264233,-4.30962322976632,1.63532914781242e-05,6.7692889207871e-05
"FARSB",3259.73747877096,-0.8782946459701,0.182411423886533,-4.81491031239596,1.47266016706988e-06,7.57349776084936e-06
"MRPL12",238.471148882833,-1.19616600479419,0.363046483400562,-3.294801243053,0.000984913154677011,0.00272720329474529
"APBA3",837.41158104771,-2.09365714575016,0.239821261725092,-8.73007309981602,2.54508072991692e-18,8.74353606574364e-17
"PPIG",2788.60342134427,-1.03318945902703,0.185065818131867,-5.58282166559162,2.36647370402707e-08,1.71681929000564e-07
"GMPR",691.090896670966,1.27994614881156,0.244682523572001,5.23104850369469,1.68551272974148e-07,1.04072045141509e-06
"CPT1A",2134.98162214481,0.572443967730654,0.196088458824327,2.91931494164835,0.00350801611079189,0.00853390992123067
"DIAPH3",1981.50484903104,-2.06791908074481,0.191510864466711,-10.7979204548171,3.52087447428053e-27,3.3829019948819e-25
"DCAF6",5237.69995770102,0.753591918467457,0.174183290538773,4.32643060156054,1.51545035679383e-05,6.32624242903194e-05
"LRP5",629.525452071399,1.08558605481824,0.235088536524769,4.61777537461452,3.87875779172638e-06,1.82335559198975e-05
"POLR1C",1122.41686622315,-1.08575391845299,0.235313978686834,-4.61406468290588,3.94869447466579e-06,1.85254749113141e-05
"CHRNB1",230.477962120962,1.00199019698168,0.326064080529579,3.07298551669441,0.00211928773209643,0.00545065123349634
"FPGT",1368.48534895864,1.30771993392595,0.243190590116692,5.37734594623276,7.55918433833891e-08,4.99633336188419e-07
"HIST1H2AE",1119.32356758448,-1.82301846099589,0.229837509383815,-7.93177086665849,2.1604277490377e-15,4.95765730837428e-14
"DDX60",2355.06891512261,1.02932188325386,0.218802184962976,4.704349197555,2.54677028090067e-06,1.24886851367984e-05
"PEX11B",1206.03938647283,0.82637184268091,0.218898191118949,3.77514240047721,0.00015991628355998,0.000533415365258776
"PIAS4",1838.50830222009,-1.09850664458879,0.228641633330083,-4.8044908907859,1.55145763877117e-06,7.93486156377329e-06
"EPM2AIP1",10420.6615095641,0.580049866096109,0.199527714951615,2.90711426348349,0.00364779925316331,0.00882671817647092
"LRRC46",163.004873473886,-1.86829939285425,0.404906598004699,-4.61414904588088,3.94709111458959e-06,1.85253069071564e-05
"PRPF40A",7667.09831901477,-0.706269379969742,0.177695938453947,-3.97459495199876,7.04991326409795e-05,0.000255178790061591
"OGFR",1789.07013188271,-0.791306885905248,0.230032361032808,-3.43998071554979,0.000581755636925388,0.00169297909805078
"CHCHD4",633.580020224288,-0.797654121332647,0.240966552129043,-3.31022755766322,0.000932201516914945,0.00259584296109821
"NABP2",2344.48029914312,-0.67446024320823,0.204130085781998,-3.30407073814942,0.000952917845497618,0.00264916092639164
"ETV6",2577.11759582936,0.92318111842038,0.196220279911079,4.70482010747685,2.54089900146271e-06,1.24650661682384e-05
"TRMT13",1871.51094635748,-1.01268942681094,0.203461625667972,-4.97729939730033,6.44775488577718e-07,3.59601544313897e-06
"ZNF827",3670.28249115169,-0.924388244948467,0.203472135010512,-4.54307045483507,5.54407114148825e-06,2.53167823609382e-05
"ARHGEF25",708.712281763512,0.854033207691181,0.242665162704538,3.51938942604228,0.000432541296598035,0.00130322361435633
"ZBED8",669.072147194409,1.20507876430211,0.247461580721271,4.86976103841934,1.1173328834331e-06,5.92136323605934e-06
"ITM2C",1928.31975095255,0.615012843419733,0.190723771259404,3.22462606186227,0.00126137308544423,0.00341666447943616
"NBEAL1",3296.92077394733,1.11739290359393,0.204363547425847,5.46767228142471,4.55983936241129e-08,3.15689405887385e-07
"SPATA13",7969.31397891241,0.99728807744126,0.221208780908355,4.50835664545535,6.53316888716707e-06,2.93905557322194e-05
"LMBRD1",3155.61026485605,1.62995571176266,0.213750873121063,7.6254926492838,2.43104165343931e-14,4.81240372870114e-13
"CCT2",5701.57872410025,-1.43116940112079,0.188924589565318,-7.57534741461477,3.58167851754751e-14,6.89385614338379e-13
"COIL",1593.61539288526,-0.598340527172174,0.200745866461708,-2.98058703632788,0.00287696470192363,0.00715939541952695
"PRRG1",2438.96244427016,0.820007723756679,0.192674954307625,4.25591238209122,2.08198234209068e-05,8.41479730466064e-05
"ANGPTL1",1209.85702231553,1.67000268086707,0.254684478469457,6.55714353266859,5.48482171732148e-11,6.23865476951927e-10
"FAM114A1",5683.97603669964,2.12750712809087,0.186631034700852,11.3995356211844,4.20355265991922e-30,5.45907531153026e-28
"ZNF710",654.250002868763,-0.882508757801664,0.254797523301926,-3.46356882266835,0.000533060212716665,0.0015682612879974
"GDF11",1385.70428159258,0.983794798024141,0.203607496454741,4.83182012035015,1.35290465600308e-06,7.01563283222657e-06
"RMDN3",500.806711093382,-0.830053363179125,0.265540363174171,-3.12590279404974,0.00177260133624456,0.00464595311415795
"MTFR2",248.657496261312,-2.72006762450379,0.347356113927631,-7.83077514815387,4.84871157117627e-15,1.04756989667571e-13
"BTF3",10950.6881677138,-0.538023219942848,0.179402986703367,-2.99896467628178,0.00270898712336724,0.00678999147909948
"ZNF480",3095.74719544983,-0.536065879964785,0.178488560096134,-3.00336267868406,0.00267014019117452,0.00669830540846963
"ZYX",18656.3824985161,-1.34701560570909,0.188986043121238,-7.12759304053449,1.02139231031568e-12,1.57172061501442e-11
"SLCO5A1",127.817702431724,-2.1507800853182,0.45657554533272,-4.71067736172961,2.46894829017874e-06,1.21524493516586e-05
"ASTN2",276.896768394675,1.27907875586917,0.322794770850125,3.96251386755907,7.41646978038549e-05,0.000267137579593404
"KIFC3",1254.37885456508,-1.79653271564103,0.291953404129901,-6.1534912428755,7.57955639383212e-10,7.10914265573873e-09
"UGCG",6850.08976994174,-1.32532815080305,0.171458730749868,-7.72972099470689,1.07782546502066e-14,2.22299150883319e-13
"PPP1R16A",1383.85931517628,-0.817305708660382,0.209392981064376,-3.90321444637683,9.49235274437766e-05,0.000332584123133873
"CKAP5",15301.9919019716,-0.64845152486388,0.171894458911873,-3.77238177989395,0.00016169658638777,0.000538495617291213
"ZNF205",838.849536495411,-1.54849175481268,0.24383888622251,-6.35047091463352,2.14656795057924e-10,2.20784508615713e-09
"SLTM",2017.60230977217,-0.792573679813549,0.194864086179207,-4.06731530347084,4.75578752386676e-05,0.000178879366508776
"TCN2",703.08377151493,1.9845031621352,0.249103987725699,7.96656520938732,1.63145416457503e-15,3.82550105494995e-14
"MAP3K11",1933.27907117347,-0.792182364519659,0.224688697411702,-3.52568853549463,0.00042238340786737,0.00127600386354207
"RGCC",271.383570841166,3.62268666136489,0.360306069919419,10.0544702512924,8.77923299876661e-24,5.54828746414031e-22
"MYORG",746.695490515642,2.18773329737425,0.232518224939685,9.40886804869488,5.0150855453768e-21,2.42902790882225e-19
"S100A16",3758.17050733671,-1.01584162173429,0.182932671169883,-5.55309019016573,2.80663171699237e-08,2.01266830287717e-07
"SMPD1",2002.5691041057,0.86189180200317,0.208816929891583,4.12749963544939,3.66729012994799e-05,0.000141126782011479
"C16orf87",1577.53678820319,-0.959237464410635,0.214907809822313,-4.4634835058053,8.06378085165521e-06,3.55191062634593e-05
"CRAMP1",4078.44892842249,-1.24073553265593,0.201037267690832,-6.17166929747579,6.75727232425603e-10,6.39371051465635e-09
"YTHDF2",7325.03503363461,-0.792515625425411,0.173109511745569,-4.57811715505399,4.69179912257606e-06,2.17698005616819e-05
"PARP1",2025.01325376799,0.649217383638086,0.191567677073985,3.38897142542138,0.000701553208092139,0.00200167933685005
"KLHL26",829.3641772957,-1.99994804653165,0.252378462258578,-7.92440063479971,2.29249382413865e-15,5.23024942348852e-14
"BMP2K",3488.58570184911,-0.574169136378765,0.186336245141704,-3.08136045106052,0.00206057038930845,0.00531003507650399
"SLC31A2",768.134071943402,-0.76921659666478,0.242735505236603,-3.16894965948635,0.00152990890995687,0.00406681170581879
"EXOSC6",941.034393843888,-1.19740406867508,0.219059424179393,-5.46611529342147,4.60005201372583e-08,3.18100729656009e-07
"SHTN1",1853.70236993254,0.971188307742543,0.20646373179672,4.70391724149768,2.55216733507249e-06,1.25099600024416e-05
"ATG9A",6533.41132879544,0.810906971389248,0.174162988719436,4.65602351769217,3.22375126261317e-06,1.54181677141086e-05
"ROBO1",9799.54945766133,0.607710733182987,0.170421441116074,3.56592884793806,0.000362569739368711,0.00111439510529504
"RPL7L1",5881.67847317799,-0.886821839022716,0.185151203676477,-4.78971684446784,1.67016824429962e-06,8.47113939097647e-06
"USP48",2913.23899520378,0.814120573965065,0.188810789314781,4.31183290382724,1.61906774332345e-05,6.70902615378562e-05
"DNA2",280.158927101851,-1.00970216139815,0.316424878898721,-3.19096957518732,0.00141796211333093,0.00379815871607998
"ERC2",265.952899568021,-2.11588038695694,0.387113001301433,-5.46579520668016,4.60836145909006e-08,3.18302838828325e-07
"WDR75",3682.07801125025,-1.08461136488083,0.18299026044929,-5.92715351198377,3.08230806879432e-09,2.61123417612984e-08
"NCL",14558.8447545651,-0.849735557334728,0.168443490806801,-5.04463279206998,4.54393169229534e-07,2.60427666050176e-06
"CLDN11",611.026546678634,2.82242174069858,0.257163242449707,10.9752144739369,5.02863802692941e-28,5.30611108948676e-26
"TWIST1",1462.44977964397,1.14458909366174,0.214533885833816,5.33523685180613,9.54199198565344e-08,6.19766902505288e-07
"LFNG",226.156540892275,1.8860404518929,0.438847550407199,4.29771215571986,1.72570060162806e-05,7.10356311739478e-05
"DCUN1D1",4982.35440994583,-0.674299976153337,0.176094315957438,-3.82919785052186,0.000128561620230689,0.000436341535866249
"MRPL47",1544.17176535704,-1.58476259660452,0.214346443832582,-7.39346344295928,1.43052792733113e-13,2.48252262044043e-12
"TCTA",1981.54725962494,0.82324952071636,0.237702938708506,3.46335440861296,0.000533485212963549,0.00156912101712375
"INPP4A",2433.18302259696,0.690636542652653,0.200737854502903,3.44048980877529,0.000580662304187781,0.00169146342393177
"SUPT20H",5782.71832862211,-0.822532860119805,0.180972639483096,-4.54506748903684,5.49176549961912e-06,2.50973258602083e-05
"SORL1",3100.96244031829,-0.682728286716807,0.223045872893926,-3.06093216547205,0.0022064907794386,0.00564788997864532
"SLC4A11",314.664938613582,-1.04673081509478,0.306881528614104,-3.41086288191369,0.00064757648579866,0.0018643261654491
"SAFB",1129.55799602672,-0.993422375595027,0.251200271550827,-3.95470263412523,7.66299015573339e-05,0.000274927801033568
"SIRT3",755.688050738332,0.741857072933343,0.229309194887781,3.23518240642898,0.00121565042164597,0.00330417587005798
"HSBP1",6043.10077980107,0.882257751812157,0.193676199649885,4.5553235421133,5.23050081176429e-06,2.39961407583193e-05
"SSPN",594.845127141988,1.06402939510965,0.259448377522473,4.10112179259046,4.11152075774022e-05,0.000156539794829168
"ANKIB1",11633.5372229196,0.764760357755535,0.177485157131913,4.30886937315631,1.6409124454905e-05,6.78705772833856e-05
"CAPNS1",16760.3925917369,0.760940970430639,0.184441787344318,4.12564300849084,3.69700365571256e-05,0.000142177641403225
"POLDIP2",6564.30259844144,-0.638219185254709,0.18265857513792,-3.49405542429534,0.000475742241131522,0.00141691577764423
"IFFO2",1227.64933098394,-1.0736980986935,0.213462813485404,-5.0299069948636,4.90717809278484e-07,2.79484485303765e-06
"TXNL1",6354.86584177593,-0.92285369060734,0.192228144295861,-4.80082505081548,1.58013268468908e-06,8.05121557992703e-06
"PRKAB2",1714.75027755878,0.787158086292283,0.200601331447692,3.92399233151421,8.70935087503378e-05,0.000307980576424743
"PHF8",3081.14522086256,-0.75096646783729,0.185532818273234,-4.04762065723241,5.17409118520998e-05,0.000192894036677639
"TMED4",7895.54278285317,1.09279596420034,0.176420703525528,6.19426145776716,5.85589522491581e-10,5.59006217835663e-09
"HAS2",74.311820669857,3.27439542916297,0.579251169161563,5.65280763075972,1.578479372299e-08,1.18632608441451e-07
"PLK2",2808.90374904002,-2.57411056727401,0.210517603811229,-12.2275311929838,2.21570827851134e-34,4.51469662680121e-32
"AKAP8L",1881.24297411547,-1.53027185813934,0.228863851907903,-6.68638513851079,2.28750531334036e-11,2.78985942136804e-10
"AP3B2",314.884142506868,-2.1769631743825,0.323734765220887,-6.72452701487632,1.76163735195464e-11,2.19610023474683e-10
"TPI1",22265.415752283,0.666830960178472,0.167954788370985,3.97030038051401,7.17820758670745e-05,0.000259504610766928
"BTBD11",529.358492265406,-1.5430975772604,0.287091459569538,-5.37493375656002,7.66108426476366e-08,5.05802758888139e-07
"ZNF324",767.516381167748,-1.18634834524926,0.271141929753231,-4.37537767149834,1.2122240940086e-05,5.14585644504082e-05
"ZNF550",1605.64876565006,-0.714197994787134,0.203112013896754,-3.51627646777298,0.000437645006383354,0.00131638805941422
"TBC1D5",13976.3175204692,0.992822194417713,0.180253386291194,5.5079253424612,3.63087320497803e-08,2.554146400978e-07
"PPP6R3",9308.02725380911,-0.695685392259285,0.174653990108771,-3.98322072015661,6.79875573979495e-05,0.00024737590927616
"INTS7",1494.50140486106,-0.629067804350864,0.203922486472549,-3.08483784810826,0.00203663155353736,0.00525751675397653
"MARCH6",10776.2671831796,1.18772816684055,0.195354042070998,6.07987505274597,1.20276234769729e-09,1.09424522133076e-08
"NFKB2",4180.53231440167,-2.94934549117505,0.198214243679849,-14.879584011827,4.47271796969225e-50,4.40488174715192e-47
"JMJD1C",11973.0009637464,-0.596160440480777,0.165832746394863,-3.59495005323777,0.000324453816929576,0.00100958272998255
"BRWD1",11854.8571801905,0.560655067712369,0.186014996567639,3.0140315461528,0.00257800998360324,0.00648232382685597
"PRICKLE4",164.567761094286,1.28031069664395,0.394918722456577,3.24195998781681,0.00118710688000759,0.00323254126910822
"KIF23",1512.01281355228,-1.29524567699789,0.224528414321912,-5.76873836173298,7.98671880048572e-09,6.31351456750102e-08
"CD226",48.7656457586973,-3.15252201451801,0.721700170841711,-4.36818798427227,1.25281638799654e-05,5.30103260771325e-05
"PRKX",283.04281586626,1.22801542154961,0.302906295449727,4.05410993431605,5.03255470948527e-05,0.00018856921863252
"NR1D1",26928.0018522543,-4.55257163986799,0.251867407095168,-18.0752710022055,4.99095403145999e-73,1.47457736859486e-69
"ADNP2",7532.32931990255,-1.27147325753965,0.169363915743599,-7.50734447746559,6.03388011123504e-14,1.11593732636269e-12
"SIPA1L3",3277.63171141725,-0.526337330915184,0.181077953857629,-2.90668918939195,0.00365275939018964,0.00883329455151652
"LAMB1",23498.0506630863,1.59405129866305,0.18801197756951,8.47845610300929,2.28201812643073e-17,7.11211616261858e-16
"TNIK",665.602932572727,1.51825942711757,0.257951006704549,5.88584416286675,3.96027342685209e-09,3.27290289220545e-08
"PALB2",2554.31528193212,-0.905526801684326,0.182859540342366,-4.95203476935858,7.34414778863279e-07,4.02710844944986e-06
"ZNF609",3186.18680854536,-0.588176725534386,0.201383453469456,-2.9206804998187,0.00349267809517327,0.00849834666023423
"PCNX3",4573.29526062379,-0.634684040992495,0.178821467514938,-3.5492608902758,0.000386314131973857,0.00118001044499019
"SEC31A",16002.3167615812,0.969769674020297,0.168390418178594,5.75905496589338,8.45861575646707e-09,6.66426140066185e-08
"ASTN1",1484.71067061747,1.12647815750423,0.277166308524449,4.06426799671743,4.81834385314526e-05,0.000181059420211354
"INSR",1832.89175328732,0.942735677744896,0.20246668068617,4.6562509670723,3.22019366791598e-06,1.54073881649518e-05
"CCAR1",3852.6836006286,-0.701678514237452,0.180828289002786,-3.88035809057864,0.000104302787456354,0.00036148103875636
"CTSC",3424.24562683272,1.0202524526176,0.231996847796505,4.39769963388688,1.09404240550283e-05,4.68626065539412e-05
"APOBEC3C",963.988506948655,1.14774269694938,0.23925716436782,4.79710900186425,1.609720144451e-06,8.19279615293796e-06
"PFDN2",134.074612596047,-1.63609532113718,0.415756660295208,-3.93522335872015,8.31193577032946e-05,0.000295562889628371
"CIP2A",1621.39806646326,-1.646240885025,0.206555838203451,-7.9699557240474,1.58731227231085e-15,3.73682399087044e-14
"DOHH",200.86827297401,-2.25448110632067,0.401998960900076,-5.60817645218008,2.04469508806976e-08,1.50555804054881e-07
"PIGT",9972.26808095334,0.640942062624814,0.172317708653646,3.71953682318913,0.00019958844908465,0.000650506423409376
"OTUD7B",3355.73910897547,-0.897567404756208,0.189120238480076,-4.74601455650538,2.07463788316911e-06,1.03451774275496e-05
"SLC29A4",536.912193581447,0.992583801361516,0.253785892840501,3.9111070763312,9.18740271063933e-05,0.000323241218321928
"FAIM2",739.571266908486,1.17970440051446,0.268213253942388,4.39838219466911,1.09060798286678e-05,4.67493839010504e-05
"GATAD2A",5682.56349299348,-1.32479348116359,0.187142778121198,-7.07905212514064,1.45143788183734e-12,2.19068874681401e-11
"NDRG2",125.858652083104,1.49653993444415,0.452515791517501,3.30715515899576,0.00094248672924912,0.00262139519093107
"EPHX1",3559.6886658307,0.972886336837785,0.207067597775682,4.69839968825891,2.62207917532272e-06,1.28101412542224e-05
"IGFBP5",11850.603559562,2.13496034506182,0.266487801760188,8.01147493791502,1.1334083431131e-15,2.76748342952698e-14
"KNSTRN",376.516394770703,-1.30173155578673,0.284403694664234,-4.57705571414446,4.71565900985996e-06,2.1846200775588e-05
"NCAM1",838.051100920569,1.19223788959633,0.257006987913846,4.63893180210333,3.50214585309743e-06,1.66351928022128e-05
"ITPKC",885.441786993819,-1.15524821479665,0.269927380347659,-4.27984820698338,1.87020823013404e-05,7.63458406346256e-05
"BCHE",610.476297551133,1.3219422384595,0.282084393980403,4.68633595714386,2.78139559493706e-06,1.34922438788895e-05
"SPICE1",1574.94923679236,1.02640526431594,0.224685863588131,4.5681790920208,4.91979588033442e-06,2.26851922410426e-05
"UVRAG",2362.20731317718,-1.4322626989892,0.203132017503832,-7.0508958488643,1.77769523114638e-12,2.63929676403115e-11
"USP49",1529.11893069708,-0.620895166324066,0.203333974799638,-3.05357315193335,0.00226133581890984,0.00577326997361774
"HELLS",448.152966335551,-1.63839649323458,0.268783135618457,-6.09560748469098,1.09022627975182e-09,1.00111065843878e-08
"ABCB10",702.525663658188,0.854094681914156,0.260485869524574,3.27885225971377,0.00104230188020792,0.00287466128828407
"EFS",1035.01174076627,1.07055713811294,0.224367903032091,4.77143621545466,1.82916908288429e-06,9.21053268918899e-06
"SMIM8",148.588223703437,1.63079417354738,0.429871137052632,3.79368148494166,0.000148430052780556,0.000497489042473231
"C6orf89",6055.4418557319,0.928889506860982,0.180099091173277,5.15765793602634,2.50057904779316e-07,1.49857216971701e-06
"BCL2L1",2233.94235826978,-0.893952387851261,0.191715478187738,-4.66291191666774,3.11766218069955e-06,1.49592089531089e-05
"ZMYM3",3412.89385687869,1.12836514706009,0.199851327877498,5.6460227662422,1.64202110976039e-08,1.22741337603721e-07
"FHL1",5652.70236029151,0.582232265944973,0.191176619902174,3.04552024323322,0.00232278141565273,0.00591863535364035
"QTRT2",2014.25931290805,-1.3416999983108,0.196617644392639,-6.82390434721852,8.85988866533902e-12,1.15953670262433e-10
"C11orf71",401.895344347337,1.13859129088195,0.313965482822785,3.62648556346119,0.000287304874110142,0.00090585582062506
"CARNMT1",1807.01298955965,0.776193261795649,0.267531005997139,2.90132076056989,0.00371593293927465,0.00896588311072843
"MMP14",11032.2850572315,1.14924030855371,0.18059982814601,6.36346291329016,1.97255038516239e-10,2.04487723261835e-09
"VCPKMT",389.261557098914,-1.55872619205558,0.277160544488597,-5.62391084536101,1.86682023442593e-08,1.38320260378969e-07
"ERAL1",2159.17442917119,-0.690102736218048,0.205755646171228,-3.35399173271654,0.000796547426573908,0.00224186651280077
"CTSA",11097.9348924521,1.35879723011393,0.187978776963696,7.22846085106911,4.88498602936524e-13,7.84385392595631e-12
"ARF3",10182.2858262056,0.973942684150484,0.174578076149389,5.57883730667913,2.42131573447411e-08,1.75337679840778e-07
"CHST12",1107.47616597631,0.874995452710961,0.232975144367286,3.75574594056922,0.000172825947455327,0.00057195660796053
"C4orf46",1172.73817899873,-0.713093083257286,0.244676909328016,-2.91442737778459,0.00356341705905621,0.00865087567870302
"PLA2G12A",2166.06963415073,1.72444274609405,0.216417149868472,7.96814276106159,1.61076726084533e-15,3.78450248283699e-14
"CDCA5",761.695861597142,-2.68188392968035,0.251132554578182,-10.6791568069899,1.27423755185411e-26,1.19515391966761e-24
"TBCC",1300.42680846921,-1.55514610912287,0.235487686307038,-6.60393812309664,4.00376692782786e-11,4.68944673469471e-10
"ERCC2",733.738272370504,0.861488288736673,0.239300824067002,3.60002224018863,0.000318189963775926,0.000992181792059075
"CD99",2201.17983810897,4.54297909221318,1.27136212078601,3.57331638086284,0.000352488445013592,0.00108644412887511
"ACOT13",1693.01572709721,0.847797832519223,0.209204688033791,4.05248008774204,5.0677538435151e-05,0.0001895875749372
"FBXL19",1623.69363344592,-0.870956122025994,0.221708636923663,-3.92838156470139,8.55194490773218e-05,0.000302867500508178
"FAM49B",2912.85387703868,1.29628795956765,0.218116991579586,5.94308563574087,2.79706214714733e-09,2.39187268125812e-08
"SLC39A10",3650.19727093409,1.45927592341308,0.195730801745228,7.45552519277237,8.95105484383689e-14,1.61501627701472e-12
"PTN",890.664385823963,1.02325130017212,0.296737599976521,3.4483371849509,0.000564049414787705,0.00164875982784098
"ZCCHC8",2530.40946230988,-1.07724246726969,0.183791458861768,-5.86122159289187,4.59474329367331e-09,3.75783226606444e-08
"LARP4",8509.77410407751,-1.02270663137517,0.178468749537779,-5.73045216052619,1.00163274417636e-08,7.81855731220361e-08
"POLQ",2076.4851506716,-1.87759391186259,0.198868199823277,-9.44139844143559,3.67836882783629e-21,1.8419899494648e-19
"KIAA0319L",5495.11550040256,0.759123249816889,0.173946012783782,4.36413136276077,1.27628870760057e-05,5.39262779636163e-05
"TMEM56",807.586310911849,0.999848065127507,0.309409385342786,3.23147296912084,0.00123153971605291,0.00334198309169077
"CREBRF",8777.89842501029,-1.27012229700013,0.174820354759274,-7.26529984880234,3.72211683212138e-13,6.13500372691918e-12
"PDIA5",573.009415690827,2.0463924796984,0.261129582228113,7.83669342338526,4.62565581407105e-15,1.00674033905509e-13
"ZNF330",931.785645096538,-1.31442752263613,0.228063704839048,-5.76342265229694,8.24250366688549e-09,6.50266410782729e-08
"ZNF345",266.053910883197,1.2454385716492,0.35618925459444,3.49656413152403,0.000471291194715446,0.00140613969683089
"ZSCAN23",358.929188580896,1.11153039237215,0.325079885740034,3.41925305480463,0.000627932998184557,0.00181351714871581
"TRAM1",25057.5849203966,1.56018893638579,0.192112946899895,8.12120662122147,4.61571439333869e-16,1.19362172211109e-14
"MCM8",1555.53473702768,-1.52640727947062,0.197490629060199,-7.72901117756499,1.08385158437454e-14,2.22994329990032e-13
"ZNF93",1036.11116721482,-1.19584152439249,0.217300453655199,-5.5031708598731,3.73020591543688e-08,2.61778940075018e-07
"PIP4P1",547.384241222339,-0.787799785813644,0.258168828351192,-3.05149072738551,0.00227708081601724,0.00581095683085549
"DHX40",4604.27818794149,0.506755573982037,0.175973696470025,2.87972341405215,0.00398024180340349,0.00953161046253749
"AGO1",5426.52245690495,0.891530223759807,0.196632432667464,4.5339937652479,5.78787381101143e-06,2.63689640318169e-05
"TSKU",9286.66320498129,1.32941432597257,0.200436230176998,6.63260491777665,3.29813746262551e-11,3.93710995285942e-10
"MICALL2",1009.36250425096,-1.1368954147571,0.274773190419685,-4.13757766185493,3.50991666145241e-05,0.000135911517382191
"C19orf47",659.847637949304,-0.840047501276724,0.261984806398592,-3.20647411895577,0.00134372391708869,0.00361404853257946
"EIF3A",7187.27305148592,-0.82263224070803,0.194278328107357,-4.23429750874451,2.29267260035502e-05,9.2159199969373e-05
"PFN2",18089.5631903437,1.18057834016811,0.228596170501434,5.1644712051758,2.4111958974819e-07,1.45015333925909e-06
"SLC2A1",14290.8997223205,0.702265044952757,0.167775956770012,4.18573112901644,2.84249660994586e-05,0.000112312353515012
"MALT1",8653.55878596513,-0.618355473572914,0.167370825671831,-3.69452364885468,0.000220299390722697,0.000713091810342601
"ZDHHC16",1310.22647964128,0.641771879398765,0.199893233643183,3.21057330306814,0.00132470477046675,0.00356695397069402
"MEGF9",10118.4643858526,2.07030164791696,0.216139248528643,9.57855485299607,9.841225487588e-22,5.14617711558916e-20
"FAM107A",717.738603745581,2.90420450721849,0.321065930139766,9.04550821058541,1.48970577503785e-19,6.15571428300606e-18
"IER2",3927.00715342876,-3.69912872614497,0.271449760215414,-13.6273051897687,2.75569417484254e-42,1.48030880719496e-39
"HIST1H1E",3070.55116758819,-1.704032679207,0.210190492771988,-8.10708732223922,5.18476006682867e-16,1.32626611406453e-14
"VDAC3",2078.25220037479,0.872202638086061,0.192507798633707,4.53073924420921,5.87776499588061e-06,2.6726982193658e-05
"SOX2",5633.76560408044,2.16098315950463,0.235757779625227,9.16611601508906,4.9036909137754e-20,2.15434272189582e-18
"CTNNAL1",4663.21600756568,-1.84031531523718,0.205145335141098,-8.97078802192317,2.94400548656355e-19,1.15588893156837e-17
"ZNF844",3421.53339029505,-2.39050927665881,0.193082722238007,-12.3807518816319,3.32215801020754e-35,7.69828693424171e-33
"FDFT1",9387.97245321494,0.890644594987642,0.179464775635509,4.96278220521966,6.9490491277977e-07,3.84295098700577e-06
"NFS1",2314.76533932748,0.618622841303534,0.18738324731816,3.30137752524465,0.000962113292265581,0.00267032759229559
"ARID3A",162.46818007039,-1.37158474800798,0.406632152074097,-3.37303565645751,0.000743443245498422,0.00210746276692261
"DYNC2LI1",825.309952960041,1.20676969000767,0.225247261844841,5.35753322870109,8.43658554131929e-08,5.53601154510335e-07
"GNA13",18954.5045959383,-0.787114803166378,0.164296297275385,-4.79082496817964,1.66096974008413e-06,8.43547072982995e-06
"LMO4",3571.56372896127,1.20192217099957,0.227603459374052,5.28077285953853,1.28640089107663e-07,8.11675693045575e-07
"GPN2",1674.88398291598,-1.1483868431338,0.215629155446021,-5.32574939023625,1.00537668656874e-07,6.49264572779745e-07
"SLC16A3",111.389362208458,-1.42022801264333,0.466428795929648,-3.0448977958418,0.00232759392627854,0.00592706421477264
"PCYOX1L",851.919750384651,1.14398519043284,0.255247429536256,4.48186762354973,7.39926376533773e-06,3.28738718717148e-05
"RAPGEF3",252.687032987227,1.59074581422323,0.339012521123304,4.69229221667788,2.70160867196963e-06,1.31551756429078e-05
"CENPU",998.802572479275,-2.52455478513511,0.229046415646583,-11.022022667364,2.99257882831508e-28,3.274657091947e-26
"MED23",3655.65620444377,0.566375278452172,0.180422193568271,3.13916634783546,0.00169429237367332,0.004461485577556
"BYSL",665.898781499932,-2.12578899007852,0.275010187081745,-7.729855437852,1.07668780541238e-14,2.22299150883319e-13
"RNASET2",396.189698228887,1.81046578488591,0.283375605121736,6.38892604784432,1.6705481829176e-10,1.74867479412934e-09
"TOLLIP",2597.18519446315,-0.862853815501494,0.194290984665198,-4.44103887263922,8.95256191479786e-06,3.89848385161242e-05
"SNRPB",1411.38635898957,-1.55825761461669,0.220727300885327,-7.05965056595442,1.66921823162822e-12,2.49390911016211e-11
"RABAC1",1019.15091112572,0.89756449300765,0.237529528564541,3.77874910303527,0.000157618131273104,0.000526195219035463
"LASP1",10954.0114176708,1.07566585237725,0.166129487777313,6.47486407602198,9.48973285757414e-11,1.03650335407404e-09
"TRNP1",2793.98823231398,0.565223231177213,0.193309948664175,2.92392210066302,0.00345651236180973,0.00841728067007365
"ETS1",5101.01129771022,-1.58154667609445,0.181035405352918,-8.73611807044772,2.41257812647618e-18,8.33679774815656e-17
"CENPF",4805.36465788951,-0.871152209782521,0.228764236884108,-3.80807866495255,0.000140050724623834,0.000471812845953384
"PEG10",20730.3070249013,0.711398913970685,0.198355083426937,3.5864919702586,0.00033515637981777,0.00103932776087284
"RAI1",5144.81989734697,-0.775222486196475,0.187740045351226,-4.12923350873907,3.63974602195246e-05,0.000140295233161886
"FANCB",447.575051557425,-0.944126783776182,0.272793212640288,-3.46096141703177,0.000538249948964997,0.00158116775959939
"BCAT2",1321.94419518466,0.615767963997987,0.20341663268689,3.02712691614462,0.00246890274275871,0.0062398401655095
"TIMM9",598.980404056759,-1.34977399434187,0.26554094204223,-5.08311066444591,3.71303222083291e-07,2.16373840166683e-06
"SCAF1",2159.99043419207,-1.3534182100202,0.223062012642834,-6.06745269615805,1.29954875878039e-09,1.17686338936909e-08
"ADGRL3",510.288548407251,2.64780432406363,0.301886732597713,8.77085356245858,1.77316929279919e-18,6.21819427367978e-17
"REEP2",869.008584466744,1.18941010037316,0.22064151548548,5.39069040455098,7.018750415449e-08,4.67837520641716e-07
"TOPORS",2771.69409474594,-0.887872023819808,0.190831577161178,-4.65264730831156,3.27700476345152e-06,1.56475322401899e-05
"MRPL3",3172.17286158177,-0.762592837414466,0.198262457984108,-3.84638042506057,0.000119875591580757,0.000410634707623591
"ALG6",746.602009509976,1.48248090136168,0.267086409911649,5.55056658199897,2.84745235473008e-08,2.03946617746668e-07
"NBPF8",10097.9569940888,-1.05184045010729,0.225508455047556,-4.66430604513465,3.09660238117488e-06,1.48702344334518e-05
"UBC",36930.3636992435,-1.09472666186715,0.202693533062306,-5.40089585162366,6.63089165319908e-08,4.44239668693349e-07
"PIGU",1779.50402952269,0.660269119743339,0.192103393676665,3.43705078346851,0.00058808533008018,0.00171055683753078
"CPSF3",1511.26811864486,-0.74334947804576,0.205053394959049,-3.62515079642653,0.000288792888879141,0.000909878528598692
"BRD3",1880.59917116341,0.688495829303911,0.203720680567912,3.37960695686167,0.000725895568116732,0.00206118064007774
"CEP83",629.631539206394,-0.798808439331926,0.236576347792901,-3.3765355107739,0.000734048958816016,0.00208183119637333
"SYNPO2",407.036281734467,1.40508579720629,0.320438301688943,4.38488716798357,1.16045912972534e-05,4.94922627033347e-05
"SOX12",2800.64367720801,1.11952000951092,0.201762282073436,5.54870810344745,2.87788191556403e-08,2.05876564637625e-07
"ARID5A",494.715851720087,-1.07894541216212,0.256190708920555,-4.2114931361414,2.53688263713685e-05,0.000101115949428949
"PTPRJ",4899.3570385587,0.794544001724153,0.213352148338696,3.72409656012845,0.000196015896857681,0.000639921510791181
"GPR153",1359.69551077781,1.08031689170427,0.237251634049606,4.55346449364555,5.27695814811438e-06,2.41998802461838e-05
"RIPOR1",12756.4022447744,-1.03472376497029,0.179211281870842,-5.7737646545937,7.7519692475384e-09,6.14026625786922e-08
"CD44",102282.52834928,0.868311037792397,0.170279863591898,5.09931720331559,3.40880886964414e-07,2.00026331784779e-06
"AKAP13",5221.36688802137,0.588739385734613,0.200010801965347,2.94353794869847,0.00324484039270407,0.00795756874060525
"UBE2E2",2424.68675859101,-0.638064569398582,0.184664901678298,-3.45525632429136,0.00054976989011072,0.00161168740858289
"TMEM183A",2975.08083555093,-0.874047550131341,0.206837981377252,-4.225759429247,2.38136295115542e-05,9.55293528742525e-05
"TOX4",3292.16151963583,-0.540136378928629,0.185222649167302,-2.9161464937301,0.00354384063350384,0.00860688627347891
"HSF4",194.579532006237,1.82368765499555,0.444504528419791,4.10274257830116,4.08281427272844e-05,0.000155547063427159
"RAPGEF4",149.844910872268,1.35680774293746,0.3895001886778,3.48345849983614,0.000494979855409171,0.00146939762150856
"TNFRSF11B",4335.40214022203,3.10931255358857,0.268936301201343,11.5615204778947,6.45554919332227e-31,9.19176871887742e-29
"TEAD2",392.911417859374,1.24120366510202,0.271763496404781,4.56721995971561,4.9423530787545e-06,2.27536925144997e-05
"ZBTB14",1040.35554802956,1.00035908859136,0.253201624570206,3.95083992959921,7.78773998840057e-05,0.000278895488433085
"TP53I11",279.171554980101,1.59465120571934,0.371371910266893,4.29394674619659,1.75524593221954e-05,7.20760820951025e-05
"NOB1",5863.75546048645,-1.2020866835538,0.190387606000493,-6.31389148068117,2.72104779297636e-10,2.75791962413332e-09
"SNTB2",14654.4816927651,0.81966421397342,0.192839418869969,4.25050136936015,2.13292531702839e-05,8.60661296842679e-05
"SEC23B",5690.4284419014,-1.19849953934781,0.200865544729704,-5.96667557375547,2.4213617064993e-09,2.09025950675009e-08
"TTC14",3313.94199090328,1.17385613591845,0.211828696303693,5.54153500635967,2.99831618839288e-08,2.13710371221055e-07
"EFEMP2",2922.14524144269,1.10104727037126,0.193539643047635,5.68900124560144,1.2778453698802e-08,9.7934997284333e-08
"NOL6",1767.46825881036,-1.33670771897054,0.21086056542782,-6.33929685362677,2.30816132795558e-10,2.36171866439646e-09
"TRAF4",1620.52105933146,-1.76980140930818,0.248115565354823,-7.13297211634924,9.82244612975162e-13,1.5154264799139e-11
"BAX",518.580872578522,-1.093390080765,0.292877246316381,-3.73327083109716,0.000189009167263702,0.000619099317827724
"DDN",39.6938638915301,-4.0220638557359,0.940252282412594,-4.27764327826537,1.88882383563332e-05,7.7052537416343e-05
"BTBD1",5462.43489594043,-0.645489971229924,0.192058386650516,-3.36090489193011,0.000776875717326765,0.0021917205126206
"FAM219B",530.120290733561,1.13488076936331,0.285330015349932,3.97743212529352,6.96634987563346e-05,0.000252618357871237
"SERPINB8",1723.60494774818,-1.76566563616981,0.214275001437557,-8.2401849227585,1.71944691488536e-16,4.82670395252142e-15
"DDX23",3221.1523645802,-0.726788064083241,0.184771661705294,-3.93343902076526,8.37390900113703e-05,0.000297543164688627
"PPP1R3F",352.601965599031,-0.889649640963215,0.295030560864522,-3.01544910586989,0.00256598998430004,0.00645622091429804
"ANKRD36B",2565.73665782079,2.03871428425701,0.272341342239881,7.48587881476069,7.10699515613758e-14,1.30622812994143e-12
"KIAA0825",375.576694613672,1.79256339845418,0.310393396416237,5.77513381132104,7.68919530488425e-09,6.0946284448774e-08
"WDR43",5341.50136199533,-1.68752367141778,0.185894740464359,-9.07784516765992,1.10745555700685e-19,4.64110275627904e-18
"KIAA1549",4261.42403001011,1.42571660070439,0.197200679027281,7.22977531181398,4.8379379082965e-13,7.77887757826503e-12
"GARNL3",535.69796701956,1.11646584957266,0.246723929882435,4.5251623954947,6.0349147242563e-06,2.73888718169205e-05
"TRPA1",93.2892358625166,2.05806522298666,0.537834581344796,3.82657659877632,0.000129937728611872,0.00044063244669587
"MPDZ",2964.09262072563,0.751929466167861,0.195215267916964,3.8517963998989,0.000117254494671586,0.000402122349979341
"C15orf39",1272.58752029089,-1.20727803988393,0.204306979215726,-5.9091375366535,3.43903487468834e-09,2.87632796525597e-08
"CTBS",2964.53904129202,1.26010746775011,0.216886948436883,5.80997370672503,6.24826548490774e-09,5.03010909404902e-08
"SCPEP1",1218.75158900549,1.11284758550164,0.227163015395359,4.89889423049268,9.63775048037268e-07,5.17487211163309e-06
"LGALS1",27780.8959784861,0.729813084581319,0.181426712747786,4.02263301543628,5.7551132489583e-05,0.000212742972712509
"NFKBID",327.186433313525,-2.07245749689949,0.322497197293041,-6.42628064459218,1.30763888678425e-10,1.38971909748348e-09
"AMT",397.534819033754,1.39847907486866,0.297758804028134,4.69668421537762,2.64418763595065e-06,1.28968260345294e-05
"WLS",12527.4752581893,1.23481519257092,0.181518096800208,6.80271121358243,1.02668329033601e-11,1.32604842898262e-10
"VWA8",2984.31855738859,0.729804092180553,0.216942741674564,3.36404014509659,0.000768103695188354,0.00216904407878996
"IL18BP",640.125005027287,0.814983333252341,0.277829052517134,2.93339852642689,0.003352732299156,0.008194951460481
"CCDC40",213.389073812238,1.04355738282081,0.362187254913091,2.88126478407204,0.00396082744015824,0.00949088781179847
"NPM3",117.141958191995,-1.62438507373821,0.461604077325802,-3.5190007054286,0.000433175555929833,0.001303940071314
"ZNF585A",3185.06395998381,-1.12103642357617,0.2080056181016,-5.38945262059509,7.06726082356551e-08,4.70805458922758e-07
"FN3K",561.830279395791,1.45968627257735,0.251412358658254,5.80594478476498,6.40040533417634e-09,5.14893137054442e-08
"KLHL21",5379.89317987048,-1.36451209835692,0.210779288013201,-6.47365360808822,9.56610671048966e-11,1.04357004542525e-09
"CTDP1",377.480912470952,-0.983473267328816,0.287841498595146,-3.41671813178019,0.000633808651755909,0.00182959224388161
"WDR13",1574.4939880741,0.586408586644543,0.204387501117463,2.86910199223743,0.00411639037893831,0.00981389983826769
"PRMT5",1022.79482695445,-1.06785153752288,0.256968186311631,-4.15557876190898,3.24465143424514e-05,0.00012667753766075
"KIF15",967.769797501178,-1.2164552688018,0.2597002136772,-4.68407496311812,2.81227079013585e-06,1.36266569076775e-05
"COLGALT1",6486.59472281297,0.766029962232406,0.174411328103883,4.39208834976671,1.12267057362494e-05,4.80192574705016e-05
"CENPK",427.831442030607,-1.30098516111358,0.280109705632977,-4.64455581135141,3.40808910553645e-06,1.623409796422e-05
"PVR",2045.46973966045,-1.16285169624696,0.229133619656755,-5.07499378741944,3.87508662203955e-07,2.25151296456556e-06
"CYBC1",1178.53579857199,1.50294734817857,0.21967366176151,6.8417275704643,7.82437826479184e-12,1.03316762383587e-10
"UBLCP1",1882.53583613874,-0.709648620723374,0.230713136960676,-3.0758916898795,0.00209874067554626,0.00540015617322135
"TUT4",4677.98566431251,0.663607075536627,0.185822982078195,3.57117869983047,0.000355378315054749,0.00109371378315547
"PLK4",1215.17648777113,-1.62883206290548,0.224671193488234,-7.24984826766757,4.17238780534757e-13,6.80127987359967e-12
"COPG2",2508.87063965152,0.605614841980856,0.189974643642799,3.18787197263846,0.00143323980338524,0.00383300022548242
"NTM",2239.84436095521,0.98530819005525,0.224684727183662,4.38529223773113,1.15830166806071e-05,4.9418083440944e-05
"CENPX",356.04312241506,-1.11572847586656,0.286347544830483,-3.89641362745774,9.76276015955415e-05,0.000341451019726579
"DUSP19",286.409315616416,1.64100758487956,0.320967334886976,5.11269343173945,3.175975002718e-07,1.88044451814235e-06
"CA12",12356.8540166114,1.81786617034589,0.211150282720323,8.60934755533208,7.34775636565302e-18,2.39877858368197e-16
"FBXO42",4138.96483882958,-0.579042990230333,0.173966433327398,-3.32847537973373,0.000873227228347012,0.00244313432400686
"TMEM59",6575.7023934326,0.7755306118002,0.183960926727158,4.21573551295722,2.48965413729612e-05,9.93340060586278e-05
"SPAG9",16231.4185539266,-0.531332884784488,0.167074157805062,-3.18022183541057,0.00147162348657036,0.00392587954047145
"P4HB",10739.2287805725,1.09211803732691,0.185182848410758,5.89751181980125,3.6902384294351e-09,3.06258692128258e-08
"PLD1",1741.73346536467,1.40727720787684,0.221228205964398,6.36120155538988,2.00181554524554e-10,2.06615337237658e-09
"SH3RF1",2099.64873609868,-1.19588980592033,0.201386455074851,-5.93828321510423,2.88022175988876e-09,2.4488101265011e-08
"ALDH9A1",816.820576929738,0.676035673519754,0.219890552637692,3.07441891163755,0.00210913048230646,0.00542570832387849
"CACTIN",708.283481391471,-2.14364468982546,0.283891821253775,-7.55092091191038,4.32191243447812e-14,8.18531428696513e-13
"MTHFD2L",974.192002200038,-1.00520744937566,0.214736761985956,-4.68111486863811,2.85319003385903e-06,1.3807944234294e-05
"COL4A1",2138.59456135712,2.29475526432706,0.305354307369469,7.51505778351597,5.68858031675885e-14,1.05537899817042e-12
"SEMA3E",147.703835760693,1.37632130566417,0.393671980044084,3.49611192930228,0.000472090628480637,0.00140781404173206
"NKAPD1",1989.80680227606,-0.981846639750058,0.195621418553852,-5.01911624508422,5.19097324499129e-07,2.94371025956368e-06
"SMOX",1186.1776945409,-1.31702536965841,0.251828382000549,-5.22985280370637,1.69645059478174e-07,1.04692705635147e-06
"FAM171A1",1797.8945141518,1.98085142968983,0.19542981824964,10.1358710120659,3.8294534618067e-24,2.62477385434798e-22
"MAN2B2",2343.53713950756,1.34893711911213,0.195689791619979,6.89324214587398,5.4534926651254e-12,7.45079494987884e-11
"NFIC",24216.5366542519,0.635455497920646,0.181183731950149,3.50724367514123,0.000452774327148905,0.00135843792796287
"POLD1",674.643550455618,-1.36820431108476,0.293364184914886,-4.66384235513178,3.10359172215746e-06,1.48977445054658e-05
"CDK7",164.613537195406,-1.23642765186018,0.40311016402513,-3.06722023457363,0.00216059604873028,0.00554121616837988
"PARP8",2946.99016751952,-0.975731714245424,0.194055149499902,-5.02811554735844,4.95323392107946e-07,2.8170028142116e-06
"LHPP",160.681233138814,2.33805911347053,0.404278269029931,5.78329159042045,7.325292590454e-09,5.82965035919094e-08
"MVK",927.64104853905,-1.0970331533092,0.254804479842037,-4.30539193812169,1.66690345464092e-05,6.88311146993236e-05
"FHL2",2678.85482665992,-2.21315562785109,0.190250565012067,-11.6328465448222,2.80582197785025e-31,4.14490051677929e-29
"WDR66",512.578958747557,-2.51746856066579,0.309368585548207,-8.13744083357654,4.03720574044574e-16,1.06262132384383e-14
"GDPD2",44.6500607286538,-2.54219593865288,0.733735739357077,-3.46472960534869,0.000530764842471232,0.00156355423561244
"TMEM38B",5034.65685250435,-0.77918554299668,0.247382972374787,-3.14971372328815,0.00163430520942948,0.00431795639728092
"POLR1E",799.180233249301,-0.83240438980525,0.247342933546521,-3.36538577379122,0.000764367082920811,0.00216179327295566
"TNFSF12",622.153742583015,1.58974705817022,0.284130643235677,5.59512708684357,2.20460220845239e-08,1.61155730687388e-07
"CEP128",304.101227912164,-0.903321071055316,0.296007854207094,-3.05167940045041,0.0022756501520341,0.00580856015048359
"CSAD",671.782767677355,1.08804459905932,0.273424768084644,3.97931982051637,6.9112716064846e-05,0.000250929056360784
"CYC1",3838.56671656886,-0.740370737809817,0.202562835110936,-3.65501765121101,0.000257164283969658,0.000820509586380511
"FAM162A",2567.42461237452,2.21500918230169,0.213562818229577,10.3716985974618,3.33542437736773e-25,2.68149967970965e-23
"WASHC2A",1953.94609199234,-0.843791256095694,0.218543968470131,-3.86096794161134,0.000112938722674539,0.000388335706886153
"GNRHR",359.694955889798,0.987882400712524,0.283238504587251,3.48781110164423,0.000486992006276161,0.00144750289994257
"TRADD",350.1555964016,1.22779156372371,0.350315257235822,3.50481898336845,0.000456917837187244,0.00136947882320032
"TAOK2",3463.76755781119,-1.0858747123981,0.202725916182996,-5.35636850405405,8.49112445007477e-08,5.56561889911169e-07
"STXBP1",5747.61862481096,0.910857934162009,0.171203042674848,5.32033730201822,1.03575039672969e-07,6.67784953003352e-07
"SERPINH1",7138.16518108735,1.03251238933717,0.187352192778944,5.51107715379357,3.56644336666229e-08,2.51181333177682e-07
"VEGFB",1036.72741302328,0.865428815729187,0.209556980681259,4.12980189405155,3.63075954953272e-05,0.000139994506872358
"SAYSD1",1511.54754883018,1.36770833569767,0.229204565850008,5.96719498420768,2.41366913052033e-09,2.08666728489314e-08
"MYLK",7834.16336827089,1.37961806011042,0.189316142425203,7.2873767785306,3.16048134585339e-13,5.30547848654764e-12
"ARHGAP21",15099.0377199242,1.12670553575191,0.187732637255552,6.00164975159952,1.9532267973003e-09,1.70986920670333e-08
"PSMD6",2644.13294597581,-0.867817703602739,0.21022648576364,-4.12801317802762,3.65911149322864e-05,0.000140903811101258
"METTL2A",1926.61372542796,-0.736453670936322,0.201663885773625,-3.65188674269135,0.000260320695265115,0.00082968445972037
"CTPS2",675.940405767133,1.03344892951463,0.230998310223762,4.47383761601355,7.68280960833303e-06,3.39803308200897e-05
"CNPY4",490.616437777883,1.32304418897781,0.289227606395225,4.57440493135324,4.77575397350986e-06,2.20878000189764e-05
"NOVA1",2283.30645375687,1.05034903637684,0.206062528869921,5.09723452457424,3.44651246073562e-07,2.02038116373877e-06
"SLC25A10",416.942687034818,-0.932007625311688,0.266956324201755,-3.49123635897577,0.000480790711779275,0.00143123038584571
"DRG1",1946.41301200363,-1.07524586255299,0.216969631766732,-4.95574359322786,7.20541862209054e-07,3.96147774326e-06
"PPP6R1",3438.31021617549,-0.713847971611137,0.182387074875011,-3.91391754103372,9.08106580779443e-05,0.000320167170991989
"TBC1D4",810.099408408111,0.879742023771831,0.221526243633309,3.97127676316338,7.14884700409889e-05,0.000258522257938925
"RHOQ",2929.71754103968,0.706766912574599,0.195789020652566,3.60983935778902,0.000306386693693446,0.000959935828756401
"SIRT7",271.662248893347,-1.21649512173591,0.404995092457809,-3.00372805594587,0.00266693588136546,0.00669168752568514
"FERMT3",181.441508789391,-3.67254979513846,0.459703564761014,-7.98895217844942,1.3609046861172e-15,3.25570274909576e-14
"IMPAD1",15085.7192755304,0.642117878909013,0.198560747418554,3.233861109293,0.00122128832948666,0.00331644886899664
"OS9",2614.85518530674,0.956787562357174,0.200784156053708,4.76525429676455,1.88615614536583e-06,9.48132425603291e-06
"LACTB",599.492300504409,-1.02871401547577,0.244769497856046,-4.2027868034471,2.63648881107725e-05,0.000104803312375751
"HMGN1",3615.48410073916,0.728820648288294,0.235784665376444,3.09104346173102,0.00199454437345766,0.00516086328932315
"MMD",785.806690600649,-1.82353423213546,0.278375058138597,-6.55063799296115,5.7291788128686e-11,6.4853865144139e-10
"HELZ2",5579.09599774732,-1.01300797253278,0.188225699520191,-5.38187917545294,7.37122376952708e-08,4.87482498647292e-07
"ZNF578",1503.04070041427,-0.722846457254611,0.222049826421604,-3.25533448462215,0.00113258891023905,0.00309764770682829
"ADARB1",424.988750798349,1.0348582837907,0.286663423302983,3.61001160129497,0.000306183310436324,0.000959552999930118
"RSPH3",1957.46420646713,1.36993384744338,0.225029229008442,6.08780403096873,1.14469861703571e-09,1.04463693097514e-08
"PJA2",21109.5082113611,1.0181642295378,0.199300139957603,5.10869801573842,3.24386327640647e-07,1.91488392610248e-06
"MYSM1",8684.96796901466,-0.844142737914849,0.169350643493635,-4.98458535793268,6.20948291087377e-07,3.47625149411209e-06
"PRCC",2999.76381794258,-0.704248955253499,0.193095404938135,-3.64715543323846,0.000265159536776174,0.000842154099871225
"CCNB1",4000.10759769246,-1.044019487979,0.191726749085231,-5.44535122490857,5.17032626865556e-08,3.5421980198824e-07
"EBF4",254.47958093049,1.07027839763625,0.344275000668887,3.10878918177858,0.00187855707940354,0.00489867333724427
"CDKL5",3281.86124094935,0.737491933935167,0.195448732415705,3.77332676871281,0.000161085081574264,0.00053716238545278
"BUD31",1546.12159963074,-1.19588474463327,0.27088581952033,-4.41471889060444,1.01141331820939e-05,4.36714745874992e-05
"TBC1D10B",4792.22251955802,-0.965290742688637,0.177221876230957,-5.44679225396905,5.12863045802813e-08,3.51771066471134e-07
"SLC35F5",6972.73864511214,1.28498865919599,0.195438443530384,6.57490223511846,4.86851460425212e-11,5.58602966922831e-10
"SEPT9",16997.7341649428,0.600148766324896,0.179634168423987,3.34094995172842,0.000834922720213718,0.00234373318467594
"XPO1",36954.022097475,-0.569929004594868,0.167303470225448,-3.40655817734603,0.000657875280800106,0.001892592519108
"STX3",2195.38273983237,-2.30344572427001,0.207706290535213,-11.0899179718368,1.40416463311089e-28,1.56551109755703e-26
"OSMR",4077.55520246419,1.24097293606231,0.176842578727518,7.01738769583549,2.26054721846271e-12,3.29816629972745e-11
"ATP6V0D1",2191.21468588175,-1.06205280980284,0.214237663041419,-4.95735807945921,7.14582041183645e-07,3.93519597516697e-06
"SMTN",541.700976264355,-1.58911903779179,0.275445534873671,-5.76926773752429,7.96167265233784e-09,6.29792820651463e-08
"TMEM255A",1776.81315870104,2.62536232625682,0.284760857058771,9.21953372866474,2.98394929436048e-20,1.3257260436373e-18
"ZSCAN12",930.352765543409,-1.06860255315173,0.222716737557276,-4.79803433218356,1.60230318988244e-06,8.15856057648889e-06
"FARSA",1371.30619784995,-0.916980025659726,0.203764170575374,-4.50020247951553,6.78887643715058e-06,3.04366243301387e-05
"C8orf37",980.85526333261,1.02134734238313,0.230016922812265,4.44031391210609,8.98277509143418e-06,3.9086316653376e-05
"TBL3",1613.38440926372,-0.842219755969554,0.217825838447691,-3.86648233272751,0.000110416458834281,0.00038088199372549
"PCOLCE",7174.5949884271,1.77936392920954,0.181347465592539,9.81190403403549,1.00062392238092e-22,5.88327040532226e-21
"MED10",1252.68786737827,-1.01742532022929,0.228615081272723,-4.45038583878712,8.57161495569683e-06,3.75182761283056e-05
"RPS24",599.965890536487,-1.37058060322675,0.251890764797554,-5.44117051821369,5.29316177097651e-08,3.61378312012712e-07
"CENPI",975.392265802485,-0.864650815054497,0.241093157240094,-3.58637642375486,0.000335304849664735,0.00103951540223973
"ZC3H7A",5696.11244129912,-0.610196551588141,0.17196689881683,-3.54833724272768,0.000387671506325265,0.00118354478474605
"NDOR1",1697.14629446009,-2.476132858645,0.241233631093782,-10.2644595922132,1.01889845472331e-24,7.87015812935957e-23
"FTO",10094.0274606157,0.513045909292708,0.174103649270784,2.94678435197395,0.00321097045273168,0.00788924091691955
"NIPSNAP1",1356.15516398022,1.09882662218984,0.202937481272199,5.41460658376846,6.14236067626654e-08,4.13620618074746e-07
"EIF1",18071.1519352442,-0.531677858770887,0.174355127911199,-3.04939616712435,0.00229301882030823,0.00585036623886068
"SRGAP1",7045.6219607892,-1.23931329488444,0.185711706413465,-6.67331811665797,2.50083477546014e-11,3.03126824373209e-10
"MOB1B",3638.68430855732,0.623805125977832,0.204163556781127,3.05541858602405,0.00224746611161139,0.00574406455601718
"RRP8",1724.17057908572,-1.26278333657135,0.235597798310955,-5.35991144919216,8.32627539778526e-08,5.46970109233053e-07
"ITGB8",19361.9844967037,2.67365761750343,0.261839727437094,10.2110464430795,1.76946084992365e-24,1.26736292875138e-22
"CWC25",276.739004950578,-1.64653166990726,0.333442924026045,-4.93797154255597,7.89393582320258e-07,4.29514427065415e-06
"C2orf16",245.392717182888,1.0486324947391,0.321426818724854,3.26242999541598,0.00110461451372369,0.00303095758606607
"ZNF211",625.837536339185,-0.944316135685991,0.24560907343426,-3.8447933640316,0.000120654065326868,0.000412942294825637
"IFNAR1",5933.4740752364,0.613803502360059,0.194136192232592,3.16171598557299,0.00156842456208635,0.00416063781700034
"FOXK2",5348.05728418352,-0.529362896560084,0.178973276795333,-2.95777618893038,0.00309867018181802,0.00764192074472567
"OSBPL3",6375.19168714477,0.557439746066087,0.180164015642717,3.09406816937042,0.00197432116469644,0.00511790469936005
"NFKBIE",1338.56316576785,-3.73653328945433,0.295652050091901,-12.6382796543872,1.29864288395165e-36,3.56915386105595e-34
"MON1A",579.111509105952,-1.1432086458674,0.244826103452353,-4.66947204463386,3.01974786525107e-06,1.45247782952939e-05
"UBE2C",3807.71755812979,-1.19262880698511,0.175487526192603,-6.79608877542761,1.07497552547285e-11,1.38388461438324e-10
"DAB2IP",2875.66851945397,-0.716424820717528,0.187758069019311,-3.81568059609647,0.000135808084866058,0.000458959092635709
"HMGN3",454.662571918195,1.23730605098722,0.270872345452525,4.56785667403644,4.92736759170326e-06,2.26935425560207e-05
"FAM126B",3490.20437775129,-0.674679974860351,0.191278973989307,-3.52720406633961,0.000419972944411269,0.00127002053660501
"SERINC1",10755.1099564442,0.630104691699694,0.168851237761305,3.73171497025348,0.000190180617610205,0.00062259128501867
"TMEM128",1217.94197605311,-0.772944887939991,0.207576019445974,-3.7236714048328,0.000196346448390012,0.000640646694387953
"NT5C3B",1939.89668011465,-1.04099971892483,0.19218672788531,-5.4166056646017,6.07411004019111e-08,4.09257881727358e-07
"PA2G4",5639.31236122884,-1.15882050226644,0.184524876135275,-6.28002319544658,3.3852251997627e-10,3.36755819956192e-09
"NACC2",1026.75530134501,-1.14392265547263,0.234624444103561,-4.87554764314204,1.08507003098746e-06,5.77108804059849e-06
"BMPR1B",1189.99074841,1.44086642414557,0.216842229482944,6.64476853785023,3.03693939917707e-11,3.64001519467289e-10
"MAPRE1",8994.26872285275,-0.672450729436115,0.19910224146989,-3.37741415903552,0.000731707874688556,0.0020761881543984
"SLC25A33",287.486209954916,-1.2480532012096,0.32327868119233,-3.86061090266291,0.000113103890386569,0.00038856446993851
"PELI1",1562.7674849506,-0.703658236443147,0.223142816042472,-3.15339856744129,0.00161381301316521,0.00427145401782451
"FBXO44",797.460612926872,0.765274998910752,0.232465825137576,3.29198925673421,0.000994814118844689,0.0027513955666994
"MAP2K3",3090.07031529383,-2.41035941185568,0.203557103578067,-11.841195268979,2.39021970891027e-32,3.7663488693202e-30
"DALRD3",1357.13848774406,0.798295420725244,0.207678029238696,3.84390887977715,0.000121089982089197,0.000413954703017104
"EIF5",16676.4014047198,-1.52534255575731,0.188800531358577,-8.07912215490708,6.52346563735957e-16,1.64380206614745e-14
"ZMYM4",10821.1655876395,-0.523145368411045,0.170435694648581,-3.06945895042533,0.00214446873761982,0.00550460317267193
"EFCAB7",677.014197341666,0.866352583652966,0.233793912095688,3.70562507760418,0.000210870035101591,0.000685385609139328
"ARPC5",2755.44620015437,0.991012655281838,0.210833980306185,4.70044085798044,2.59600434612863e-06,1.26985013917832e-05
"IFITM1",138.187736226162,3.26855566109795,0.576639661282574,5.66828104370754,1.44237239085519e-08,1.09268954584145e-07
"WNT2B",81.725933024982,-1.8057408120185,0.563243770740574,-3.20596676931596,0.00134609532626942,0.00361960285912447
"ELF4",2543.74341840755,-0.770984560114293,0.188541724374158,-4.08919862525648,4.3286607558337e-05,0.000164014468779874
"ANGPTL2",4598.41984567994,1.22035717730831,0.195285493507746,6.24909283013336,4.12843501760109e-10,4.05905532762143e-09
"PIP5K1A",6403.00646674415,-1.17008125571344,0.18082752084085,-6.47070340992649,9.75477389119561e-11,1.06152778863858e-09
"MYLK3",103.916513130767,-1.64051987169557,0.519785816786763,-3.15614589454752,0.00159868873459755,0.00423237084800043
"SEPT4",268.323848253065,1.31834658490717,0.32211733389728,4.09275269032117,4.26282299707719e-05,0.000161727262213349
"KBTBD8",289.496844036543,-4.26146274179462,0.420551955159935,-10.1330232555309,3.94267058235885e-24,2.67784373231706e-22
"ASF1B",535.664186299881,-1.43144744777854,0.249565235044216,-5.73576462893532,9.70733938837408e-09,7.6024742804377e-08
"SEMA6A",1836.77766734122,2.51475802265875,0.290757683876286,8.64898216663726,5.19607806864978e-18,1.73466809647749e-16
"DHCR7",2201.33736362908,0.708245678758248,0.224386945317152,3.15635866318873,0.00159752288530935,0.004230232009542
"HIST1H2BJ",648.736345018964,-2.04848896907737,0.275572299988359,-7.43358083945267,1.05696545679879e-13,1.86994277970781e-12
"PRKD1",406.251259594872,1.03094154654887,0.28786147677155,3.5813807325356,0.000341783156569189,0.00105848882189064
"ACD",2075.63239701703,-0.629639762572441,0.201672944174555,-3.1220834562095,0.00179576025103896,0.00469935665340532
"PCDHGA9",4126.25252371542,1.71138883661793,0.22610179755109,7.56910761061608,3.75796763595712e-14,7.1863529970455e-13
"SCYL1",2589.55366818059,-0.924720817290486,0.206066902555514,-4.48747860924133,7.20710456384916e-06,3.20925251452786e-05
"SEMA4F",656.662225640544,1.36013426294662,0.24545654897039,5.54124250769406,3.00332951478161e-08,2.13815350636681e-07
"LTV1",1227.6813822578,-1.35059498261426,0.209702976122253,-6.44051413856374,1.19069462767815e-10,1.2746040860417e-09
"CCNT2",3804.23243382733,-0.702519778136537,0.189725222682122,-3.70282753239185,0.000213209832018866,0.000692229064505209
"ZRSR2",340.004316317104,-1.22310094664174,0.30713288377706,-3.98231844014971,6.82462557106698e-05,0.000248088049827344
"ZNFX1",16747.4632131676,-0.570930490531634,0.170542881776918,-3.34772395413402,0.000814781254096672,0.00229154803924666
"FOXK1",11797.9555717621,-0.695776568409339,0.207420747694512,-3.35442127242775,0.000795311807286705,0.00223998926084706
"NASP",753.451572032996,-0.812561474633196,0.26453920793266,-3.07161074905781,0.0021290716636983,0.00547343243889198
"NDUFA9",2043.60112392217,-0.915979256139266,0.204660779003941,-4.47559742808184,7.61979413952111e-06,3.37566647553504e-05
"LRCH4",2406.2222612921,-1.49083737357178,0.214975486817961,-6.93491800222881,4.06456848885261e-12,5.69811036788377e-11
"DPF1",291.925842326834,-2.86161161393301,0.378131595091589,-7.56776648944104,3.79695706030883e-14,7.2374900868919e-13
"NOC3L",1872.83310127374,-1.14778920265131,0.197695779916186,-5.80583562854967,6.40457701362353e-09,5.14893137054442e-08
"SNX8",1916.05008286907,-1.60039846815444,0.228361678611962,-7.00817439196478,2.41447748538786e-12,3.51840874504484e-11
"KAT7",8591.60853026442,-0.560423978606559,0.168800795518493,-3.32003162002374,0.000900072529193856,0.00251229502834506
"POC5",1035.06761473965,-0.69095400170463,0.225483107578066,-3.06432712022745,0.00218160222043676,0.00558781426985731
"FUT11",1082.23418528717,0.953805537261216,0.221361649587451,4.30881111989729,1.64134464271379e-05,6.78705772833856e-05
"SOX9",11213.877563901,1.00505979014789,0.202448520203021,4.96452030936057,6.88710794211844e-07,3.81047947846235e-06
"UFL1",3726.60320287545,0.955723254978273,0.180258639679391,5.30195532751232,1.14568880436802e-07,7.30299368393809e-07
"UTP15",2690.53456243804,-1.23295722549891,0.198043161140967,-6.22569958182645,4.79411925612423e-10,4.66311945422849e-09
"SYNJ2",6606.01310865723,-0.890085599052508,0.251062447899746,-3.54527571326771,0.000392202607374339,0.00119490858828305
"SYVN1",3911.42961583886,0.599589062349028,0.18103450529053,3.31201536075561,0.000926264598948704,0.00258174411093769
"ATP6V1D",1383.11087303767,-0.867814871724721,0.246275149850503,-3.5237614199058,0.000425467159694273,0.00128499128373803
"CHFR",905.507415370714,-0.995669687759851,0.241163159864459,-4.12861437177822,3.6495589347144e-05,0.000140627608381007
"ZC3H12C",2808.35307881871,-0.863173279231226,0.181395386269105,-4.75851837791885,1.95019139243534e-06,9.75756218281151e-06
"COL4A5",8582.78923031142,2.43699438549038,0.276215458095871,8.82280232355619,1.1163030605914e-18,3.99771805153611e-17
"FKBP1B",148.433524547496,1.54676341311684,0.403041602140791,3.83772644039988,0.000124178707734551,0.000423411416043545
"GLO1",5868.7221815321,1.4424321320946,0.1843324289067,7.82516750118173,5.0698143564975e-15,1.09334062162568e-13
"IRF2BP2",4380.2259147282,0.6181712503701,0.206805936919141,2.98913686705135,0.00279766779955266,0.00698585188879205
"OCEL1",347.950579360597,1.03465325935295,0.286766746411314,3.60799594897565,0.000308571306894118,0.000966268072303838
"TSC22D1",18124.5657781732,-0.588239886044176,0.167634850623968,-3.50905485258369,0.000449702148407888,0.00134956322749731
"ELP1",4070.34839475404,0.578036639479007,0.184558673020028,3.13199390752165,0.00173623478154142,0.00456075186669404
"ANKRD13A",5383.2401213737,-0.966024580598558,0.194866315782209,-4.95737078376454,7.14535332546857e-07,3.93519597516697e-06
"RPF2",2601.12101410606,-1.1305653021851,0.204826940862003,-5.51961230015536,3.39748413337648e-08,2.39853449750557e-07
"NUP35",931.313935955507,-1.1665144240874,0.22033330822338,-5.29431720284774,1.19461917449403e-07,7.58217476056416e-07
"TSPAN3",5260.2220653024,0.754712831255145,0.211311527569868,3.57156488306398,0.000354854610489757,0.00109267112734965
"EFHC2",161.448576508202,2.04969250423703,0.385283227791601,5.31996296850405,1.03788375543991e-07,6.68795540991761e-07
"ACVR1",4021.37134334451,-0.91239335809943,0.179323569582328,-5.08797231855542,3.61912179752953e-07,2.11305916367875e-06
"CDK6",40227.3984769003,0.636916785842878,0.184893185113188,3.44478237774406,0.000571519327554957,0.00166811939072474
"PPP1R14B",664.743346955035,-0.861066607718245,0.235977548405925,-3.64893445810807,0.000263330270444607,0.000837695056827554
"MRM2",1109.16267673912,-1.25865541242259,0.2162442473469,-5.8205266862126,5.86624754529964e-09,4.75170071900967e-08
"NUDC",1304.31923976252,-1.06750863723779,0.21629018095543,-4.9355390638735,7.99296795586538e-07,4.34302966907665e-06
"ACRBP",97.1474884797484,-1.67888244283034,0.493861907829643,-3.39949774666457,0.000675097361126193,0.00193789181777735
"YPEL4",115.945423900349,1.34289727511686,0.466927612902142,2.8760288276168,0.00402712930771102,0.00962633781523642
"PICALM",10528.6828805801,-0.993872857846391,0.171974711626254,-5.77918025532928,7.50654683955953e-09,5.96185285953727e-08
"RAB6B",876.1440013802,0.846418109307946,0.264549695482156,3.19946733548607,0.00137681787991867,0.00369381014866716
"KIF4A",1550.09917135704,-1.61781636323335,0.216802519165187,-7.46216588932112,8.51116304171929e-14,1.54035106932678e-12
"ZNF512B",2614.33230416943,-1.02605689003615,0.212592368521273,-4.82640509239858,1.39019596270811e-06,7.19638015211761e-06
"BRF2",285.816545220543,-1.30877597354084,0.364689426494732,-3.58874120952818,0.000332278476290126,0.00103121508214199
"TMEM50B",816.165538553625,1.53187908028783,0.236059860140839,6.48936705873619,8.61977276503217e-11,9.49380005006059e-10
"FH",913.342000073729,-1.09429557957464,0.226848141598822,-4.82391247229122,1.40769211076255e-06,7.27738642388094e-06
"URI1",2552.68308215945,1.03422990657318,0.184738757775388,5.59833745245073,2.16417184023563e-08,1.58464577496311e-07
"ZBTB2",5120.56833332026,-2.78794905794064,0.204513646405368,-13.632093050723,2.58071031832363e-42,1.45232545437851e-39
"ARPP19",13547.3609761015,1.0004824978979,0.20808671973428,4.80800744600849,1.52442089182722e-06,7.81588117119918e-06
"DHX37",1534.02289350156,-1.24144250067411,0.237287554019315,-5.23180621842922,1.67861673681096e-07,1.03754668387196e-06
"NTMT1",199.027239871276,-2.01451209842677,0.374075939146313,-5.38530252179312,7.23229013390555e-08,4.8017530787919e-07
"CCNYL1",2453.74734886098,-0.723165718482438,0.193933049094821,-3.72894523062366,0.000192282934557693,0.000629125061074978
"SLC3A2",37411.539999349,-2.39172282039342,0.194186824174279,-12.3166071156655,7.37315874114911e-35,1.6260511897708e-32
"LGALS3",19109.5528223068,0.981091839510196,0.173094211633677,5.66796445849098,1.44503929668058e-08,1.09400861038892e-07
"PRKAR1B",695.490434858965,0.726541362934125,0.231712705708035,3.13552664586977,0.00171545843646944,0.00451319853121011
"NBPF14",1549.37178177539,-1.63828184077104,0.21605787835732,-7.5826063517185,3.38681254964808e-14,6.55079389717528e-13
"PTBP2",4089.66701057192,-1.40868729253742,0.179787140465039,-7.83530617870495,4.67701598462936e-15,1.01604733283731e-13
"EIF5A",14134.197983475,-0.574564015772802,0.172635644204141,-3.32818878987345,0.000874126080768864,0.00244507030118969
"F3",338.266479337783,-1.64809117143855,0.309178095779588,-5.33055605793454,9.79125032554755e-08,6.336965845965e-07
"SLC38A1",10910.9299611115,-0.761411886664887,0.201831098721682,-3.77252014921075,0.000161606910931086,0.000538495617291213
"ZFP90",3023.76298180921,0.608061920314044,0.190976948507274,3.183954529941,0.00145277831011698,0.00387910846564899
"CPSF2",3356.11645350303,-0.706651626163913,0.185110861456538,-3.81745090808637,0.000134837605924959,0.000456070643051278
"DNASE1L1",302.797168208787,0.940456317212804,0.296773124119343,3.16894031426718,0.00152995810154598,0.00406681170581879
"JKAMP",1935.93071925966,0.912693776053562,0.197711164613677,4.61629861842626,3.90644730212502e-06,1.83491232975014e-05
"LEPROTL1",2671.4728123544,0.959997103415115,0.243018203051886,3.95030944743735,7.80502163679767e-05,0.000279345080871214
"ZNF282",3819.42165390519,-1.36759483350477,0.197415346483399,-6.9275001050629,4.28342225173362e-12,5.98362697056595e-11
"SCARB1",2428.61812922896,1.85175480756724,0.189848294913952,9.7538658875316,1.7757429843626e-22,1.01872478588336e-20
"PSMD8",2390.43886909265,-0.669476613069473,0.212407452348562,-3.15185086807058,0.0016223911184888,0.00429031511262041
"IPP",662.830465660114,0.949638889744898,0.235449322588995,4.03330482883829,5.49978613026896e-05,0.000204070557260655
"SRSF6",12235.4793600529,-1.54829055285282,0.175418357005051,-8.8262743950352,1.08220325474057e-18,3.91115537141408e-17
"USF3",8217.39625790387,1.30500412272786,0.197424056850112,6.61015756412422,3.83911185037272e-11,4.51898643901442e-10
"TCAIM",2146.79449363717,1.55943758171524,0.214171953716362,7.28124086583472,3.30763508014357e-13,5.5211343753018e-12
"LRP11",2887.00699377713,1.29186148679093,0.214533737006016,6.02171716588659,1.72576271505371e-09,1.53001228555925e-08
"CP",1701.36602574995,3.77656722501755,0.296221639516746,12.7491267389466,3.1525686325612e-37,8.87072764276386e-35
"MLH1",5004.40065115922,-0.634617341344379,0.178764113402048,-3.55002650849222,0.000385192362452979,0.00117719248499336
"C6orf120",3207.66046498986,0.816781890209389,0.180743783877126,4.51900404367243,6.21312083343574e-06,2.81543949423097e-05
"ANAPC5",2397.20983613412,0.744775745538962,0.185266549402572,4.02002276147873,5.81925188600527e-05,0.000214912246215032
"DHX38",2468.65101388783,-0.706107918674192,0.222995270379972,-3.16647038060952,0.0015430105916707,0.00409874110415023
"SALL1",2796.8146666566,0.842352122551103,0.185273035134265,4.54654462772017,5.45338108425519e-06,2.49315503496046e-05
"SAMD10",173.334536661682,1.38601783684442,0.366140633149194,3.78547943429062,0.000153412521773747,0.00051273449726305
"ETV3",1913.53735765635,-0.704503543166575,0.191692142699063,-3.67518216055716,0.000237679770131669,0.000763702969933677
"ZNF516",1657.83318453968,0.730312676145205,0.201119495319406,3.63123761316806,0.00028206533674892,0.000891296296710892
"C2CD2",2877.55849512448,0.614661823469501,0.190628308092146,3.22439951139044,0.00126237152173377,0.00341858539043302
"MAFB",246.598412661799,1.88216715221298,0.369857704881631,5.08889534372511,3.60155295575143e-07,2.10500261281258e-06
"EHD3",850.878961590892,0.92597600145016,0.231337912481604,4.00269887247208,6.26239883487315e-05,0.000229575153331822
"IQGAP2",116.376979926731,-1.64993553940758,0.464163465666687,-3.55464326999055,0.000378492237690402,0.00115851366615519
"HIBCH",356.660783883902,1.14582331224169,0.289749795987623,3.95452672653698,7.66862995801039e-05,0.000275046642924937
"ZNF468",1294.53286639825,-0.805140024033873,0.202476676963078,-3.97645810920086,6.99493141440668e-05,0.000253499231694137
"DAPK3",712.563456786428,-1.21862706118385,0.250655801049394,-4.86175486895555,1.16349649971523e-06,6.13640886009755e-06
"CHPF",12922.6278388061,1.49138363369559,0.173270466133131,8.60725816106305,7.48287981089792e-18,2.43616180730555e-16
"NHLRC3",1687.67807955684,1.64651579294731,0.211914022250454,7.76973498715128,7.86505050217269e-15,1.65096211074026e-13
"GART",3849.2471786774,-0.739315675970935,0.18427030345638,-4.01212600241875,6.01743652770543e-05,0.000221459039357173
"TMEM44",482.425246943908,1.14013669052151,0.264322221421007,4.31343488410503,1.60737497007299e-05,6.66524820923602e-05
"ARMCX2",1689.40374440235,0.817036600501146,0.202472108408636,4.03530445216767,5.453154059487e-05,0.000202594701901972
"SERAC1",1494.39979429788,-0.582250217958795,0.196771149238839,-2.95902229677006,0.00308616771021298,0.00761585508442202
"FAM155A",899.535439586712,1.13382713335008,0.253453920755432,4.47350401986542,7.69481108676556e-06,3.40067818892906e-05
"PGBD5",75.7856398268611,-2.69053760988979,0.584727478003182,-4.60135312791842,4.19755090656438e-06,1.96228863187412e-05
"CTNNBL1",1464.42746787667,-0.79368866454518,0.206008853487667,-3.85269201351434,0.000116826298788329,0.000400770159384753
"HS3ST1",536.705867251279,2.22286029363027,0.29601145639041,7.50937251124003,5.9411445014548e-14,1.10050855357669e-12
"EIF4EBP2",6866.13264123447,1.11506569201404,0.206773816827522,5.3926832184181,6.94132629675313e-08,4.62937890378265e-07
"WDR60",3077.73963482798,0.562930023791248,0.184086667357923,3.05796194732959,0.00222847872233096,0.00569800119872507
"DYNC2H1",3146.93183993065,0.686920792690721,0.190623279880543,3.60355142940144,0.000313898602063795,0.000980264470700928
"DNAJC9",522.693830013921,-0.828531434175285,0.256913658258352,-3.22494117203421,0.00125998556773767,0.00341368854642911
"ZNF555",1466.60684520164,-0.652407307107091,0.216240630508582,-3.01704312262074,0.00255253497383714,0.00642784110820526
"PLA2G6",610.117666933204,0.819888731049905,0.242629308675928,3.37918257082866,0.000727017102504526,0.00206386935320646
"ZDHHC15",312.567330508987,1.14475147360614,0.345988191103226,3.30864319373433,0.000937492302477574,0.00260996090239811
"ZADH2",2216.82732819491,0.731221550620113,0.210685321298108,3.4706810427741,0.000519140250352142,0.0015337998696654
"BIRC5",1165.7483346668,-2.08972515857946,0.249996418529322,-8.35902038466347,6.32411838901324e-17,1.85916495326762e-15
"TMEM170B",851.352469499979,0.743291640241961,0.231682896000203,3.20822837194382,0.00133555401250612,0.00359452910949609
"TTN",1290.93537208685,-3.86194617039319,0.329314631863903,-11.7272231377476,9.24417725816687e-32,1.40061136970533e-29
"CYCS",7883.65495531515,-1.47134934980439,0.198075094395653,-7.42824005356971,1.10052100410894e-13,1.93829466863778e-12
"FGL2",432.282170571723,1.84510463776541,0.363364852542445,5.07782914295455,3.81771766998383e-07,2.22036355432426e-06
"AGO2",18585.5131808466,-0.734309470854257,0.195012220790837,-3.76545361042706,0.000166246988798755,0.000551728984449223
"NAIF1",798.006046230255,-1.29241622490986,0.257530782910401,-5.01849219850163,5.20786079256958e-07,2.95045536177312e-06
"DOP1B",1707.49888489799,-0.590243078393493,0.192253842122872,-3.07012370663708,0.00213970124849842,0.00549597682128978
"PELI3",642.941384031273,0.926234235717174,0.241779375761574,3.83090672146726,0.000127671903173929,0.000433695473328397
"TDG",1533.36705692049,-0.961991822695679,0.197489023094912,-4.87111540489697,1.10969996316403e-06,5.88355054494058e-06
"EIF3M",2968.0025384424,-0.925246822621539,0.195069026725044,-4.74317649580373,2.10392811391017e-06,1.04823872049707e-05
"SLC7A6",3352.99500892195,-0.582444652638238,0.194735125233552,-2.9909583694246,0.0027810340408884,0.00695423051050126
"PLEKHO2",974.175558455094,-2.08551910692399,0.257806136176994,-8.08948591313669,5.9917083239661e-16,1.51627428206919e-14
"EGF",419.057864780127,1.34726025806936,0.312581379088489,4.31011041667958,1.63173052634971e-05,6.75675941149295e-05
"MSX1",750.39248290335,-0.890344488661318,0.226252110570231,-3.93518754992981,8.31317519990444e-05,0.000295562889628371
"CLUH",2698.33365573066,-1.42344296674198,0.207197653856308,-6.86997627747822,6.42125815015072e-12,8.66283434000927e-11
"PQLC2",1040.54071116203,-1.82776631057136,0.231994021863906,-7.87850607479696,3.31318391807605e-15,7.4298306534768e-14
"LRRC28",488.112340946991,1.38474427903541,0.28579264616345,4.84527610358262,1.26435723677846e-06,6.60603351404723e-06
"SDAD1",4756.14366042891,-0.618815125824735,0.172995107483743,-3.57706720626702,0.000347470860847623,0.00107329080854606
"MAEA",2079.63868161869,-0.656119184346735,0.191031573665687,-3.43461120984623,0.000593404528217977,0.00172517951155721
"ZGPAT",233.158374494238,-1.76103644259896,0.377476841476832,-4.66528340045742,3.08191982516399e-06,1.48057432901577e-05
"UBE2L6",4182.9393858176,0.74450824964349,0.174640229654088,4.26309706027155,2.01612891456234e-05,8.17940662969368e-05
"GEMIN8",1117.85457958201,0.611685950194646,0.207779861849467,2.94391354749193,0.00324090516169084,0.00794956770462067
"FAM193A",4829.68119601178,-0.851327177045899,0.186860045330558,-4.55596152478659,5.214648173473e-06,2.39327037336326e-05
"SLMAP",5638.98687732416,-0.824803970821014,0.17234358716236,-4.7858117868,1.70297590725125e-06,8.62656205396282e-06
"CD47",23204.8475593716,0.861657600289502,0.180123091668916,4.78371535990131,1.72084328194458e-06,8.70960424240729e-06
"TCERG1",5417.59337246141,-0.896893305154742,0.180518637951849,-4.96842495229759,6.74989137253422e-07,3.7450805746765e-06
"TUBB3",4006.58487141435,0.948219018228503,0.186628528354055,5.08078280738315,3.75882684551701e-07,2.18718934812014e-06
"AKT2",3470.74854392248,0.728815082270005,0.199522620839655,3.65279425061137,0.000259402076599389,0.000826979698206524
"DYRK3",633.668628672597,-1.3780271709959,0.242623198441554,-5.67970078643514,1.34930572159908e-08,1.02944448146274e-07
"SIX4",2557.7935685917,-1.10544698760099,0.186123919671223,-5.93930640163659,2.86230465386786e-09,2.43851997175906e-08
"KANK1",2127.76012348642,1.21645856069248,0.194496990838998,6.25438242229385,3.99091995608191e-10,3.93366906096547e-09
"EDC3",2211.93898268857,-0.779578019129346,0.193593291923625,-4.02688549475618,5.65205398348251e-05,0.000209326148470061
"THAP4",1327.65290919781,-0.780640890550849,0.221116821825388,-3.53044550887814,0.000414860461350829,0.00125681131305924
"STARD8",88.3113895017721,-1.90130485068325,0.512055308113111,-3.71308493547197,0.000204748134582469,0.000666955196939255
"ZNF486",1109.46594878975,-1.38586959493237,0.222303742833547,-6.23412623317845,4.54306640145589e-10,4.43352260383202e-09
"EYA4",2809.45480086824,0.849776755673847,0.204910844570853,4.14705604016977,3.36777653322442e-05,0.000131051640005421
"HAUS2",1935.51714050289,-1.11486745755733,0.197483977539452,-5.64535650662906,1.64839307764522e-08,1.2313975595203e-07
"CALCOCO1",2456.25742237148,1.53239808202567,0.183014232471683,8.37310880869755,5.61177450660456e-17,1.66633043012695e-15
"ADPGK",1756.62780149941,0.843929747255735,0.212900034074735,3.96397187498565,7.37129409022184e-05,0.000265672319482287
"ZNF625",1154.67143966968,-2.06098321964854,0.244307645788389,-8.43601604443316,3.28337738698032e-17,1.0026603090267e-15
"MED13",23427.6838888491,-1.00470355372413,0.163681519759303,-6.13816119988113,8.3482128584328e-10,7.7929841675323e-09
"YJU2",360.06402268647,-1.20936957555945,0.323302763708424,-3.74067193762111,0.000183528946025027,0.000603322693775734
"CLU",54970.9845447725,1.46514076705064,0.171085805551121,8.56377747020544,1.09228560031062e-17,3.53661129437558e-16
"TJP2",3585.18130752871,-1.22384100344616,0.182253922779993,-6.71503243814133,1.88024387631934e-11,2.3341094674729e-10
"EFNA5",1234.05591514948,1.01217877317195,0.244446266859942,4.14070047448051,3.46246845940025e-05,0.000134338319938254
"MCM2",1748.85411766945,-0.645153945013488,0.195909073870004,-3.29312947210184,0.00099078838168703,0.00274154462532834
"ZSCAN20",729.423496904579,-0.832644118745087,0.248440267969441,-3.35148615621163,0.000803790576902484,0.00226117520538766
"VASH1",219.228549791278,1.18583631553785,0.365660002813168,3.24300253354138,0.00118277159424254,0.00322147838229048
"KCTD10",4801.83972262767,-0.798699400832937,0.198405523046205,-4.02559056103965,5.68325024785914e-05,0.000210283817874763
"SCAF4",8010.70325674159,-0.843602253577994,0.173805099163666,-4.85372556753128,1.21163380342651e-06,6.35838733965119e-06
"SUMF2",1118.77751100691,1.5050247522602,0.218418474080146,6.89055611526684,5.55746984194908e-12,7.58408528777762e-11
"ATP7B",117.6800143414,2.49215460959701,0.443277787386149,5.6221057777164,1.88643691746344e-08,1.39686162221698e-07
"TGFBR2",20062.8836853107,1.25489124280366,0.208604135028414,6.01565852293736,1.79156881335629e-09,1.5800567340481e-08
"BEND7",281.249260917431,-1.45828828399836,0.332731018193815,-4.38278430401372,1.17172107986688e-05,4.9936529830028e-05
"PCGF6",768.631571134355,-1.32367837976626,0.231811427630763,-5.71015153694086,1.12875623913536e-08,8.7244219974504e-08
"GYG1",2014.69113793779,-0.634389307041004,0.220272547985152,-2.88001983380955,0.0039765015441132,0.00952458355255974
"TMED6",74.6211717208151,-1.66472909657762,0.549590899255351,-3.02903322968627,0.00245337696081245,0.00620590944410992
"SRPK1",3576.99117075165,-0.529103407782085,0.176933152816514,-2.99041417258179,0.00278599409963331,0.00696086221341786
"FN1",114993.041163383,1.21803550078267,0.194623938060392,6.25840537870894,3.88933758186043e-10,3.83674386831607e-09
"CACNB2",180.410049925295,1.35982419841196,0.383712582919634,3.54386136640393,0.000394312526605215,0.0012004084078878
"KCTD15",2892.48802525291,0.653135564965366,0.195226805005988,3.34552196838612,0.000821278529566543,0.00230872256479957
"METTL25",171.744782627041,1.5928615336841,0.388483144306962,4.10020758178761,4.12779714020032e-05,0.000157108877948107
"NOTCH2NLB",1003.32926280715,-0.721004706242007,0.22086850442251,-3.26440706486047,0.00109693442640796,0.00301128247416708
"GLG1",18784.2457732611,1.50054195835178,0.186902845705332,8.02845966678061,9.87040504481384e-16,2.42512363450332e-14
"PPFIBP1",3446.49148305424,0.977507739799423,0.188124627126423,5.19606472969921,2.03551407807124e-07,1.23776490212658e-06
"TRAK1",2874.03800022156,1.31992706909152,0.179640468588285,7.34760424231937,2.01790912968254e-13,3.45117946376097e-12
"PCNX4",2232.16843151033,1.03080054705901,0.195060817195739,5.28450850292821,1.26042695119728e-07,7.96137130371428e-07
"ZNF202",714.957952487191,-1.54846059624349,0.260114731478216,-5.95299077235527,2.63286148076254e-09,2.25963376758545e-08
"NEK10",1008.01896028611,-2.55024246339561,0.284340340512462,-8.96897872035795,2.9927636823305e-19,1.16727660718752e-17
"AP4E1",1829.35931835024,-1.14179582240031,0.192650600396055,-5.92677012193568,3.08950989114146e-09,2.61546045082448e-08
"GLMP",1062.69905574148,1.35043381617098,0.23235247660339,5.81200525990552,6.1728900559744e-09,4.97960509771368e-08
"CWC22",3143.91910049092,-1.02360508951675,0.183737957138059,-5.5710050631924,2.53273966917362e-08,1.82623047042671e-07
"DDX31",1151.43481980955,-1.05857269632028,0.22423555726444,-4.72080658943805,2.34911232091895e-06,1.16206820463039e-05
"CKB",2774.19940439044,2.25831332248135,0.190161819565858,11.8757452344383,1.58217749704524e-32,2.52678022433523e-30
"HIST1H2AK",430.423509006638,-2.80759021359126,0.322367906570547,-8.70927333759526,3.05828990929451e-18,1.0385882226449e-16
"SLC47A1",2317.52482346752,1.2609149846327,0.262458221533372,4.80425028130573,1.55332429892593e-06,7.93652683299034e-06
"RBM12B",4027.45272931276,0.621708086778273,0.204901408551111,3.03418161531668,0.00241189185835845,0.00611465501651059
"MID2",1236.61015156552,1.20708689004958,0.224264378687842,5.38242808381863,7.34877407217285e-08,4.86269943924629e-07
"TRMT44",912.47542396814,-1.34493479263988,0.25316748654808,-5.31243095619412,1.08172416185459e-07,6.936416790449e-07
"CASC10",122.846838322072,1.99989612898246,0.448374017797843,4.46033010299037,8.18335097465926e-06,3.59921257233059e-05
"IAH1",1309.29598128181,0.677044295935943,0.223277891944308,3.03229437558832,0.00242702389419704,0.00614582566565687
"GLT8D1",2377.80130714363,1.20610186422324,0.192654975095406,6.26042417864348,3.83931709702868e-10,3.79056386405053e-09
"ETF1",5778.08736919733,-1.04376820867441,0.186577686336196,-5.59428208791076,2.21536516908058e-08,1.61812024525304e-07
"ZNF75D",1253.45278092226,1.18569978481849,0.223267174035489,5.31067672594816,1.09218915644182e-07,6.99214054757822e-07
"C2orf72",149.559233329043,2.52605874563497,0.477519842634526,5.28995555807365,1.22346084398407e-07,7.75113657070186e-07
"CBL",6911.26257002656,-0.600760505960175,0.176432213228454,-3.40504999040214,0.000661519428212553,0.00190126952767559
"UAP1L1",3770.58522304465,-1.58509427062625,0.219078205764682,-7.23528963136043,4.64536686333298e-13,7.49985595503678e-12
"DTNA",4643.926045852,1.8014803274283,0.196610374465802,9.1626921128806,5.06184677589027e-20,2.21558908138782e-18
"MAP1B",55606.1597342835,0.975226609474227,0.182350924025371,5.34807604999326,8.88941147062626e-08,5.80414722430172e-07
"SLC12A2",4808.28475263856,1.01727157757764,0.197051670294706,5.16246107458127,2.43724066857263e-07,1.46507173047769e-06
"COL14A1",434.694879321125,2.33545896907708,0.302173019235631,7.72887988141629,1.08496987429572e-14,2.22994329990032e-13
"IFRD2",1121.08462861237,-1.79926551402763,0.21509881310201,-8.36483236741217,6.02004543602747e-17,1.77418695668261e-15
"TNFRSF10B",11660.1485633427,-1.67130455860123,0.177271780378413,-9.42792222785593,4.18292534464071e-21,2.07705091272958e-19
"EIF2B5",1727.73638679166,-0.859862783874463,0.224218047387446,-3.83494011250856,0.000125594892428911,0.000427623289750755
"GSTM1",144.954318801683,2.3675260525792,0.423298739959356,5.59303827081206,2.23130082643787e-08,1.6267435636547e-07
"FBXO16",425.167049492434,1.37033954680652,0.327988264379508,4.17801395851446,2.94065612121974e-05,0.000115996909347713
"MYO9A",4037.68348392122,0.786445283598655,0.192852460485431,4.07796344220387,4.54319078535807e-05,0.000171643630697348
"GSDME",2260.49422324648,0.80537793447139,0.191941889875119,4.19594667425326,2.71734180829482e-05,0.000107763575471236
"BICC1",2322.06211969356,1.1199667711041,0.188353064378232,5.94610326516959,2.74600949534551e-09,2.3499160185368e-08
"REEP1",265.011557182888,1.32973560687072,0.353837970320087,3.75803536762271,0.000171252679921591,0.000567226505412937
"CEP295",2745.59639329369,-0.701436181629015,0.195874409971321,-3.58105064225447,0.000342215308525201,0.00105899463633172
"MSH2",1453.33388504684,0.586101674726204,0.201637525840111,2.9067093155614,0.00365252440215761,0.00883329455151652
"MSANTD3",2449.53640526768,-1.71107875310671,0.193698202978243,-8.8337358158088,1.01236585866069e-18,3.70406802404088e-17
"MORC3",4767.97885639021,-0.650470421429255,0.174484691851957,-3.72795122898891,0.000193042723135563,0.000631261456008876
"NKTR",10808.0641449625,0.610513658616243,0.21292762812678,2.86723552029018,0.00414074737102687,0.00986997830391197
"CFAP126",257.986030032411,0.953646872509313,0.314968466154513,3.02775348958739,0.00246378978689178,0.00622958230669386
"SLC6A4",167.2426816385,-1.35128473682605,0.415608807025032,-3.25133807076582,0.00114863185636936,0.0031378944240807
"DND1",363.715340350569,-0.89280124087179,0.306463656684015,-2.91323692516118,0.00357703092810033,0.00867635035435094
"ID1",691.740747746203,3.56133095581589,0.337750016078377,10.5442806403582,5.39843927850942e-26,4.65684345937404e-24
"AKIRIN1",3297.31016911894,-1.36090248351625,0.178323172115985,-7.63166372248632,2.3174328617621e-14,4.59520495978263e-13
"ANXA6",1181.24899696857,1.5061534044418,0.210323210239031,7.16113738816587,8.00104109599379e-13,1.25739765521881e-11
"TMEM214",3704.50605528328,0.833651959433032,0.181499153791787,4.59314515807267,4.36615132007553e-06,2.03547046550898e-05
"FAM13A",3102.22433060867,1.2190323750456,0.201068913758251,6.06275904246075,1.33806053417261e-09,1.20988518690527e-08
"FSTL1",25973.0317856874,1.71833765317995,0.210200298418211,8.17476314786751,2.96447646029395e-16,7.96231427448951e-15
"CARF",1710.96828420301,1.10986149628661,0.214860577103883,5.16549620803632,2.39801890281346e-07,1.44296269824081e-06
"RAET1E",124.495658365058,1.3843577065693,0.474270058357184,2.91892284190268,0.00351243150626104,0.00854113488497799
"GPR89A",1514.37057945222,-0.764826626494151,0.204311382472801,-3.74343620623275,0.000181520703827134,0.000598051764100662
"LMF1",446.924881491815,0.983698863036539,0.316867332506288,3.10445022923598,0.00190632997827826,0.0049618908879348
"SNX11",860.057235443045,-1.43542133376268,0.224084682262951,-6.4057093026925,1.49671901001017e-10,1.57508684419414e-09
"FKBP14",2933.71233343876,1.09699410229386,0.193723347940819,5.66268399733098,1.49023444077092e-08,1.12678122975245e-07
"SLC2A3",25928.074043292,1.2806864886194,0.165416701349863,7.74218369831169,9.77236570556833e-15,2.02965612103922e-13
"C1orf52",1510.17815613611,-0.954253706439313,0.201709449665461,-4.73083292836286,2.23600491216143e-06,1.10936633299428e-05
"BLOC1S2",639.385053006793,-0.732730185660842,0.245283330661639,-2.98728080576997,0.00281471056315229,0.00702073647854239
"MAGOH",387.397167465968,-0.829506723156398,0.281178081016529,-2.95011161665776,0.00317659147492957,0.00781230690651505
"ZC3H12A",2534.15335305158,-3.62561298455383,0.236379511803164,-15.3381016692044,4.25455731396827e-53,4.57094166695246e-50
"LAPTM4B",6144.43344374099,0.831127263989487,0.217869947242309,3.81478618097395,0.000136300898700003,0.000460229720239037
"HACD3",3726.03916731251,0.781826012626262,0.188950030574241,4.13773954018531,3.50744197300646e-05,0.000135860207266438
"PTDSS1",2625.80267701964,-0.547762809972436,0.183168547181091,-2.99048509366013,0.00278534723496156,0.00696071761953387
"BRD1",1250.37175014233,-0.947023763322507,0.223169226469294,-4.24352308024337,2.20037730371173e-05,8.87207743953097e-05
"FAM167A",621.56281782002,-1.14598115381345,0.244153584387352,-4.69368965722552,2.68320994764434e-06,1.30709708001899e-05
"DZIP1",3410.5400290174,0.860665138553889,0.177116637157857,4.85931278035057,1.17793912546969e-06,6.20360275615006e-06
"TECR",3984.70478689994,0.634129127405887,0.181044845409213,3.5026080194251,0.000460726928526308,0.00137949603276511
"DBF4",3102.72773485438,-1.22261794362604,0.180991260938192,-6.75512142016383,1.42715687200022e-11,1.80967166451702e-10
"C9orf72",427.868275538558,1.15667728745084,0.274831364608617,4.20868007222554,2.56866778938612e-05,0.000102313838675312
"PANK2",2284.29249265664,-0.628514702883107,0.199084319272728,-3.1570276613403,0.00159386225901541,0.00422243088478909
"ACTB",288756.099823255,0.736794793699049,0.192845409622254,3.82064989331239,0.000133100482779754,0.00045058192652281
"BEX1",487.673043701396,0.964058633491746,0.334548668134976,2.88166932143573,0.00395574634606341,0.00948063482412844
"BCL2L14",81.6547660307407,-1.89126775198765,0.556409079755985,-3.39905982989542,0.000676179229431643,0.00194052601588712
"DYSF",115.608855774799,1.26875272168896,0.433853931400767,2.92437760698074,0.00345145779519261,0.00840843706938492
"CACNA1C",2144.41836787754,1.39561442659227,0.246891307864374,5.65274832339959,1.57902431103742e-08,1.18632608441451e-07
"TENM3",7425.90254720157,0.619038792646292,0.186114651416369,3.32611531620582,0.000880654864317527,0.00246216682907607
"SLC36A1",749.834374206261,-1.4181967080842,0.231663953758748,-6.12178409749967,9.25333520309258e-10,8.57693454354102e-09
"RTCB",883.970698181031,-1.32186713365218,0.231012474563257,-5.72205953878139,1.05240411432869e-08,8.19862348262129e-08
"CST3",12520.1022167507,1.42937519577269,0.192999343936542,7.40611427281677,1.30053779427308e-13,2.26692561249547e-12
"PKD1L1",245.980140788829,-3.53588721862798,0.394544988273832,-8.96193672133004,3.19024923605168e-19,1.24020939051509e-17
"HPS5",2105.74651123206,-0.79405956956861,0.215711878523947,-3.68111193042371,0.00023221902723696,0.000746969097410559
"CXCL16",2695.14235466644,0.712506012968891,0.186604439431502,3.81826935703979,0.000134391147028802,0.00045469068868777
"FTSJ3",1397.63277140845,-0.693858131283254,0.235836338643679,-2.94211712780867,0.00325976606057431,0.0079891985283839
"RFC5",1126.50289107669,-0.71267003296519,0.21749318748466,-3.27674646368156,0.00105010618093595,0.00289381431479524
"EXO1",315.702546262502,-2.18813676648631,0.30231820828524,-7.23785966745932,4.55820711609027e-13,7.37930023259655e-12
"RBBP8",2031.02983204904,-1.04887361254887,0.19480851714444,-5.38412605323199,7.27974761774552e-08,4.82783711259913e-07
"PLEKHM1",1174.68080658715,-1.05879998179351,0.225157216112331,-4.70249188578204,2.57005436413923e-06,1.25871953897213e-05
"C1orf21",1403.87318429326,0.752757613725907,0.248357328168178,3.03094585240572,0.00243788963011172,0.00617069600528171
"PCDHGA7",262.334760258453,1.58501711042395,0.366156318354087,4.32879901553734,1.49924675074158e-05,6.26523978085716e-05
"QSER1",17313.1016627581,0.586416369411927,0.182635542919859,3.21085567484118,0.00132340382737029,0.00356426308839153
"CIPC",1457.01508857437,0.969647054245196,0.210087905791896,4.61543490849818,3.92272976366749e-06,1.84182838089084e-05
"QPRT",104.910028529408,2.37803180127754,0.493399215750414,4.81969108455265,1.437806811605e-06,7.42008772906022e-06
"GNAI2",17056.4646881465,1.40852539905733,0.167892381816846,8.38945390979025,4.88405510137948e-17,1.4612598275469e-15
"CDCA2",2227.41185116787,-1.62637587898617,0.214133168765316,-7.59516093823203,3.07410132956559e-14,5.96547282640495e-13
"CEP126",711.034820945638,2.04378750648565,0.258134710489158,7.9175229964724,2.42288826415262e-15,5.51708930746738e-14
"KCTD6",1238.54106861716,0.752781506672536,0.20188469443054,3.72876957708915,0.000192416994720417,0.000629389439138083
"BRSK1",1025.05345009804,-2.0765472219287,0.286979106695622,-7.23588293879228,4.62510139063591e-13,7.47735269966281e-12
"C5orf56",298.372139061373,-1.1049800634842,0.316180996888282,-3.49477063567686,0.000474469305426404,0.00141383717890299
"INPP4B",912.283824667624,-0.951186191467193,0.254328715572042,-3.73998739909398,0.000184029480308161,0.000604463701579166
"HIST1H4A",49.3384752961208,-1.91222362747557,0.655254936179442,-2.91828954181568,0.00351957371518997,0.00855498193461848
"UBE2Z",7246.23723839488,-0.624667731536748,0.173673511395955,-3.59679335389598,0.000322164217772439,0.00100325078409346
"CCDC102B",2604.9459631188,2.7611312183627,0.293851804931719,9.39633914790581,5.6494528039419e-21,2.72511156069328e-19
"USP15",6393.92151551089,-1.13534776221292,0.176541907519599,-6.43103826261127,1.26735250251605e-10,1.34811628035415e-09
"SEMA4G",452.303044394546,2.57423606843489,0.280294538213702,9.18403934960817,4.15216786172904e-20,1.83783969250613e-18
"AR",6351.67191619111,1.3347127585772,0.198384663888217,6.72790291556642,1.72125697452732e-11,2.15942833598343e-10
"MYBL1",1997.28245464789,-1.92005254011185,0.20580645659418,-9.3294086681542,1.06463207304165e-20,4.93404778008088e-19
"LRRFIP1",5603.86632887255,0.885458721189452,0.185308331763179,4.77829956572625,1.767838660593e-06,8.92071617885912e-06
"STEAP3",1682.75721848208,1.0462576935287,0.227992651237798,4.58899744289319,4.45379884544041e-06,2.07387686191548e-05
"INTS13",1935.3672387826,-0.88370149415224,0.213161049626278,-4.14569873671375,3.38779014458604e-05,0.000131743678607166
"BTG3",2255.40558409069,-0.976008928352912,0.185411991207469,-5.26400111447373,1.40953594088098e-07,8.84646614409529e-07
"OMD",986.952997129324,3.06472624063065,0.319345341178718,9.59690293059736,8.2382643401867e-22,4.36591067140477e-20
"VAV3",824.666328035226,0.783541917718296,0.262057072734195,2.98996668757361,0.00279007873452062,0.00696959426856154
"RUNX2",8040.29019078214,1.05558397331553,0.186861832961029,5.64900791450375,1.61376427075838e-08,1.20858467375301e-07
"NUP62",3293.75046079926,-0.595533136419233,0.185551008646165,-3.20953866413564,0.00132948164820759,0.00357900093815883
"TEX10",8981.2022503827,-1.7610597606657,0.199425781075589,-8.83065244206413,1.04066888197578e-18,3.79587186641658e-17
"NAA15",4889.66917730071,-1.00317178866872,0.177052764872318,-5.66594816744129,1.46213722738934e-08,1.106244414423e-07
"SULF2",1033.30146599202,-1.12301626837705,0.322882554977426,-3.47809521160276,0.000504990517686197,0.00149528592615306
"CADM1",9243.93416738417,0.829199883130733,0.198788515304423,4.17126654354706,3.02911290606902e-05,0.000119167963794686
"FAM149A",135.33057998892,1.85125111463845,0.412547753555203,4.48736200521022,7.21104888663551e-06,3.20979946298525e-05
"QSOX2",1546.0667173471,-0.669572508028091,0.198686652388203,-3.36999239747544,0.000751702575616036,0.00212883322277266
"ADPRHL2",738.060846657282,-0.795933239779475,0.239006551665036,-3.33017331213148,0.000867919435380109,0.00242885907821978
"FHIT",215.789011617325,1.22704506948861,0.344734231763548,3.55939432881801,0.000371711058421935,0.00114041570312316
"MICU3",1122.31039594489,0.646396221674188,0.218624811334879,2.95664621836572,0.00311004733082077,0.00766677917305796
"YARS",4646.70517933018,-1.731367386353,0.197032485437033,-8.78721791745505,1.53309217318935e-18,5.42457583914723e-17
"CPEB2",10378.2963533584,-0.785186905035947,0.189725975979307,-4.13853137918018,3.49536072142235e-05,0.00013548105282312
"ARHGAP20",132.369763944886,1.44265438928312,0.447189289610751,3.22604861699362,0.00125512035095994,0.00340362834044162
"CLCC1",1733.37349122635,0.728885466674902,0.221238271896943,3.29457222941259,0.000985716082776286,0.00272878722563836
"MAP7D1",4112.23007649027,-1.24880724587695,0.194446607124404,-6.42236583268324,1.34172493103647e-10,1.42248283060591e-09
"RALGAPA2",2648.16783110463,1.17731648211563,0.187498991638119,6.27905500626852,3.4063707108214e-10,3.38005785562446e-09
"NCEH1",7329.04323805728,-1.39033792003409,0.169610109548174,-8.19725854630846,2.45931124332731e-16,6.71227258051782e-15
"RIN2",1282.74224912977,1.03465308018829,0.202513410484028,5.10905958136483,3.23766251909742e-07,1.91217869318807e-06
"SIRT6",340.094512334403,-1.10346153142983,0.294242305339784,-3.75017973759951,0.000176707863705165,0.000583822626018349
"CLCN7",2356.58927466727,-0.568268868014097,0.192469504153658,-2.95251380478655,0.00315197976201754,0.00776043683906736
"OAS1",255.650819205434,1.28446173411085,0.367171908994549,3.49825709060418,0.000468309467576941,0.0013979493023047
"TMOD2",941.707132932533,0.963250535111725,0.264720549701133,3.63874484319116,0.000273970077999695,0.000868037099678391
"CCDC146",571.457951564922,0.97740827253978,0.281748273111824,3.46908345433533,0.000522237204072345,0.00154140841102072
"RAD9B",260.479223229753,-1.71005945007858,0.355131022832492,-4.81529165331518,1.46985051937681e-06,7.56233932868748e-06
"ZUP1",559.784246173733,-1.02485885895014,0.260236287290972,-3.93818582957354,8.21000013877676e-05,0.000292510647090937
"SMIM10L2A",44.7142830662014,2.5348776444547,0.746616955182945,3.39515145866675,0.000685906447839535,0.00196319748136779
"ZIC1",2522.83397514187,1.05448144766275,0.199298767951465,5.29095818554956,1.21677185658271e-07,7.71449023663864e-07
"SH2D4A",599.017966701689,-1.6746347496432,0.294869097098057,-5.67924806676608,1.35288153473129e-08,1.03150670822286e-07
"AARS",19436.6968950851,-1.44869464470077,0.177839584442818,-8.14607529161526,3.75926116922309e-16,9.9167295754193e-15
"MED18",872.786493741977,-1.20040881446055,0.231408023019857,-5.18741225474947,2.13236339852243e-07,1.28967608207462e-06
"ZNF629",4106.04617270351,-0.833562400317254,0.209000493458229,-3.98832742700605,6.65407817875447e-05,0.000242843652918597
"GOLGA8A",192.655999530108,1.20137348322897,0.352821764870236,3.40504357397231,0.000661534971890508,0.00190126952767559
"PDIA3",5459.29733756699,0.827432233712426,0.19566323648221,4.22885897518953,2.34879512248708e-05,9.42548752378687e-05
"ATP6V0B",2030.47423040594,-1.09790148525414,0.208816837238763,-5.25772490270403,1.45848474124907e-07,9.12943467800925e-07
"IL11",330.451912565073,-5.17655743700475,0.424125873349437,-12.2052384970624,2.91453245951987e-34,5.74540608149306e-32
"SLC25A46",3741.33796902883,0.632232376139726,0.185225807480233,3.41330608698897,0.000641798142346974,0.00184994401128208
"PLPP1",1165.45291415678,1.19878705948364,0.21110782882874,5.67855330678495,1.35838701864511e-08,1.03503660775938e-07
"ATAD2B",2983.6833329057,-0.981987253878787,0.190862526601386,-5.14499766593603,2.67524137076514e-07,1.59838233163308e-06
"SLC25A38",1997.35888996152,-0.665151243915055,0.204628640578483,-3.25052857720541,0.00115190690915978,0.0031461141327595
"EXOC4",9127.04023793536,0.582037385458803,0.168619513466587,3.4517795330618,0.000556902564087542,0.00162988472074952
"CSRNP3",235.856107739068,1.43535941121107,0.416602845028877,3.44539032399448,0.000570235321005065,0.00166519422378005
"FAM47E",103.466613768464,1.79576716841531,0.479641101196375,3.74398099732508,0.000181127357900897,0.000597088735194644
"CREBBP",19561.6502927897,-0.826074038327608,0.166641102689865,-4.95720458514375,7.15146610776435e-07,3.9364707248048e-06
"VIM",122215.512994664,1.04292562370826,0.165264896461405,6.3106300614288,2.77901753739495e-10,2.81185181994294e-09
"RYR3",168.131227333545,-1.50678184533652,0.468280422363419,-3.21769130926245,0.00129226815017248,0.00349474256264036
"EIF1B",2064.81332758674,-0.830804221284119,0.196992613799678,-4.21743843720437,2.47093249495117e-05,9.86536494099087e-05
"C14orf132",531.166687081956,2.01147635950051,0.298265212672131,6.7439187476135,1.54170778023331e-11,1.95073903070634e-10
"OGFOD1",5163.44798679878,-0.687254596021363,0.179359700821752,-3.83171132017197,0.000127255004360603,0.000432403577209202
"ATAD3A",342.484369153562,-1.67619509518576,0.312356743084958,-5.36628432807627,8.03752050627109e-08,5.2888317006187e-07
"PARL",2015.10728744612,-0.572337973530323,0.193101004391161,-2.96393058821666,0.00303736790733146,0.00751111402570478
"ARSD",609.166346362179,1.71110830697494,0.241117285804969,7.0965808248148,1.2788117185565e-12,1.93756370383342e-11
"PIK3R2",4135.27216046496,1.06714935702599,0.179640281360297,5.94047921181806,2.84190096105266e-09,2.42495202582819e-08
"ASNSD1",2412.21145590191,-0.92397493291473,0.204112184642525,-4.5267994879039,5.9883710368347e-06,2.71985276377066e-05
"GDNF",37.2279677536983,-2.34581016109899,0.770387102212076,-3.04497590154777,0.00232698954404421,0.00592680224817123
"TMEM167B",2445.84581545798,0.757638985056291,0.186895458504452,4.0538116395067,5.03897948795167e-05,0.000188718276366727
"FNIP2",1122.13350055153,-0.882088836962719,0.220250972116752,-4.00492596461792,6.20369077396466e-05,0.000227687011076753
"C16orf91",382.634170092832,-1.32738430953772,0.300289388320224,-4.420350372562,9.85409975398532e-06,4.26577842097431e-05
"NUFIP2",23193.385286502,-0.590804042650517,0.172489720395432,-3.42515508342236,0.000614448574029451,0.00178110209661026
"MFSD2A",479.801625971186,-4.55476334298599,0.343756540331992,-13.2499685346702,4.51392480685765e-40,1.88474101723785e-37
"EXOSC9",855.915273082716,-1.1364093515635,0.244431494755618,-4.64919364298645,3.33235245232502e-06,1.58989670091147e-05
"CAD",4308.52987689284,-1.21950913500948,0.19078129957566,-6.39218381320362,1.6353314082477e-10,1.71484885383064e-09
"SP140L",1717.81533970449,-0.849312186411078,0.192162736280221,-4.4197548538889,9.88129288468846e-06,4.27441871563866e-05
"MTUS1",233.79908074624,1.70680101058604,0.341250929342113,5.00160106194152,5.68561490247526e-07,3.20422493645458e-06
"NIPSNAP2",7037.78217352957,0.773882030263536,0.191083095586015,4.04997641413642,5.12227953874823e-05,0.000191190963570025
"APLF",874.295383915327,-1.10060766015832,0.261544248231151,-4.20811265245492,2.57512487745117e-05,0.000102536475073173
"MFAP3L",2059.04583133254,1.17486266643026,0.208454581527591,5.63606066041178,1.73984115430911e-08,1.29398632861076e-07
"SIDT2",1187.7867203159,0.804949732751255,0.205684308054474,3.91352038648505,9.0960217151121e-05,0.00032050323383779
"DCC",2054.45015606264,2.14441230923264,0.319821445519401,6.70502975730736,2.01365328631997e-11,2.48406623567112e-10
"PDE12",4134.40552394205,-0.686787960254801,0.188579028689764,-3.64191058266958,0.000270622079232118,0.000858119595483007
"SLC33A1",1098.75780603171,1.00554637314807,0.208632033554399,4.81971227532461,1.43765410432811e-06,7.42008772906022e-06
"GAREM1",1802.874947456,1.43701342580743,0.220253672450915,6.52435625620578,6.82942094248123e-11,7.65750443057336e-10
"NOP2",3708.42673001165,-2.11171008929249,0.209057725993358,-10.1010860959981,5.46337206466693e-24,3.60704642794602e-22
"LPCAT4",750.39856460857,1.13705136765092,0.230980336009346,4.92271934180974,8.53498163573335e-07,4.62054113472729e-06
"SIPA1L2",825.311249587412,-0.961280120468489,0.308781269601001,-3.11314258701841,0.00185106563716673,0.00483231581622187
"FAM189B",214.2554885363,1.35270146014329,0.46339877421449,2.91908726438965,0.00351057934601025,0.00853838788045877
"SKA3",1400.05193242738,-0.901754674482552,0.22500406612293,-4.00772612700199,6.1306153402209e-05,0.000225284863466202
"SLC16A4",2177.45469625118,0.764451479814699,0.211275023452751,3.6182766297771,0.000296571307807648,0.000932644948289193
"SEPHS2",2567.2629442089,-0.886609413955794,0.202731908805437,-4.37330965401544,1.22376948737366e-05,5.19113704299422e-05
"PLCH1",1586.34707431283,0.678393549807606,0.224164695942913,3.02631753387416,0.00247552182339814,0.00625255757831144
"E4F1",461.968878825135,-1.26082787356525,0.312511266635385,-4.03450373850453,5.47178189735112e-05,0.000203159027530303
"SLC6A8",6559.86908422687,0.815936910424818,0.182788213795388,4.46383764840645,8.05045733276001e-06,3.54736408495741e-05
"CCDC137",618.955690841457,-1.98255162539118,0.281458300180112,-7.04385560533302,1.86991925952671e-12,2.75888961411818e-11
"RNASEH1",4868.84309328635,-1.03426563990965,0.174879752009787,-5.91415317109877,3.33587349084454e-09,2.7979668498794e-08
"PHLPP2",3838.30323091873,-0.655836723126144,0.185000971231405,-3.54504475712079,0.000392546424965263,0.00119564784799986
"MTAP",3209.9854833475,1.06494891469859,0.210404740883128,5.06143022361902,4.16123031933192e-07,2.40241426056984e-06
"MTTP",393.107500475282,1.13084199677919,0.299357381355939,3.77756510180921,0.00015836911501835,0.000528403783536663
"KRBA2",584.464102778266,1.45821458016949,0.242474646620172,6.01388475246954,1.81129303997371e-09,1.59507162044779e-08
"PKP4",1838.44881726466,-1.00714672893197,0.194440430153808,-5.17971868368777,2.22220765295177e-07,1.34195452440389e-06
"CDKN3",1930.46653863889,-1.28631285276221,0.196939153565645,-6.53152422701689,6.51036882685542e-11,7.32060312043552e-10
"ADCY9",2739.51018945129,0.77134616175668,0.183894002374337,4.19451505648628,2.73455988207779e-05,0.000108373670980534
"PLAGL2",4385.50233949685,-0.674662852242248,0.176012983760204,-3.83302889269459,0.000126575080430403,0.000430588457261516
"ZNF726",294.97957815103,-1.10669441751886,0.303569295482615,-3.64560722704001,0.00026676115374015,0.000846558355236599
"COL5A2",11644.0673010506,2.10979977811854,0.209462785104433,10.0724325663227,7.31461850417561e-24,4.67265737742418e-22
"AIFM1",1677.68594535766,-0.857201045541202,0.199428026578339,-4.29829778817211,1.72114823110299e-05,7.08729261155927e-05
"IRAK2",4861.47252681944,-1.28018824560314,0.243819803537141,-5.25055072242368,1.51645138786147e-07,9.4722106246019e-07
"JUN",8290.42100847653,-1.00188662221073,0.204754773132481,-4.89310508801906,9.92573715753488e-07,5.31742346907286e-06
"PGAP1",9474.09053360288,1.46164198730022,0.201412396792473,7.25696139153858,3.95882640932897e-13,6.4620732742334e-12
"SRGAP3",2369.6319460124,1.32520438133425,0.260309596203322,5.09087794173812,3.56409408796275e-07,2.0841397294183e-06
"DUSP7",2659.3607888071,-0.892463806315077,0.183094942847777,-4.87432253689858,1.09182482267455e-06,5.79918460870463e-06
"MAP1LC3A",789.563923561335,1.50338159540967,0.23168195933516,6.48898861061004,8.64144981647995e-11,9.50881321519181e-10
"NUDCD1",1731.06265802112,-0.583841410790687,0.20128784494,-2.90052989024111,0.00372532306788718,0.0089848710237328
"FAM49A",2215.68914848861,0.915218536702384,0.244686777683829,3.74036776880923,0.000183751195928435,0.00060371744050104
"CFAP44",778.380477415435,0.812084847021199,0.234013812289707,3.47024322656582,0.000519987257816207,0.00153591837362458
"TUBB6",4609.9778961185,-0.659501723658043,0.201118376840131,-3.27917186892515,0.00104112207698429,0.0028723460890887
"NRN1",1913.18020890432,2.09538826332869,0.218083202239473,9.60820568393797,7.38242053226269e-22,3.92997503830092e-20
"GPATCH2",2712.39702852988,-1.35999741671975,0.195011275972077,-6.97394245507361,3.08180180965648e-12,4.42536255000246e-11
"CPEB4",6871.60119201779,-1.68722201331446,0.175315863027759,-9.62389816971275,6.33825461474492e-22,3.40479513804797e-20
"IFT140",652.614784457482,1.25306954245964,0.274320311591838,4.5679065293717,4.9261960526883e-06,2.26935425560207e-05
"WSB1",5537.03496159978,1.1185714636774,0.226483747781769,4.93885973997223,7.85807055746085e-07,4.27957040774527e-06
"PNN",3711.60307794526,-1.25219387067389,0.186940009638152,-6.69837277262196,2.10753094793498e-11,2.5836930231012e-10
"DDX5",19121.2510394888,-0.679186578960598,0.175673841835779,-3.86617934612886,0.000110553652764703,0.000381243965092867
"PTRH2",1206.13328274022,-0.669984486461166,0.216126069698519,-3.09997071336997,0.00193539778336518,0.00502914050215693
"ZNF709",1198.01402949751,-1.45056796875879,0.20724891194744,-6.99915842803877,2.57504551138361e-12,3.74315963758075e-11
"MAD1L1",628.488325202557,-1.69035937587728,0.283247930173076,-5.96777309138464,2.4051352336907e-09,2.08081172706857e-08
"CIR1",1817.08595220693,-1.01849384042842,0.212645454620919,-4.78963372268682,1.6708602064957e-06,8.47113939097647e-06
"MRNIP",377.190426507115,-1.36078765840966,0.344012336930324,-3.95563621512002,7.63312404252285e-05,0.000273939447113681
"PRRT3",557.463404390286,1.68903004667806,0.260775071137547,6.47696131117984,9.35881770135411e-11,1.02409729254262e-09
"GLI3",5953.49899096042,0.598690670685563,0.189572236658766,3.15811366283144,0.00158793631075191,0.00420767518396101
"RPS19BP1",312.579436846055,-1.12875473079249,0.325876491090697,-3.4637501067186,0.000532701127175166,0.00156759509983967
"CDH2",3111.16357804471,0.669041533366383,0.193379986921933,3.45972478339485,0.000540727747104671,0.0015868687646593
"SYF2",1167.62653752315,-0.894679497866643,0.217653260087582,-4.11057246515229,3.94679389696013e-05,0.000151046665395968
"TTLL4",3378.93388789242,0.589138178495068,0.202254686797926,2.91285303605191,0.00358143111446984,0.00868034309081308
"PYGL",1296.45341999173,0.729270074896065,0.239234036670265,3.04835417671447,0.00230098557432271,0.00586689266825152
"FDX2",180.383998067503,-1.64654703241542,0.384012187191722,-4.28774681464306,1.80494654210779e-05,7.39884087222679e-05
"AURKB",565.500358536423,-1.85528391164157,0.270967817533925,-6.84687919224685,7.54784043067023e-12,1.00112657923301e-10
"PDP1",25270.6492488505,0.608369695187743,0.17281607788557,3.52033041503565,0.000431009511815273,0.00130040092178527
"CLSPN",512.740304264107,-2.4554367781525,0.266224454731466,-9.22318267354231,2.88409903655786e-20,1.2861993363789e-18
"C11orf80",657.794892298078,0.972283795322917,0.243097520746152,3.99956277768129,6.34596131791742e-05,0.000232475421125691
"TFEB",574.823194089457,-1.38417685959607,0.283236067666553,-4.88700775646141,1.02380061933838e-06,5.47478539336697e-06
"SPIDR",2335.05054584858,0.786778437094306,0.187353651869313,4.1994294172772,2.67588424818293e-05,0.000106155085750339
"TP53I13",1136.25616920431,0.772849050690665,0.217897475315305,3.54684720220979,0.000389870638952855,0.00118995124254774
"RTL9",149.119239335177,-1.49622333345916,0.451555014579198,-3.31349068253286,0.000921391770007906,0.00256998063203999
"LIN7A",679.55556312597,0.849544123472061,0.239541977231993,3.54653548947411,0.000390332163972666,0.00119074484094708
"AP1S1",2340.40532984802,0.664417545510206,0.185872582239451,3.57458608206275,0.000350782391849052,0.001082105535597
"ZNF687",2920.83588558472,-0.624193045809916,0.195647877629416,-3.19039006900051,0.00142080882990567,0.00380405952692008
"USP36",11502.1869708803,-1.88087382930252,0.20614783217153,-9.12390787470176,7.24631634992431e-20,3.09158724272222e-18
"BCL2L12",402.215350132432,-1.22623358211237,0.288027472509432,-4.25734938208791,2.06864937153363e-05,8.36663185242451e-05
"PUF60",248.990610412809,-1.77827807074501,0.426393003096796,-4.17051419190694,3.03913127009475e-05,0.00011948254607445
"EIF2AK1",17716.45049797,0.707384233556446,0.179465402918082,3.94161895303763,8.09334800438961e-05,0.000288877036290777
"GNPTAB",2762.16008079647,1.36719719475904,0.242946715571905,5.62755990152248,1.82776700010282e-08,1.35681849291552e-07
"MASTL",1157.40791818236,-1.25209841503236,0.207170441121563,-6.04380822019711,1.50518414545211e-09,1.35066562118094e-08
"COQ10B",1977.20937137648,-0.947485587632591,0.190847662551346,-4.96461719764411,6.88367081434461e-07,3.8103616713782e-06
"SLC28A2",80.1773041088229,2.03699825551926,0.543580310190039,3.74737314309105,0.000178696159008966,0.000589732255562122
"CLINT1",6073.41825505007,-0.631130318912932,0.182392875030845,-3.46027945886703,0.000539615052487214,0.00158399669406207
"SBNO2",636.770257422702,-1.9977715185432,0.353571355143632,-5.65026405414443,1.60201558613815e-08,1.20130838813329e-07
"MLLT1",3519.1201801666,-0.745777823255468,0.189772712911721,-3.92984750975442,8.49997499220138e-05,0.000301297853802747
"ZNF212",739.062296431367,-1.29859480646839,0.230904588059982,-5.62394544594783,1.86644615200832e-08,1.38320260378969e-07
"RAD54B",1446.69959229425,-0.999327222440497,0.20748387948389,-4.8164089900685,1.46164783754015e-06,7.52997129208782e-06
"CDKL4",32.5839176498294,-3.45135683381315,0.904431553464238,-3.81605088919493,0.000135604548809579,0.000458402333475858
"TMED3",595.703088068425,1.16973138533249,0.256600355792246,4.55857273354504,5.15024285476833e-06,2.36554877798881e-05
"PIM1",598.513063907687,-1.13169891339467,0.252840536143814,-4.47593938319672,7.60760686794086e-06,3.37234425976463e-05
"KIF3A",1461.69481745056,0.93349245924261,0.236998467186038,3.93881222240075,8.18859845766565e-05,0.000291997137293032
"ROR1",2525.00335066656,-0.87495986486258,0.199965642248545,-4.37555099478067,1.21126119493282e-05,5.14361652954224e-05
"CCT3",4828.7077535759,-0.946557492477309,0.188214189093486,-5.02915054936243,4.926574740515e-07,2.8045404760793e-06
"STOML1",148.56428617952,-1.2803441734546,0.404716365236292,-3.16355918226109,0.00155852660528869,0.00413809647748859
"DCAF15",1107.31498613674,-1.3330683468757,0.24427449442849,-5.4572555763326,4.83550108185569e-08,3.32630685595871e-07
"EDNRB",67.1673284207729,2.6886905251057,0.611103774086304,4.39972822803413,1.08386532532892e-05,4.64772148575369e-05
"ADAM28",175.35104013874,2.28808819213417,0.461906847076046,4.95357063143398,7.28638925237194e-07,3.99956099324346e-06
"WDR45B",6286.5219851746,0.494716863566279,0.171665162703478,2.8818710551122,0.00395321473130168,0.00947648918753006
"GPHN",527.38932563269,-0.897180440669334,0.290475121849192,-3.08866533890338,0.00201057782532594,0.00519658003041075
"PDCD4",574.643202909419,2.00541041317675,0.265890073410197,7.54225378727447,4.61917679476601e-14,8.6925846115517e-13
"ENO2",5422.15402509454,1.46888776908665,0.182008073529642,8.0704539122954,7.00372980772983e-16,1.75732651523888e-14
"REL",7732.41661644799,-1.19301338227093,0.170800898900526,-6.98481910780657,2.85223239874096e-12,4.1157121475361e-11
"SLC10A7",621.269560885529,1.08745009029133,0.251971254140962,4.31577043976204,1.59047199100708e-05,6.60212664407809e-05
"CDIPT",5346.56338680124,0.730860711658806,0.180886282143783,4.04044299543875,5.33503318332877e-05,0.000198393398869035
"ZNF121",1417.14481598031,-0.942681436865657,0.228653894565821,-4.12274384678935,3.74385949464793e-05,0.000143885956122762
"FCGRT",599.736803449091,1.30966903563198,0.253822600082073,5.1597810250486,2.47238846768732e-07,1.48318207670704e-06
"AHNAK",152882.973390484,0.881937839958662,0.173873028751595,5.07230964049431,3.93016205903009e-07,2.27903116847976e-06
"SRSF3",14929.7549618385,-2.26186445266432,0.192781286736741,-11.7328008903327,8.6546601794775e-32,1.32832174027357e-29
"HIST2H2BF",1611.17134547227,-1.68374764143327,0.200622004606988,-8.3926369130429,4.75357925152641e-17,1.42583247701876e-15
"HIST1H2AJ",51.2531697080871,-2.66853265259163,0.670079194795338,-3.98241383006478,6.82188619088786e-05,0.000248064772319732
"NDUFS1",5142.79085986868,-0.553488458192238,0.174222832611719,-3.17689966289188,0.00148858527096237,0.00396665179982712
"SEPT1",306.50830533061,1.7754426065823,0.314700297198382,5.64169345370237,1.68385701994269e-08,1.25471767097621e-07
"TSEN15",1002.17339479139,-0.675404999147654,0.230244053355246,-2.93343080659531,0.00335238368833129,0.008194951460481
"CKAP2L",1904.81661805489,-1.0441824012694,0.22377811626782,-4.66615064370151,3.06894739423392e-06,1.47494185868469e-05
"G0S2",317.822714473504,1.82824671040372,0.30209905290234,6.0518121220153,1.43225454041828e-09,1.29012074380055e-08
"NCOA2",8311.07013506316,0.561891679694118,0.187794825533519,2.99205091566183,0.00277110041776405,0.00693244384782716
"HIST1H2BE",605.903480974518,-1.16812713625186,0.247846570634734,-4.71310590766008,2.43969313736557e-06,1.20284912379584e-05
"EXOC8",1120.24991945955,-0.754036495334693,0.214478192955118,-3.51567907648534,0.000438630838990062,0.0013189339514158
"PPIH",678.94951329228,-0.778184964241583,0.235658497274491,-3.30217230968407,0.000959391144910342,0.00266402362559925
"SH3KBP1",8214.41232786527,1.06908608565203,0.194134235116015,5.50694258028803,3.65119284738197e-08,2.56538627053271e-07
"RPL8",5410.97917978117,-0.582078229618453,0.197212398105445,-2.95152959555428,0.00316204242066125,0.00778359036187767
"ZNF668",663.850595100914,-0.868257170688245,0.240352639370548,-3.61243035633848,0.000303340590421443,0.000951906292512111
"DENND6B",148.480759563204,1.82607922907619,0.401503905313736,4.54809829968972,5.41328510428197e-06,2.47769958800946e-05
"KLHL11",3861.26684155542,-1.55503366078281,0.201738851418621,-7.70815165174117,1.27653006237635e-14,2.59210176583569e-13
"TET3",6999.37389352868,-2.35884366370248,0.17426114150536,-13.5362573854707,9.55336694966707e-42,4.51606762444662e-39
"NNT",3560.3569879639,0.794281366215889,0.188145732012457,4.22162840325977,2.42543724631357e-05,9.71325563433881e-05
"HOMER3",1001.41529037004,-1.63106853561168,0.259976715145252,-6.27390239429859,3.52109289050199e-10,3.48511522445164e-09
"BEX4",902.283973117711,0.824909939664192,0.256843546783282,3.21172149347489,0.00131942217377347,0.0035567817631512
"NUAK2",249.655504366461,-2.32512411852092,0.357008577750621,-6.51279622795248,7.37645490209956e-11,8.22405132386911e-10
"BCAR1",6120.51356135061,-1.85065836228642,0.206962207993,-8.94201110547204,3.82151179552542e-19,1.47590282351371e-17
"TK2",1637.15189006329,1.0456175108822,0.195181330371297,5.35715946239889,8.45405030037171e-08,5.54439325470549e-07
"FAM219A",1871.50418985712,0.555543662687493,0.189501271375556,2.93160915837082,0.00337210835489627,0.00823314584516669
"CRYL1",312.455772638775,1.89760016518082,0.295930842469905,6.41230954280747,1.43331434386744e-10,1.51255340017923e-09
"SSR3",6608.03688106687,0.879350768672491,0.188923742850594,4.65452756442533,3.24724395925309e-06,1.55179656734545e-05
"DCUN1D5",1572.00355703614,-0.97964380698884,0.195191688306475,-5.01888074993583,5.1973398504222e-07,2.94590706725609e-06
"FZD3",9556.89231485451,2.0526274369423,0.233918722339104,8.7749600220827,1.70964590474988e-18,6.01327241140895e-17
"NME3",155.118367171532,1.90802839451237,0.408591069659871,4.66977507878646,3.0152969158769e-06,1.4515184909097e-05
"XRCC1",775.104778789153,-1.39370410591604,0.263233538572809,-5.29455370114453,1.19307426286482e-07,7.5764382797079e-07
"IPO8",5337.75919211352,0.562954049164272,0.179945119392469,3.12847634359252,0.00175715155042402,0.0046075032223011
"IGFBP3",892.470676253111,0.89035822110293,0.238263919711342,3.7368571044311,0.000186334745912551,0.000611186241241891
"TGFA",150.243802235166,-2.02846644002398,0.516897810899383,-3.92430843631263,8.69792392532923e-05,0.000307668557167138
"SFXN1",7752.2183566875,0.752031186827971,0.178035827806782,4.2240440932155,2.39957070848599e-05,9.61375607094206e-05
"PNO1",1067.48141955571,-1.50361491577873,0.215588285558846,-6.97447410874422,3.07017077708311e-12,4.41402411722241e-11
"PIR",90.3072283355148,1.92008604091567,0.525923046878993,3.65088781012757,0.000261335384011438,0.000832245100578598
"PGGHG",117.83581146463,2.29952171692901,0.512817957974335,4.4840896875224,7.32258607456623e-06,3.25576833067057e-05
"MIDN",4576.41285889176,-1.24801138038262,0.203610359669067,-6.12941002810978,8.82055380371867e-10,8.20797676002735e-09
"SMPDL3A",264.519000408564,1.40845787954822,0.371352540214468,3.79277836293994,0.000148971110197744,0.000499160924388132
"HIST1H1C",9129.80179762787,-1.31524231583241,0.179669084474452,-7.32035964717923,2.47307251080828e-13,4.18721646600748e-12
"MAP4K2",527.077646180255,0.834016184709096,0.247633213569857,3.36794960856016,0.000757294362570211,0.0021436418627197
"EEF2KMT",315.011807387113,-0.991296230615731,0.301818803993328,-3.28440845136224,0.00102196694170063,0.0028225298707684
"GRM2",178.567759897905,-5.29160171471187,0.599287196391416,-8.82982607767201,1.04838614961065e-18,3.81225462033805e-17
"DST",35434.0576305404,0.771270717528811,0.203092629556448,3.79763026956349,0.000146086006282593,0.000490885533763913
"HIST2H2AB",255.604222069348,-1.58975294943045,0.353644188069728,-4.49534589584996,6.94569461374696e-06,3.10454685874665e-05
"MCL1",13224.5837114343,-0.570147447457368,0.174174366807578,-3.27342913832577,0.00106251028234151,0.00292289257837802
"IDH3A",2479.93708126718,-1.04824313154607,0.186738166397871,-5.61343806553526,1.98345615154329e-08,1.46411522791622e-07
"CDCA8",1249.12056609069,-1.76728340686736,0.231040159835669,-7.6492476811147,2.02158527898801e-14,4.02206983620881e-13
"GNAS",78990.3459599625,0.746142267891717,0.165499695308547,4.50842079497886,6.53119422729528e-06,2.93905557322194e-05
"OXTR",795.831415311742,-3.21570289026119,0.251976434463198,-12.7619191735601,2.6752756922011e-37,7.71131905620307e-35
"SLC25A43",1833.94014513423,0.851345938187453,0.241190516986986,3.52976538556609,0.000415928325741019,0.00125940070551047
"MTF1",3332.83086985817,-0.778171356070575,0.178742676262915,-4.35358456268133,1.33929399622989e-05,5.64270105078245e-05
"MUC1",549.520447554716,1.58968252330209,0.261124415506498,6.08783564041155,1.14447270285198e-09,1.04463693097514e-08
"PLK1",3137.38456331362,-1.84236668623036,0.229990732699652,-8.0106127086274,1.14138358023447e-15,2.7805509118369e-14
"HIST1H1D",2450.69118331533,-1.54032165108117,0.251941626450033,-6.113803712332,9.72839552264428e-10,8.97503343377128e-09
"ERGIC3",10558.6240191739,0.660676109262124,0.178166764916845,3.70818940092714,0.000208746501680921,0.000678670194460831
"RAB31",18175.0905172104,0.830439339289721,0.175321940939052,4.73665380865485,2.1727585384942e-06,1.08070961312813e-05
"CCDC66",1296.90768380539,-0.973365555375705,0.207096497162945,-4.70005803434645,2.60087567137463e-06,1.27121398453706e-05
"DHRS13",433.458564176425,1.52237650115309,0.28652362672089,5.31326689730921,1.07677149531239e-07,6.91215944139153e-07
"UTP4",777.897032408368,-1.89244708511554,0.24995665092203,-7.57110114147698,3.70073773479326e-14,7.09572249503049e-13
"ATG4D",708.554477841737,-1.9796776928722,0.271529228800238,-7.29084563610141,3.0801551970819e-13,5.17799062860796e-12
"OSTC",1672.43916403862,0.996608069970713,0.19932577365337,4.99989565676453,5.73613482954076e-07,3.22961607506016e-06
"NCKAP5L",3013.5620632062,-1.47488362492174,0.22665742518651,-6.50710482441992,7.66129543093881e-11,8.50152013172158e-10
"HECTD2",2558.32633979761,1.01767579900613,0.193986237993119,5.2461236917344,1.55332637041448e-07,9.6718709407578e-07
"SMIM29",734.25694473166,-0.848118161928277,0.237024576548193,-3.57818659262886,0.000345986420144385,0.00106954420959099
"RPL22L1",292.59194341551,-0.899436661755123,0.304041212750475,-2.95827218165087,0.00309368825644905,0.00763122684506676
"SCAMP1",4708.53871845508,0.903233405025121,0.200364638028272,4.5079481784489,6.54575578123712e-06,2.94359748183639e-05
"NCAPD3",2023.60432114167,-1.04973042890129,0.189307105701343,-5.54511900127712,2.93754314997437e-08,2.09636986391287e-07
"ZNF200",1358.73925677044,-1.55379889057015,0.21377122343056,-7.26851287855813,3.63466506284124e-13,5.99922789282931e-12
"BAHD1",2061.11347897303,-1.45540435611221,0.233910830644272,-6.22204774402076,4.90707650395077e-10,4.75732814796474e-09
"GADD45A",2569.02034313946,-3.06640271174612,0.232773358099155,-13.1733405265388,1.24944582629166e-39,4.61435961722339e-37
"SEC24A",13677.4092705091,-0.477500164515083,0.165036449384795,-2.89330124524041,0.0038121547644132,0.00917183326666026
"ZNF25",554.978293174468,1.75626157242015,0.282401818538947,6.21901651167285,5.00280665284073e-10,4.8382298709715e-09
"COG5",5387.69120877026,0.73308114738358,0.178978735870184,4.09591197423193,4.20509701108945e-05,0.000159845083554375
"NBPF20",806.070295557384,-1.04299553083049,0.227181986385249,-4.59101334320496,4.41099132708153e-06,2.05475346879974e-05
"P3H4",691.789933449211,1.45968877378676,0.230369708090694,6.33628781268454,2.35366940960273e-10,2.40411971328306e-09
"PLEKHA8",3001.74983630553,0.703509929031266,0.188449633369761,3.73314564985593,0.000189103168193009,0.000619235589278188
"AKAP7",371.190201759649,1.02466338266656,0.279160152692489,3.67052164423798,0.000242055970803592,0.000776497682670154
"SLC44A1",2152.83875231378,1.84747376674842,0.235113729293286,7.85778768556659,3.90977275237393e-15,8.64123001863203e-14
"MANBA",1361.36645961464,1.35936954096513,0.20710336246301,6.5637251119374,5.24799090282065e-11,5.98655950671182e-10
"GPX8",2939.64950360594,0.893597747514749,0.196333200842352,4.5514347226085,5.32813293009053e-06,2.44156165055486e-05
"SPTLC2",1384.72989692352,1.7875333897247,0.230404679796772,7.75823386617578,8.61202358809699e-15,1.79817835272315e-13
"RTL8A",2392.87860261926,0.953391530923749,0.188260486813721,5.06421473278726,4.10087203860996e-07,2.3736382281454e-06
"BRWD3",4778.30406754335,1.35609699683789,0.197520173688569,6.86561261826375,6.62065101565155e-12,8.88114116946311e-11
"YLPM1",5871.70485360761,0.507769809870926,0.17687389703645,2.87080127920903,0.00409432825397035,0.00977115737185411
"TRMT10C",1598.54638865828,-0.877565885814086,0.217561063568337,-4.03365322553886,5.49163428631336e-05,0.000203832079132071
"CPS1",2480.05446206174,1.39085132668747,0.202284301805519,6.87572547287761,6.16751722219526e-12,8.35868331787885e-11
"TPPP",257.047476073267,-1.24522725904408,0.326823745521905,-3.81008808602806,0.000138917287433995,0.000468127887908454
"ERGIC1",7003.60252596003,0.813128331108469,0.178155841245069,4.56414072884614,5.0154428472169e-06,2.30722084734953e-05
"MSANTD4",2210.09103713805,-0.69356699769094,0.187790343313303,-3.69330491362816,0.000221358339791469,0.000716323346017409
"PIK3C2B",704.373054532416,1.34405656240514,0.23622978349172,5.68961518119604,1.27325981710873e-08,9.7646882015516e-08
"HIBADH",4413.43092161638,0.635279558848467,0.185786531651942,3.41940588050063,0.000627580390888246,0.00181294183806338
"GPD1L",1964.42452817778,1.49569426867128,0.235507011651159,6.3509543014658,2.13983275671321e-10,2.2028348012924e-09
"MOGS",1134.43260807979,1.14507383560651,0.218389357611363,5.2432675663813,1.57757507317956e-07,9.80735518928775e-07
"LOXL3",458.484819398861,1.40686521178001,0.298339414062789,4.71565319721357,2.40936525391345e-06,1.19037953891092e-05
"PAXX",221.842019744975,-1.12176441110411,0.339861643303283,-3.30065022990275,0.0009646105549306,0.00267663008644514
"ATP7A",2720.3577457379,1.83144339211278,0.203741102747123,8.98907175537333,2.49327218337886e-19,9.88774854468836e-18
"ZNF562",3407.84621691899,-0.583538993047638,0.178872553418509,-3.26231711850352,0.00110505449020487,0.00303146099471709
"SF3B3",20189.6136994833,-0.66265428770732,0.173716962252975,-3.81456294833392,0.000136424160111134,0.000460514345670773
"RCE1",790.574284845155,-1.13995443834079,0.243786201368097,-4.67604167891174,2.92465190463263e-06,1.41248615484056e-05
"RAE1",4652.3178104257,-1.19331804707109,0.204540277741549,-5.83414699660732,5.40664412778548e-09,4.39750311783681e-08
"ITSN1",4905.58910566226,0.971588266594646,0.175911978276231,5.52315013517147,3.32974971436218e-08,2.35493609361653e-07
"P2RY1",984.800422407119,2.51997655054248,0.278640819914514,9.04381687979384,1.51294613538013e-19,6.22996426060014e-18
"ST3GAL1",5375.02189142336,2.20689335779797,0.606747894398569,3.63724930596673,0.000275565182416174,0.000872572427779936
"NHS",1929.25141393364,0.744174919433733,0.20228063883377,3.67892312247086,0.000234220851736461,0.00075320327233238
"BAZ1B",19141.6938735908,-0.683115568395201,0.165022454631599,-4.13953101061433,3.48016556783585e-05,0.000134936340815893
"C1orf159",556.048892730178,-0.850407187859761,0.265281003179018,-3.20568445410275,0.00134741657061138,0.00362233144483286
"TBL1X",2023.05512580662,0.867288000788724,0.189464296498248,4.57758013946837,4.70385608352325e-06,2.18086195351423e-05
"STRAP",3274.55549616235,-0.537617730510592,0.183444101890418,-2.93068964861973,0.00338210481610016,0.00824968312005607
"LIN37",1200.91207455189,-1.56641915056498,0.233556444600529,-6.7068119368068,1.98922356839665e-11,2.45906319365185e-10
"ZNF319",2579.84272676759,-2.30263625412909,0.227799723481649,-10.1081608833234,5.08294625667966e-24,3.41308288985456e-22
"IST1",8184.63509610927,-0.615227563654731,0.175626852524557,-3.50303814485719,0.00045998358661953,0.00137761936813725
"C2CD3",3249.1438056191,-0.908902212313947,0.180209702125534,-5.04358090376736,4.56899451074121e-07,2.61483666479127e-06
"LOX",35194.0675223454,0.883975956465814,0.169327522794,5.22050958922513,1.78431467299628e-07,1.0971400002846e-06
"FAS",1386.6761492425,-0.960069417739459,0.19955858133696,-4.81096533813475,1.50203066658427e-06,7.71447128104864e-06
"CFAP157",209.150898073046,-1.51309823705093,0.388711854077016,-3.89259607388031,9.91772038778125e-05,0.000345852100896765
"TRIM16L",2782.96985673103,-1.08699914881826,0.227371105032507,-4.78072685912688,1.74662536568268e-06,8.82875045835666e-06
"CDK14",4329.89145435236,0.594650705533517,0.173918073053432,3.41914267501587,0.000628187786727133,0.00181380973944326
"PTTG1",1837.25928180165,-0.76297236448667,0.219703360053404,-3.47273871597235,0.000515176633472039,0.00152399435653881
"MICAL1",813.851137751902,0.858021085925327,0.242620220645566,3.53647805464152,0.00040550018921202,0.00123161172863214
"STX18",738.752242743932,-1.12834640320879,0.23936764354455,-4.7138635218205,2.43063494494056e-06,1.19988486964526e-05
"EGR3",581.190491770924,-1.8027199169393,0.301546441562356,-5.97824967722766,2.25547862197097e-09,1.95706654584824e-08
"ATP2B4",17277.9967255244,1.1724736711376,0.172761592865404,6.78665698602963,1.14761619478601e-11,1.4693963369427e-10
"SYT1",1463.64258176585,-0.740528106161162,0.23505111129246,-3.15049821330038,0.00162992253599597,0.0043073400112702
"RTL6",3940.59680710811,-1.18149440126257,0.179034455952057,-6.59925708143555,4.13223221870531e-11,4.82080161507003e-10
"GJA3",767.599755701317,1.53676362848603,0.239835359376999,6.40757740008797,1.47850034968265e-10,1.55730099220584e-09
"SESN2",6354.45655870898,-3.5665243612726,0.22214634744032,-16.0548413348581,5.28739544861114e-58,8.92663420166949e-55
"NOC2L",1266.27704056266,-1.20339886130543,0.224448839035855,-5.36157311605959,8.25003168874927e-08,5.42564688356365e-07
"CEP120",1831.03725288058,0.645346259463576,0.204900357561432,3.14956141191745,0.00163515737637093,0.00431907313919114
"ANKRD50",5196.03278633404,0.835094560959003,0.207550721510366,4.02356857582543,5.73228827974469e-05,0.000212031871330275
"CAPN1",3350.9551407194,0.98552465159359,0.178406961910289,5.52402575012267,3.31318872956116e-08,2.34603142036871e-07
"FIGNL1",465.238801284649,-1.29437055836228,0.265953250391149,-4.86691009212557,1.13356565730683e-06,5.99931882581824e-06
"ANXA2",24733.3753802093,0.817712644041862,0.164486923205548,4.97129272106343,6.65079446007288e-07,3.69704087154945e-06
"POLA2",927.013163645498,-1.32858550438524,0.217112205393624,-6.11934967901282,9.39580171637089e-10,8.68854340250948e-09
"ZNF274",1625.59111972109,-1.95018977630754,0.228870523011339,-8.52093030875331,1.58276759263325e-17,5.02826543272575e-16
"TRAF2",1000.19004860293,-1.66942408060838,0.259940736226979,-6.42232573793534,1.34207848715991e-10,1.42248283060591e-09
"VMP1",19413.4450274996,0.687380789727361,0.172116709963952,3.99369003666946,6.50528944806359e-05,0.00023794339429655
"ARHGAP28",1042.70965491406,3.4966057606079,0.340957218949833,10.2552624384304,1.12071151283206e-24,8.49010811451877e-23
"TM2D3",567.504946270059,1.20927983672184,0.247585673768451,4.88428840940446,1.03803043496873e-06,5.54085080418267e-06
"CEP135",589.979958293354,-1.24272205274264,0.279090351627357,-4.45275892017194,8.47739193161661e-06,3.71747005001281e-05
"MBD3",3526.03166588971,-0.934555921887095,0.198948002482808,-4.69748833978794,2.63380215528679e-06,1.28620966409832e-05
"DNAJC25",1057.92985174097,-1.0488965258799,0.220905729267281,-4.74816352368482,2.05272042454227e-06,1.02445312403887e-05
"LIMA1",12164.8702929909,-1.35494676086755,0.165860865383475,-8.16917696489089,3.10500415519635e-16,8.28328196526197e-15
"MRPS6",2561.38651296533,0.843394208801575,0.20698406220039,4.07468188533787,4.60772889224142e-05,0.000173642028215909
"LYRM9",189.694966554624,1.68327315565203,0.360169639034191,4.67355649456127,2.9602822674762e-06,1.42677878617593e-05
"SNX9",6092.77141198137,0.776270287334045,0.176113738329195,4.40777814779574,1.04436437116553e-05,4.494646081003e-05
"CLMN",740.522080438303,0.706379392111147,0.232975377503246,3.03199161937749,0.00242945948899522,0.00615067528726338
"ENTR1",1200.74900769637,-0.805572835756676,0.217490820573759,-3.70393947492363,0.000212276926726274,0.000689389590560898
"ALDOC",564.133179086773,1.95286509811126,0.251072195559523,7.77810180756668,7.36208141936693e-15,1.55644147073485e-13
"ARRDC4",352.876804015062,-2.33083707025389,0.393702585601734,-5.92029911790252,3.21356601084337e-09,2.7127087940105e-08
"SOD3",8432.18485319753,1.16841253829099,0.188249223346261,6.20673231751843,5.40976267970311e-10,5.18933241466975e-09
"TOE1",497.4683448015,-2.09010567289133,0.288620619011475,-7.24170601549512,4.43075472524271e-13,7.18280649422748e-12
"DVL3",7413.11521522325,0.634226098853072,0.180416050713303,3.51535296524649,0.000439169871603731,0.00131963120839382
"DDIAS",838.932428358675,-2.38571891431184,0.233256567708039,-10.2278745578473,1.48748100743578e-24,1.0784693586427e-22
"SPECC1L",1446.49410121057,-0.629601158925929,0.197940353300966,-3.18076202465208,0.00146888237416576,0.00391945177193293
"FCHSD2",1921.29563012668,0.665893054794351,0.1975103047769,3.37143449576729,0.000747778191386709,0.00211822690934998
"MAP2",6543.61005028933,1.99363962948692,0.215289018121426,9.26029412407131,2.03869838745609e-20,9.2311638095617e-19
"CARNS1",70.949749639,2.50968420126673,0.611639403501601,4.10320883007036,4.07459156199468e-05,0.000155283853852477
"HNRNPR",5086.18271826705,0.716550686785334,0.204628077726347,3.50172222085568,0.000462261296154822,0.00138358811209414
"HJURP",1873.08603470689,-1.88938670862914,0.236414857863272,-7.99182727221757,1.32953230275104e-15,3.1871019784811e-14
"KCTD7",1970.68393119336,0.819981761133616,0.216692483552322,3.7840803136839,0.000154278002275501,0.000515335622072322
"ZIC5",746.799323531936,-0.784695809705445,0.228658695844998,-3.43173395092471,0.000599735594945606,0.00174187153135099
"RHOBTB3",6685.5666195859,1.01735332193303,0.19961899074796,5.09647563150716,3.46035082364539e-07,2.02648295509619e-06
"HACD4",433.608303778459,1.1572490659141,0.304933833734387,3.79508253230478,0.000147594350052974,0.000495390522273801
"EDAR",40.248063810513,-3.62491285010244,0.822761630355389,-4.40578743145408,1.05400286081543e-05,4.53117708589189e-05
"RNF31",2846.7683860115,-1.27385783910419,0.206622375962143,-6.16514950606117,7.04165770880414e-10,6.63622893163056e-09
"ZNF471",1161.99176346328,1.70580740900246,0.2071310399452,8.2354021369939,1.78955484503301e-16,4.99975393820334e-15
"DMPK",1299.58648262504,-0.93304846845874,0.268767037397074,-3.47158817351647,0.000517389388978876,0.00152939164556087
"GXYLT2",961.178543608882,1.55791497588319,0.312789534052627,4.98071324733351,6.33503514493267e-07,3.53983193110233e-06
"FCF1",2618.65639419023,-0.59250473910752,0.204723175160461,-2.89417521315366,0.00380155965970019,0.00915006762898917
"STON2",7375.66256272775,0.812359856323634,0.174573461053602,4.65339835402703,3.26508592512927e-06,1.55969221759005e-05
"TUBE1",1155.77258571679,-1.02900185525071,0.206855709967357,-4.97449094063248,6.54193234290953e-07,3.64509931298938e-06
"MAOB",281.788064937446,2.78596959952836,0.320567215732589,8.6907502164924,3.600538815771e-18,1.21923116689919e-16
"DNAJB2",1972.10263235524,-0.661504431820769,0.207963220997994,-3.18087221695393,0.0014683237973262,0.00391884612393881
"SPATA6",1333.44400890169,2.66464726242326,0.251172604182384,10.6088292196404,2.71125011603496e-26,2.42739044479554e-24
"PLXNB3",3546.04827996368,1.62488139928101,0.226734092309225,7.16646262911779,7.69603950558588e-13,1.21269059836019e-11
"CLDN12",4341.54578170728,0.669326888822407,0.208384621615644,3.21197832946113,0.00131824318577583,0.00355584294281761
"UTRN",8027.26227127673,0.972788689553181,0.170263901674787,5.71341711299002,1.10729819625923e-08,8.57539323944403e-08
"CHST15",6153.60883573222,1.08439037654696,0.180549634445168,6.0060513546832,1.90096002423794e-09,1.66905984891857e-08
"ERCC4",4160.35936590617,-0.8773428558596,0.184343740045124,-4.75927664071934,1.94287994164289e-06,9.7250974800236e-06
"PLD6",1190.97183399031,-2.28759964568393,0.23985269259138,-9.5375191371362,1.46289908810246e-21,7.54958140750868e-20
"HGSNAT",6733.05675285096,1.0499079514803,0.211859175672033,4.95568789102437,7.20748337274389e-07,3.96147774326e-06
"MARS2",540.397392488658,-1.44228920589469,0.292204436882876,-4.93589084847744,7.97857229052601e-07,4.33720180908171e-06
"CNPPD1",1876.22387928973,0.741706092827137,0.189944785409435,3.90485103988695,9.42834418430134e-05,0.000330930120493238
"RBMS2",2821.08418609571,1.30894123020536,0.197861137846897,6.61545387057365,3.70413482728762e-11,4.39071869497343e-10
"MMADHC",4012.82825064315,-0.934967196421466,0.224596121064718,-4.16288220824638,3.14255502445222e-05,0.000123098161348944
"RANBP10",2152.57691189244,-0.852305983297179,0.190977287432182,-4.4628656881507,8.08707480566467e-06,3.56084389170436e-05
"ZNF597",1467.39448951354,-1.24631162992024,0.208912142920753,-5.96572134341184,2.43555633455238e-09,2.10097844976204e-08
"TMEM131L",1251.7739483702,1.3059724435883,0.204627352414381,6.38219880274673,1.74563136162902e-10,1.82081830818462e-09
"CEP72",293.778384756728,-1.79225704958729,0.450549131188781,-3.97793919801463,6.95151409596889e-05,0.000252312633864129
"ZNHIT2",294.536611725612,-2.66640914430043,0.366582261148993,-7.27369932179207,3.49774063101581e-13,5.80565994063831e-12
"PKD2",4377.97131828298,0.51442690155078,0.17884799985196,2.87633578220943,0.00402321477415227,0.00962037854075225
"SOX7",88.9989432000489,-1.71093181010486,0.554217264649076,-3.08711387976735,0.00202110152187752,0.00521917716162875
"TMEM256",261.885664432996,1.38591314825991,0.339706370198083,4.07973847370533,4.50863960316061e-05,0.000170615122735037
"CTSS",1723.39962797701,-1.70573120883234,0.197993478792283,-8.61508782631086,6.98880015004337e-18,2.29426778258924e-16
"NCSTN",5671.25750176377,1.03681538105237,0.208272775720512,4.97816086363448,6.4191296955962e-07,3.58174101711784e-06
"CLIP3",12092.7899420024,0.663925093946477,0.18187152654133,3.65051696971158,0.000261713016644023,0.000833223176373669
"SPATA5L1",801.227100183268,-1.78388244304838,0.239439382542631,-7.45024658894936,9.31659306980481e-14,1.67585231200842e-12
"SLC30A4",998.933637640966,1.08441867113843,0.217027611701922,4.99668527259948,5.83241394449109e-07,3.27913739276859e-06
"TIMM23",1124.69861748897,-1.19382862397071,0.214042939824413,-5.5775192816453,2.43972749206721e-08,1.76346785940369e-07
"NAV2",1887.5979474522,-1.16349803340658,0.258203713854864,-4.50612431570439,6.60224165895865e-06,2.96706653582793e-05
"RRP1",939.175874927476,-1.66033491424599,0.263881276696785,-6.29197696414745,3.13448007844283e-10,3.13660335029952e-09
"TXLNG",3045.40103060111,-0.64026147950483,0.180058899098078,-3.55584468588849,0.000376766619200276,0.00115465140298055
"PSD3",16417.2769253495,1.2928080472742,0.214964300222782,6.01405929233077,1.80934281906326e-09,1.59454238894032e-08
"SDC1",518.758952199943,-1.12752321721706,0.250708144332845,-4.49735376653794,6.88044524756075e-06,3.07887549926819e-05
"DOCK1",3064.79628018104,0.978072081543308,0.207831309888786,4.70608630656609,2.52517646312683e-06,1.23930795021731e-05
"GNPDA1",5898.95712214376,-0.666288158420259,0.170695625909055,-3.90336984250112,9.48625748350774e-05,0.000332469130901822
"HSPA4",4617.2095303511,-0.973035890740073,0.180174162306616,-5.40052956696525,6.64444584926233e-08,4.44895530008964e-07
"PCDHB10",1424.88093470293,1.70850427443279,0.224456976005516,7.61172276682015,2.70466229874608e-14,5.31173299057536e-13
"TANC1",5247.88252298106,0.597928148049303,0.186037568734971,3.21401828735524,0.00130891336648999,0.00353409599387221
"UQCC2",488.609698080847,-0.972857900012116,0.274344152631195,-3.54612223618247,0.00039094481807657,0.00119199841590013
"C16orf46",225.026407724814,-1.05714906157753,0.335738790502893,-3.14872481667685,0.00163984533909198,0.00432968995026564
"RAD54L",482.001845573253,-1.469752645915,0.273622405847163,-5.37146306189544,7.81003678111787e-08,5.14774203453714e-07
"SEMA4B",1446.86664363566,0.790804739795454,0.198551977094768,3.98286006196758,6.80908524311344e-05,0.000247675498316758
"EIF4E3",1599.32775367895,1.84892771389195,0.229786021360175,8.04630195930794,8.53332953822534e-16,2.1141905342295e-14
"ARPC2",4234.42094977481,-0.58130674760982,0.18969598054234,-3.06441257188406,0.00218097910396866,0.00558742923275561
"NDEL1",3398.02386951049,0.674880645763469,0.18665430123507,3.61567154519271,0.000299570016358163,0.000940573446684584
"IPO4",1516.36876200829,-0.841743379255364,0.222206806822256,-3.78810798504781,0.000151798874316032,0.000507772175677006
"NACC1",4389.44400475447,-1.31281352408214,0.195158055999346,-6.72692458099983,1.73286498003699e-11,2.16938541674546e-10
"IP6K1",6693.17702721934,-1.45651352391084,0.202283169441319,-7.20036930375149,6.00496924575234e-13,9.55137638577404e-12
"PCDHGB7",420.973905972278,1.48238719006222,0.310043065961557,4.78122994128186,1.74225939557288e-06,8.81422154832202e-06
"SASH1",5288.93056236709,1.04332688984919,0.229772391393715,4.54069735498139,5.60684672272298e-06,2.55836735788186e-05
"RNF150",1765.42178595789,-1.20593496251929,0.257067724231068,-4.69111774388031,2.71716538055663e-06,1.32091569179014e-05
"SMC4",10590.0034133763,-1.56190371164528,0.174478380128396,-8.95184670155637,3.49584209714433e-19,1.35455284931317e-17
"SPRY1",3713.08894501049,1.13887000597976,0.191758694179893,5.93907885559212,2.86627982321623e-09,2.43871093958023e-08
"SENP7",2900.08095811962,0.710342983781466,0.19004709427735,3.73772083431494,0.000185695965984446,0.00060926011271632
"NEBL",492.265454429533,1.91662504812164,0.338062902632862,5.66943321256135,1.43270685387929e-08,1.08606347653274e-07
"KDELC1",490.936092724232,0.890537527381268,0.2630255426875,3.38574542336108,0.000709852029776264,0.00202145332238455
"PDP2",4574.5480369031,-1.22617118131702,0.177269732365113,-6.91697993198035,4.61373414241304e-12,6.38467331323622e-11
"KDM5C",14880.4118632435,-0.866942311904738,0.174941530630695,-4.95561179086098,7.2103051495619e-07,3.96147774326e-06
"ABHD18",797.582958910882,1.09552768572884,0.231214580458218,4.73814273977763,2.1568587075452e-06,1.07370497918152e-05
"MUL1",1436.44057107778,-1.3678366717345,0.217429840127443,-6.2909335302494,3.15562445239186e-10,3.15509050578401e-09
"RPS27A",1642.80529638348,-0.754703593275088,0.222992808985293,-3.38443018279062,0.000713261560128265,0.00202969542923088
"CTTNBP2",6132.52337992,1.04395393755512,0.221236375480129,4.71872645395461,2.37325685589253e-06,1.17352090054134e-05
"PRPF38B",2520.01104443567,-1.11062419492506,0.203187558568612,-5.46600492052287,4.60291564988166e-08,3.18112614914044e-07
"SCUBE3",543.386105535382,1.12631480325597,0.270679982674305,4.16105687656705,3.16778172186595e-05,0.000123963060890768
"MYRIP",42.6353393618654,2.41919054360479,0.708184380501417,3.41604617415019,0.000635374723842027,0.00183366507603543
"DRAXIN",464.755487925134,1.17329505351813,0.267723463544249,4.38248869929255,1.17331253807386e-05,4.99789941505068e-05
"NTNG2",209.179410170963,1.51786939982981,0.463264443365927,3.27646427772758,0.00105115609001277,0.00289570225449204
"SESN3",8330.27046149897,3.38590817845404,0.255576019385895,13.2481450591092,4.62493564900132e-40,1.88474101723785e-37
"IL12RB2",162.297895194143,-3.25772766839525,0.46112476824265,-7.06474232735421,1.60914303493729e-12,2.4163726031625e-11
"KRCC1",893.645824281315,-0.909325048087431,0.223069278510529,-4.07642439227466,4.57335166871878e-05,0.000172621750306351
"PPP1R12C",1089.63914405417,-0.708267076748096,0.226813012144512,-3.12269155129791,0.00179205449170754,0.00469152553707781
"MLLT3",1067.99628963216,0.910102952791908,0.215742728110415,4.21846409732116,2.45972127763132e-05,9.82392229099254e-05
"C18orf25",7149.97448792946,-0.861578474673396,0.177467072997549,-4.8548638354186,1.20469492876435e-06,6.3275931858387e-06
"ERG28",1375.22432449074,0.788326466210952,0.216133159587588,3.64741101141161,0.000264896010038995,0.000841543292107752
"MARCH7",12628.8725723745,-0.822543205966686,0.180531390882258,-4.55623369402359,5.20789930172976e-06,2.39110155197523e-05
"ZC3H15",3627.29199531245,-0.935253886980048,0.181741328233258,-5.14607159566747,2.65997936019909e-07,1.59006758112457e-06
"ELMOD2",2809.88570115477,0.696932668730416,0.219717440955882,3.17194969001279,0.00151419236125222,0.00403125148125224
"MARVELD1",2420.9765644872,1.65825736738246,0.226772868885102,7.31241517353931,2.62382919452694e-13,4.42977334584562e-12
"LCT",75.2880792202056,-1.90349950622375,0.58839121963207,-3.23509162392675,0.00121603701552603,0.00330446664738714
"PRIM2",693.526645673742,-1.00302965956164,0.253458348868107,-3.95737470886623,7.57780112206081e-05,0.000272450421845192
"MAFF",1221.81467990538,-2.30340133762305,0.258172878466117,-8.92193382708618,4.58215993415036e-19,1.75818071759055e-17
"ZNF577",245.90274096139,1.54722301832266,0.373462159102651,4.14291777790902,3.42914912675559e-05,0.000133176747880373
"PTPN13",9626.43450840972,1.36711455773539,0.202703690700837,6.74439894512364,1.5366179318401e-11,1.94638271366413e-10
"IL5",130.479395858652,1.9722432182382,0.493332214648092,3.99779937267031,6.3934104146793e-05,0.000234068538663816
"VPS13D",7642.14649544195,0.675472452193989,0.182909224089889,3.69293815309191,0.000221677949251288,0.000717161238503073
"TSPAN14",4813.72490026684,0.792144653335858,0.243063264763875,3.25900606208589,0.00111803278876213,0.00306421880741903
"MAPKAPK2",2889.31727068764,-0.649389758719306,0.188591277951496,-3.44337111330421,0.000574510359863639,0.00167602158303345
"LAMA1",85.618326149402,-1.61624371725359,0.55651218615548,-2.90423778213912,0.00368148442411252,0.00888820897327105
"CDC25C",331.724067804995,-1.63568655679461,0.302703528013396,-5.40359264237656,6.53191945981154e-08,4.3835448140859e-07
"SLC25A13",4037.28629676424,-0.933772033114779,0.191422384030274,-4.87807127596478,1.07128215770063e-06,5.71060556594768e-06
"MIS12",1187.52741972002,-1.32449806582801,0.22704598949716,-5.83361136993163,5.42403740658197e-09,4.40861582331401e-08
"PGAP3",348.976407922023,1.0208186613938,0.301610553621161,3.38455882639969,0.000712927404021813,0.00202923315528174
"LGR4",3235.72101616741,0.64767263601834,0.193084254514531,3.35435241805074,0.000795509754851405,0.00224001293372264
"MPV17L2",325.427389546526,-1.12355925441393,0.319731245158556,-3.51407399629258,0.000441289866163999,0.00132566437171483
"PURG",523.112000012513,1.13516749296353,0.264644620538284,4.28940324067277,1.79153842196967e-05,7.34642646455156e-05
"FANCM",386.711665234507,-1.0756207737883,0.300867918108643,-3.57505971573843,0.000350147966996802,0.00108043046317708
"HDX",873.678710688623,-0.901452633768532,0.232683932780799,-3.87415075461077,0.000106997165349306,0.000370167593705531
"PPP1R3E",681.248655818734,1.43993686676503,0.254375431728899,5.66067586393188,1.50777981650464e-08,1.1393185339803e-07
"PSMA5",3090.10841604455,-0.79591114030553,0.197948841311169,-4.02079211494037,5.80027746660549e-05,0.000214278459207076
"TRMO",346.461807605664,-0.923694342029573,0.317228323109111,-2.91176504347585,0.00359392858978014,0.00870527732609586
"TIMM50",1599.15897031018,-0.979178120022277,0.208703640323297,-4.69171557575834,2.70923597021311e-06,1.31760290929953e-05
"GADD45B",996.276506049975,-3.46162412331539,0.282672224414916,-12.2460709766598,1.76333866265516e-34,3.65598882723836e-32
"EFHD1",323.910665455602,1.34552894439939,0.303346694585038,4.43561432650519,9.18100905802902e-06,3.99194867725485e-05
"EBNA1BP2",1008.65332261415,-1.04898679196066,0.233414946315298,-4.49408578379418,6.98694604815018e-06,3.12062465597274e-05
"ARL4D",935.531945357633,-2.58435294510013,0.256848191040266,-10.0617914988352,8.15015392121802e-24,5.17841500220186e-22
"ABLIM1",1961.65544816854,1.38235390605193,0.189810084497146,7.28282646158727,3.26897632115652e-13,5.4643227953929e-12
"DRD2",735.074412634185,-1.04567041181895,0.227500296593953,-4.59634746624214,4.2996146773138e-06,2.00603419883516e-05
"GJA1",10290.111209285,1.67175123686512,0.199692569549636,8.37162464600162,5.68292163995341e-17,1.68322726669096e-15
"PROS1",217.88824181957,1.81315990811113,0.347952167849307,5.21094585878938,1.87880279920562e-07,1.15164374901515e-06
"SSRP1",5348.85817732586,-0.768925637213867,0.185555196698464,-4.14391863388988,3.41420926110042e-05,0.000132640121787261
"RSPH4A",96.8639812335196,-1.40769662701201,0.47599933148782,-2.95735000848006,0.0031029567301028,0.00765089560533171
"TAF9B",3598.09755366684,1.08100594732602,0.202618151580185,5.33518808110446,9.54455713792202e-08,6.19766902505288e-07
"GSTA4",1176.59490777772,2.25994958346536,0.271331571200319,8.32910661102865,8.14546902730429e-17,2.36518803353027e-15
"DNAJA2",6792.79574717459,-1.33738504909054,0.200802805812085,-6.6601910450499,2.7347186898274e-11,3.29784749758981e-10
"LRRC8A",10703.9776683581,0.55537945616545,0.188577368524731,2.94510131576374,0.00322848925417941,0.0079306352121996
"ARID4B",4135.35143970832,-1.02170186909899,0.184477340536002,-5.53835970385533,3.05317684316295e-08,2.16972001999397e-07
"PPP1R15B",3816.32233380359,-1.19419809041584,0.175427240427005,-6.80736975346053,9.93992293392939e-12,1.28804834685502e-10
"GPI",11042.7658263201,1.09929473304311,0.166352063217877,6.6082422530782,3.88909917739845e-11,4.57327105258656e-10
"CCDC85B",2843.8836426221,-2.63774583495114,0.255240812358625,-10.3343419517291,4.92782607828932e-25,3.88246990621488e-23
"TPPP3",264.3555967092,1.59244942094873,0.315730578855852,5.04369715065124,4.56621821394083e-07,2.61451389788531e-06
"INHBA",4914.7727394598,-2.10759149507118,0.193166012166832,-10.9107780992596,1.02376294562941e-27,1.06130092030249e-25
"ZNF697",704.265276372872,-1.48911036714131,0.264776243439481,-5.62403313755628,1.86549840477573e-08,1.38320260378969e-07
"HNRNPLL",2493.81774509415,-0.740310431791063,0.189512559469479,-3.90639245157939,9.36843117932654e-05,0.000328924895060253
"MRRF",3353.84559916197,-1.17958357570734,0.195298043021715,-6.03991498049053,1.54195452982085e-09,1.3784280358111e-08
"MED11",114.918764279718,1.8161693342698,0.467705888690335,3.88314404027587,0.000103114442402025,0.000357992503027948
"SLC2A13",980.821440614446,0.715799349054547,0.243884217610681,2.93499659825137,0.00333551344661617,0.00815792589240686
"HCFC1R1",788.509393857031,1.23280531303617,0.226607998505053,5.44025507117606,5.32043402271768e-08,3.62611818226514e-07
"RPS6KA2",3876.54481138245,0.986205121505108,0.177982141619898,5.54103413145384,3.00690597133485e-08,2.13941088315685e-07
"ZNF559",891.01225434909,0.717546248442187,0.235571219249527,3.04598435550877,0.00231919902025135,0.00591205651883746
"PNMA2",990.188177308228,2.18101982303766,0.317595448027694,6.86728930336393,6.54332894302557e-12,8.80741018777634e-11
"ALG8",1164.68867967124,0.594978867030403,0.20605981527178,2.88740852380977,0.00388429535202198,0.00933020375410482
"EMC2",1123.073532837,1.33704200796832,0.216820097912201,6.16659627425192,6.97756050170876e-10,6.58269689744126e-09
"ATF4",10451.8159560619,-0.960324190429381,0.187442730716185,-5.1232938549292,3.00243871809425e-07,1.78485013935804e-06
"IWS1",1862.59872641546,-1.20078583532885,0.202404121308296,-5.93261553948228,2.98146437167029e-09,2.53124611669536e-08
"ZNF429",825.08400314725,0.836964962286393,0.221058811854908,3.78616421242567,0.000152990593368815,0.000511613704706467
"ZFX",12245.3223823448,-0.524475284850748,0.17237418232286,-3.04265567954019,0.00234500484357581,0.00596882774959701
"WNT16",316.804762611735,-1.80720847353433,0.302057540644764,-5.98299406688115,2.19072750840153e-09,1.9050785647012e-08
"CREB3L2",12472.8539353392,1.08987182770487,0.202074863343741,5.39340623405958,6.91344099111353e-08,4.61537024543457e-07
"PALLD",9689.59838903747,0.774620809394021,0.212653313279892,3.64264632159515,0.000269849493195624,0.000855899439233999
"SGK2",210.149973898795,1.37479325846756,0.443923031523793,3.09691807101897,0.00195543910051385,0.00507898445931267
"POLR1B",2255.24355972558,-0.943600946484537,0.195206959995397,-4.8338488879023,1.33918256716056e-06,6.95668552910041e-06
"NRBF2",740.223717923567,-0.882030825236771,0.233939564282804,-3.77033627441703,0.000163027727710588,0.000542416015226276
"TRMT61A",492.664453870124,-1.08243922164224,0.300731664413381,-3.59935234539963,0.000319010707176552,0.000994478643474674
"MCM7",4109.03874129272,-1.97262414585554,0.22715576827792,-8.68401520599766,3.82037689016076e-18,1.28997754536914e-16
"ATAD3B",339.809609237059,-1.94653278714086,0.328639622351154,-5.92300092488841,3.16119065560022e-09,2.6723141035682e-08
"ATP13A1",3370.37379700059,-0.867788066929417,0.206474478438978,-4.20288295914444,2.63536868970777e-05,0.000104794034909039
"PPP5D1",75.2303463540739,1.60488660445843,0.532029573469116,3.016536456787,0.00255680470172028,0.00643722155196639
"MAGI3",4664.41370566695,1.10848190975234,0.208993891406661,5.30389621577719,1.13356775665082e-07,7.22962965358845e-07
"EPHB4",5613.83488901239,0.591664216444972,0.180488491324803,3.27812710994534,0.00104498328213492,0.00288138414098705
"SKP2",2706.31203058417,1.00129365666966,0.195943966524984,5.11010200736131,3.21984916914268e-07,1.9035606543736e-06
"PLS3",7223.79201705945,0.714337931418776,0.183849643257975,3.88544638303392,0.000102142034988691,0.000354958555883397
"AP5Z1",2970.12861554698,-2.07826657881067,0.254343438403256,-8.17110357498438,3.05581140202444e-16,8.18902021522105e-15
"ZNF681",639.285855679251,-1.04101771686099,0.263579211843923,-3.94954408421792,7.83001896581448e-05,0.00028015490202239
"AGAP1",2313.30551897293,1.15993103882107,0.194079736201488,5.97656953540408,2.27885308205682e-09,1.97589770533731e-08
"LAYN",575.46546255894,1.53595324991165,0.242488344374404,6.33413228117938,2.38680676856797e-10,2.43376034434308e-09
"STIP1",7711.94677425019,-0.635057062638296,0.182720414835791,-3.47556710184253,0.000509774442623702,0.00150839117749797
"TTC17",5475.88581780045,0.523900461601217,0.172754623575562,3.03262772803337,0.00242434474576784,0.00614035709504593
"DLX2",1482.76958041308,-1.63736215688274,0.233119820421121,-7.02369345482898,2.16078613908914e-12,3.16308409435598e-11
"IQCB1",1447.8150030178,-0.671745867887468,0.217315271392452,-3.09111211367356,0.00199408326540118,0.00516086328932315
"MRPS30",2416.25926008368,-0.664785438353213,0.186233994690243,-3.56962454389129,0.000357493228382412,0.0010994082198105
"DNAH2",81.5545478108947,-1.61074766939881,0.543230881059457,-2.96512537405345,0.00302559597281898,0.00748670293274177
"GALNT7",5671.73478866232,0.94140206512528,0.192558668813905,4.88891033015545,1.01395665609265e-06,5.4295150710027e-06
"IFNGR1",6401.95955625053,1.14023473390389,0.187758258519344,6.07288724818684,1.25630668526364e-09,1.13944991607412e-08
"IARS",25363.5052440867,-1.1232077756829,0.1645584596104,-6.82558513456036,8.7567651880867e-12,1.14800272883934e-10
"SUPT6H",7374.47971914074,-1.00469809075367,0.183529165530681,-5.47432386481217,4.39185217727054e-08,3.05262106477637e-07
"MFAP4",22524.9281084479,2.98941917613614,0.220516882052177,13.5564186665255,7.25949016063998e-42,3.57469394660181e-39
"VBP1",2140.49182415572,-0.934867066922471,0.201749640088554,-4.63379794140962,3.5901743023783e-06,1.70123014857685e-05
"TLK2",4439.59361567986,-0.853126147542332,0.177659358806894,-4.80203324649861,1.57062607144257e-06,8.01799521050032e-06
"BST2",50.4457854130007,2.05481820374357,0.639006199212211,3.21564674376684,0.00130150934360456,0.00351868840632131
"DUSP6",1830.2884984054,-1.23470136947604,0.207114409843128,-5.96144599697929,2.50015545845707e-09,2.15042483319109e-08
"HBEGF",790.832307995314,-3.31062617067145,0.271379881259271,-12.1992321439206,3.13768787707205e-34,5.94493604632014e-32
"ESS2",487.140715804502,-1.12719005168605,0.276357440751651,-4.07873965188079,4.52805099742161e-05,0.000171240021400092
"EXOSC8",1136.96595957319,-1.02305395239663,0.219173651346784,-4.6677780203512,3.04474593909264e-06,1.46390591978018e-05
"PRR11",2467.95238403763,0.727113329531445,0.231858737341644,3.13601867183483,0.00171258299809106,0.00450663680058787
"ADO",1974.48016597219,-1.01791879597067,0.196872167265749,-5.1704555809386,2.3352397835352e-07,1.40661894810494e-06
"POMK",1312.75192328076,-0.723008765451129,0.234647912081528,-3.08124951565697,0.00206133831410892,0.00531085593986032
"TF",249.207128999138,3.89130071003387,0.413419859534066,9.41246681864645,4.84627041997866e-21,2.366662141459e-19
"SKAP2",2589.84901050954,1.42929494331701,0.224726707193156,6.36014722579684,2.0156046278219e-10,2.07857028722507e-09
"RAB11FIP5",2610.18152083221,-1.02691683932975,0.207610421358318,-4.94636460256193,7.56122769996403e-07,4.13697171102662e-06
"LPP",22753.0292183614,0.561608854670544,0.191543397051913,2.93201887047212,0.00336766283548972,0.00822804204875283
"BOP1",807.327564259302,-1.5473181896536,0.244776150992253,-6.32136008096054,2.5927107612707e-10,2.63688948164347e-09
"CAMK2G",991.64366628764,0.923197810552852,0.260378875788851,3.54559411840114,0.000391729068418926,0.00119404491265046
"HMGXB3",5134.67285747228,-1.57872127507574,0.197951878997095,-7.97527804774669,1.52038149756758e-15,3.60800573057303e-14
"AEN",477.486546031233,-3.2026619367512,0.307490110917865,-10.415495728273,2.10697012437278e-25,1.71725330550604e-23
"SUSD1",420.872299747024,-0.889638429949669,0.288603630601103,-3.08256146361268,0.00205227344110959,0.00529096150240687
"FBXO5",1478.85393384316,-1.21705906035156,0.209383645701413,-5.8125793744518,6.15174983148076e-09,4.96594122325407e-08
"DUSP1",1647.26915681669,-1.23548919815741,0.235539167119396,-5.24536625168217,1.55972173787782e-07,9.70146920960002e-07
"HCCS",2813.10273700928,-1.9933931338456,0.224199759921772,-8.8911474951674,6.04810314031261e-19,2.29091291385303e-17
"TMEM106A",699.461401167863,1.29069000365773,0.27270185318309,4.73297114996564,2.21256947505765e-06,1.09958562053117e-05
"CHRM3",563.145704688079,1.38662809272086,0.294167244309657,4.71374063409053,2.43210201917201e-06,1.20010779384446e-05
"SLC4A8",646.064582256466,0.883017545282677,0.301989717856295,2.92399870946226,0.00345566179441864,0.00841694375235769
"PSMD4",3252.16321840805,-0.705300475467032,0.207815648871928,-3.39387567440454,0.000689109693486278,0.00197093377483563
"RRAS",1453.16045107303,1.02586155979797,0.205704802781901,4.98705691809076,6.13060085644555e-07,3.43860659333049e-06
"RRP7A",924.17099818416,-0.986188949039177,0.232627970507053,-4.23933952090802,2.24178385712266e-05,9.02056575535431e-05
"NUF2",560.022379732465,-1.07899366927721,0.307764046974977,-3.50591201240912,0.000455045619551202,0.00136455953612182
"LOC100505549",186.961749541953,1.33433289624221,0.392987853042051,3.39535404444023,0.000685399069635301,0.00196222049538517
"GPR137B",250.233739228442,1.07480370961381,0.324223299810025,3.31501070479384,0.000916396152461235,0.00255725377326727
"LPCAT1",134.361329187581,1.91342853914009,0.532274142646786,3.59481775617613,0.000324618730026846,0.00100982999511905
"KANSL2",2223.75595956474,-1.15006295561394,0.190320290097774,-6.04277639038444,1.51484535507109e-09,1.35830367270335e-08
"DNAJB6",3403.83729925835,-0.917790165160656,0.18878302835279,-4.86161374340033,1.16432646347282e-06,6.13738186678047e-06
"REXO5",513.353175584656,-0.89582607009574,0.255951884778281,-3.49997840755013,0.00046529584620984,0.00139000665078561
"TBP",977.363891517382,-0.813251421482287,0.22028250563361,-3.69185659634245,0.000222622984354098,0.000720021463901679
"HNRNPDL",6332.63480507426,-0.704834315383684,0.173525089155737,-4.06185825238853,4.86836358385958e-05,0.00018276467863422
"DUSP5",799.898039692595,-2.42884033564578,0.267708524360307,-9.07270450744715,1.16098810418322e-19,4.8482535036174e-18
"ZNF730",319.893994514369,-2.33879517927299,0.350163666873458,-6.67914863970792,2.40334309548221e-11,2.91908619757541e-10
"DDIT4",2307.2025587327,0.984002032434273,0.200472170531207,4.9084221008177,9.18120834945348e-07,4.94546582834281e-06
"INAFM2",578.375086887222,-0.946397058495309,0.247163288754941,-3.82903570859039,0.000128646341641802,0.000436503722515883
"ABHD14A",107.859200377798,1.65380109497728,0.506384960074216,3.26589694673179,0.00109117951962055,0.00299687649613658
"GPR146",314.338954177392,1.37346657222125,0.303980928971476,4.51826559274096,6.23482466280571e-06,2.82398798487241e-05
"BEND6",916.813860487132,0.954744365137419,0.235446797210034,4.05503228946336,5.01273778644512e-05,0.000187886251697458
"MRTO4",655.673359442439,-1.34860113919496,0.237370547378924,-5.68141732024629,1.33583087567682e-08,1.02048153127011e-07
"C5orf51",14005.0002379041,-0.927098271602677,0.177496028976107,-5.22320570747798,1.75851848680877e-07,1.08184130541936e-06
"HSPD1",4359.42645318233,-0.559008114729929,0.17389977552256,-3.21454189949433,0.00130652845571644,0.00353007619790968
"OGG1",787.763261422956,0.936874238865053,0.247828496904867,3.78033297447908,0.000156618758862057,0.000523006638098839
"TBC1D14",1132.8837788152,0.811110329240616,0.216482980893675,3.74676256716453,0.000179131490603518,0.000591003896134109
"GTPBP1",3901.73336543885,-0.776877662786487,0.210687234155586,-3.68735042680747,0.000226601206518485,0.000731087376094855
"PPIP5K2",2923.39279602036,1.52925308953308,0.195443702178165,7.82451965701623,5.09598903515366e-15,1.09498906213538e-13
"FADD",1176.88334408163,-1.02701638537273,0.215123724514377,-4.77407309533678,1.80536806447389e-06,9.1023207277954e-06
"IFRD1",6244.48689873277,-1.5107067178729,0.192902838015376,-7.83143852840819,4.8231915809656e-15,1.04396480043684e-13
"P4HTM",1009.83577867755,0.720209834009275,0.214172037682036,3.36276314034288,0.000771665426041889,0.0021780611428142
"DYRK1A",13062.2883271515,-0.906370257535872,0.166053648051301,-5.45829777407753,4.80720964213081e-08,3.30877131920221e-07
"PARP4",13722.6313312782,0.479241842099437,0.167026096850581,2.86926325368281,0.00411429207131637,0.00981087645254577
"TANC2",8753.91795405027,0.65697077647167,0.209575429221754,3.13477003917536,0.00171988876992482,0.00452284056140889
"SIGMAR1",2233.907317228,0.754286236247198,0.211307510108661,3.56961395200446,0.000357507682241645,0.0010994082198105
"KBTBD6",1336.05131445487,1.88994239900576,0.230984420732502,8.18212065130773,2.78891600521732e-16,7.5078381206511e-15
"GFER",634.046061251467,-1.59162591370595,0.270779470249705,-5.87794160405955,4.15399395905934e-09,3.42103836990685e-08
"TUB",965.794529112413,1.58161927500084,0.256366016217553,6.16937961722146,6.85584497207699e-10,6.47660878337377e-09
"MRM3",1004.82839513756,-1.48438924847528,0.25376947153152,-5.84936099490956,4.93465072275223e-09,4.03024894550697e-08
"ZNF776",3653.9388766665,-1.40610899541446,0.189715643502313,-7.41166605692864,1.24722498286689e-13,2.17720898781698e-12
"ZFP14",674.636316327606,1.91797589398008,0.276406532908579,6.93896730224698,3.94976529468734e-12,5.55694360150178e-11
"CAPRIN2",2266.47320791391,0.912289178969988,0.246536081308147,3.70042865177902,0.000215235589961436,0.000698039023645515
"ABTB1",314.197997851095,1.05617152952469,0.314629024785286,3.35687888377578,0.000788276350165304,0.00222123269104758
"USP16",5416.57116251452,-0.651200296355084,0.190250389365193,-3.42285920427253,0.00061966164783156,0.00179313451373001
"FBXO9",2297.41961284639,0.639715907837992,0.208305648402759,3.07104446155537,0.00213311384323003,0.00548143931274027
"HDLBP",26897.5771757633,0.534134052399976,0.166185561781683,3.21408217821994,0.00130862214594485,0.00353409599387221
"APP",29717.7097713667,1.48098711568124,0.178647666624189,8.28998857733033,1.13259344647146e-16,3.2409175182566e-15
"KCNMA1",7624.25356426179,0.613407062429608,0.210742485396454,2.91069482869414,0.0036062605436781,0.00872978023457349
"PCDHAC2",59.4989814093905,2.73171034787682,0.625431411596102,4.36772169933949,1.25549329262629e-05,5.31045802872494e-05
"PIDD1",735.132025175506,-1.53265934448484,0.345518634284524,-4.43582253576153,9.17213875841586e-06,3.98955965575851e-05
"FAM169A",3761.44551088632,-1.73305915080181,0.21736616852646,-7.9729939693483,1.54875735581405e-15,3.66797884388988e-14
"CEBPB",2417.47859078121,-1.18671484886485,0.196858025560885,-6.02827771681482,1.65716115412312e-09,1.47472368369179e-08
"CDH11",1248.73715574712,1.92095603505732,0.258153827465615,7.44112939914938,9.98280994413304e-14,1.77408793864307e-12
"LNP1",313.435228937203,1.03301544225674,0.296730855199241,3.48132128545622,0.000498946615451709,0.00147894434447161
"B4GALNT1",1445.42061669387,0.676762301573088,0.211262780249741,3.20341472725609,0.00135808252001864,0.00364851539476706
"RAB3GAP1",4996.17559114999,-0.959946539466474,0.174526718535467,-5.50028412567325,3.79179734190521e-08,2.65628103062453e-07
"C19orf66",1305.21070516478,1.16623751074876,0.218358791227558,5.34092309355837,9.24744837818019e-08,6.02792856775143e-07
"CD2BP2",1516.13178522219,-0.875503892131354,0.252379962599729,-3.46899129040561,0.0005224163897585,0.0015415522831875
"LIN54",1651.47701736955,-0.643092345767995,0.197942186810313,-3.2488897699421,0.00115856364225905,0.00316137269088373
"ZNF367",361.583058629568,-1.95500168787689,0.288695515909009,-6.77184639228363,1.27149101291606e-11,1.62097958906602e-10
"C2orf81",204.924979704674,1.16304210477132,0.352469121361049,3.29969927657852,0.000967884832645511,0.00268319562566377
"ACTL6A",2005.98177811026,-0.783627042243431,0.19151267087271,-4.09177647971018,4.28081168469773e-05,0.000162357613895243
"GANAB",17462.1722196295,0.768102685772836,0.165346348943098,4.64541667041688,3.39390748529974e-06,1.61730639763195e-05
"TRAPPC13",1200.96199392245,-1.01545299407124,0.208866448914036,-4.86173341554333,1.16362263119636e-06,6.13640886009755e-06
"FAM110A",241.002820736975,-2.81157039433195,0.369763494790089,-7.60369921300116,2.87783696238121e-14,5.62153342502828e-13
"SDHD",1349.50597446756,1.18206721977413,0.219409051246493,5.38750435799543,7.14427439135455e-08,4.75132440951199e-07
"ZNF652",3472.02854146866,1.51266471453021,0.211566288434427,7.14983812271699,8.68802928900947e-13,1.35813664203061e-11
"TUT7",6047.92641545184,-0.97629899172869,0.179782359791507,-5.43044931027105,5.62123447150554e-08,3.81150382944425e-07
"ADSL",1377.26669042466,-1.19134689429144,0.227683243985495,-5.23247505366419,1.67255231359469e-07,1.03433925913459e-06
"KIF18A",1853.79610706467,-1.40457098995025,0.208719431361244,-6.7294692247377,1.70283096760598e-11,2.14313699416054e-10
"C1orf112",1199.99530879359,-1.00035206772974,0.204044471843934,-4.90261783957995,9.45678503181264e-07,5.08232312441845e-06
"UCHL1",2867.71844226924,0.909192847435032,0.262070179716124,3.46927242321074,0.000521869988715822,0.0015407423759852
"CMC2",579.098779499094,-0.731446937911378,0.244867630442052,-2.98711159409236,0.00281626900818422,0.0070216597339074
"ST8SIA4",1762.9691408472,3.76045195859015,0.811891700633236,4.63171621985688,3.62646999366932e-06,1.71567743735725e-05
"NME4",1814.26201407112,0.806249501750959,0.211373619139928,3.81433361945337,0.000136550897004746,0.00046081053706513
"MAP3K21",378.300572379394,0.835221669820884,0.287420920508412,2.90591815078554,0.00366177219899275,0.00885146734458914
"SORBS2",245.998975080465,1.20194872436168,0.388752261529823,3.09181152961465,0.00198939113678926,0.00515357835479516
"ITGA7",3758.39913073614,0.944924277748062,0.180435915672216,5.23689684632762,1.6329889905424e-07,1.01252171512225e-06
"LZTFL1",3001.12666790606,0.73040053915087,0.178787312769791,4.08530408469946,4.40191293035468e-05,0.000166629746992094
"DUS3L",674.580920163714,-1.82732516324806,0.252269709983894,-7.24353773334389,4.37129551807925e-13,7.09614978470613e-12
"FBXL6",287.960960318025,-1.94268889782485,0.328770237304069,-5.90895609576763,3.44282436685341e-09,2.8774609877987e-08
"DYNC1LI1",4255.11530146849,-1.13893545167925,0.181797186065803,-6.26486843018025,3.73140325645588e-10,3.68710064254144e-09
"CCDC74B",189.51621834683,1.21660322491871,0.362154019287348,3.35935309323022,0.000781251766250746,0.00220301440552405
"ZC3HAV1",11757.6432934009,1.21679467987309,0.192705478950053,6.3142713248359,2.71437356458282e-10,2.75351646233818e-09
"CDC42BPB",4118.4246058756,0.634488953316366,0.182722855952821,3.47241153827079,0.000515804971587523,0.00152508960575966
"TTLL3",285.989155252585,1.88601762255313,0.312604548026644,6.03323795017974,1.60706503663105e-09,1.43554758903293e-08
"EGR1",9474.21514531703,-2.81816408571414,0.258528305620148,-10.9007950945798,1.14254487741479e-27,1.17413872706852e-25
"NETO2",656.09269874873,-1.41324557678272,0.235485688108757,-6.0014075085957,1.95614359901365e-09,1.71115507425191e-08
"C17orf53",1040.55983798539,-3.08293662117132,0.235169931468153,-13.1093996665506,2.90891878472112e-39,1.04174552114649e-36
"IL17RE",186.009254152972,-1.56233709232036,0.479752143108484,-3.25655052252071,0.00112774858617309,0.00308726726694316
"MTMR6",3822.97652017188,-0.666419360945326,0.199774884738206,-3.33585156021304,0.000850385567711231,0.00238430762496117
"RRP9",790.43113790661,-1.88281821501035,0.247787168716971,-7.59852991887949,2.99513616844791e-14,5.83138702450039e-13
"GPR3",164.54912031658,-2.181116178117,0.434381191377185,-5.02120308478798,5.13488322066241e-07,2.91469980315986e-06
"TMTC4",755.215694157117,0.800846771065378,0.232582357448294,3.44328254237175,0.00057469856223663,0.00167615686291029
"JPH1",107.966572948899,-2.42310909034767,0.505189252242784,-4.7964383240346,1.61511655726467e-06,8.21672297621775e-06
"UTP18",1731.37122427749,-1.16878257613013,0.201505658354409,-5.80024692941608,6.62173377851974e-09,5.3198946155368e-08
"LIMK2",440.38457517986,-1.17013701258191,0.273216822348185,-4.28281466172205,1.84543884078894e-05,7.54650388250648e-05
"EMC7",1503.95960734396,-0.844515569953524,0.228237660947891,-3.70015871371174,0.000215464669631629,0.00069859025122266
"HDAC5",2151.06099068046,0.631004791019713,0.185812763640734,3.39591736679483,0.000683990056022547,0.00195913584151102
"GPD2",4288.81485370468,0.743452678894274,0.188499114272248,3.94406457433275,8.01120708103502e-05,0.0002861179972308
"BRPF1",3047.4343753688,-1.72578442519782,0.202917728729136,-8.50484793027367,1.81833777810005e-17,5.73043089642305e-16
"PRELID2",475.057168777288,1.73156428395441,0.306737332485437,5.64510446095315,1.65080984516389e-08,1.23164588069109e-07
"UNC5B",3494.09714878297,1.54554989368573,0.204992167068152,7.53955585616056,4.71574787813124e-14,8.86020801649522e-13
"SEMA5A",214.710669153101,1.6271784059174,0.385858839232275,4.2170302724046,2.47540754332759e-05,9.87989407195052e-05
"ZNF717",1300.01458179362,0.771732538968996,0.211578543598868,3.64749906035899,0.000264805279619112,0.000841481256934302
"E2F7",6384.54886424856,-1.45102847874854,0.198057110121436,-7.32631349543002,2.36570033272556e-13,4.01693197301015e-12
"KIF14",1194.59574296996,-1.14647818499411,0.27855963393306,-4.11573697454533,3.85944232442422e-05,0.000148019751767913
"TG",96.7457001296076,-2.25191085719295,0.503378731848271,-4.47359158167954,7.6916592229649e-06,3.4006744742611e-05
"MXD1",2487.25233979081,-1.16591809832615,0.19766896213933,-5.8983367227088,3.67184064032942e-09,3.05160426775057e-08
"AGTR1",386.570631466892,1.39383971565199,0.28538639351614,4.88404404456361,1.03931842961973e-06,5.54522130981759e-06
"DEPDC1",4315.29059901423,-1.40882686044962,0.203948076196615,-6.90777224636063,4.92323533437208e-12,6.76544130018711e-11
"SH3TC2",2103.66513577993,1.02360297975817,0.217785426840591,4.70005268308153,2.60094382688323e-06,1.27121398453706e-05
"SGTA",3757.02066390859,-0.846240407903932,0.175944792166821,-4.80969284445528,1.51162397886372e-06,7.7570005133354e-06
"MAN1B1",1742.07372565101,1.28984619447136,0.197609451071222,6.52724951908536,6.69884011532637e-11,7.5253700078828e-10
"POMP",1568.35064052432,-0.714566968543647,0.210585213421129,-3.39324379397263,0.000690701365705518,0.00197453041603963
"MAP6",1462.47662367885,0.969405271490297,0.20586067655507,4.70903568234885,2.48891501413114e-06,1.2235439948836e-05
"UTP14A",1572.57540355827,-1.78311498821931,0.224935325512303,-7.92723412455629,2.24080589704707e-15,5.12221355731185e-14
"USO1",5842.91568625542,0.616326029509487,0.175141407207954,3.51901951305949,0.000433144848318867,0.001303940071314
"DDAH1",874.410216742457,-1.14931607495904,0.268451499601872,-4.28128014432231,1.85821252030946e-05,7.5961105378821e-05
"SH3BP2",14512.4631312078,1.89733152570742,0.23466468751953,8.08528776000656,6.20175908210018e-16,1.56607668445e-14
"RBM28",1695.94803051697,-0.699483560998656,0.198179897403822,-3.52953841515696,0.000416285263825816,0.00126015861882518
"TTLL1",116.410105903043,2.12547833778848,0.457857687020224,4.6422248616623,3.44677452333476e-06,1.63985432032086e-05
"COPG1",12278.9954874826,0.729374289913149,0.171008506715527,4.26513454752555,1.9978177199486e-05,8.11068698534957e-05
"SEPT10",3629.58033958094,0.736164867840458,0.183824407580182,4.00471774956952,6.20915734328702e-05,0.00022781689376891
"WDR35",2561.19656648335,-1.21113728451845,0.197847525960005,-6.12156901453131,9.26583692382476e-10,8.58179159606278e-09
"GRPEL2",3743.04091811521,-0.957057304565315,0.184190638677594,-5.19601490844788,2.03605937530383e-07,1.23776490212658e-06
"H2AFZ",1822.95083947086,-0.648378087952842,0.20044264659098,-3.23473122601455,0.00121757287703552,0.00330787960018524
"KAT6B",4396.28912348545,0.98823645184566,0.194731440416365,5.07486849443861,3.87764082656383e-07,2.25188989131849e-06
"ZC3H18",2066.68148431957,-0.939170101257665,0.203012328526942,-4.62617274562725,3.72484662307194e-06,1.75659367084853e-05
"BRD4",13915.1116944457,-0.918125554266261,0.177886616940004,-5.16129639238637,2.45245530631621e-07,1.4719713971582e-06
"SPON1",468.162816731715,-2.10848588938324,0.309815001177064,-6.80562878289487,1.00608831983032e-11,1.30086999603444e-10
"TMEM80",532.225520623998,1.69538215147632,0.26571706955962,6.38040361609482,1.76621859921608e-10,1.83904593881371e-09
"TSPAN9",2815.00918086724,0.826380140840152,0.202646100383259,4.0779474131367,4.54350393389894e-05,0.000171643630697348
"PLK3",1333.72333523394,-1.07458373440267,0.261149613714827,-4.1148203097712,3.8748114717175e-05,0.000148532345030027
"LAMA4",1411.3637068552,2.05577974371122,0.694849988824424,2.95859505904184,0.00309044908816408,0.00762482825134093
"GNB4",12011.4691954047,1.10278519181479,0.194935542689831,5.65717865812431,1.5388155935424e-08,1.16054388541698e-07
"TIRAP",283.701892910393,1.03758234241111,0.303891373960062,3.41431982385743,0.000639414694038576,0.00184442344499582
"NUAK1",1029.6229840653,0.797596308123647,0.248380914512615,3.2111819448315,0.00132190210451398,0.00356103010511654
"XRCC2",1852.44479288149,-1.41651102895571,0.20964654082694,-6.7566630165628,1.41206090291838e-11,1.79245281962293e-10
"EPS15",7923.94030750393,0.906169811935623,0.176907372356066,5.12228405106687,3.01856706108802e-07,1.79353572287271e-06
"PPIF",2469.6359294216,-0.822878931742245,0.209365602263826,-3.93034444457269,8.48242575202369e-05,0.000300856265118295
"DNAJC6",534.498050088001,-1.58568209839099,0.31688457827344,-5.00397370875745,5.61604199335752e-07,3.16955034754056e-06
"TPST1",1648.56963518889,-1.85702956508885,0.232749938382421,-7.97864686020946,1.47946186506694e-15,3.51908687040916e-14
"PGGT1B",1114.59041002146,-0.698436917899652,0.223865180930587,-3.11989973159879,0.00180912610649011,0.00473014432002214
"DLG3",1243.23186705813,-1.53595639250997,0.228408825215688,-6.72459302331929,1.76083898078777e-11,2.19610023474683e-10
"NOD1",1008.64205620917,0.856298524008559,0.225119887070062,3.80374446324265,0.000142525205204783,0.000479602185395823
"SLC27A4",968.411053066542,-0.947935639955386,0.22967831472317,-4.12723178110187,3.67156284038974e-05,0.000141245213697025
"ANKMY2",1480.72449635574,0.607538333234775,0.205027273114428,2.96320740165969,0.00304451356922021,0.00752691968009711
"CMIP",2196.10108563532,0.836169657269497,0.195796345951423,4.27060910256696,1.94939826699294e-05,7.93319170775569e-05
"SLC35E3",1347.83520509802,0.826843683557152,0.207273786635644,3.98913773409572,6.63139102749236e-05,0.000242181023371152
"HSD17B11",529.931114098993,0.805997179436331,0.273963792070952,2.94198431604273,0.00326116443475168,0.0079909685444527
"PGAM1",2648.51130643982,0.680448175166258,0.184172523685113,3.69462372318711,0.00022021264858309,0.000713006323549303
"CALM1",7635.0669407695,0.866185399835588,0.187060958676276,4.63049802569756,3.64787261578327e-06,1.72511238788822e-05
"ATP6V0A2",2219.53347996165,-1.16575573363377,0.187372574502486,-6.22159212322883,4.92135056315415e-10,4.76725581601276e-09
"NYNRIN",141.378249389907,3.10668437958628,0.435946574045387,7.12629612100779,1.03105774012104e-12,1.58453060763985e-11
"NTN1",345.760073124747,-1.18737468592934,0.359410080894888,-3.30367663303411,0.000954258336156376,0.00265192743751402
"IDUA",438.81716423899,1.33488406524077,0.276551079579737,4.82689876774063,1.3867556656404e-06,7.18171711504741e-06
"ABI3BP",927.586402349042,1.23437275425348,0.230610025171133,5.35264134045113,8.66795491401087e-08,5.67208699744078e-07
"SLC23A2",9025.6584103467,0.687351734499702,0.169577170914207,4.05332705336528,5.04943325055297e-05,0.000189021863018799
"PLEKHM2",3811.822359897,-1.60338371620339,0.234229523249674,-6.84535277175238,7.62876420428783e-12,1.00959390107809e-10
"WDR1",9458.81216374905,-0.672771458145837,0.179453696621996,-3.74899748965871,0.000177542862466086,0.000586253576033585
"CASK",3961.1695693211,1.24803228708066,0.19778965132891,6.30989679538525,2.79221601497013e-10,2.82278946663106e-09
"TIMELESS",1094.27208297115,-0.883588889091739,0.209417269306715,-4.21927423663243,2.45090008578541e-05,9.79862557977403e-05
"SMYD5",1030.25806808606,0.747006688393741,0.210089506768582,3.55565920394389,0.000377032549844759,0.0011549431503539
"LRRK2",1667.63492266133,1.84279052497191,0.19622942718499,9.39099986891707,5.94333424719308e-21,2.85521642818406e-19
"RPRD2",8819.68943414104,-0.512798060530867,0.16861341965879,-3.04126481491554,0.00235586530828657,0.00599130970805481
"MTMR11",1394.21297300229,1.28265086725553,0.223744051799274,5.73267024057573,9.88617243565405e-09,7.7322823192958e-08
"LMNB2",2903.58956544543,-0.83352231679942,0.18982146693412,-4.39108563568685,1.12786105853509e-05,4.82063724765559e-05
"BZW1",8730.81198689029,-0.815642527661893,0.175754860550029,-4.64079642013496,3.47068924996229e-06,1.64990368286623e-05
"ATP10D",2229.64449245442,0.553248352392456,0.1881748949153,2.94007525627411,0.00328132539028467,0.00803703698702265
"SV2A",3846.86087714113,1.01691551762162,0.178518528014391,5.69641442225895,1.22353261420245e-08,9.43229513023126e-08
"TM9SF2",9227.4213272364,0.985313173016539,0.196023501386341,5.02650532231129,4.99498627231322e-07,2.83938180693591e-06
"RANBP1",1260.38536551399,-0.815856593693262,0.217479161645624,-3.75142421701385,0.00017583290244303,0.000581256850649433
"COPS5",1997.89413609593,-1.15345270207517,0.229031998576492,-5.03620764453984,4.74845449602895e-07,2.71359938269198e-06
"AMOTL2",6283.49735901311,-2.96892963655755,0.250762121356227,-11.839625620091,2.4353763844435e-32,3.78701027780965e-30
"TMEM219",726.301278016036,1.22973103289889,0.231548930285777,5.31089058101524,1.09090816275696e-07,6.98800278287357e-07
"MIGA2",744.831189685186,-1.40313977894739,0.274324856331083,-5.11488385600002,3.13934061220976e-07,1.86061822242201e-06
"NQO1",16972.6883387213,0.716034417716511,0.207388682380649,3.4526205070452,0.00055516943723893,0.00162521486482281
"PXK",5488.64291518474,0.752116006719721,0.173067194631379,4.34580342231626,1.38766803636094e-05,5.82781124865446e-05
"MBLAC2",1112.91114938435,0.936418114222377,0.238850313120205,3.92052286634897,8.83570512143211e-05,0.000311951919756646
"CREB3L1",2204.52847549172,0.704206815506809,0.191693664953014,3.67360504938657,0.000239152291046797,0.000768016786845394
"UBE2D1",836.203757657769,-1.01146899300218,0.253366065904116,-3.99212494930145,6.54838510230439e-05,0.000239297511252422
"PLAC8L1",94.7203290743512,-1.95063289015434,0.521479377270219,-3.74057532316098,0.000183599512825101,0.00060338683052476
"NAAA",799.509791674757,0.848212991658267,0.227632540265283,3.72623786858311,0.000194358997384549,0.000635038604116837
"PCDHB7",1367.32929596123,1.62176646330236,0.235942139520074,6.87357699900989,6.26116883157974e-12,8.47588697040199e-11
"LIF",2134.52060072072,-2.25181840789391,0.285893442605052,-7.87642552195468,3.36879575093622e-15,7.54023261071292e-14
"PIK3R1",9983.842275438,1.53123946510805,0.224166182910514,6.83082276383906,8.442899140432e-12,1.11235431484532e-10
"RTN3",7137.85278071109,1.31371605989358,0.178967220912604,7.34054008993701,2.1273363817896e-13,3.62782992207641e-12
"C1QBP",1222.37355436731,-0.79653360232046,0.208368687040789,-3.82271258523857,0.000131991598361924,0.000447225246661093
"RPL35",1672.81303926579,-0.748958294158597,0.225525568335749,-3.32094626647207,0.000897128075841294,0.00250525982993677
"ACTR1B",2030.27373155062,0.868064632519425,0.193739193340381,4.48058349760092,7.44392507384998e-06,3.30598671637576e-05
"RAB7B",142.356808378124,1.39885897436405,0.398593511682982,3.50948756907168,0.000448971045263316,0.00134771140790497
"TRAPPC9",1532.51810351507,1.10265893801845,0.202817657952296,5.43670087284907,5.42761434154078e-08,3.69703436820339e-07
"TOR3A",656.94599462522,-0.932308105926212,0.243093987620642,-3.83517550167104,0.000125474666835719,0.000427337064168453
"EPHA5",1958.03936259367,2.11619557550041,0.237322065203083,8.91697775210882,4.79185913191439e-19,1.82678036196659e-17
"GLRX2",409.944494823532,-1.19696603522733,0.293525485854794,-4.07789474137679,4.54453308894909e-05,0.000171643630697348
"ADAMTS1",2276.91554809213,1.23144246704456,0.219847718464502,5.60134294613296,2.12697448994633e-08,1.55934147159961e-07
"NLGN2",7862.88803392809,0.740108194701901,0.18240301438301,4.05754366069751,4.95915483125272e-05,0.000185995848288622
"C17orf58",540.990320656852,1.36903993938756,0.247030364188804,5.54199053174375,2.9905248043126e-08,2.13289210243611e-07
"MAF",69.8282201294831,2.43019274838627,0.681942362692286,3.56363364609284,0.000365756339682808,0.00112294866335374
"MXI1",1811.38180437831,1.20815526462976,0.23005284789507,5.25164228864847,1.50749011810581e-07,9.42121534414302e-07
"C2orf68",1962.46596105391,1.63408726337381,0.209740399858735,7.7909990849374,6.64813959265126e-15,1.41563448118834e-13
"TFPI",10027.3651893962,1.12771418803838,0.207612061385995,5.43183368302344,5.57778972917599e-08,3.79058763768843e-07
"ZNRF3",1222.09279197558,-0.580323199303638,0.2025416642265,-2.86520406317324,0.00416740593761456,0.00992751529343456
"UBAP1",3765.45008372446,-1.66551180976874,0.189393607627035,-8.79391776014198,1.44433310882964e-18,5.12586446851313e-17
"C6orf106",5066.28439883635,-0.689234703817787,0.176557396442028,-3.90374301902495,9.47163509119519e-05,0.00033215366026037
"LAMA2",11547.627527909,2.03932949986996,0.198888338712711,10.2536403746412,1.13968561025213e-24,8.57885639615268e-23
"DNAH17",287.906901044263,-1.38339177555678,0.404531507193497,-3.41973802029484,0.000626814696008771,0.00181117263506886
"KIF22",1445.52656102503,-1.41880226261649,0.214266802654624,-6.62166161551145,3.55183398391947e-11,4.22289477082096e-10
"TUBB1",234.352122866042,-1.4110156206223,0.337678883703489,-4.17857227300389,2.93344780946016e-05,0.000115751206050752
"EFHC1",1724.35499471908,0.984165062873939,0.218912769787605,4.49569508361163,6.93430477564038e-06,3.10062859774945e-05
"PCNA",1454.0182948064,-0.886191893300508,0.209970876839195,-4.22054670933814,2.43710551537622e-05,9.75007209909145e-05
"MIEF2",372.9329230279,0.828429194307271,0.279125217728595,2.96794822427255,0.00299794825140703,0.00742295253197743
"GAK",3147.96238094576,-0.903053486344524,0.225872710783808,-3.99806370238711,6.38627658766376e-05,0.000233879816278309
"PITPNB",3951.79995379359,-0.638916652329227,0.182472316200491,-3.50144430471973,0.000462743680256618,0.00138448223120828
"TWNK",298.394599851235,-1.45128876065245,0.314918727450353,-4.60845492550531,4.05672293985485e-06,1.90171962329253e-05
"UBR5",14223.7939668893,-0.806122865683665,0.174281429106271,-4.62540885633959,3.73860182428022e-06,1.76167449598659e-05
"VHL",4630.36391441127,0.64245619474756,0.17608830702202,3.64848867941708,0.000263787524242238,0.000838923832479755
"SKIDA1",165.798247275309,1.74440124384111,0.379393264721539,4.5978708797623,4.26830371305957e-06,1.99221221488697e-05
"SNX29",1836.17855741953,1.0381818680579,0.217491012581147,4.77344721391902,1.81099031593571e-06,9.12677337045979e-06
"CHAF1A",616.976769860919,-2.00026865235059,0.242424826600915,-8.25108830806129,1.56958509468904e-16,4.44828696619546e-15
"SLC25A1",1002.82759847198,0.943981168109857,0.211472992412716,4.46383794611257,8.05044614134667e-06,3.54736408495741e-05
"METTL7A",638.501852945018,2.2191062289788,0.366369677465623,6.05701390008462,1.38671610366758e-09,1.25196416448766e-08
"TYMS",651.542941246575,-0.895588553089806,0.244887797169285,-3.65713834434432,0.000255046741792401,0.000814412967982328
"VLDLR",1832.21674181108,1.87497653105884,0.248513584116248,7.54476475693087,4.53104639242461e-14,8.54033592753972e-13
"ACACB",1288.69209755591,1.02191637820628,0.233188400380316,4.38236368764311,1.17398618854127e-05,4.99789941505068e-05
"SHMT2",8033.73603388472,-1.42815694226876,0.178680879751132,-7.99277988925234,1.31929552550462e-15,3.17544491250787e-14
"METTL27",434.98586663344,1.17108292870532,0.284227519261996,4.12023062279849,3.7849335306251e-05,0.00014541724468442
"FBXW5",1670.46651732201,-1.00639895693853,0.204872903761898,-4.91230874585623,9.00101672276316e-07,4.85504407255203e-06
"RABGGTB",1597.82958920661,-0.796903908922376,0.200533508632441,-3.97391894430484,7.06996316933901e-05,0.000255826162692126
"RBM5",5987.42748095981,-0.632848092410288,0.179782770289354,-3.52007086881431,0.0004314315064003,0.00130112700279995
"SMARCA2",4144.69444692618,0.778877812407397,0.173944368354316,4.47774089944012,7.54370800143667e-06,3.34652932285956e-05
"SGO1",1379.05910973423,-1.89913895093346,0.213958108145998,-8.87621865509086,6.91717977914646e-19,2.59515017872866e-17
"SNAP23",2274.27725110472,0.900718128895327,0.19153239496869,4.70269339577029,2.56751829794219e-06,1.25799880783917e-05
"UPP1",1121.59359244341,-2.79972130928086,0.243134478046517,-11.5151143177037,1.1071262205691e-30,1.53929619702184e-28
"PPARGC1B",529.646343820781,-1.61321320902835,0.269836879972958,-5.97847562271703,2.25235309448437e-09,1.95579051216872e-08
"MIEN1",577.97030715056,0.824545249959167,0.26847556557317,3.0712115204929,0.00213192063966907,0.00547956461931471
"PSAP",15508.2121689074,0.859263437810609,0.164464569350766,5.224611241209,1.74521383547417e-07,1.07533561562219e-06
"ZSCAN22",1350.17535772889,-0.610929945860378,0.209644577052813,-2.91412234196011,0.00356690091226096,0.00865755493553091
"TRAPPC10",3390.9981653694,-1.13106220526205,0.179876035611785,-6.28800941390072,3.21562417548398e-10,3.20645915839711e-09
"SNAPC4",1542.7727875621,-2.34341252447351,0.282085218051783,-8.30746304488498,9.7769816933833e-17,2.8044749915632e-15
"ARL5A",3272.81753799545,0.794945451326513,0.212652363149964,3.73823944183452,0.000185313414330106,0.000608243299250759
"TBC1D20",6077.73352549974,0.582655418540225,0.177448696758915,3.28351478022874,0.00102521268659041,0.00283017134550935
"ACSM4",268.859401194214,-2.33000220379042,0.370276208853346,-6.29260575775545,3.12180493680222e-10,3.12921889254695e-09
"TCEA2",2511.85981319738,0.877534842489711,0.182768488886701,4.80134648940333,1.5760230119612e-06,8.03707881486032e-06
"RCCD1",277.192398062201,0.937659483061285,0.310648995911634,3.01838890645572,0.00254122555180851,0.00640208986810339
"DTWD2",383.39891617602,1.15791204970045,0.361239521007119,3.20538585167049,0.00134881534148588,0.00362526716071871
"AIMP1",2681.30251567709,-0.704548392780509,0.189843062367825,-3.71121485290536,0.00020626693367716,0.000671162616243577
"HSPA4L",3648.21545493339,-1.08836117855516,0.224623564633517,-4.84526714875558,1.26441426711583e-06,6.60603351404723e-06
"GALE",978.5728150605,-0.985053989114798,0.250706100419183,-3.92911854744571,8.52578036569023e-05,0.000302121956107128
"BEX3",1822.9713845546,1.18747109347962,0.230163342145469,5.15925378216444,2.47936045787425e-07,1.48660993866859e-06
"IDS",32793.4448202083,1.00512512042307,0.179339276633837,5.60460117431647,2.08735035396368e-08,1.53219294926353e-07
"DNAJC7",2185.3732879689,-1.3073769051763,0.201631434292605,-6.48399347930569,8.93260838662482e-11,9.81092620010521e-10
"BMS1",1782.39090909835,-1.00477111029048,0.203516884515871,-4.93704054423125,7.93169861890343e-07,4.31370521298669e-06
"DENND4C",5805.37407806801,0.587136612142915,0.186956918955418,3.14049148554338,0.0016866461021536,0.00444432188076952
"SEPT8",3878.26452416028,0.8522214348713,0.180933175509958,4.71014468446335,2.47540999967158e-06,1.21791820883092e-05
"POLB",961.025253293087,-0.69783511726419,0.230904422363844,-3.02218168937703,0.00250959867838876,0.00632645844308839
"KCND1",553.3985180007,-0.857133875776666,0.299202303664877,-2.86473020186604,0.00417364671688473,0.00994037825476495
"PHF23",2706.14869743535,-1.33078142834703,0.234464528764373,-5.67583265306798,1.38015654560745e-08,1.05026980399155e-07
"FGFRL1",29533.9039711869,2.08338673677999,0.197684874453471,10.5389283957097,5.71463317879147e-26,4.89387934108388e-24
"PRTG",3674.52933253917,-0.72371476062612,0.235218462104033,-3.07677702741732,0.00209251761800782,0.00538531646550879
"CDK4",4618.06401597765,-0.67395843874468,0.183443963782514,-3.6739199527094,0.000238857589186869,0.000767278877143359
"NAGPA",385.365132350078,0.95310937001763,0.272275141458608,3.50053759925243,0.000464320733191971,0.00138849757714137
"ZNF16",920.759111169024,-1.57019295357793,0.277658233307154,-5.65512837446077,1.55729832156784e-08,1.17298607802988e-07
"LIFR",6676.40507292798,0.969626260007423,0.203627241949935,4.76177082556479,1.91901540166964e-06,9.61378720514275e-06
"GTF2IRD1",2943.19890826175,-0.96136709926316,0.190867418542239,-5.03683188364812,4.73300127860416e-07,2.70607688004567e-06
"SHB",2041.04326671146,-1.32084469791073,0.202597587040875,-6.51954802227848,7.05195600594657e-11,7.88458051828539e-10
"TMEM35B",738.462254187837,1.22210667149116,0.267339633130547,4.57136361406759,4.84560622598672e-06,2.2369286866684e-05
"TMEM14A",921.970522054222,1.15452744184829,0.265463688008742,4.34909742461752,1.36698977560884e-05,5.74914062923319e-05
"WDR88",87.2031520149932,1.68751549533118,0.502827247021774,3.35605420216638,0.0007906307185627,0.00222733583598903
"ZNF23",1166.30740435092,-0.839572081500838,0.211204006440115,-3.97517118946743,7.03286495249116e-05,0.000254717738303832
"UCP3",86.8128561260645,-1.50049498000045,0.504817729675473,-2.97235000237622,0.00295529574935105,0.0073265544715399
"GPN1",2409.07545299173,-0.875123069925684,0.185910861613965,-4.70721862256136,2.51119549880859e-06,1.23347083977223e-05
"CAPN10",216.566772312848,-1.26129850872037,0.389231559059995,-3.24048366418807,0.00119327109188175,0.0032470821468705
"WAC",13167.5311734603,-0.802351497857333,0.165651054645699,-4.84362444642103,1.27491806441634e-06,6.65502724614502e-06
"ZBTB49",514.521276940978,-0.899623581167909,0.25979140419467,-3.46286892730982,0.000534448675494263,0.00157117274800776
"GPC6",1669.83925149464,1.67901069905113,0.250493657625165,6.70280722861084,2.04453109420509e-11,2.51428392001204e-10
"ORC5",2764.71691992499,-0.607871886222806,0.194290560475548,-3.12867431508238,0.00175596821166991,0.00460644446737292
"XXYLT1",1048.8410940879,0.79046297634672,0.218082845924253,3.62459950940512,0.000289409574722636,0.000911578452577856
"NOSIP",667.867573965564,-1.12623049991865,0.291375760430273,-3.86521685350749,0.000110990542117208,0.000382527333549479
"NAGLU",612.0980982347,0.70757419988698,0.241420390950096,2.93088001847053,0.00338003299588536,0.00824633153290116
"PCDHB4",364.750506461961,1.28900573506402,0.349701516377148,3.68601700220781,0.000227791139483507,0.000734525426034403
"PAK1IP1",967.616473951937,-1.26559294974822,0.222232118844244,-5.6949146519871,1.2343365125004e-08,9.50318495422134e-08
"HIST1H3D",2548.3688004979,-2.17422837888145,0.219160307007745,-9.9207215419926,3.38301635409898e-23,2.03982077922152e-21
"SLC38A6",912.338876273012,1.31039612685266,0.224384908102672,5.83994769493615,5.22172135323225e-09,4.25588296224129e-08
"PCMTD2",1078.03551715723,1.49856022779538,0.265378139906281,5.64688647047041,1.63379642001195e-08,1.22281229206468e-07
"CGRRF1",897.184643533348,-1.42923050460508,0.24215896785174,-5.90203417731826,3.59046758423797e-09,2.9923939288099e-08
"SCARA3",4310.99126681736,1.06224077534835,0.208989716007885,5.0827418479686,3.72025167006201e-07,2.16676805350084e-06
"NIPAL3",1515.31692225422,1.54883075104598,0.217087924192991,7.13457810609987,9.70844745963432e-13,1.50175958217223e-11
"EHBP1",5054.92537921102,0.621800624815733,0.173224570634326,3.58956366604795,0.000331231928436523,0.00102850733848209
"IMPDH2",4032.14763902524,-0.612567948631024,0.18310827900029,-3.34538641275774,0.00082168007237989,0.00230930204408693
"SMIM3",3072.32387112913,0.820894547817929,0.183703672875106,4.46857994165433,7.87405854251399e-06,3.47611594529064e-05
"SLC25A5",3940.12508210258,-1.38700212341551,0.245237110250798,-5.65575953001999,1.55158578111085e-08,1.16942861997245e-07
"TNFRSF1A",5928.36920368598,0.928009743453226,0.178884072402965,5.1877717841907,2.1282518910314e-07,1.28784848173114e-06
"CTTNBP2NL",5761.98417027073,-1.18632141826219,0.182478331091188,-6.50116324041434,7.97012866455149e-11,8.81113008023101e-10
"PRKN",209.924190550651,2.42853429479142,0.349347437735235,6.95163047576713,3.61088223696015e-12,5.13518727754454e-11
"SMARCB1",229.613224614194,-1.95121666418695,0.390028024850406,-5.00276016046625,5.65152358342294e-07,3.18653176092044e-06
"DPF3",1360.46874653206,0.95612809212738,0.279294100481215,3.42337375003625,0.000618489743503139,0.00179062023241551
"TIGD6",1195.25274808748,-1.37584102144677,0.221222127547795,-6.21927397904405,4.99460518117795e-10,4.83425422040631e-09
"WBP2",14702.9466718129,0.646046275710855,0.167008291378568,3.8683485135862,0.000109574977170149,0.000378421122208305
"ZWINT",388.833366621253,-2.26269415514272,0.289865675340838,-7.80600929200096,5.90272305777764e-15,1.26145354605454e-13
"CCDC138",440.899852517454,-1.45559663905568,0.320700696847345,-4.53880098598149,5.65749989617561e-06,2.57948818568686e-05
"L1CAM",925.627467426121,1.66976869452717,0.336151798215781,4.96730555478188,6.78895741279825e-07,3.76322226568714e-06
"BECN1",473.257333500474,-0.82857309730426,0.272590692795132,-3.0396235792503,0.0023687400039232,0.00602016545513212
"DPYSL3",32459.4367313643,1.07208290406286,0.177927501569275,6.02539177253302,1.6870047530709e-09,1.49789798435702e-08
"RCL1",253.577052644341,-1.59787993264418,0.351023621829768,-4.55205813305375,5.31236510311737e-06,2.43528048055241e-05
"DNAJC22",591.200408229272,1.57612159250694,0.275911147325822,5.71242448079021,1.11377847547264e-08,8.6199305979932e-08
"GSKIP",1511.10257227682,-1.42751041899222,0.24248730736212,-5.88694903053394,3.93389967365235e-09,3.25566010806887e-08
"ATG101",849.466730846081,-1.48092524681239,0.263425845870285,-5.62179174909671,1.88987002011746e-08,1.39852748263921e-07
"PRDM6",423.911347538257,2.36287657273734,0.298482760687942,7.91629160522165,2.4469933527251e-15,5.56126296971254e-14
"PRICKLE2",4792.36317637009,0.83796746631973,0.180734461490414,4.63645648654657,3.54432765267862e-06,1.68085329852953e-05
"ERGIC2",2066.12056446616,0.797688467208431,0.223227913683479,3.57342616362708,0.000352340627817295,0.00108634530121179
"HSPBAP1",606.333129951381,-1.95319817463204,0.262856618777802,-7.43066004468054,1.08057102827957e-13,1.90599827047881e-12
"C9orf85",367.456876176661,-0.90332875155529,0.301345682477947,-2.99764955690513,0.00272070328426044,0.00681646627377356
"CBX6",2809.06532904461,-1.65246738888231,0.238308339399323,-6.93415678631932,4.08651236743643e-12,5.72208568227058e-11
"MET",12377.0225283331,-1.88966998444318,0.194426180142941,-9.71921570980776,2.4969729209122e-22,1.391944621667e-20
"CENPP",169.179376257013,-1.49099511749855,0.382057464808423,-3.90254151491631,9.51879053154087e-05,0.000333411578250593
"RHOBTB1",1030.80750178981,2.14328307535958,0.263045998594275,8.14794023407825,3.70175213417415e-16,9.78686951267787e-15
"NBPF26",3028.20909602083,-0.986830980269999,0.194156485094429,-5.08265783545704,3.72189807802227e-07,2.16676805350084e-06
"PDRG1",521.115516629548,-1.89233678312429,0.281821047022268,-6.71467515687273,1.8848564325659e-11,2.33738020147574e-10
"IK",1559.65330918483,-0.776667269132171,0.213366272526981,-3.64006578890747,0.000272568390004494,0.000864059343635492
"WHAMM",1205.17067481915,-1.2607747646185,0.232930192505909,-5.41267214462341,6.20911143467504e-08,4.17639606915137e-07
"EIF3B",7966.56970305377,-0.622978804029101,0.183323190700856,-3.39825420694137,0.00067817372267031,0.00194530511031983
"C5orf34",2054.44971304536,-2.77902920858039,0.20668520343944,-13.4457095250878,3.2626123091754e-41,1.48298277960903e-38
"RCC1",1409.29871442578,-1.60685535642613,0.202312371935636,-7.94244732070727,1.9823055447152e-15,4.57556385301644e-14
"DIABLO",1494.64474058326,-1.10678849762611,0.211888694750681,-5.223442897359,1.75626641250805e-07,1.0810185657823e-06
"TCP11L2",1976.70131896214,0.818133242425504,0.235946817953816,3.4674476626578,0.000525426049949824,0.0015488862704682
"MFGE8",866.384045075866,1.42126515791686,0.225343471321503,6.3071059906107,2.84301148911985e-10,2.87168459644602e-09
"EXTL2",1889.13199071703,0.944574644868134,0.219977539353406,4.29395949988614,1.75514505158247e-05,7.20760820951025e-05
"SELENOT",8495.27457885868,0.676539554811386,0.228180089054059,2.96493685148446,0.00302745067037123,0.00748972409931907
"NACAD",1408.09196479023,1.22220936823317,0.199107517434123,6.13843909051577,8.3336253187817e-10,7.78551652311164e-09
"ECD",2642.49473784931,-1.04191758811947,0.200173069465204,-5.20508373530531,1.93909149059502e-07,1.18552422327222e-06
"TAS2R5",130.96730804375,-1.76957022346757,0.443134674650486,-3.99330118967396,6.51597146064554e-05,0.000238197483568306
"COQ9",2014.27547999152,-0.763604282492737,0.202408410883102,-3.77259165842543,0.000161560585029991,0.000538495617291213
"NDUFB9",1825.64419200846,-0.838086208567452,0.206977516945279,-4.04916544046195,5.14006004140728e-05,0.000191706127733055
"HIST1H4J",118.722632493664,-2.44598992989243,0.476920421035112,-5.12871712346398,2.91723306177867e-07,1.7368191599043e-06
"ABHD4",3530.11306598002,0.711622100460606,0.184129695558807,3.86478725390239,0.000111186068871355,0.000382977837925292
"WRB",1487.43976399847,1.53599075970159,0.245624031200681,6.25342215984821,4.01554749924615e-10,3.95135223531149e-09
"CTH",626.889257633467,-2.17958448094986,0.284413645383532,-7.66343147147769,1.81029882210167e-14,3.6261205897623e-13
"EMILIN1",807.383583692044,1.38464666269829,0.243287653936692,5.69139716008193,1.26004038621196e-08,9.68215688182894e-08
"LTA4H",727.356287091844,0.906315765749762,0.228808777227039,3.96101835223942,7.46307958739789e-05,0.000268734535538904
"LRRC8D",844.58972211795,-1.52780910179242,0.317950490200582,-4.80517926180453,1.5461291254585e-06,7.91687781831393e-06
"MRPS12",604.216197173915,-0.90164986156273,0.279786637769358,-3.2226337496003,0.00127017849715808,0.00343815150696614
"PRTFDC1",766.165300209348,1.18000298574176,0.24336801580881,4.84863625904224,1.24313127773403e-06,6.50922704486522e-06
"OLFML2A",14038.586030608,2.2559823134756,0.180333821087056,12.5100344454329,6.57956912356613e-36,1.58688465106744e-33
"COL27A1",2171.54129478967,0.760083487305294,0.227498546228387,3.34104766780462,0.000834628921907401,0.00234346509838481
"RFTN2",719.968827830903,1.4607420235728,0.304009103323951,4.8049285616827,1.54806769417922e-06,7.92337116059332e-06
"NUCB2",3326.80323786644,1.13807379396043,0.186554743840364,6.10048166308915,1.05749313882571e-09,9.72564506976048e-09
"C1RL",1815.84485077266,2.19607296555002,0.2142754291775,10.2488324208692,1.19781659801606e-24,8.95936490845174e-23
"HIPK1",8817.0922243101,0.576719562356739,0.18085774060393,3.18880220681142,0.00142863592704038,0.00382155259976533
"NPIPB5",3774.55937177214,-0.667828842121239,0.192986802313053,-3.4604897024923,0.00053919385567912,0.00158315353699772
"TMEM8B",1166.36018768596,1.45825543369305,0.21957785197163,6.64117724351114,3.11187552626589e-11,3.7260531883901e-10
"RNF145",9663.62922512025,1.27326326543058,0.183879106802406,6.92445861616464,4.37645950447527e-12,6.10637525665747e-11
"RNF126",1271.68439276128,-1.53233413631855,0.260750155531943,-5.87663747771317,4.18683713658754e-09,3.44568532591863e-08
"CCDC144A",3236.10459550947,1.52738567357477,0.207749858145434,7.35204195665699,1.95201508820642e-13,3.34817333997438e-12
"CTSB",12877.1248026015,1.02140685327103,0.167743650984911,6.08909396733533,1.13551460393265e-09,1.03866188771487e-08
"ABCA9",152.424862505732,-1.71446575411784,0.396133647204226,-4.32799830617253,1.50470626522997e-05,6.28583196977298e-05
"ARID3B",238.654751997977,-1.37932435152291,0.336946596851769,-4.09359929558722,4.24728064021806e-05,0.000161189346840389
"BUD13",811.530223915788,-0.835671799379845,0.225356179908072,-3.70822668240442,0.000208715777281676,0.000678670194460831
"VCAN",71120.9581470066,2.19315017286356,0.220869249451502,9.92963112026657,3.09397996774395e-23,1.88477604426794e-21
"ANKRD36C",6669.86834555232,2.14164141444005,0.256920376038636,8.3358176858576,7.69644336776254e-17,2.24030954975906e-15
"SYNPO",1682.50124240032,-1.21395499100298,0.21982643132519,-5.52233406913281,3.34525669131915e-08,2.36448825227331e-07
"NCAPG2",5116.74565268587,-1.06185524925455,0.182370130289873,-5.8225283250429,5.79639720302961e-09,4.69834171093306e-08
"LRFN4",822.148949211313,-1.00767669054372,0.233288171273071,-4.31945042496046,1.56418240545725e-05,6.50211314375442e-05
"ZNF394",468.298726241703,-1.10024422730649,0.268758911229913,-4.09379626622046,4.24367228248976e-05,0.000161104140810999
"TJAP1",2049.06111842469,-1.53579583704976,0.196316363766365,-7.82306582897743,5.15521286586605e-15,1.10570427674782e-13
"BICD1",4198.74017906898,0.785858181524333,0.179964945942156,4.36672918389851,1.26120942899003e-05,5.33272738168306e-05
"CDC34",1237.19016238091,-0.906617849658499,0.230634934705009,-3.93096497205898,8.46055990882802e-05,0.000300170810574991
"SSR1",15899.8990331294,0.700905109372642,0.169387578315873,4.13787785586968,3.50532880747307e-05,0.000135822871628579
"DBI",1642.65627448233,0.8409466024023,0.194403412280167,4.32578107831954,1.51992318937029e-05,6.34267381778888e-05
"TAB2",18077.1979347795,-0.889145281411104,0.165503988036674,-5.3723495847972,7.7717251624274e-08,5.12534865901602e-07
"ATG2A",2792.39396898295,-1.05719102129323,0.218621995723834,-4.8357029117449,1.32675954053624e-06,6.9012518706238e-06
"ARNTL2",2334.89542515352,-1.43889771750455,0.210800362209855,-6.82587877184058,8.73887036309316e-12,1.14751077723372e-10
"TRIM66",1556.32371224621,0.966966474427876,0.243215563829895,3.9757590312114,7.01551351434034e-05,0.000254167194090969
"ANKRD12",11625.0262051994,0.786656935459311,0.182021290030087,4.32178529956183,1.54771756945322e-05,6.43820001260053e-05
"ZNF574",1755.24622359943,-1.76282905412971,0.206165493235766,-8.55055337565043,1.22499767258663e-17,3.94469277782802e-16
"SP4",1627.98863006897,0.77700613809456,0.214172388331897,3.62794730051968,0.000285683553544789,0.000901283565347657
"SYNCRIP",9162.39864988347,-0.52837052563288,0.167225200535024,-3.15963457626243,0.00157967128343882,0.00418859215339465
"PITPNM3",1112.35447207448,-1.63739270571871,0.233238188114212,-7.02025992809083,2.21455868842266e-12,3.23506237080086e-11
"ZNF66",156.666623161002,-1.84221552925471,0.413810102242946,-4.45183797898959,8.51383969228511e-06,3.73016134676968e-05
"GGA3",3810.77221446632,-0.665171501788064,0.183163761587801,-3.63156716165828,0.00028170532169826,0.000890396761655532
"PRAF2",1361.46327034184,0.918820943411403,0.217667674795533,4.2212098984128,2.42994535454303e-05,9.72801294037585e-05
"RANGAP1",2719.82635659562,-2.3668867738003,0.231438015609764,-10.2268711886607,1.50296862448067e-24,1.0830538539093e-22
"TMEM187",86.7668855274008,1.87450802402479,0.511088240067656,3.66767981939214,0.000244761410441453,0.000784324931832182
"SRPX",7296.43061567505,1.3850135954742,0.203907526341182,6.79236132342056,1.10312837837188e-11,1.41858228243731e-10
"TICRR",1047.36149430457,-1.11465195685451,0.243674737712869,-4.57434351757851,4.7771549203337e-06,2.20878000189764e-05
"WDR27",628.601813839819,0.932773164969262,0.314456556685054,2.9663021652415,0.00301404203059727,0.0074596751241044
"NR2F1",877.525729836318,1.74709787530658,0.244510781295547,7.14527950894244,8.98129477462097e-13,1.39659133745356e-11
"LDLR",18200.1571512916,1.02915807010479,0.219261177721813,4.69375418301606,2.68236331111571e-06,1.30709708001899e-05
"SRPRB",1846.52308484137,-0.601620822379746,0.199982444667809,-3.00836817641217,0.00262654723051787,0.0065973507269416
"SMNDC1",1719.91929490489,-0.918385000768745,0.209648719146661,-4.3805896096426,1.18358604877189e-05,5.03514036155011e-05
"TMEM120B",1010.49331683065,0.821274112330326,0.251297932235455,3.26812920832483,0.00108260929494116,0.00297610529137349
"SF3B2",7945.83445800596,-0.689229151213003,0.189977297127141,-3.62795534853694,0.000285674650669618,0.000901283565347657
"HSPG2",2854.67722345111,0.544372387216078,0.184317831076353,2.95344397249648,0.00314249646852809,0.00774031331076803
"DMRTA2",564.198197496685,0.79917615258612,0.254163431758666,3.14433963633666,0.00166462118648722,0.00438922203969344
"ARAP2",998.643052790072,-0.721828450790707,0.237382701600622,-3.04077949203361,0.00235966574226364,0.00599839314735893
"ARMC8",4062.83629777045,-0.502890933972017,0.175452557455938,-2.86625023461576,0.0041536577711872,0.00989875530144995
"CDK8",1009.19474393873,-1.30354913281855,0.2451236000686,-5.31792586455868,1.04956814036587e-07,6.74868550551554e-07
"LTBP4",2494.80016927927,1.05314533481531,0.212451338276319,4.95711320700447,7.15482914041213e-07,3.93648839764388e-06
"CHTOP",3515.39875964631,-0.835241129693074,0.18548319698853,-4.50305549642174,6.69833831834273e-06,3.00649305910271e-05
"DDX39A",1335.27054861825,-2.65787735948015,0.274725044621241,-9.67468169181488,3.86291848571571e-22,2.13326965720506e-20
"PHKB",3851.53916024286,0.791190814652625,0.189799293562607,4.16856564532809,3.06522483917257e-05,0.000120348262954623
"C1S",2916.82737337892,1.92163639600981,0.202055032986303,9.51046043055048,1.89820490830877e-21,9.62789081819445e-20
"PARP9",4890.6028113058,0.722687168854255,0.196110834986822,3.68509556803843,0.00022861684082996,0.000736986858954847
"ANTXR1",3084.77094285416,2.26047321725141,0.216593616063428,10.4364720361354,1.68974191249677e-25,1.39645943509698e-23
"PPID",731.701679808494,-0.842307330812301,0.255851241597633,-3.2921760533684,0.00099415356387545,0.00275021227010301
"PLEKHA3",2685.46800058476,-0.588207866940645,0.18249884103235,-3.22307727333116,0.00126821336164008,0.00343361867304981
"WASHC1",312.608666923874,-1.63935718119656,0.395794233411352,-4.14194306740382,3.44375837951951e-05,0.000133700185706838
"AURKA",1696.02715496937,-1.01726445303588,0.229089325053969,-4.4404707761753,8.97622943631028e-06,3.90722208023259e-05
"MARK1",298.442243280201,-1.05021007992223,0.300294062915573,-3.49727220620242,0.000470041948791869,0.00140276660374301
"COL5A1",11566.2354445796,1.50666525866467,0.210757730957815,7.14880185802648,8.75385770111877e-13,1.36481649487891e-11
"LYAR",576.84147918334,-1.40583487843961,0.263109182019264,-5.34316160177444,9.13392638533678e-08,5.95721534337252e-07
"SERTAD3",1357.20067477615,-0.878336034105284,0.228062261496695,-3.85129932651314,0.000117492785350909,0.000402822668197575
"HDAC9",21921.1380471202,-2.04061727433426,0.185731054253514,-10.9869471345859,4.41611551853511e-28,4.70177055838269e-26
"TRIM47",3460.68914112164,-0.743484898707132,0.208162915850421,-3.57164913678177,0.00035474044965224,0.00109260428303106
"DONSON",2025.05239705274,-0.845701336966158,0.194594133652556,-4.34597549829607,1.38658047557545e-05,5.82531392120536e-05
"KIF1C",4253.63471350995,-0.842532653971853,0.186397802132161,-4.52007826451985,6.18167741711489e-06,2.80334089468395e-05
"EPHX3",147.452970870228,-4.32653456468473,0.4870356750997,-8.88340379541819,6.48450592308612e-19,2.44056977703923e-17
"UCK2",418.348297816371,-0.833663412173458,0.288275269578613,-2.89190055529934,0.00382919128781278,0.00920907257618468
"SH3BGRL",7229.01952400637,2.27676502759256,0.222296401511064,10.2420237669895,1.28519496306833e-24,9.49277129596347e-23
"ERO1A",9986.05349894286,1.519875469892,0.219526295577302,6.92343241111545,4.40829521604007e-12,6.14354161122189e-11
"HLCS",2860.68745641813,0.894698175868178,0.187821798434283,4.76354812554531,1.90218217406098e-06,9.53754303481231e-06
"PCDH18",39597.0000159386,2.47098274708339,0.280008499254485,8.82467051415338,1.09782545166424e-18,3.94349580175319e-17
"AJUBA",984.679235794825,-1.20316767562105,0.261511726910576,-4.60081729349167,4.20836442239594e-06,1.96578856695159e-05
"DCBLD1",454.290170717527,0.822798350137701,0.266151104132844,3.09147073734106,0.00199167612156802,0.00515624542243147
"PDE5A",1083.15157831948,1.29201384573161,0.270249720703923,4.78081473078412,1.7458620193596e-06,8.82866809789976e-06
"ZNF90",598.593138955615,-1.07514880792736,0.242531464695921,-4.43302814039138,9.29187328289911e-06,4.03718229622432e-05
"PCDHGC3",11208.9652975038,2.00655613128091,0.196955272472206,10.1878772073191,2.24615201172724e-24,1.58006098063051e-22
"EFCAB14",11124.801725257,0.664842373043351,0.184117229780751,3.61097314919985,0.000305050245944167,0.000956509367622225
"JAKMIP2",1151.62268459496,1.07260834161139,0.227120281968254,4.72264446097033,2.32797618114645e-06,1.15209474492415e-05
"AZIN1",12481.5573317565,-0.618083048638479,0.172209946288936,-3.58912514612513,0.000331789545596457,0.00102996817700523
"SLC5A6",1100.67613401436,-0.728248805476241,0.212204484912761,-3.4318257023438,0.000599532740136992,0.00174171040386897
"LRRC37B",1762.6456244837,-1.03999128592063,0.216069281665579,-4.81323063558048,1.48509729206693e-06,7.63081730332479e-06
"POLR3A",2953.79627309444,-1.13438056708454,0.187678424151697,-6.04427798353443,1.50080558479322e-09,1.3483271600597e-08
"LINS1",1325.08807704467,-1.39679961368436,0.209277212293899,-6.67439898675049,2.48247395330844e-11,3.01210237989725e-10
"ZNF233",281.788814115206,1.92254602693771,0.321128773070573,5.98683826601612,2.13959346646619e-09,1.86472828810453e-08
"NOL11",4294.36976035604,-0.966357901238249,0.181679481605652,-5.31902608207458,1.04324181069515e-07,6.71515888823273e-07
"SRM",3729.71934826454,-0.57369491996986,0.194841765042412,-2.94441450910169,0.00323566324461441,0.00794040472065052
"ARL13B",942.95441653427,-0.93828655966518,0.24459856848169,-3.83602637370063,0.000125040986025095,0.000425982811428241
"PCDHB11",393.758186662367,1.55482047539292,0.283748269792915,5.47957693813485,4.2634402624776e-08,2.96908291231351e-07
"AMN1",552.717828496582,0.833814451586018,0.261760262166916,3.18541265463098,0.00144547731179002,0.00386223171393498
"LYRM7",1304.58035070315,0.88016753953264,0.246975493104972,3.56378492646047,0.000365545502360155,0.00112266547476411
"FCGR1A",243.418883440061,-1.50250014035592,0.326102884253061,-4.6074420463879,4.07652770024437e-06,1.91024600957526e-05
"NIN",1424.65160169047,0.809893256195697,0.204568093117749,3.95903996489582,7.52516450447659e-05,0.000270722660925127
"HIST1H3J",2914.14204348085,-2.68357693450805,0.2206996879152,-12.1594052074018,5.11296009391645e-34,9.15529733180373e-32
"OXR1",2046.79889247892,0.891667597225284,0.194321097222187,4.58862990159915,4.46164633953356e-06,2.0767127388975e-05
"MANSC1",1736.49029415289,0.706289886488029,0.23240206926119,3.03908604916185,0.00237297064966975,0.00602832483615588
"CLSTN3",427.208121136144,0.800906366804176,0.264949731750811,3.02286158778768,0.00250396741586069,0.00631495666253555
"YPEL1",162.291510124595,1.29698554953126,0.410431165590781,3.16005620008013,0.00157738709506326,0.0041834741224097
"DBNDD1",437.500870259715,1.31649805179076,0.272117188204979,4.83798197561513,1.31164032608637e-06,6.83162863538506e-06
"H2AFY",2258.32817307816,-0.680737489214878,0.193569767398137,-3.51675521629742,0.000436856454929523,0.00131435070884855
"AKAP12",2190.56408193037,-0.954863978597932,0.232301524157875,-4.11045076892821,3.94887470008991e-05,0.000151077375220662
"ZNF44",1153.38331710079,-1.97576430625632,0.217372543118853,-9.08930023041608,9.96785165885771e-20,4.20714538944216e-18
"ORMDL1",1281.4824698214,0.602718135618407,0.207066417807925,2.91074787500061,0.00360564839219561,0.00872978023457349
"P2RX6",264.456504099663,1.81307379614029,0.350226079264609,5.17686689679795,2.25643074806533e-07,1.36077941024043e-06
"RBM15",2975.30113982016,-0.96439523305861,0.193114409387242,-4.99390613118237,5.91701649968226e-07,3.32512130257941e-06
"CRIP2",1460.54504702502,1.42244199968661,0.196981565061772,7.22119351240072,5.15332574429674e-13,8.23000049271606e-12
"CABCOCO1",39.5125677869868,2.32736242958704,0.779440124228981,2.98594126378759,0.00282706937765336,0.00704412943392524
"RNF144A",3771.89755868359,1.82833403136157,0.204611916535579,8.9356185227054,4.04906702908403e-19,1.55869296904609e-17
"ALDH8A1",76.0973359293999,-3.1046196279813,0.616695081658896,-5.03428634395778,4.79632283197061e-07,2.73830643614631e-06
"TMEM192",1610.01243421939,-0.99981916473047,0.227614326653453,-4.39260208015251,1.12002012378267e-05,4.79232361436045e-05
"PPM1L",2247.51256779709,1.56679122073306,0.240787318650863,6.50695073773746,7.66915474613551e-11,8.5022580478264e-10
"PRPF39",1364.56672977832,-0.850765450452114,0.20087162668694,-4.23536894923463,2.28176747735114e-05,9.17527916078971e-05
"AP1AR",2023.52776989288,-0.59224161918406,0.20503945632254,-2.88842757294687,0.00387173181299708,0.0093028127913851
"MTO1",1608.16424705508,-1.10775277167703,0.219479448362612,-5.04718223023258,4.48373649176106e-07,2.57389360329814e-06
"SNIP1",1491.07864561745,-0.809689433762373,0.201503355902894,-4.01824292272615,5.86337326648031e-05,0.000216341005319691
"NOL4L",2976.7829810813,1.43490011282502,0.198829638311882,7.21673149439747,5.32519749718062e-13,8.49300729037524e-12
"FZD8",1874.60422856678,-2.52699331678824,0.202850317580204,-12.4574284474024,1.27413162397281e-35,3.01153750642214e-33
"TRPS1",10466.6226245396,0.972812533382734,0.175838066651496,5.53243419873816,3.15816935015365e-08,2.24298349640119e-07
"ARHGEF18",1189.32600965311,-0.78846302716634,0.213012699324832,-3.70148366583524,0.000214342456841949,0.000695524205095593
"TNFRSF19",1210.91345834109,2.00231368216252,0.297758747177464,6.72461750038576,1.76054302107951e-11,2.19610023474683e-10
"SLC16A6",2684.99201078993,-2.07166650074554,0.243480620944925,-8.5085477961474,1.76125295805151e-17,5.56537097814245e-16
"TWISTNB",4969.15019404771,-0.851853426151491,0.183905239656747,-4.63202368644552,3.62108712844516e-06,1.71519068873607e-05
"CEL",57.4464986190992,-2.30414910592981,0.665033290766465,-3.46471242556027,0.000530798747104173,0.00156355423561244
"ID2",2509.3764742767,2.29344302054243,0.212325740505894,10.8015307756751,3.38512257839338e-27,3.27912939602074e-25
"CDH7",260.671479916458,3.17799015949561,0.481420182433771,6.60128153213186,4.0761862131992e-11,4.76011548098697e-10
"SRA1",1395.98597127044,-1.44176070991928,0.217971676833092,-6.6144406046997,3.72959363275069e-11,4.41646668856189e-10
"TAF4B",464.706707098771,-1.62076632540011,0.289085304010244,-5.60653309911139,2.06419515183415e-08,1.51613786851311e-07
"CYB5R4",910.492558414281,-0.846653473146415,0.227617863338426,-3.71962666167197,0.000199517473695574,0.000650454483899114
"KIAA0753",2699.56642444355,-0.962725083839765,0.222750047251046,-4.32199721490853,1.54623141224491e-05,6.43654907710827e-05
"SMCHD1",9844.10265755487,-0.584124113862631,0.169072984222798,-3.4548636882927,0.000550571103362574,0.00161295223092189
"PSMC3",673.026863258355,-1.51762535034335,0.28694085501583,-5.28898316086644,1.22998212870903e-07,7.78571440657915e-07
"CRMP1",1374.37314965864,0.718485030668467,0.219408161961863,3.27465042432356,0.0010579279840362,0.0029116425047368
"CAMK1G",29.3647006274969,-4.23460813610019,1.03628641577476,-4.08632987139397,4.38250572443242e-05,0.000165948262259988
"SARAF",5889.81657647019,0.633809789968843,0.175529927139016,3.61083605684448,0.000305211551872068,0.000956761305046181
"C19orf24",619.638713153792,-1.07553373090489,0.250619663986705,-4.29149777713351,1.77471979906261e-05,7.28251339768121e-05
"ICAM1",1985.92449836043,-4.93746005507219,0.225775790118096,-21.8688640287321,5.14218203736078e-106,6.07703073175297e-102
"GPS2",3945.29218257919,-0.605549140364691,0.196438110411748,-3.08264592392697,0.00205169111947431,0.0052906143683062
"NEK6",6295.42239752804,0.694476229873748,0.180911994914218,3.83875171020607,0.000123661400992186,0.000421891003731424
"PLXNA1",31804.6039352543,-0.827379450160771,0.204334580591622,-4.04914061910231,5.14060516826918e-05,0.000191706127733055
"ABHD10",1157.58557827811,1.20427883063285,0.228199211715192,5.27731371892672,1.31091352976329e-07,8.26606604325567e-07
"ZBTB17",1171.13528382415,-1.54150681085076,0.221967932837197,-6.94472751602991,3.79191503426526e-12,5.3603889802568e-11
"WDR90",1310.8549585041,-1.05738798939646,0.283112827602902,-3.73486428838034,0.000187816441705857,0.000615533751547372
"ZNF335",4211.87443613935,-1.43032719328247,0.270546293542389,-5.28681126824739,1.24466938331102e-07,7.87025295450487e-07
"TEF",1289.96596214241,-1.81331301290537,0.223996559466901,-8.09527171855206,5.71366687307722e-16,1.45213150765649e-14
"RNF166",607.393934547231,-0.801156651671636,0.269509930494411,-2.97264241878556,0.00295248199218477,0.00732265103539131
"RBM34",587.631663044311,-0.997974374755829,0.256716849170407,-3.88745178970851,0.000101302099416835,0.000352394592913263
"STC1",17991.5060652223,1.05218141419147,0.214605346678026,4.90286672945786,9.44480646844985e-07,5.08050627419847e-06
"NFRKB",1576.50224206042,-0.666747219918778,0.208016167659675,-3.20526633780509,0.00134937556656957,0.00362594825959964
"PTPRF",4800.75657781486,1.316359038272,0.192114143880818,6.85196316981548,7.28433133288928e-12,9.67260985304331e-11
"RAN",9384.55169576125,-0.906469204195391,0.189146988396607,-4.79240622269222,1.64792806490131e-06,8.37283485425783e-06
"KLHDC1",247.334005267202,0.994297434527873,0.337389310978503,2.94703300363664,0.00320838958347989,0.00788453900968295
"RETREG1",2823.38869267449,1.47533936386811,0.238362362004239,6.18948122288649,6.03625425286461e-10,5.75293973873822e-09
"C12orf49",4413.43493204195,-0.605790919266264,0.176099897727117,-3.44004128954687,0.000581625447333243,0.00169297909805078
"COPS2",5601.38299381251,-0.641573766465379,0.189156160609245,-3.39176775632876,0.000694432746655273,0.00198471733977558
"KLF10",11204.1141145227,-2.9728705792646,0.244900815051248,-12.1390799726105,6.55590222098153e-34,1.15638287235164e-31
"ZNF195",818.823906714523,-1.07841288797922,0.23298953864912,-4.62858931019776,3.68165081236862e-06,1.73830400721424e-05
"MSN",27245.2676383546,0.547939519071585,0.168419913862953,3.25341289223943,0.00114027679404822,0.00311578986174842
"GTSE1",708.041683053729,-1.51935811928187,0.27217377430275,-5.5823090346384,2.3734615524105e-08,1.72083243106671e-07
"MOCS3",2109.14888210678,-0.769271231044874,0.201538022431684,-3.81700297424342,0.000135082542384756,0.000456768379371399
"IFIT1",327.237929450723,1.94281066192707,0.388073479089531,5.00629588624595,5.54874417295077e-07,3.13456303231034e-06
"RAD23B",15868.3184297741,0.613479430560489,0.173376176073908,3.53842981459558,0.000402514271651358,0.00122317142257026
"ATP5PB",2749.7499186024,-0.675285286724463,0.226776132469254,-2.97776172197494,0.00290361622203489,0.00721508337090166
"TUBB",3674.6815888934,0.577526877374097,0.184408112973323,3.13178670971837,0.00173746048400453,0.00456295733332567
"IL4R",1163.22804200583,-1.82949978198955,0.228921209861545,-7.99183170094224,1.32948453133695e-15,3.1871019784811e-14
"CPSF7",7429.96644270811,-1.04209475532823,0.177582561714103,-5.86822684203608,4.40480344440128e-09,3.62254468378109e-08
"SELENOP",95.774842504284,2.14961730988867,0.497181194768481,4.3236094456261,1.53496934192679e-05,6.39868348602851e-05
"TSC22D3",1759.41440287565,1.72050049597302,0.211487293220312,8.13524287807083,4.11113298846674e-16,1.07728092367406e-14
"EPB41L1",3089.30050884724,1.32878051140796,0.206150830456718,6.44567139731675,1.15089778993367e-10,1.23423866437714e-09
"INCENP",1674.51636247409,-0.96710450136126,0.247717614434632,-3.90406028884337,9.45922006653439e-05,0.00033181674902435
"KIZ",560.937408234336,0.975569680894592,0.244614254564475,3.98819636505465,6.65775457316175e-05,0.000242843652918597
"SAP30BP",1265.06454662691,-1.09393393006562,0.246806608698239,-4.43235266606306,9.32103939025508e-06,4.04687889471104e-05
"PPA1",1228.02903928369,-1.01088420613397,0.207359619648315,-4.87502922627098,1.08792347077501e-06,5.78366152839367e-06
"ATP6V0E2",2980.06042633819,0.673265420026856,0.187845714565925,3.58414042919553,0.00033819010536087,0.00104763582310741
"YIPF5",3256.82151590233,0.708190316401535,0.193777916005739,3.65464925518428,0.000257533809092685,0.000821245158083474
"SPDYA",257.516522703501,-1.7721515276049,0.350197742603124,-5.06043104227906,4.18309728084644e-07,2.41385955395719e-06
"DDX56",5620.49903749665,-0.954868228837404,0.198898831020775,-4.80077345822947,1.58053986676516e-06,8.05121557992703e-06
"ZBTB40",3947.9653086853,-1.03085039023758,0.199935925028445,-5.15590377312591,2.52410501860384e-07,1.51190436441258e-06
"PUDP",905.765996655251,0.744799682008855,0.215585725924726,3.45477270730302,0.000550756914379703,0.00161309670734556
"FSIP2",388.837533015859,1.18384507896702,0.287641771378555,4.11569249241274,3.86018679090122e-05,0.000148019751767913
"SCAI",2920.61532589131,0.923493540118023,0.227434555441072,4.06048033609959,4.89718618214813e-05,0.000183729988255957
"COA7",507.247138983623,-1.75389254366974,0.271946434071054,-6.44940445592121,1.12290524069842e-10,1.20531281876239e-09
"CDHR3",586.55109772633,1.6369501220023,0.329163719125889,4.97305756038153,6.59050820048203e-07,3.67043477442491e-06
"R3HCC1",1338.14573204342,-0.940320920938995,0.218490530848529,-4.30371475270423,1.67957885907277e-05,6.92818951362023e-05
"GYS1",9170.73085614931,1.27883448535265,0.178179280262968,7.17723454413595,7.11355947830942e-13,1.12390435714787e-11
"ANGPT1",528.285962282312,2.12716698898955,0.346431897433283,6.14021689327615,8.24088822782967e-10,7.70496970541859e-09
"B4GALNT4",101.138729449181,1.43256822015647,0.461558721400103,3.10376156648256,0.0019107725071681,0.00497171058778349
"GCNA",492.631806227157,-2.72499151540411,0.315469653014167,-8.63788795330415,5.72617354394802e-18,1.89557195917024e-16
"ZNF513",429.452799149634,-1.1825203878414,0.311608187685861,-3.7948951105018,0.000147705886963955,0.000495624126104491
"HIRIP3",502.301478869628,-1.14451293237725,0.270341214002225,-4.23358656800227,2.29993591058693e-05,9.23883160819728e-05
"UNC80",1338.98076549216,1.75187939532382,0.227664334886413,7.69501027114273,1.41482808541487e-14,2.84845627145366e-13
"CTU2",370.62469505317,-1.20258560274147,0.288461434874837,-4.16896491991474,3.05986075145323e-05,0.00012017758179021
"PQBP1",337.860926716493,-1.53781111649576,0.292725134993562,-5.25343037771449,1.49292125826108e-07,9.33510234398384e-07
"KCNC1",138.854226067587,2.03084228800937,0.484108517111309,4.19501458087841,2.72854035020773e-05,0.00010817138496731
"ZNF396",297.905659349944,1.09840323780926,0.298189885615565,3.68356973457294,0.000229990327331755,0.000740606454606725
"CD109",17708.0540919062,1.28173422917974,0.212617787252712,6.02834901887255,1.65643036959836e-09,1.47472368369179e-08
"RPN1",9267.73557378768,0.49748339449422,0.171454212315638,2.90155247733651,0.00371318580790377,0.00896108431239673
"ABL1",14020.9954199496,-0.782062131322947,0.179856906433928,-4.34824631886041,1.37230429320361e-05,5.76738696197732e-05
"BRCA1",1956.9934102906,-1.10932004345922,0.202874665492607,-5.46800676548571,4.55124515045689e-08,3.15279104267875e-07
"MPZL1",4406.47569220491,2.10000508796931,0.187757230058737,11.1846829403712,4.84634521704969e-29,5.72741077750933e-27
"MARK3",1702.04249118119,-0.601926897061324,0.204431160443161,-2.94439896421113,0.00323582578563656,0.00794040472065052
"PMM1",391.284300803263,0.909301708825961,0.281246934975653,3.23310797646444,0.00122451270514664,0.00332367734254088
"DNAJC1",325.177424993757,-1.04096802862144,0.30916967754545,-3.36697970152139,0.000759962818980514,0.00215068021904016
"GINS2",256.835785490149,-1.45806696239792,0.338770003573226,-4.30400255931383,1.67739723848715e-05,6.9216063423328e-05
"CMYA5",543.8108314326,-0.866234710327678,0.264582632769588,-3.27396662910237,0.00106049134471128,0.00291801786072128
"LRRC75B",176.956353069659,1.33884413817097,0.371309735036822,3.60573400543403,0.000311271851402744,0.000973950420936625
"FKBP1A",9169.47363138868,0.649773221192854,0.168414216113452,3.85818511161276,0.000114232118681672,0.000392212428407902
"ABCF2",4854.51500510799,-1.31009499692824,0.203311433943055,-6.44378415674931,1.16530780243694e-10,1.24855916674521e-09
"WIPI1",1860.48851976217,1.17177515808629,0.203525655990366,5.75738303057848,8.54279236216544e-09,6.71714704830813e-08
"NFKBIZ",4032.11065453794,-1.25239543465963,0.23387013553693,-5.35508918992296,8.55142249237259e-08,5.60203497865074e-07
"RBMX",9243.93420836065,-0.791175111098318,0.184145541605106,-4.29646628531994,1.73542348054373e-05,7.13612898158172e-05
"FAM111B",299.846237475314,-2.35709445275197,0.323938404510878,-7.2763661854512,3.42931944023863e-13,5.71617731237519e-12
"ZNF79",520.796939789025,-1.41012897499439,0.269440707074817,-5.2335409534196,1.66293140750831e-07,1.02892792533681e-06
"PPP1R3D",1725.90270630007,0.607352358111954,0.196568207665214,3.08977919331884,0.00200305348073026,0.00517988753507007
"IMPA1",2142.16585720755,-1.33987489041067,0.205506380318278,-6.5198700319452,7.03683373979174e-11,7.87512321371769e-10
"MRPS31",618.042642773835,-1.04768947319624,0.243554398894151,-4.3016651637303,1.69519345341961e-05,6.9877210437785e-05
"MTG2",2548.63654330233,-1.90918095210556,0.218780135301092,-8.72648218028608,2.62716724395557e-18,8.97337066158004e-17
"ARHGEF40",3749.29123809192,-0.801717396015258,0.196742977836487,-4.07494795916714,4.6024638225723e-05,0.000173554299474025
"YARS2",840.119718011738,-0.676820056323459,0.220820108105411,-3.06502909599324,0.00217648822109439,0.00557713308692401
"DUSP15",4644.59969841328,-2.46371932858014,0.773639465210828,-3.18458330962827,0.00144962577963554,0.00387156552852719
"EEF1AKMT3",1426.15024182371,1.37610391971853,0.236034034857445,5.83010802043712,5.53915073674674e-09,4.49599473948303e-08
"CAMKK2",2333.15796624546,0.579742452522649,0.187530142308552,3.0914627663897,0.00199172959497374,0.00515624542243147
"C1orf162",179.249782461785,-3.25955832134796,0.401484245020114,-8.11877019279962,4.70931281647645e-16,1.21516722412923e-14
"TMEM104",1644.60419526907,-0.577318080062136,0.193155680336721,-2.98887446155205,0.00280007153089039,0.00698970230967214
"ASXL3",435.285413037013,-1.34216675308887,0.310011356109203,-4.32941157360727,1.49508287407665e-05,6.25004931228787e-05
"DGLUCY",853.954648269962,0.826205485398477,0.248016300535781,3.33125477484203,0.000864554358247293,0.00242001501794564
"BCKDK",5007.03823585552,0.781197157568902,0.173205651802327,4.51022902220566,6.47576742868006e-06,2.9176751609661e-05
"HIST1H4H",1207.15529480731,-2.72709502016974,0.245192600129148,-11.1222566208496,9.77673322842635e-29,1.10039460279564e-26
"ST7L",1496.47375632759,-1.34072135059462,0.202913727547041,-6.60734671233026,3.91268968893371e-11,4.59643804610522e-10
"PCDHGB6",403.549127067659,1.19889191262571,0.353053147891199,3.39578309890944,0.000684325649816258,0.00195962212976219
"SAMD1",1272.02499733117,1.09877354728716,0.208330726744776,5.27417901552879,1.33351692165708e-07,8.39164162946931e-07
"LIX1L",6241.0938558447,1.48035314460198,0.1905349841138,7.76945583766298,7.88240186337e-15,1.65167065995225e-13
"ALG9",1875.42713981538,0.774815971908462,0.21495912078266,3.60448055931463,0.000312777858898383,0.000977627277561782
"DPM1",1751.67008430895,-0.711567206698942,0.201509166985056,-3.53119025474267,0.000413694070201939,0.00125359910811449
"SIRT5",1202.05554369431,0.893582219633834,0.207958814089532,4.29691919309138,1.73188292642819e-05,7.12404887731583e-05
"RFLNB",257.763253210119,-1.50921894912033,0.329752815369974,-4.57681899524354,4.72099598779845e-06,2.18537918463776e-05
"ZNF846",287.984145742498,1.48537618633549,0.356923356511432,4.16161105525162,3.16010251688053e-05,0.000123744504786263
"GTF2A2",1650.26215111631,-0.972799769911476,0.220943790112839,-4.4029287694153,1.067992387214e-05,4.58631323840663e-05
"ARPIN",1060.02644263063,1.90155478310981,0.283651035723184,6.70385277551231,2.0299478937508e-11,2.501556226105e-10
"ZIC2",7625.0116054678,-0.5573532162948,0.170655678180758,-3.26595178218713,0.0010909682426498,0.00299687649613658
"NR4A3",953.564001795791,-2.37439147243361,0.23539308651846,-10.0869210202884,6.3118293663881e-24,4.07851885288753e-22
"QARS",4116.94463982591,0.934431133488582,0.17630207617974,5.30017089836157,1.15694334198287e-07,7.3613586792372e-07
"NELFA",1122.22971084428,-0.741483836618163,0.228181112122159,-3.24954081309413,0.00115591490045428,0.00315487350890732
"CYTH2",1486.64994917593,-0.773404409954813,0.210824214848653,-3.6684799728059,0.000243996802908784,0.000782086850224034
"MAP2K4",6321.84474848796,-0.548925964382742,0.171403946977131,-3.20252814514231,0.00136226987677115,0.00365810165955043
"TPRG1L",1616.26279326349,1.0161641188648,0.196290672098384,5.17683345826787,2.25683503475312e-07,1.36077941024043e-06
"CSTB",4260.67022628081,0.708274244565135,0.205763625571658,3.44217420643415,0.000577058499149866,0.00168220950738853
"IMP4",2075.40045017188,-1.10157794031483,0.206778000505245,-5.32734593439928,9.96582476122541e-08,6.43937217212476e-07
"NEB",390.986700012492,-0.991859741315093,0.294776782711647,-3.36478243703928,0.000766040367966497,0.00216475561672792
"TRIM2",12062.3514829799,0.993683272265539,0.217412987723579,4.57048717590376,4.86591699487901e-06,2.24542784246311e-05
"CCNB2",1192.59467537984,-0.970221329998762,0.224234637048131,-4.32681294366895,1.51282329314474e-05,6.31750730684965e-05
"C1orf198",2059.37298033658,0.633248546034102,0.194506807764555,3.25566263367312,0.00113128085539093,0.00309478637708565
"WDR4",428.472933457477,-1.90442496268575,0.293439928896595,-6.4899994007184,8.58367156076039e-11,9.46285732323379e-10
"BANP",940.930061122818,-0.771131924751582,0.220650004768953,-3.49481943387696,0.000474382570105845,0.00141383717890299
"SEMA6C",175.015242784509,1.51055926034644,0.372909746017094,4.05073687797154,5.10565943085938e-05,0.000190703802635576
"FZD6",80.8480200145212,-1.8389239150342,0.620642465937561,-2.96293601543405,0.00304719903634723,0.00753041810418495
"SYNJ2BP",1379.40546895491,0.673997814188342,0.217744263917024,3.09536426844835,0.00196571318768397,0.00509894610448839
"GJB7",97.6631784178894,-1.54676878020543,0.507972244334688,-3.04498680283466,0.00232690520127731,0.00592680224817123
"ABCB6",759.528543457728,0.794908581485713,0.255195099321431,3.1149053551553,0.00184003939829133,0.0048067165360316
"ZNF746",3254.66030639316,-1.19838610309257,0.194589118713044,-6.15854633094772,7.34157071827247e-10,6.90236139606555e-09
"HASPIN",903.668057769811,-3.03980962098838,0.233104009288338,-13.040572018769,7.19154626137057e-39,2.36082482546882e-36
"FAM133B",2134.58468510649,-1.41288192918088,0.189039682419014,-7.47399652338164,7.77951968996611e-14,1.42099480210231e-12
"OSGEPL1",435.340396859,0.993052723277983,0.263812025761255,3.76424357613128,0.000167053990879556,0.000554251562104041
"ZIC4",784.334888205599,1.36841840078946,0.226462021990073,6.04259552557313,1.51654503900695e-09,1.35879676049917e-08
"USP7",7560.28665185626,-0.772072158708677,0.171757193001903,-4.49513726449943,6.95250830733724e-06,3.10641751138418e-05
"PSMA7",6427.68779256414,-0.738123068203349,0.216767009493012,-3.40514486004912,0.000661289647942435,0.00190126952767559
"ATF5",795.904038343561,-1.00312702541158,0.23528794392701,-4.26340172245613,2.01338074580207e-05,8.17106238114315e-05
"FTL",59129.7490370433,1.06967142165805,0.172105647565028,6.21520232945224,5.12585580787898e-10,4.94913104064655e-09
"TMCC3",545.132105289657,-1.01995277591604,0.28150106644373,-3.62326434070514,0.000290908249415882,0.000916054807246709
"GRAMD4",782.507373432966,0.808046619987852,0.22238464430615,3.63355402756783,0.000279543878441556,0.000883801379192698
"HNRNPK",19427.2830694641,-0.646831420139268,0.171702685793994,-3.76715959420299,0.000165115454211841,0.000548589945986939
"MFAP2",78.6527108223915,2.41747895524162,0.54848264965813,4.40757598576442,1.04533932984719e-05,4.49720429564401e-05
"PRDM2",2767.86742891567,0.626782989111254,0.184523101905011,3.39677245093089,0.0006818564159675,0.00195397165953053
"PRKACA",2963.81298444773,0.550106946490041,0.179810284360462,3.05937420902607,0.002217999108041,0.00567366092182436
"CD59",13003.1312445995,0.697926653222285,0.172821522343622,4.03842440315156,5.38114295010818e-05,0.000200045131753314
"S100A10",10890.0258701278,0.899749400980012,0.168249844245068,5.34769826989831,8.90798055385255e-08,5.81305986667197e-07
"IL20RB",212.584052499494,-1.68998396982997,0.345889370152249,-4.88590895142598,1.0295277004235e-06,5.50043325660261e-06
"CDC14A",1259.50370918435,-1.85501580034944,0.229825771495312,-8.07140029719112,6.94964602167715e-16,1.74746631242937e-14
"LOC100287896",290.945537676894,1.39846684968406,0.305811241712455,4.57297397523076,4.80849883782976e-06,2.22153398223112e-05
"UMAD1",4420.00949322793,0.654352090988968,0.202842627720522,3.22591014690728,0.00125572772618704,0.0034044942115344
"SESTD1",8051.18624176555,1.60415116934396,0.227082758923294,7.06416980729841,1.61579061677718e-12,2.42032230296026e-11
"ZNF34",499.080568216903,-0.885416303447209,0.271846780082181,-3.25704171732158,0.00112579885977748,0.00308264386581331
"B9D1",844.518257336602,0.847401304113186,0.257423443971636,3.2918575365131,0.000995280155478776,0.00275204044863083
"NDST1",11262.9608229154,-0.674247732862745,0.170433742236369,-3.95606952012856,7.61929964620427e-05,0.000273609490181836
"TNFAIP8",188.990266365375,-1.91569987221448,0.402127786295685,-4.76390823390121,1.89878882983257e-06,9.52456977545049e-06
"TXNL4B",1245.6171603301,-1.21740272990859,0.227446052332011,-5.35249004072185,8.67520792893605e-08,5.67369160510051e-07
"ITGA10",700.722375579664,0.77603298817014,0.270194893780179,2.87212307128754,0.00407724146836899,0.00973824568981098
"KCTD20",3674.94281137858,0.617172295450559,0.177959289819447,3.46805326137639,0.000524243373830273,0.00154617124829702
"ATXN3",1211.62485937075,1.39945359647442,0.227781002326374,6.143855642839,8.05420463355224e-10,7.5363887853777e-09
"TMEM132A",527.823957886024,-1.35487688363162,0.251154408546548,-5.3945972578081,6.86774197061014e-08,4.58807092191468e-07
"VMAC",209.269532700368,1.52487958982153,0.351934831406297,4.33284646401228,1.47193764727685e-05,6.16201173061203e-05
"ENO3",318.982871299904,-2.66698245803435,0.374776574343569,-7.11619306170788,1.10948857817269e-12,1.69624010567204e-11
"ZNF611",1290.4491565203,0.899847180051447,0.216356469371236,4.15909532387239,3.19510547760813e-05,0.00012499091868379
"ACSF3",985.795060744612,-0.768205488182835,0.222698965541873,-3.44952427737431,0.000561575232512681,0.00164193372039457
"GABPA",3215.37533182708,0.616937345557638,0.208722546057396,2.95577721339212,0.00311882283202424,0.00768520605272361
"ZNF316",4854.70077813046,-2.11417637809327,0.223993698037631,-9.43855294419081,3.77962894433337e-21,1.88471117570176e-19
"TGFBI",24422.8543965525,2.1424048121314,0.177760403018319,12.0522049666517,1.88830017338102e-33,3.18799020700242e-31
"HSDL2",2172.95424592928,0.79399304926157,0.18608292255796,4.26687757450855,1.98227867818616e-05,8.05313489817946e-05
"BACE2",3850.38771757248,0.708216877838097,0.207508110242405,3.41295998990486,0.000642613759227899,0.00185184330810907
"UBE2D2",5146.46564162636,-0.745185996532657,0.186926552983958,-3.9865176168771,6.70501514437953e-05,0.000244265933958931
"PHYH",3176.87284590377,-0.850558341752062,0.282705282587703,-3.00863971824862,0.00262420107768852,0.00659426075613925
"TACO1",1145.31382928948,-1.3018585104643,0.243197814546261,-5.35308474253029,8.64673288058154e-08,5.6613345807597e-07
"CD163L1",803.863988987184,-2.76294149173317,0.245367968329412,-11.2604000862242,2.05822149885928e-29,2.56042754458094e-27
"GPR161",1240.00455640234,0.706839195364979,0.202038084160216,3.49854433783115,0.00046780530265061,0.00139679713661569
"ARL15",391.228610002482,1.1505237059464,0.299823538713335,3.83733615740702,0.000124376163162408,0.000423840108492888
"XBP1",3276.6136800427,-0.608398430416298,0.210899432405573,-2.8847798378438,0.003916874756197,0.00939890880583475
"ALPK1",1877.13858136829,0.706285922558298,0.216207505599722,3.26670399623354,0.00108807383391051,0.00299020973437771
"MTIF3",1474.48467406125,0.850573849783391,0.204810014116316,4.15298955694779,3.28159720118137e-05,0.000128035377099906
"MYH9",18022.2042977038,-0.657064935656632,0.171180205687205,-3.83843992369818,0.000123818499609364,0.000422305058696525
"KIF27",380.350934808731,0.919507434929864,0.275990247839901,3.33166639809412,0.000863276733876282,0.00241758399074642
"ARL6",1022.73434281658,0.687652928853177,0.237469226791557,2.89575596023133,0.00378246422300578,0.00911152918619697
"TSSC4",687.510076574402,-1.77342237819919,0.250750433365976,-7.0724598733229,1.52211007018632e-12,2.29442561345178e-11
"EIF5B",4609.1437649827,-0.590504063272965,0.173632124526435,-3.4008917697892,0.000671664148373261,0.00192850507907561
"COL4A2",1950.36157820728,1.55859458405909,0.284042784238707,5.48718246174232,4.08395236997251e-08,2.85080620840727e-07
"TMEM79",254.104133375556,-0.980086130793606,0.336497079538352,-2.91261407718073,0.00358417257749662,0.00868520638114723
"TXNRD3",407.48895486103,1.04675886494861,0.269927823968822,3.87792132562634,0.000105352772883076,0.000364692170454656
"TMEM189",2237.75235857189,0.596039007123451,0.195490889891475,3.04893495269441,0.00229654200911576,0.00585682638405915
"LGALS3BP",17067.9102679157,1.80767904309586,0.19382182053835,9.32649914274326,1.09425559755393e-20,5.05152837964545e-19
"SSU72",2550.36147775544,-0.65595383767696,0.193409398814737,-3.3915303066801,0.000695034759011206,0.00198595763587873
"TMTC2",2550.44872059288,1.92777027725575,0.24239926802994,7.95287169356318,1.82237057628771e-15,4.23795190129382e-14
"TEDC1",40.6308079694208,-2.56254360256626,0.782046705071052,-3.27671427543888,0.00105022589238084,0.00289381431479524
"CDK2AP2",1043.3511679903,0.755014548350557,0.21145629931861,3.57054649487148,0.000356237211121378,0.00109607168993295
"ZNF451",12414.5764529304,-0.756624173492808,0.167565147800593,-4.51540301443359,6.31964645485103e-06,2.85713778896058e-05
"ADI1",377.376675466648,1.32946222126358,0.331366125814395,4.01206435327744,6.01900858364563e-05,0.000221459039357173
"C6orf52",124.845950191445,-1.45542683932684,0.448974786896849,-3.2416671978091,0.00118832704568526,0.00323511841186556
"XRCC6",4769.11554655085,-0.643249801182924,0.186907367235615,-3.44154332007708,0.000578405847803006,0.00168572140797433
"MTRR",2253.31047469968,-0.590171198859044,0.184787734720909,-3.19377906629138,0.00140423540548972,0.00376224303379675
"HMGA1",25796.8360550747,-1.51049377813878,0.237089986316329,-6.37097248014287,1.87833347522018e-10,1.95062785677962e-09
"ZNF425",529.372604322877,-1.1818864194795,0.254476157260752,-4.64438960491086,3.41083369420231e-06,1.62406255431438e-05
"ZSWIM3",640.291734394751,-0.914245266918388,0.248106830110113,-3.68488552496775,0.000228805454131165,0.000737192709084545
"MAGT1",5071.23149276372,0.713236200238563,0.196095110449801,3.63719522940959,0.000275623021907472,0.000872572427779936
"UCK1",603.125633919875,-0.85940621563819,0.248261414200856,-3.4616987033792,0.000536777712939188,0.00157723496059556
"ACAP1",417.483059366952,1.79216791655181,0.357148481229103,5.01799114582312,5.22145829015133e-07,2.95674145055144e-06
"AUTS2",6186.13852181049,0.949339816104535,0.216825503087872,4.3783586459375,1.19576458055051e-05,5.07963544678142e-05
"PGPEP1",1241.65365614649,1.32363529568441,0.212140847623823,6.2394173989138,4.39203601830612e-10,4.29626044926877e-09
"RELB",5608.53920962865,-3.86533256984092,0.223490701465984,-17.2952724408055,5.10610409093725e-67,1.00573230244494e-63
"C1QL1",631.39322259648,1.89986535893542,0.244465400646647,7.77151021743771,7.75558218357892e-15,1.63088025347928e-13
"ERCC6L",614.821963570071,-1.15350646157148,0.269571656310906,-4.27903466320324,1.87705631858337e-05,7.65989349897039e-05
"PDZRN3",1398.7668767835,0.836705569163201,0.198231719526765,4.22084604401683,2.43387124869921e-05,9.74043021236953e-05
"MAST3",1161.99470310375,1.07010603375276,0.205648795561155,5.20356090991322,1.95505633084665e-07,1.19343263005918e-06
"HIST2H2AC",1417.3128389094,-2.1362269373369,0.241689726533752,-8.83871634915595,9.68245943160155e-19,3.55364302989649e-17
"HSPB1",14730.5208382356,1.43226929220844,0.203019369519143,7.05484060757751,1.72798682609949e-12,2.57520155243931e-11
"ATAD2",6629.93124891627,-1.59299119095752,0.17001946197886,-9.36946378030295,7.29019472557184e-21,3.41886989154e-19
"NCLN",1398.66914466803,-0.707495151046534,0.219703839231888,-3.22022206585021,0.00128091331509733,0.00346482800590989
"PFKL",3032.64679296733,0.689140987142123,0.181060173170936,3.80614342222856,0.000141150550134243,0.000475247065950565
"COL1A2",126071.410215883,2.48245576831183,0.218523198269053,11.3601475174061,6.60330406334816e-30,8.48237471963572e-28
"MRTFB",9476.25876495305,0.969931572996934,0.206488858309996,4.69725863630281,2.636764835724e-06,1.28659318037103e-05
"MED14",9734.89280778335,0.765271867338074,0.179085422219105,4.27322256527274,1.92667969761179e-05,7.8434380524892e-05
"SELPLG",175.004735815564,-4.28199914715465,0.487349277555563,-8.7863044932214,1.54560309344528e-18,5.45251861442875e-17
"IFT88",1145.08489779887,0.75681311153779,0.210730147535785,3.59138509789765,0.000328925188260374,0.00102241922011076
"TBX2",2838.14557305184,-2.28851212977974,0.272347921402778,-8.40289919597087,4.35588581287796e-17,1.31321067695387e-15
"PCDH9",3657.5024092997,1.48460241543616,0.236104582434043,6.28790174307986,3.21785459625907e-10,3.20645915839711e-09
"ARHGEF6",4671.78748093239,1.90852554013591,0.217707549860415,8.76646465113213,1.84363958057809e-18,6.42717774727784e-17
"TAF2",8226.94876278658,-0.671526081138497,0.175249248629765,-3.8318342953765,0.00012719139852279,0.000432326779411124
"CALM3",9526.52427963575,1.2840423378569,0.17277465766909,7.43189050512368,1.07056407064386e-13,1.89116983361273e-12
"RBM15B",2514.74195714011,-0.824455203164301,0.201617726915983,-4.08919997152761,4.32863563500563e-05,0.000164014468779874
"MAP3K14",1860.36740188008,-1.65459569943769,0.242810416796456,-6.81435220641587,9.46894624434858e-12,1.23378177194831e-10
"SLC25A25",1256.33812858246,-1.74214567601693,0.218240161271144,-7.98269972799584,1.43166884713879e-15,3.41807321929016e-14
"TRAM2",5991.85702421087,0.794822366658008,0.205178312155046,3.87381277440954,0.00010714573946876,0.00037057311941522
"TTF2",1230.05485778621,-0.925113914880994,0.212604436873066,-4.35133870434382,1.35308842128374e-05,5.69878794110165e-05
"NAA25",6770.76551925243,-0.67169663504177,0.171719154861876,-3.91159993526673,9.1686702318177e-05,0.000322870514897561
"BAG5",2919.11336412068,-0.518478105114608,0.180648203550327,-2.87009831775141,0.00410344187251651,0.00978895358284218
"CCNT1",7652.29896381424,-0.945640981011195,0.17020363461998,-5.55593882071064,2.76123580042706e-08,1.98252033350225e-07
"PCDHGB5",161.866802103594,1.35552830327738,0.43327619098225,3.12855479135457,0.00175668255544984,0.0046072957035744
"TCP1",5598.51153906269,-0.869803050100591,0.175170750409465,-4.96545826325119,6.85390324416876e-07,3.79566206839674e-06
"TRAPPC1",3121.27397783085,1.25280636116381,0.189306039419913,6.61788902774979,3.64364374157091e-11,4.32769665707388e-10
"MTSS1",908.608817018128,-0.678886982698176,0.226301704259954,-2.99991988535064,0.00270050626056489,0.00677160682948353
"HSP90B1",25080.4545448723,1.08077898279214,0.198613595671189,5.44161631604215,5.27993002766421e-08,3.60683312525639e-07
"XRN2",4888.04520901313,-0.633548551148124,0.176452941815564,-3.59046749025208,0.000330085400713788,0.00102575578901802
"TMEM254",785.759953884285,1.65242824819416,0.245621538202164,6.72753806644631,1.72557700317142e-11,2.16255238849203e-10
"PTGFRN",4170.56342159347,1.50896920874464,0.199309978128609,7.5709667067995,3.70456996059724e-14,7.09572249503049e-13
"TACC3",1242.71045995811,-1.85160644443971,0.249497279822131,-7.42134922577006,1.15933180027322e-13,2.03278682724464e-12
"FBXL5",7262.78771346071,0.795548755842485,0.176632790905214,4.50396979952267,6.66956888016031e-06,2.99471751617532e-05
"CSDE1",14115.9287434288,0.512044666941154,0.164423296378414,3.1141856307436,0.00184453401502174,0.0048173929258623
"DPY19L1",14145.3251177019,1.54406686032544,0.213711224309966,7.22501527615572,5.01045512140934e-13,8.0235174288368e-12
"NPTXR",1018.31712341493,1.80445907767312,0.271831541350833,6.63815195508987,3.17640322297044e-11,3.79946693209156e-10
"GINS3",477.117207805299,-1.3905602950698,0.280425425521552,-4.95875255420779,7.09472637641792e-07,3.91618291996763e-06
"ATRN",9216.4261879625,0.675026332485764,0.185719870260356,3.63464787876203,0.00027836055809405,0.000880295711949554
"ACADSB",1704.06523953791,0.960770424755455,0.202712492956362,4.73957184751449,2.14170284997146e-06,1.0666095356495e-05
"SGK1",341.468992856045,-1.30642085588505,0.302867684325713,-4.31350363045033,1.60687499953389e-05,6.66524820923602e-05
"TBC1D8B",713.879639330555,2.51828429579745,0.26875838100376,9.37006796361902,7.24858378825468e-21,3.41289893265314e-19
"ARNT",3973.09450727499,1.04009702079212,0.190418947246151,5.46215088274595,4.70399996428758e-08,3.24150854681928e-07
"GLB1",5635.889607637,1.3576053161512,0.188534561403156,7.20082994888215,5.98471487717456e-13,9.53198927472358e-12
"KAT5",604.923526293342,-1.09267060636693,0.263145955552782,-4.15233669114005,3.29097593923347e-05,0.000128358922936835
"ACADM",1260.55817154587,0.708692036452055,0.226876814801056,3.12368646868342,0.0017860065747003,0.00467693899840642
"STK11",870.843184216212,-1.11970965540276,0.2561210143115,-4.37179923878071,1.23226811117129e-05,5.22156491137408e-05
"EFNB1",1389.97644093722,0.715137845253228,0.19819291824856,3.60829161593126,0.000308219934411938,0.000965423584648896
"MATN2",445.142898078071,0.894972927412499,0.282301215539163,3.17027656329146,0.00152293909124766,0.00405271204241495
"TIMP3",42214.1308438976,1.75091223714493,0.26626473841944,6.57583218693706,4.83817976961602e-11,5.56202417483678e-10
"COQ10A",284.48040572244,1.09764136364093,0.312603122561577,3.51129366414028,0.000445931489364757,0.00133926768521288
"BSG",14381.2654361914,0.896445557318014,0.177499314333296,5.05041701532846,4.40846596440424e-07,2.53647764203161e-06
"PHF14",4508.72245914797,0.852794111443596,0.191562135726188,4.45178849259933,8.51580243153207e-06,3.73016134676968e-05
"TEPSIN",447.00126025938,-1.5408611346185,0.29291264979675,-5.26047999527399,1.43679835964252e-07,9.00322535220325e-07
"CASKIN2",1849.62502568951,-1.37647217178104,0.215906876538752,-6.37530491778467,1.82599286938217e-10,1.89961124386958e-09
"ZXDB",2564.01464698131,-0.734126399278789,0.187449358031206,-3.91639857820465,8.98816027892651e-05,0.000317080830377175
"MGST3",739.07197115246,1.07769009921468,0.243907938820459,4.4184297748831,9.9420572915442e-06,4.29913037217232e-05
"KRIT1",8959.19999926849,0.550834307630634,0.182072354584806,3.02535939015424,0.00248337845172008,0.00626838243110379
"SEMA5B",40.9661527206896,4.10519345535409,0.811473332875898,5.05893821649703,4.21597427443207e-07,2.43164392265682e-06
"BCCIP",1568.42451641343,-0.68700533149753,0.201442819409649,-3.41042353115826,0.00064862069857046,0.00186687759759028
"DSN1",946.657774716148,-0.829134693488352,0.231592542840929,-3.58014417613545,0.000343404678581592,0.00106239698729771
"MBOAT2",3609.45302753421,1.5316765540576,0.195282965442621,7.84337000713792,4.38613144979391e-15,9.59912990253045e-14
"CHIC2",974.736824213009,-1.23542557597578,0.240321089582651,-5.14072892279767,2.73674656468554e-07,1.63347832835625e-06
"ITGA11",488.508247263174,1.38793887547001,0.312305304113953,4.44417324069392,8.82304905702437e-06,3.84763076590089e-05
"TOR1B",1453.11197822181,0.69003133381322,0.197168164377705,3.49970968178901,0.000465765126946906,0.00139105692955738
"KIF5B",9097.5646872012,-0.525445643224077,0.173180783802138,-3.03408745293825,0.00241264480808841,0.00611465501651059
"MNAT1",560.382134025163,-1.10771171472045,0.270909853615516,-4.08885723401022,4.33503543252287e-05,0.000164203361351139
"POLR3C",2734.16013219027,-1.37330680334752,0.208334033511558,-6.59185050181125,4.34377889143869e-11,5.04320482406342e-10
"DUSP22",620.636012371858,1.30737816067618,0.255514870538742,5.11664216614722,3.11022876673734e-07,1.8442891904316e-06
"GM2A",2378.3129731789,2.30816397839937,0.220935690423898,10.4472209717262,1.50881674125479e-25,1.25571804564431e-23
"CHST1",304.62759078104,0.98380695587507,0.310400138501366,3.16947975804702,0.00152712094821353,0.00406122195967623
"PDK3",5787.14016313558,1.55847660445202,0.208069168010894,7.49018520788445,6.87764922210429e-14,1.26604452502848e-12
"PRR14",3245.09980441941,-1.11157243352207,0.200592921389332,-5.54143399389758,3.00004658872678e-08,2.13710371221055e-07
"C3orf18",416.914549676726,1.43614396340914,0.26681328301006,5.38258045929067,7.34255384948281e-08,4.86130540017859e-07
"THRAP3",8100.42178347682,-0.572847578839086,0.177136638183345,-3.23393051101129,0.00122099159596602,0.00331640512092079
"CD81",16878.4520902318,1.79390875336658,0.178463371616729,10.0519716573506,9.00474633121228e-24,5.66053681607802e-22
"FCHO2",2200.63384892344,0.792604888750638,0.211443954956847,3.74853416316582,0.000177871111774485,0.000587173407528174
"ELL",1609.9899683392,-2.24803478629882,0.230112632693361,-9.76928019981617,1.52531878694587e-22,8.79327679225673e-21
"ESAM",73.4873812118431,-3.63912228032146,0.616503447067059,-5.90284174019488,3.57292986205817e-09,2.97987897740321e-08
"DHFR2",380.774031228132,1.2987951779201,0.29316589260326,4.430239706219,9.4128400479211e-06,4.08523480302356e-05
"MXRA7",6889.84524596153,0.637750852684512,0.173636390769161,3.67291009597385,0.000239803869879688,0.00076990006363438
"WIPF1",4048.66437940861,1.1575147021635,0.207782659927646,5.57079547719027,2.5357886379385e-08,1.82731403189983e-07
"ZNF521",3773.45935920017,1.98067120870427,0.198015643154203,10.002599679268,1.48447922131435e-23,9.23346075657528e-22
"TXNDC15",2156.92958490168,1.30865892518432,0.202415166068214,6.46522170548875,1.01150396773107e-10,1.09770008178566e-09
"TYW5",1624.04797219376,-1.12781348819793,0.197463181950567,-5.71151278459731,1.11976283421992e-08,8.66057406728468e-08
"EGFL7",151.212103708915,1.15301801966971,0.387796594222599,2.97325463102923,0.00294659893633257,0.00730959408681326
"IMPA2",419.965299696311,2.513625249573,0.337579425893318,7.44602619937911,9.61937109396821e-14,1.72506415157081e-12
"POLE3",4131.24608185793,-0.698274363253118,0.186793740722605,-3.73821071601151,0.000185334584583007,0.000608243299250759
"ITGA1",513.634379558802,-1.40093391919514,0.255232702301146,-5.48884961278275,4.04559874845689e-08,2.82570248281699e-07
"STEAP2",5074.44109585866,0.739157058489498,0.244339774695975,3.02511966956346,0.00248534768762188,0.00627201344700307
"TMEM158",1580.01509564425,-2.32360034307477,0.250442028448866,-9.27799681813068,1.7269466929503e-20,7.91048682840569e-19
"SMAD6",95.5420966691683,2.92835127071276,0.563778968177982,5.19414777067082,2.05659743363426e-07,1.24832400979402e-06
"CLSTN1",5839.42899250361,0.829795662607991,0.171048584743913,4.8512278768651,1.22699472105946e-06,6.42758138895422e-06
"FAM228B",590.40829712244,0.882466086949221,0.245472281667424,3.594972438252,0.000324425920952856,0.00100958272998255
"TNIP2",836.950309159173,-1.56707877430151,0.225231992747197,-6.95762069672057,3.46067433357144e-12,4.93344382076566e-11
"PEX16",328.540666653403,-1.27002000383936,0.320076011138567,-3.96787000475817,7.25178697878785e-05,0.000261764259362599
"LBR",1513.98750304164,1.60882426277961,0.21199059235812,7.58913046510002,3.22059365879467e-14,6.23950423928449e-13
"APH1B",934.142491064748,0.892043125047477,0.215437719921358,4.14060789992162,3.46386623854517e-05,0.000134348445051286
"SYDE2",558.72641204894,-0.859135764947762,0.247853354363289,-3.46630678916893,0.000527660823406996,0.00155508618728775
"HIST1H4C",511.827198800502,-3.16648632725537,0.309261944134668,-10.2388489347287,1.32806962294524e-24,9.74852596519677e-23
"WDR5",2260.60564791418,-0.602860832120162,0.185262860183263,-3.25408358439359,0.0011375880336392,0.00310988095802638
"UTP20",4890.83670063659,-0.709178079839454,0.181778086655768,-3.90133977580268,9.56617688745439e-05,0.000334872862724929
"NOP16",947.08249104244,-1.30838036449085,0.243067404666284,-5.38278822817555,7.3340805911807e-08,4.85841728848506e-07
"RBM43",878.835850008129,1.57321974886429,0.247286552142179,6.36193005740061,1.99234169116495e-10,2.05817256172966e-09
"PDE4DIP",1265.69449556858,1.62214429975272,0.206066314649716,7.87195278621905,3.49147935501382e-15,7.78534019199119e-14
"FEM1A",1711.25264520695,-1.35952237136504,0.223256886539102,-6.08949803269305,1.1326525680912e-09,1.03684647945018e-08
"MYBBP1A",2820.13418259978,-1.1046614725839,0.231110810315477,-4.77979143890323,1.75477132343174e-06,8.86234508560527e-06
"POLR3F",1929.85261398324,-0.914167952217021,0.20106307146119,-4.54667257181275,5.45006848732839e-06,2.49260485229283e-05
"RPS6KA5",411.947435668553,2.35170077267516,0.330257291755211,7.12081407855259,1.07291441023314e-12,1.64457879379186e-11
"NUP155",4742.17323360907,-0.543959498070866,0.176432386883373,-3.0831045687232,0.00204853158443991,0.00528592713207661
"KDM3A",10559.3291436822,0.706663765132776,0.177252091906959,3.98677249746485,6.69781929330783e-05,0.000244079026852642
"GFPT1",6770.34303001433,0.790661692263432,0.181227463587944,4.36281387274258,1.28400178459398e-05,5.42134086828568e-05
"ANPEP",3544.82029806076,0.98136844038184,0.203421168063608,4.82431818538655,1.40482998113093e-06,7.26576836630432e-06
"MAPKAPK5",2540.74639650546,-0.549079418319353,0.183398727215559,-2.99391073567261,0.00275426512106346,0.00689616635608643
"ARC",398.629207443899,-4.20013108944122,0.958283424845638,-4.38297374299027,1.17070227367431e-05,4.99111092001551e-05
"NOP58",3655.31813568765,-1.59441686964971,0.203180419000989,-7.84729590326292,4.25103432338868e-15,9.32072794690305e-14
"BUB1",3107.94859253006,-1.49545564233014,0.215587039204544,-6.93666765798149,4.01456745228846e-12,5.64139811547503e-11
"WWC2",2651.2432585497,-0.810078713150076,0.182000591225276,-4.45096748145932,8.54842871292393e-06,3.74306522894905e-05
"CHTF18",466.906252712348,-1.20852212718541,0.398302806254141,-3.03417929326439,0.00241191042357615,0.00611465501651059
"KIAA0513",1120.65912696293,-0.820174542702344,0.24302559707623,-3.37484838045714,0.000738563692279592,0.00209413284917472
"MMP24-AS1-EDEM2",168.974764137401,1.51515787313926,0.398278204464058,3.80427012112834,0.000142222917588596,0.000478721287400179
"MAP2K6",9888.43630960081,2.71286162014826,0.258799718256887,10.4824751681354,1.03985989246835e-25,8.77790300656496e-24
"ZNF606",831.9687622027,-0.788115220039171,0.223010791749095,-3.53397794724599,0.000409355231978241,0.00124204367946569
"NUP107",1676.04413577894,-0.844720954335645,0.193747428656138,-4.35990794920355,1.30117167356896e-05,5.4879539037252e-05
"RNF103",2534.94573937243,-0.66142408557806,0.192832124435561,-3.43005133358416,0.000603467069795089,0.00175055813226273
"RPUSD1",1257.86085346682,-0.989395553858799,0.230001042442226,-4.30170030254243,1.69492459007897e-05,6.9877210437785e-05
"CDK5",1352.24190226441,1.01188594086078,0.255800408618211,3.9557635827355,7.62905797828743e-05,0.00027387669254982
"ADAMTS7",746.176293195542,1.13288370534541,0.273297497079438,4.14523995811099,3.3945804007458e-05,0.000131964313078993
"GINM1",2712.88435836675,0.581645615469672,0.201780962463238,2.88255942666365,0.00394458722779797,0.0094577260819875
"SESN1",567.022842294487,0.740826187491726,0.247840418914399,2.9891257880241,0.00279776924942061,0.00698585188879205
"TTC27",2160.85795524374,-1.01629211968117,0.205000544588099,-4.95750936527108,7.14026014929086e-07,3.93519597516697e-06
"TP53BP2",4255.94775262335,-1.0206940885617,0.175227558583617,-5.82496324671803,5.71251699247972e-09,4.63352956878005e-08
"TMEM132B",347.700146053078,2.64143631276631,0.365170024000592,7.23344233962102,4.70902436597354e-13,7.58191416308928e-12
"ABCA2",5307.86346123439,1.64017288219599,0.171253807047523,9.57743895142048,9.94810859016271e-22,5.17915186425299e-20
"CDH4",566.999011158636,0.893275512159421,0.263114749268074,3.39500356648311,0.000686277065807864,0.00196378265465311
"MXD4",1678.3382284039,1.46815295485965,0.215369122540273,6.81691478120367,9.30164019459603e-12,1.21466059469321e-10
"LYPLAL1",709.217116515472,0.698068749963801,0.239647263783607,2.91290098181189,0.00358088128506126,0.00868034309081308
"METTL9",5884.48603926993,0.718349556280938,0.185374351563035,3.87512916551818,0.000106568156816926,0.000368791354981677
"TIMM10B",2644.07886705032,0.923199997556421,0.199402826321786,4.62982403301852,3.65976606762415e-06,1.73004461548729e-05
"JAM2",4178.93773443194,0.599508386712305,0.191688444132717,3.12751449063477,0.00176291129373503,0.00462158067199657
"FZR1",4359.88018620104,-1.1316555352515,0.181373421469032,-6.23936807325833,4.39342107044646e-10,4.29626044926877e-09
"PSD",53.5192071705532,-2.78679917053823,0.683787846254468,-4.07553188580825,4.59092907275308e-05,0.000173174592345343
"EDA2R",132.348098588934,-1.71480690428312,0.421298257118468,-4.07029194948917,4.69542577852178e-05,0.000176777769514401
"SLC39A14",9606.54164412997,-0.829344700716506,0.179945855586564,-4.60885691428189,4.04888846742958e-06,1.89880015508265e-05
"TTC30B",499.199023446358,0.801843769032394,0.256526645868043,3.1257718523512,0.00177339074686888,0.00464699154024312
"RLF",9453.35437425674,-0.863449827025058,0.166741768362525,-5.17836553794831,2.23838318502636e-07,1.3510323023821e-06
"NPIPB4",906.76347634368,-0.896758031455797,0.24265364199627,-3.69562980418642,0.000219342380397194,0.00071057791982841
"ANLN",7563.3739160173,-1.4384706534732,0.181232300666689,-7.93716488827638,2.06854979278562e-15,4.76532581893577e-14
"UBIAD1",1016.80467346338,-1.12936330228565,0.213758355212627,-5.28336448492161,1.26832692910736e-07,8.0069912650592e-07
"MTHFD2",1483.13564586609,-0.869224482267314,0.237570082135502,-3.65881290461287,0.000253386234517734,0.000809986075069132
"MAP2K7",1464.95278622663,-0.789587693934078,0.219021911887109,-3.60506255803783,0.000312077744775518,0.000975955223010603
"SSTR2",571.618146476396,-3.47220694391858,0.277471542478486,-12.5137407350082,6.27958584088055e-36,1.5460863639068e-33
"INTS6",6534.5051308203,-1.04782307117726,0.186455135701803,-5.61970614128346,1.91282525278419e-08,1.41462883838571e-07
"DMXL2",3893.81135180689,1.14323286462635,0.184303072283998,6.20300492259136,5.53951060975681e-10,5.30518123064068e-09
"STK32C&1",161.841629550482,1.5518106551003,0.39880746623333,3.8911273897575,9.97795266405234e-05,0.000347742390397436
"ARSA",360.938694286307,1.50986682709345,0.309962961467553,4.87112014914566,1.10967331399184e-06,5.88355054494058e-06
"IGSF8",751.411284649965,1.61555323112777,0.24079516785489,6.70924273738477,1.95636998627131e-11,2.42351996831806e-10
"SRI",5067.47611556954,0.958091244953634,0.191972856886866,4.9907641136906,6.01409056611496e-07,3.37485860922823e-06
"ADGRE5",1845.34997672337,-0.876310928257347,0.191002124735069,-4.58796429344878,4.47589168619772e-06,2.08252314753877e-05
"VPS13B",11619.1148777385,0.715943557933398,0.177804140393821,4.02658541217119,5.65926880464066e-05,0.000209527690267053
"FOXG1",5093.85216711367,1.66948750211273,0.202371493228492,8.2496179450915,1.58901711251066e-16,4.48430032661318e-15
"MYO16",109.554979150305,-2.04254338033832,0.558318269510604,-3.65838535451959,0.000253809230078359,0.000810899562331994
"HECW1",149.34762288038,1.30282404052844,0.430360379753371,3.02728620435519,0.00246760200178318,0.00623788672878579
"AKAP17A",267.969642530338,-1.8832452063438,0.34798553425636,-5.41184911714296,6.23772388454522e-08,4.19325488438881e-07
"HIST1H2BG",772.384408869856,-1.61384970767811,0.239795188611754,-6.73011713463129,1.69526557927197e-11,2.13589004433221e-10
"SUGCT",202.080528322978,1.50428836778053,0.347362431037427,4.33060179619266,1.48702381708983e-05,6.22076016650181e-05
"IL17RD",6445.18457467147,1.3834077724839,0.210486597059799,6.57242689942331,4.95016923620236e-11,5.67420950857803e-10
"BRPF3",4296.88223081078,-1.52358474784694,0.181423393611366,-8.39795087898461,4.54337165116501e-17,1.36624850314168e-15
"IER3IP1",3144.12453518477,0.634006007953161,0.212272127700162,2.98676050794905,0.00281950503672033,0.00702824520648826
"HEG1",8541.52303199686,1.43550798603091,0.214184913331368,6.70219000817307,2.05318813069573e-11,2.52230533560937e-10
"AK4",13208.9127999265,1.2482555828448,0.207646020275582,6.01145921885789,1.83860766964132e-09,1.61671617855812e-08
"ETFBKMT",193.381485803552,1.47072538533641,0.352643510093581,4.17057266968028,3.0383514489439e-05,0.00011948254607445
"CACNG4",122.842081555646,1.30397265845917,0.439090194256473,2.9697148228674,0.00298076318740319,0.00738349598590041
"COPZ2",558.178291216808,0.92151019770806,0.252052798542381,3.65602049664652,0.000256160882207372,0.000817528843080399
"DPP9",5381.64266604717,-0.917446953831363,0.191714091548726,-4.78549566398559,1.70565868845533e-06,8.63645003434667e-06
"ARRB1",3291.52983966153,0.675617239948089,0.182403524028564,3.70397032374379,0.000212251099699729,0.000689389590560898
"TRIM25",4667.1065157643,-0.790744326058989,0.177757615249586,-4.44844135059262,8.64956594615625e-06,3.78174511104975e-05
"RBBP9",2339.25265315996,1.979842740667,0.226235294467795,8.75125495040225,2.10993092008427e-18,7.33387165104587e-17
"TGFBRAP1",1438.10546970901,-0.653965789826076,0.198148058684265,-3.30038958831348,0.00096550696176084,0.00267848856199287
"DUSP10",1816.07578153028,-1.93048658941953,0.196971564977043,-9.80083896700789,1.11654367382252e-22,6.53233323625475e-21
"CLTB",617.39630740467,-1.77184299487441,0.269475406769525,-6.57515658336059,4.86019938068934e-11,5.5819082877538e-10
"TGFBR1",3978.8702958356,-1.06276717715325,0.206227118732367,-5.15338226944083,2.55829710269161e-07,1.53005845949441e-06
"TMPO",4141.41249145579,-0.823960979993853,0.189763254355936,-4.34204705642517,1.41161288822981e-05,5.92416232709514e-05
"UPF1",3267.05817554269,-1.36473847596079,0.19089080331479,-7.14931496050261,8.72120205918533e-13,1.36152134657136e-11
"TP53INP1",1244.88727256455,1.20257506165788,0.211122964774642,5.69608835751972,1.22587364244203e-08,9.44418168603645e-08
"THAP6",1264.95013259371,0.697197667027045,0.20948930485952,3.32808239301081,0.00087445999920619,0.00244542552546587
"PER2",3878.31856788723,-1.02175690478077,0.210138043991218,-4.86231281768032,1.1602207566278e-06,6.12393430184337e-06
"CYLD",18164.7113333035,-2.50763199229214,0.173408818259422,-14.4608101102488,2.14261075611772e-47,1.80866956541423e-44
"PLAU",164.665907068401,-3.70103675826439,0.500709613178028,-7.39158318685701,1.45090744316585e-13,2.51051598291859e-12
"RCAN1",3603.09632443979,-1.7709853506296,0.182597700842956,-9.69883707436568,3.04954522974988e-22,1.69199650352977e-20
"TMEM150C",237.57113942771,-1.64186115947202,0.353691101156532,-4.6420765297835,3.44925049916189e-06,1.64037192752898e-05
"RABGEF1",5316.79379426071,-0.654122261297427,0.174382771490777,-3.75107159787298,0.000176080405297693,0.000581912256657757
"UMPS",2047.94678653961,-0.783877607462378,0.190972105350718,-4.10467071105905,4.04891191691766e-05,0.000154504491553545
"CRYBG3",5134.16794630256,0.834757749762806,0.174968468051456,4.77090391805518,1.83401014738671e-06,9.23097611661674e-06
"SUGP1",1186.58082962216,-1.29456668172129,0.23206271143116,-5.57852088229744,2.42572359006654e-08,1.75549304270707e-07
"ZNF823",450.442087218275,-1.33554733710305,0.307597976219473,-4.34185996123112,1.41281576532846e-05,5.92710568500241e-05
"IGF2BP3",16373.8451598921,1.20896542093963,0.212435602667987,5.69097366804899,1.26316988650099e-08,9.69989715313102e-08
"THSD4",822.232454217766,0.748743981261208,0.255442072391106,2.93116938119266,0.00337688603630756,0.00824035498184653
"TAF5",367.217002655219,-0.896052106866663,0.279322224623523,-3.20795134749618,0.00133684111577318,0.00359717402236053
"RBM42",1962.33367531531,-0.934688149943716,0.222855224962949,-4.19414958791796,2.73897196718104e-05,0.000108512137808064
"ZDHHC24",631.524498704101,1.29289129047213,0.254714699091433,5.07584091174899,3.85785981713453e-07,2.24260636098848e-06
"OGFOD3",588.169029468825,1.06016889862193,0.253137063475057,4.18812197656073,2.81272339999287e-05,0.000111284784536711
"IER5L",1993.20169576795,0.887823503672299,0.207083010801166,4.28728315392688,1.8087167859856e-05,7.41172502662201e-05
"DDX50",1791.17051013264,-0.802143160796661,0.211335469031755,-3.79559174080775,0.000147291714390988,0.000494515193372924
"ECH1",1981.9779359162,1.08537901307596,0.19395654086299,5.59599077322515,2.19365368170829e-08,1.60523834120301e-07
"PPP4R3B",6742.96759430011,0.611115547645932,0.180505232344047,3.38558356292483,0.000710270805858433,0.00202215860844013
"PEG3",303.045150172588,1.61011020058287,0.357915386369536,4.49857776977625,6.84095715351723e-06,3.06468656710639e-05
"ARNTL",1747.42719046788,-1.20814536353984,0.205084015113703,-5.89097771891204,3.83917321981705e-09,3.18172153659172e-08
"TCAF1",1812.94460236656,1.108538194235,0.205747729356353,5.38785141251801,7.13049630136548e-08,4.74483137891538e-07
"AMMECR1L",2061.37905398146,-0.942585377065482,0.19324857391068,-4.87757998928959,1.07395301771063e-06,5.72226184098477e-06
"MRPS9",307.253170103371,-1.10161971811055,0.298431053334613,-3.69137094079606,0.000223048566319516,0.000721003270449683
"SCO1",1185.44616769245,-0.733115588809061,0.215778009197216,-3.39754542891815,0.000679932976352577,0.00194987816416762
"BBS5",485.151842214826,0.808493802062415,0.256513668015989,3.15185466846944,0.0016223700035241,0.00429031511262041
"MGP",14429.5315265693,2.77376928777649,0.238147951796519,11.6472523355837,2.36976890645416e-31,3.54505429575636e-29
"ZNF628",1515.74235652218,-2.28830510593276,0.237288789617009,-9.6435449379052,5.23482971408111e-22,2.87745197958189e-20
"IRF5",1238.85316797788,-1.42462723012136,0.261797346496981,-5.44171760785127,5.27692805384369e-08,3.60683312525639e-07
"MOK",695.187908963156,-1.13879466011161,0.24642701428682,-4.62122492295487,3.81480905432945e-06,1.79543661505637e-05
"PLXNA3",9292.97288917824,0.87125486682496,0.17904576007816,4.86610164041097,1.13820998129311e-06,6.01581643958943e-06
"NIP7",794.847906976302,-0.662283035871438,0.230129984785421,-2.87786503131684,0.00400376397618825,0.00957823535841957
"ZBTB41",2908.21831191558,0.780994577242478,0.195952123568321,3.98563977271813,6.72985468375533e-05,0.000245095293228414
"HIST1H2BM",274.072775930049,-2.36735388051022,0.348934858733873,-6.78451527915633,1.16476908719908e-11,1.48974470481805e-10
"VAMP1",1210.4756872234,1.33508228041823,0.25604338327618,5.21428151485624,1.8453105150289e-07,1.132876865798e-06
"RIPK2",2392.86717315586,-1.34238770421395,0.195309218255242,-6.87314053174713,6.28036398585414e-12,8.48243903826562e-11
"NBEA",2032.09481940118,0.757577316847787,0.208711277232267,3.62978621420973,0.000283656053192059,0.000895604391296755
"BORA",900.934963383512,-0.84593729209797,0.223179641665246,-3.79038735695623,0.000150412533473976,0.00050341980192451
"L3MBTL1",793.029543657161,1.32421936165716,0.311120442508228,4.25629171449298,2.07845484181324e-05,8.40341406792639e-05
"PSPC1",2242.97434351867,-1.45361730799641,0.202108928733331,-7.19224685968403,6.37336602428288e-13,1.01237150100773e-11
"GZF1",3637.78947228088,-1.30836541985307,0.19951033911684,-6.55788279266496,5.45770770675415e-11,6.21379476670719e-10
"HIST1H3A",1058.22182416841,-1.42972831392625,0.222757333994981,-6.41832207400395,1.37784517081362e-10,1.45777746004256e-09
"SRRM2",69612.4715719163,-0.855419324530844,0.194321292464155,-4.4020874587824,1.07214318885148e-05,4.60246574858219e-05
"COG8",1384.90266251771,0.592551925587767,0.204003619702361,2.90461476346495,0.00367705372069294,0.00887932588294834
"YY1AP1",10266.4662352908,-1.78119530093764,0.18087780455988,-9.84750619497912,7.02657605546118e-23,4.17286813183117e-21
"ABHD17C",280.855616816615,-0.926315097174793,0.32083576414758,-2.88719401228817,0.00388694471123899,0.00933277379061811
"UBE4B",2699.42240323563,0.986364033620071,0.186461918221322,5.28989534715233,1.22386366905819e-07,7.75113657070186e-07
"MFN1",2434.49335267164,0.734036935867561,0.183716957476397,3.99547731440014,6.45640397030637e-05,0.000236228427619445
"SOX21",1742.58632027665,3.17612680389071,0.314414833217922,10.1017078977611,5.42883586925077e-24,3.60438102824751e-22
"RMC1",3036.13499824365,-0.682883856720877,0.193173676275522,-3.53507719005609,0.000407656055810284,0.00123720576979094
"HECW2",294.349109442929,1.45353329151297,0.3234797437524,4.49342909281375,7.00853647192188e-06,3.12790347527087e-05
"TCF4",15691.4434989116,2.10832509881219,0.216538222407816,9.73650321577636,2.10679395645657e-22,1.19129621901453e-20
"ATP11A",2743.78356597949,1.31807138837656,0.190511532231457,6.91859108442424,4.56157463942422e-12,6.31989321086934e-11
"CLCN2",800.050931889613,-1.07447846149759,0.226201873815185,-4.75008647530251,2.03329680743558e-06,1.01518807225491e-05
"CCDC28A",466.480924136004,1.03217019890338,0.259674818895028,3.97485672001421,7.04216386880032e-05,0.000254976386646698
"HNRNPAB",2982.46123714377,-1.02800672109128,0.183733575799426,-5.59509450909241,2.20501621696994e-08,1.61155730687388e-07
"ZFP91",10587.7887631925,-1.09613070295616,0.166938065560708,-6.56609203703483,5.16528972143964e-11,5.90933145478931e-10
"TOP1",6249.6752562455,-1.2117883643145,0.1763015032195,-6.8733864555074,6.26954155788445e-12,8.47751054131332e-11
"PKD1L3",281.662553462546,-2.11671681794069,0.337078114114877,-6.27960324122173,3.39438132672958e-10,3.37382662062996e-09
"WISP1",1327.21481798683,2.51882663782628,0.280830262891376,8.96921368763078,2.98638683899682e-19,1.16727660718752e-17
"GSTCD",715.943417610365,-0.924315523079218,0.234226497936444,-3.94624660840049,7.93858506100822e-05,0.000283695791505882
"MLXIP",3336.20259614963,-0.745093574690642,0.190658964956715,-3.90799129146537,9.30666599987408e-05,0.000326950590923044
"CAPS",138.775283475013,1.27924237952072,0.411052226928721,3.11211640690746,0.00185751238887575,0.00484807451672562
"ID3",1053.31247735077,3.55088900802522,0.780958885298338,4.54683220188823,5.44593821054021e-06,2.49168013055223e-05
"WDR78",567.887226167963,-0.72749750430816,0.248412933569783,-2.92858143033762,0.00340512626421702,0.00830241018991473
"PCDHGC5",346.768554069429,1.25232240124191,0.373514690622511,3.35280628227701,0.000799966757494253,0.00225095408096835
"LTBP3",1336.823678323,0.909634369014436,0.204109867010329,4.45659184603948,8.3272932730449e-06,3.65752005730336e-05
"PCDHGC4",766.742250251561,1.81226987740898,0.307588449389911,5.89186583892713,3.81859152847951e-09,3.16688524095234e-08
"FOXP4",2346.9141661463,-0.594397160477667,0.190696498130581,-3.11697994616896,0.00182714000576289,0.00477407485918766
"C2orf88",634.929444230167,1.13329756088366,0.272021219841906,4.1662101270714,3.0970525642889e-05,0.000121396242801878
"SRSF7",3604.99657122511,-1.6217078801586,0.217903264259008,-7.44232944684564,9.89251367776203e-14,1.76334429326986e-12
"ZNF554",335.486738977884,-1.99483116391468,0.327885139998764,-6.08393281843209,1.17269758135124e-09,1.06853816626129e-08
"REEP6",100.533537121577,2.54551380477424,0.47570903489226,5.3509889828995,8.74748479883998e-08,5.71463655902105e-07
"NEDD4",9932.75385860596,-0.951443794526032,0.181538879768367,-5.24099187865441,1.5971574555346e-07,9.91865833395053e-07
"ZBTB37",432.91289554231,0.781357799982994,0.262115156919877,2.98097145226073,0.00287335577178055,0.00715192049513532
"CDS2",5941.17217233311,0.782087608392651,0.173459207605578,4.50876963632284,6.52046613411002e-06,2.9355759532538e-05
"TRDMT1",1572.57013008034,1.09309764944094,0.225959853679836,4.83757460291932,1.31433060042805e-06,6.84262512592896e-06
"MTR",3084.12259283967,0.718658842051363,0.183731992158497,3.91145185772225,9.17429453753643e-05,0.000322972334955632
"LIN9",572.427607381632,-1.56856140637585,0.259030071312609,-6.05551856750577,1.39966028156608e-09,1.26211847009514e-08
"KHDRBS3",1064.87947374278,-0.919542111593534,0.21091431803269,-4.35978989084568,1.30187384099941e-05,5.48895649408884e-05
"GSAP",1579.69198213229,1.23055588583823,0.206760895126776,5.95158908111573,2.65551418308593e-09,2.27742137994989e-08
"TRIM11",838.212636718065,-2.3536710698377,0.259904235560909,-9.05591655618138,1.3542559533748e-19,5.61564801999416e-18
"BTBD3",6675.57516023563,1.45688579568433,0.212232550736794,6.86457280293036,6.6690522836763e-12,8.93592515742477e-11
"ZNF134",3944.60364473421,-1.2567667121735,0.201241606208313,-6.24506400963908,4.23626594938876e-10,4.15470464646277e-09
"PQLC3",721.409884292129,1.83155254641766,0.281255754323707,6.51205359627831,7.41302575004691e-11,8.24149937103051e-10
"C4orf3",3362.0356553371,2.19642450034709,0.275997167434985,7.95814145760931,1.74642626933201e-15,4.07890625513156e-14
"AOC3",79.6381629902455,-4.37568518561533,0.661324985111756,-6.61654297678756,3.67696012206053e-11,4.36288300426821e-10
"TCHP",760.037882421573,-1.24630892807077,0.23070206229291,-5.40224441725362,6.5812190717831e-08,4.41161922803929e-07
"MME",1528.83047020991,2.94943068128511,0.289240065735875,10.1971719366792,2.04129952571475e-24,1.45325769848777e-22
"ETFDH",716.233120682416,0.906733027852468,0.244947337136081,3.70174682629324,0.000214120218548384,0.000694993887065312
"THNSL1",850.76245883303,0.879969391723442,0.226062542917515,3.89259264434852,9.91786063580247e-05,0.000345852100896765
"TMEM245",6567.43300815696,0.625596632802969,0.200342246214586,3.12263960609134,0.00179237077338859,0.00469152553707781
"NADK2",1945.6906821709,0.655473686791529,0.219556470404351,2.98544463565279,0.002831663919574,0.00705260362518978
"GTPBP2",3544.88054591143,-0.648778497926059,0.189454091158772,-3.42446285513228,0.000616016049623979,0.00178520786524183
"SMARCA4",3944.39269173132,-0.640347465533871,0.197041586724721,-3.2498087138756,0.00115482658359687,0.00315263122313416
"OSER1",9240.27329408234,-1.36601570578521,0.199305107564964,-6.85389211784225,7.18672884011849e-12,9.5537414434781e-11
"GMEB2",3176.55661084597,-1.55136490833826,0.213336004990976,-7.27193193855805,3.54382150896412e-13,5.8656698309437e-12
"POLE",3113.79718267335,-0.819127606792394,0.225248270095136,-3.63655448473112,0.000276309219644479,0.000874510540374519
"AGAP6",606.038543286528,-1.69962697081495,0.288581368537394,-5.88959356395426,3.8714657041499e-09,3.20623557755035e-08
"SPAG16",902.662933670688,0.813771766456239,0.225162445942376,3.61415405242357,0.000301329864094179,0.000945847631836654
"OSBP2",2075.42352252192,-0.611283354263943,0.199154300117487,-3.06939570927332,0.00214492279659454,0.00550460317267193
"LZTS1",2665.96475862717,1.31275108961783,0.270480160021713,4.85340991188578,1.21356483819359e-06,6.36287012323508e-06
"TMEM179B",2303.14806575702,0.946750695080322,0.195658704815225,4.83878647757792,1.30634297460699e-06,6.80703759872374e-06
"NFX1",2558.14824146639,-0.76464045844538,0.193126641886586,-3.95926968426457,7.5179305645356e-05,0.00027062319355634
"CIAPIN1",2818.03126466621,-0.871126405998113,0.19921578627271,-4.37277799263163,1.22675457677479e-05,5.20006656683089e-05
"PRKCD",1396.84463175445,-0.665199229766008,0.222766516626558,-2.98608264760514,0.0028257626144316,0.00704235819851383
"LGALSL",1489.98935965474,-0.91521346647532,0.205362938635855,-4.45656588552308,8.32830129819203e-06,3.65752005730336e-05
"RNPC3",803.561949487037,0.77965082728619,0.230230612662944,3.38639079429282,0.000708184563207903,0.00201719092986045
"CLCF1",1548.3593897874,-1.23661643137556,0.219017561442942,-5.64619760729881,1.64035293287565e-08,1.22694246586863e-07
"TAF1C",1708.73623139938,-0.764308682418437,0.241641592950669,-3.16298478703734,0.00156160491807187,0.00414354126999161
"ZDHHC20",7197.09778350242,0.805467562384406,0.184937048133647,4.35536075931267,1.32847942135265e-05,5.59913331010898e-05
"OMA1",963.701109187079,1.0409325368252,0.232513054598256,4.47687781928528,7.57425671372745e-06,3.35882048190735e-05
"CSE1L",17724.8265189481,-0.953080841048867,0.188405819929034,-5.05865923572775,4.22214594572653e-07,2.43401564812664e-06
"HILPDA",550.263599368574,1.60155994889762,0.249016703869825,6.43153621427281,1.26320676811381e-10,1.34612962899631e-09
"SYNGR1",1323.76136608065,1.86779625506632,0.23756695676687,7.8621887508507,3.77478644847842e-15,8.38541846769134e-14
"MUM1",694.365396301687,0.899128914605019,0.235664092748205,3.81529873354823,0.000136018281625132,0.000459538036662608
"B3GAT3",700.37784752543,-0.945285435282366,0.257415231850878,-3.67222028193721,0.000240452276947056,0.000771772137142941
"IQCG",778.124945577545,1.04898695440891,0.241143778076521,4.35004777140068,1.36107877238124e-05,5.72835788176691e-05
"ARMC6",492.946300034704,-1.66605982012894,0.266736434382718,-6.24609016756387,4.20854284059924e-10,4.13437733085634e-09
"GANC",973.088665261656,0.990647429609519,0.219361085369574,4.51605820576837,6.30013542168736e-06,2.84940682791815e-05
"BIVM",583.623216520708,1.09298663876702,0.246477779899584,4.43442260479751,9.23193767522312e-06,4.01261638270639e-05
"ZNF584",921.127458751071,-0.901989407416425,0.275366186844109,-3.27559973050381,0.00105437879812142,0.00290322661607619
"RSRC2",5965.12956886911,-2.33569387059298,0.178943216785109,-13.0527097509256,6.13266782143498e-39,2.07073909467767e-36
"GVQW3",1445.73044228824,1.4705980491371,0.248980487608505,5.90647911112399,3.49496588166065e-09,2.91691432128994e-08
"SREBF2",5611.56784482148,0.920179178286856,0.18922095001323,4.86298783629677,1.15626955190542e-06,6.10580588222443e-06
"AP3D1",12473.3763752494,-1.03995306626568,0.178019633839018,-5.84178859285882,5.16433180057947e-09,4.21473872380949e-08
"GPX7",749.19216228786,1.36017253045609,0.235108631849245,5.78529388630977,7.238566641779e-09,5.76840057805423e-08
"ARL14EP",2365.44688717412,-1.64106387356184,0.205846760592468,-7.97225989293459,1.55798731111298e-15,3.68245880854664e-14
"HNMT",142.693976782154,2.61514086519767,0.434318707521696,6.02124849772222,1.73076796204524e-09,1.5332995333921e-08
"PRICKLE1",79.5596951655467,-1.95613224356891,0.535204819302496,-3.65492270065548,0.000257259477951651,0.000820591770697061
"SIPA1L1",4061.81706840759,1.25266074625095,0.199204979977007,6.28830035471773,3.20960483091248e-10,3.20364103815234e-09
"MRPL32",1010.92509490279,-1.15062293420662,0.220742196089595,-5.21251919474246,1.86293285200646e-07,1.14310178842224e-06
"WDR34",1243.23095844304,-0.590872989923925,0.201973141843934,-2.92550278977438,0.00343900092555896,0.00838154525433198
"C3orf35",512.345015883634,-1.96865833186313,0.270207280524265,-7.28573385603628,3.19923996589882e-13,5.36292452723294e-12
"ZBTB16",33.8831878221921,8.81960421489068,1.64127501174271,5.37362974016524,7.71672347916269e-08,5.09191725721634e-07
"TMEM88",85.8754200511568,-2.47609952725087,0.524107404652481,-4.72441241102612,2.30781654786077e-06,1.14259639558519e-05
"ERI1",1649.2678483961,-0.727514398523805,0.197900675446437,-3.6761592494954,0.000236771751826773,0.000761199282668336
"PTK2B",350.742374881471,0.945280546739432,0.287282815322234,3.29041800039152,0.00100038654086789,0.00276551301519923
"ANAPC7",2446.50866745854,-1.18741074775088,0.183304084839556,-6.47781935023545,9.30576703014617e-11,1.01923591067903e-09
"CSNK2A2",2861.26158176029,-0.997375215247998,0.197739670459075,-5.04388023370565,4.5618489840513e-07,2.61327829828009e-06
"GLUL",8279.21560428477,1.39428798896846,0.177657720961032,7.84816996090076,4.22151863517198e-15,9.27321695733502e-14
"NOC4L",287.420537436949,-1.20354084739334,0.317182659296457,-3.79447240294572,0.000147957736593813,0.00049618743787335
"ZKSCAN3",803.683367785293,0.730281344764995,0.229564597328934,3.18115838967366,0.0014668740706461,0.00391586125296942
"RFXAP",424.601866584025,1.04890605025847,0.28189398650775,3.72092382406897,0.000198495311695071,0.000647300660489057
"COPS7A",4561.27106933641,0.579930490865746,0.197194928359399,2.94089962500856,0.00327260561390849,0.00801734103341016
"ARHGAP39",1388.06480556101,-1.80840656705302,0.241601416238253,-7.4850826423537,7.15021289397593e-14,1.3121306829349e-12
"COX5A",841.599810082712,-0.821784157726762,0.250609239083097,-3.27914549652447,0.00104121938108445,0.0028723460890887
"RRNAD1",873.799876331854,-1.14067603522158,0.2468506335507,-4.62091597179274,3.82049502116488e-06,1.79739690127892e-05
"WDR19",2620.81636396534,0.923029328439813,0.20492975839225,4.50412539243359,6.66468478215133e-06,2.99366190632704e-05
"RNF38",4049.331559569,1.32005785496407,0.180027606858952,7.33253014910265,2.25847640905315e-13,3.84591847293805e-12
"TBC1D16",2838.3007653295,1.0943159480112,0.17999986092814,6.0795377416879,1.20529510857366e-09,1.09570596870181e-08
"MLEC",10217.5068433753,0.968991085851461,0.168329843045972,5.75650204572948,8.58747419430913e-09,6.7477905603953e-08
"CUL7",2950.6883889046,1.34194808188231,0.181522685923034,7.39272931677149,1.43845120266858e-13,2.4926123626301e-12
"MTERF4",2096.94808364462,1.01567823663636,0.254130061427178,3.99668670023678,6.42352241151151e-05,0.000235098135209796
"DDOST",4291.47735545233,0.672244034849459,0.192990466321499,3.48330177994171,0.000495269732044853,0.00146951988282854
"MND1",130.248210629775,-2.15691697627226,0.447914984231396,-4.81546063919572,1.46860711211631e-06,7.5592329490377e-06
"IRAK1BP1",247.791979268327,1.02981743775721,0.322759648879275,3.19066352108469,0.0014194648914185,0.00380132247604436
"SPRED3",1443.63495572197,-0.932572766833362,0.225477100894439,-4.13599768284214,3.53415755999637e-05,0.000136626346234992
"CGN",141.262413106047,-1.32080057751173,0.411294812268248,-3.21132321175571,0.0013212523831803,0.00356009135075805
"ISG20L2",1075.93465333221,-1.13727125183357,0.223375809616078,-5.09129101216566,3.55633707970614e-07,2.08063324791917e-06
"RELT",439.099137260979,-1.23591959509164,0.313465744555021,-3.94275807344142,8.0549898878005e-05,0.000287594774906424
"SQLE",4776.20938260172,0.656070420841185,0.211250961179015,3.10564466632286,0.0018986472123369,0.00494560563266419
"DTWD1",1204.71922408324,0.667297836529045,0.225228190694644,2.96276338441907,0.00304890840815672,0.00753177248486541
"NAGA",1260.52417165115,1.54412107499486,0.207228884494984,7.45128305234996,9.24367995495649e-14,1.66527148944628e-12
"GPRIN1",765.817450774787,-0.70252353091028,0.240396390460159,-2.92235473904384,0.00347395624923036,0.00845801708970012
"ABHD14B",909.88076253384,1.83142383082942,0.25654551220272,7.138787247162,9.41579361110778e-13,1.46031297763874e-11
"LSM4",882.015326694903,-0.789110057640862,0.236492176506455,-3.33672795987534,0.00084770878253736,0.00237849534473564
"HEATR5A",1583.9528709897,0.949916347396167,0.201015092637008,4.72559714265594,2.29440116989773e-06,1.13643055431062e-05
"PHTF2",6517.67554619934,1.15440573035138,0.190993646023219,6.04421013152996,1.50143725049802e-09,1.3483271600597e-08
"EFL1",1253.90264309397,-1.77801661508868,0.215528844264885,-8.24955295961916,1.58988139858768e-16,4.48430032661318e-15
"EIF2B3",605.725915666455,-0.990263919772182,0.248298187810102,-3.98820437839658,6.65752973723912e-05,0.000242843652918597
"TGIF1",3468.97958844509,-0.854135358199685,0.206089461445599,-4.14448828294477,3.40573368711656e-05,0.00013235435946841
"HIST1H2AI",209.448774108717,-2.53978589468629,0.364029179729928,-6.97687448179442,3.01819127598373e-12,4.34987615848484e-11
"FNIP1",14227.2845471958,-0.719985764472602,0.18306429005622,-3.93296674218381,8.39038501372869e-05,0.000297949429363719
"DHRS7B",739.490116860288,-1.67716264358445,0.241548137904161,-6.94338883394702,3.82803865372738e-12,5.40498934405617e-11
"DCHS1",1288.1070209089,1.30312797063243,0.220317594149294,5.91477033717694,3.3233897260686e-09,2.79344379677658e-08
"FSTL3",161.924869309781,1.38316918495795,0.3768182550385,3.67065333609336,0.00024193128182835,0.000776308413968896
"ZNF350",629.517442412959,-0.78712443794936,0.254896412090042,-3.08801693792107,0.00201496986004018,0.00520614643768142
"ZNF26",756.03892648231,-0.885497558840729,0.24016621225186,-3.68701971246528,0.000226895786957422,0.000731837994067363
"MOSPD1",973.468593451068,-1.01711737176171,0.264560974768868,-3.84454802016929,0.000120774834171274,0.000413116350285417
"SIKE1",3426.42825834741,1.68993324999233,0.214061036268776,7.89463266855553,2.91171522194921e-15,6.55440961771349e-14
"SRSF2",7263.40579224397,-1.05946760399964,0.17638173646482,-6.00667407654736,1.89367643906758e-09,1.66390097820822e-08
"CRCP",6456.70057822021,-1.11869617309625,0.18271684525189,-6.12256725182638,9.20795311425749e-10,8.54156906627119e-09
"SLC25A24",2000.39920122097,1.69297429247673,0.225094027332521,7.52118709029883,5.42811074986752e-14,1.01022697388873e-12
"ATXN7L3",1267.14600675521,-0.941326397496106,0.234374431906726,-4.01633569770412,5.91100403849992e-05,0.000218028232606093
"PYGM",343.772026656216,-3.97913841956049,1.01114984452937,-3.93526087264794,8.31063750910246e-05,0.000295562889628371
"P2RX7",429.893092459251,1.46583139394863,0.276657195705794,5.29836713702341,1.16842850495158e-07,7.42791181899829e-07
"MRTFA",1022.34177588752,-1.38762993693509,0.215055279851467,-6.45243370864223,1.10068035662374e-10,1.18468492300359e-09
"MARCH5",1424.47427534006,-0.928562100785978,0.21719369056534,-4.27527198588962,1.90904092663897e-05,7.77698920062715e-05
"SLC40A1",106.13331116974,3.07221025252946,0.548455418314872,5.6015678757789,2.12421575979296e-08,1.55828565172149e-07
"CCDC17",228.035842463011,-1.67001406185205,0.357190297248342,-4.67541832663767,2.93355011826932e-06,1.41620487327234e-05
"EMC9",236.484047432809,-2.52291750712304,0.358441227111296,-7.03858071086135,1.94207798271392e-12,2.85821638850724e-11
"BMPR2",14617.8593661929,1.01467961470706,0.210972381674412,4.80953765916616,1.5127979408368e-06,7.75965541007346e-06
"LARP6",3439.81199587831,-0.856740068534473,0.189626616680646,-4.51803699043645,6.24155821119397e-06,2.82507602220951e-05
"TLE3",2092.80419072634,0.883937551157007,0.20670940072989,4.27623295329496,1.90082322635883e-05,7.74885439431137e-05
"HSPH1",8359.32022529405,-0.994742050885896,0.176008724880612,-5.65166329999059,1.58902623231577e-08,1.19308208472095e-07
"OSBPL1A",5292.3720630265,1.14406835067979,0.190594373934826,6.00263442755664,1.94141405980425e-09,1.70204980406281e-08
"SLC38A3",1426.68465853132,2.97731597657566,0.322418426555635,9.23432326242033,2.59923837259419e-20,1.16797715160905e-18
"ARL1",6180.70118001883,1.1100435343657,0.186871132896806,5.94015521369313,2.84752344072668e-09,2.42799653842049e-08
"FYCO1",6192.74364762318,0.883015544261351,0.181949452886741,4.8530816127873,1.21557636068002e-06,6.37059043481885e-06
"KPNA2",11398.4341092675,-1.777384175814,0.169653911278273,-10.4765293203212,1.1073314237293e-25,9.28116508200915e-24
"LOXL1",3298.61202651842,1.72526802785406,0.207500014252012,8.31454414147029,9.21056168774632e-17,2.65488824453137e-15
"CRIM1",7854.46447316883,1.11514428693723,0.18694400194258,5.96512471836216,2.44447255917286e-09,2.10559596970152e-08
"MRS2",2122.44316817051,0.589556227797883,0.194260463597226,3.03487501718442,0.0024063538358585,0.00610525754233055
"RIOK3",7382.81933142462,-1.84171358160483,0.196413714826503,-9.3767056095429,6.80662241137118e-21,3.21762654630338e-19
"MAPK8IP1",1341.61222297121,-0.807427686088281,0.22423664807237,-3.6007837836913,0.000317259334880241,0.000989540992244573
"TMEM45A",1953.22241735196,1.58291584455659,0.290255704980584,5.45352190291133,4.93818602821293e-08,3.39299316752444e-07
"MEPCE",3343.46019623037,-1.25379167144809,0.189658127039903,-6.61079855114411,3.82252368927619e-11,4.51267455691607e-10
"GALNT2",3847.02915267069,0.686912144147482,0.174739292139441,3.93106859789342,8.45691358669836e-05,0.000300131545848652
"FKBP8",2832.5300727452,0.751747469341559,0.199904404836082,3.76053479140681,0.000169550490344191,0.00056190344780921
"POLR3G",1030.16936875723,0.723742100692091,0.249092237215337,2.90551848898617,0.00366645187045708,0.00885807602153166
"KNL1",1732.80790668106,-1.04604873823672,0.236451156350628,-4.42395272825632,9.69112340990359e-06,4.20138284879826e-05
"TMEM201",1149.15637937565,-0.763905136394857,0.238807399059036,-3.1988336182415,0.00137984778042727,0.00370109874468667
"S100A6",10018.0248514011,1.14386903379817,0.247088462173018,4.62939071998109,3.66743204697149e-06,1.73297528712951e-05
"NUP205",8315.20987218418,-0.731250294542005,0.172908572162425,-4.22911533764267,2.34612050875491e-05,9.4179525042342e-05
"PTBP1",7010.28175108409,-1.2323718649775,0.189807772679044,-6.49273655964226,8.42910128093801e-11,9.30982419982481e-10
"ZNF224",593.38962513673,0.892168051792487,0.248015077750616,3.59723311938954,0.00032162021544464,0.00100182069217837
"AASS",5912.06770532777,0.687497646368453,0.186057804635979,3.6950755584456,0.000219821407190876,0.000711934609531863
"ASAH1",4793.66856957665,0.766805015536467,0.23873962606494,3.21188831605142,0.00131865627547168,0.00355584294281761
"CD151",5738.02384196645,0.823841580169144,0.195037116824368,4.22402460405021,2.39977833891344e-05,9.61375607094206e-05
"BLOC1S1",740.49763143618,0.798020766446864,0.237657729332716,3.35785740563754,0.000785491227948619,0.00221444068031889
"LYNX1",497.249661118386,1.40545250187967,0.252388370321868,5.56861039233826,2.5677892373663e-08,1.84924638678824e-07
"ARHGEF9",1194.86579907836,0.951078256585161,0.208364629229993,4.56448995254066,5.00710179446328e-06,2.30428072457037e-05
"ZNF667",787.975273584081,1.18904434286277,0.27404178882656,4.33891614835179,1.43187138319911e-05,6.00065815838547e-05
"TNS2",3386.68731999905,2.31695306898235,0.200997736706857,11.5272594952722,9.61560265462435e-31,1.35282371633751e-28
"MID1IP1",1437.20752986634,0.72238424340443,0.206134972756357,3.50442350342103,0.000457597012341953,0.00137116670686035
"SLC2A10",4133.60852117641,2.23867409121803,0.196003995370716,11.4215737642688,3.26271544802007e-30,4.38167854144332e-28
"BAZ1A",3465.73459080658,-1.27169450070158,0.19302246450817,-6.58832381993422,4.44819664507603e-11,5.15886044666423e-10
"CNOT6L",6223.73062731349,1.16972875281349,0.178458395236651,6.5546300092093,5.5780000843938e-11,6.33853894205441e-10
"UNC93B1",380.660849904055,1.44695968459419,0.278059344235287,5.20378010878789,1.95275051373748e-07,1.19264111479843e-06
"APLP1",825.150804942597,0.807404235296424,0.223951745290102,3.60525984850232,0.000311840747800639,0.00097547219626997
"FAM234B",1127.70682962566,1.33971033595455,0.231205729534166,5.79445128221435,6.85449169968856e-09,5.49195816318098e-08
"PPARGC1A",1482.75069055428,-1.0268272598448,0.201187768182522,-5.10382549158378,3.32855235602911e-07,1.95803045015192e-06
"BBS1",1865.86542222558,0.842579872766056,0.189563457212817,4.44484335301037,8.79559311500152e-06,3.83707343791392e-05
"DENND6A",2355.61553521472,0.966014493111974,0.20288221419199,4.76145480252803,1.92202347815525e-06,9.6247768918808e-06
"CDC7",252.791527305668,-1.30746401927336,0.31930574115189,-4.09470877209006,4.22699375600482e-05,0.000160574131174751
"LIG4",2613.37852478583,-1.56375785049904,0.185165495327014,-8.44519032953382,3.03550477539333e-17,9.31781699625932e-16
"KANK2",3515.00715992745,1.27100924865796,0.212276037915551,5.98753048690122,2.13051017498376e-09,1.85818223232163e-08
"KIAA1107",341.237340316092,1.60195665043279,0.315742286099051,5.07362086410637,3.90316363213914e-07,2.2644863919794e-06
"ZNF398",5457.71995556681,-1.47888170505501,0.188158976616274,-7.85974568766387,3.84914138054722e-15,8.53455025052665e-14
"NIPSNAP3A",882.200974393281,1.09035076417664,0.263539506998958,4.13733324689321,3.51365625713223e-05,0.000135922715701436
"TEDC2",92.3254626318486,-1.99007440992203,0.501817330095368,-3.96573472172398,7.31702064077312e-05,0.000263877174039233
"GALNT11",2278.44004495548,0.598464485440379,0.187249871822571,3.19607420616798,0.00139311277704426,0.00373498339362729
"ERAP2",6131.14846373123,0.987020708586474,0.184421835052759,5.35197314517617,8.70003125361984e-08,5.68677927849996e-07
"MB21D2",92.8087445564868,-3.42537162174232,0.606314322388176,-5.64949811551593,1.60916949412438e-08,1.20590774137996e-07
"TMEM199",944.88046928243,-1.16147691989155,0.243381882004165,-4.77224068746283,1.82187597642228e-06,9.17771964593288e-06
"FAM86C1",534.832121901551,-0.914885875811222,0.281128286040908,-3.25433590726652,0.00113657800604943,0.00310783870326057
"KHDC4",2455.66844863737,-0.803508261620948,0.185851205967191,-4.32339546810794,1.5364595460023e-05,6.4026371349278e-05
"SS18",5744.47617299562,0.630220666152025,0.175979335331034,3.58121972086392,0.000341993888138347,0.00105858663436851
"GPR37L1",68.931611332965,-2.08287257794107,0.687337372679019,-3.03034966631119,0.0024427075809742,0.00618156706465805
"VPS41",6362.87292789499,0.820165295379546,0.177170517670804,4.62924252952443,3.67005729677486e-06,1.73352266719766e-05
"ORC6",460.072520969133,-1.79570210175152,0.266860468259321,-6.72899254604676,1.70841805613633e-11,2.14788133908714e-10
"TECTA",114.342667141226,-1.33787914197296,0.458610618223453,-2.91724414745473,0.00353139234142866,0.00857841617492372
"STK40",5540.00619990232,-0.931218404242817,0.208605110254893,-4.46402488944286,8.04342147564633e-06,3.54690876862643e-05
"ZNF81",1192.65581012614,-0.721513356272097,0.205006116863714,-3.51947233238778,0.000432406133973993,0.00130322361435633
"ARHGAP18",1330.19162502065,0.735810113186011,0.210206966358869,3.50040784057471,0.000464546835073943,0.00138882228608749
"ZNF449",1220.34264850716,1.10988505461555,0.227501846972149,4.87857601767701,1.06854480796025e-06,5.69858417891438e-06
"POFUT1",5120.3333857758,1.38622838083369,0.179594771159478,7.71864554788587,1.17572353309071e-14,2.39977559828428e-13
"TAF1D",2198.95554500664,-1.34552887092532,0.205981917174148,-6.53226695519944,6.47815517019681e-11,7.29131788584628e-10
"FAM172A",1507.02717801617,1.83930261703156,0.226064386352805,8.1361891924059,4.07914199600415e-16,1.0712733357506e-14
"SAE1",3296.16553341823,-1.16342023114556,0.179640265958045,-6.47638893730693,9.39437061171529e-11,1.02703674273128e-09
"ADGRB3",784.964821871566,3.23132666695767,0.282140054776794,11.452917131933,2.2736305962571e-30,3.12439144029843e-28
"TELO2",407.070686706623,-1.34215028333165,0.310416781144895,-4.32370401619869,1.53431116307132e-05,6.39819665673143e-05
"SBDS",3692.48945535532,-0.611751915993653,0.199461609998765,-3.06701583325954,0.00216207404519761,0.00554380365939365
"RNF34",1835.56674962743,-0.567750194907783,0.190872795671764,-2.97449509716471,0.00293471145568057,0.00728622268555315
"SRFBP1",1104.01166110702,-0.953928291807201,0.212287919651529,-4.49355899936783,7.00426039943112e-06,3.12717602570748e-05
"GPR176",1585.9757308366,-1.94770944539243,0.219649805198855,-8.86733973485258,7.49140837617726e-19,2.79285375992627e-17
"COPS7B",1160.13071468544,-0.643159443615877,0.220376427707453,-2.91845843181405,0.00351766772263602,0.00855210803252674
"SLC46A1",329.319425903253,1.45687487424617,0.301254572508953,4.83602576423259,1.3246076051857e-06,6.8930923285269e-06
"POC1A",338.941076651908,-1.89712941838073,0.318665557390229,-5.95335571850822,2.62699453979609e-09,2.25623702553126e-08
"CDC45",170.709596304948,-2.58789596272503,0.408655223455083,-6.33271230658692,2.40888479568306e-10,2.45415521684331e-09
"C3orf58",4019.8840943294,1.22348376202464,0.250404084626457,4.88603755745352,1.02885580307024e-06,5.49932966109638e-06
"POLR3D",1613.46650561108,-0.61721893750272,0.213579431608718,-2.88988004534761,0.00385388853393702,0.00926281364532596
"CDC42EP2",929.570079406771,-2.98992491319423,0.29831037149077,-10.022866111736,1.20943834833418e-23,7.56250920667371e-22
"WTAP",10454.0868251587,-0.76181806455475,0.172149725666745,-4.42532255920936,9.62982837402378e-06,4.1778748797435e-05
"BCAS2",1917.45899562313,-0.910719438555,0.221610513085336,-4.1095497947081,3.96431228102695e-05,0.00015156985615392
"IQCK",1426.65918882391,0.912902930330087,0.204602719302158,4.46183185367107,8.12619803755324e-06,3.57673774330742e-05
"ATXN7L2",451.081792939163,-1.16854970896822,0.285229117193518,-4.09688085307014,4.18754291658511e-05,0.000159268926640025
"DAGLB",2127.65025756342,-1.64365567811114,0.23618543655604,-6.95917454555307,3.42272238768008e-12,4.88523347555594e-11
"C12orf45",358.143916944028,-0.91186834304265,0.291434201710021,-3.12889955157002,0.0017546227923382,0.00460393698042914
"TPRKB",560.322749523983,-1.17191766293714,0.281089688129317,-4.1691947888106,3.056776606113e-05,0.000120134256897611
"C18orf54",2129.18612903986,-1.30570018780362,0.21118350354846,-6.18277548134342,6.29842644622545e-10,5.98350512391418e-09
"MCM4",4561.76997831465,-1.61104492216851,0.174081332529515,-9.25455302276801,2.15128606501045e-20,9.70377813598987e-19
"CARD19",1934.09909723257,0.770539752332694,0.201372782230596,3.82643445552802,0.000130012746530736,0.000440760366752793
"NFKB1",5186.95170793698,-2.38820427897692,0.196220235912987,-12.171039688465,4.43398441892277e-34,8.18762935356708e-32
"AKIRIN2",4957.07116935358,-0.848422964892642,0.182138106961586,-4.65812991606186,3.1909482351517e-06,1.52798323513058e-05
"SH2B3",7617.99976344753,-0.781992126121487,0.186910590377084,-4.18377644917738,2.86706058689819e-05,0.000113207223574884
"SOBP",3064.01754922866,2.13326321436785,0.204757056456882,10.4185088967475,2.04128317741388e-25,1.67526976324148e-23
"UBALD2",880.426144081654,-1.94879675793114,0.246653641745593,-7.90094459639558,2.76797675689375e-15,6.25467482083562e-14
"IGFBP2",5578.68055354113,1.00793575960068,0.176276597444062,5.71792157447632,1.07834888282005e-08,8.39520889141459e-08
"CDR2",895.897920550011,-0.95019979736385,0.266641734023189,-3.56358242585242,0.000365827750373319,0.00112294866335374
"DDB2",1018.47759981454,-1.74115879986749,0.219579456385445,-7.92951594165119,2.20001719116359e-15,5.03872154363786e-14
"LNPEP",5844.4308378377,0.726940351388166,0.184662374175624,3.93659160201636,8.26470814294999e-05,0.000294105151560924
"SERINC3",13209.9949633803,0.85122106048758,0.168613021848705,5.04837082661014,4.4559359670453e-07,2.56005110639481e-06
"BRAP",3651.6299540325,-1.50194811375209,0.196468633244475,-7.64472215716562,2.09396985076274e-14,4.15908162963263e-13
"HIST2H3D",1000.05880557357,-2.83898914332042,0.238995572943579,-11.8788356970555,1.5247631767634e-32,2.46844537301231e-30
"USP38",3796.4174288649,-0.600835240469917,0.1943135686612,-3.09209101870553,0.00198751898100001,0.0051498573377457
"CDYL2",134.226966007408,-2.25913174927291,0.500581521881407,-4.51301466498821,6.39126009820747e-06,2.88289739849679e-05
"TRA2A",9991.37888215837,-1.81767203734418,0.211110944399289,-8.61003223928691,7.30400320915584e-18,2.3910999979447e-16
"TMEM8A",3036.66551281988,-1.21691860726691,0.201426824199419,-6.04149229926855,1.52695296734822e-09,1.36708561879706e-08
"NOL9",4130.68233172133,-0.929306258269989,0.174848812685653,-5.31491317553707,1.06708194480595e-07,6.85368175201999e-07
"CASTOR2",4152.12236971349,0.74205781480779,0.216563769259196,3.42650950962925,0.00061139235302739,0.00177311284124606
"PAPPA",953.479614896849,-1.34297707330706,0.245714671507392,-5.46559578664257,4.61354575412975e-08,3.18474788097578e-07
"PUM3",1490.27953051094,-0.727241621770287,0.201654087136161,-3.60638176046112,0.000310496241269082,0.000971780873760066
"PPP3CC",1347.28688702114,-1.15870940768325,0.215221578077535,-5.38379756357803,7.29305231571445e-08,4.83394796786951e-07
"ERI2",1213.33845199372,-0.941538656728767,0.213319646105896,-4.41374563438648,1.01597323194001e-05,4.38203345075441e-05
"ZNF33A",989.943575764602,0.659500750489351,0.228411777041222,2.88733251425267,0.00388523393264136,0.00933056179962519
"HNRNPH1",9547.00722821928,-0.627143073754354,0.169892726144823,-3.69140626550282,0.000223017585395996,0.000721003270449683
"DDIT4L",840.654169869365,3.36042432436603,0.305091817926684,11.0144688481078,3.25450456039017e-28,3.52859953162303e-26
"IL17RC",1270.94640411598,1.16633856520249,0.214276634720259,5.44314393739271,5.23483133290403e-08,3.5822372143752e-07
"CHD1",8694.90944501956,-0.512601109022407,0.169006818643757,-3.03302028365435,0.0024211932530746,0.00613500468800078
"TARS",6809.33502085951,-1.91673177775156,0.181942824612698,-10.5348027977015,5.97082892152708e-26,5.07649325141058e-24
"ZNF883",746.931570304254,1.14925254540309,0.288927142439934,3.97765518219534,6.95982005803944e-05,0.000252459034517833
"SYCP3",329.566831356272,1.2457232424151,0.308722046426198,4.03509647864717,5.45798658025291e-05,0.000202710513530575
"MRPS11",844.550574635421,-0.747275662441485,0.226206907325179,-3.30350505772689,0.00095484246990665,0.00265263947093483
"CEBPZ",2637.58352465093,-0.77438312979929,0.181430157785259,-4.26821615134046,1.97042350571818e-05,8.01047987291965e-05
"MARS",3830.40869477749,-1.47141883048987,0.193407762815356,-7.60785818041141,2.7867538007939e-14,5.45262523473218e-13
"ALDH2",533.352967516254,1.14217421218377,0.262526455520527,4.35070137948234,1.3570275948496e-05,5.71334239969099e-05
"ZNF721",1423.49544346027,-0.804406931008708,0.222251479709861,-3.61935467002885,0.00029533862126426,0.000929015657732506
"TKFC",904.911530874005,1.02544682121672,0.221153353175793,4.63681335368042,3.53821637488828e-06,1.6786287080863e-05
"DCAF4L1",100.55570438122,-2.43677728308976,0.494041786097111,-4.93233032440454,8.12543537223019e-07,4.41297772192171e-06
"SURF2",270.618723737853,-1.20289090216349,0.340561222245693,-3.53208417045108,0.000412298099784089,0.00124968939298496
"BMP8A",115.920290759325,-2.24610046232842,0.467811089718873,-4.80129802753969,1.57640452638739e-06,8.03707881486032e-06
"PER3",3405.4321671063,-0.992688499033134,0.23118182225845,-4.29397298340938,1.75503840402845e-05,7.20760820951025e-05
"PBXIP1",880.856117300344,2.92351672755197,0.256095784003823,11.4157159553565,3.49018055008629e-30,4.5829948601022e-28
"HEY1",872.999470064044,1.89192251225571,0.288195764601715,6.56471310350566,5.21331382040594e-11,5.95464811002202e-10
"RECK",1308.62857756613,1.4290729335556,0.246458011432102,5.79844382112653,6.69331176084414e-09,5.37374717321033e-08
"RIN1",1964.23529725924,-1.70693049363617,0.238383717699486,-7.16043239072218,8.04229866879002e-13,1.26220299691581e-11
"CRIPT",2260.65901606779,1.23123691880743,0.267733891782128,4.59873387941997,4.25066340597599e-06,1.98476254965722e-05
"RBM45",384.75924720614,0.854494231284603,0.27288949868561,3.13128293833339,0.00174044392140952,0.00456876194207412
"MRPL39",1076.43292230772,-0.710536430865551,0.224641435797649,-3.16298027718085,0.00156162910953991,0.00414354126999161
"ASCC2",1463.58450582814,-0.851875250254629,0.212826234991745,-4.00267969918121,6.26290653530034e-05,0.000229575153331822
"N4BP2",1021.08317934721,1.48117761546638,0.26209679072587,5.65126193023691,1.59274169255209e-08,1.19511246492575e-07
"SHCBP1",875.999083245037,-1.67520219136858,0.244211804712634,-6.85962823680783,6.90399792200592e-12,9.21937259234644e-11
"FAM129A",5008.82676817149,-1.08708146155842,0.207807477832093,-5.23119510856472,1.68417633916993e-07,1.04043889055464e-06
"NT5DC1",1902.08080144327,1.25809092932077,0.236519294479261,5.31918942211746,1.04230574574062e-07,6.71278981098785e-07
"ANP32A",1154.77635777849,0.843926483125947,0.206877841586084,4.07934690663708,4.51624000762253e-05,0.0001708480294817
"GAPDH",357885.889762643,1.16674628861677,0.163544968770527,7.13410077600035,9.74219368955522e-13,1.50500973886488e-11
"PRRX1",11352.6508296056,1.4293102818048,0.218313614890821,6.54705059288034,5.86844875415605e-11,6.6366820456092e-10
"CRAT",4331.47465420699,0.59478976764797,0.183087795452252,3.24865874417657,0.00115950490856655,0.00316248073146538
"ZBTB38",14559.7193733055,-0.630413675788611,0.174944528640693,-3.6035060981151,0.000313953378033763,0.000980264470700928
"TRAFD1",1756.08596440885,-1.40689190683482,0.22762728495131,-6.18068219341875,6.38251888553647e-10,6.05366036832023e-09
"NUP88",3376.91055219169,-1.11534540789752,0.196565481689304,-5.67416719513585,1.39364968075446e-08,1.05849305444449e-07
"RPF1",1534.40117356463,-0.744039430171488,0.215302978063521,-3.45577862816172,0.000548705759856187,0.00160908304466015
"TIGAR",583.907808520277,-2.10416640076305,0.251059497267452,-8.38114639623251,5.24146580938203e-17,1.56029327292889e-15
"KDELR3",1354.39553848999,2.51225965941972,0.206539090606495,12.1636037616054,4.85678676767888e-34,8.83038554160446e-32
"NOTCH1",3176.37630480611,-0.631311098109227,0.217771015002309,-2.89896751458193,0.00374393682491757,0.00902423932222636
"PARP2",377.103459400638,-0.912898109766307,0.279186720320463,-3.26984789505189,0.00107605328280928,0.00295877098563053
"TNRC6B",12539.0889843738,0.60554115258136,0.190558252937755,3.17772199968247,0.00148437002949948,0.00395720392705276
"SYT14",1611.44215896955,-0.739122052341496,0.228361478472424,-3.23663192796656,0.0012094930458106,0.00328819618481473
"PEAK1",6648.58889066731,0.566432574757951,0.190079181200684,2.97998219047416,0.00288265142525247,0.00717203674602816
"WDFY2",1316.58172520589,0.637566261175382,0.216094725545343,2.95040177203031,0.00317360940418466,0.00780835058255681
"KLF4",1990.18911587343,-1.51514864462623,0.19689634655327,-7.69515875306656,1.41318603596642e-14,2.84845627145366e-13
"KCNJ2",1039.79932739865,-0.627182069065534,0.209115695745602,-2.99921087620571,0.0027067989024929,0.00678594599695823
"EIF3I",6046.95192798555,-0.763760636067103,0.196384726261811,-3.88910405918683,0.000100614973207133,0.000350447318998495
"OSBPL7",387.893696451332,1.18490104284512,0.278451706433766,4.25531973935656,2.08750487603017e-05,8.43423337604258e-05
"ODR4",1422.66632934487,-0.841566514521945,0.200374813992134,-4.19996155083134,2.66960310217176e-05,0.000105941468977387
"BORCS5",1429.66770985762,0.788741999351237,0.240073251013513,3.28542224517484,0.00101829643592231,0.00281370757066399
"SEPT3",276.950643921042,1.53430585452616,0.382249920947422,4.0138814174855,5.9728361647143e-05,0.00022003422005796
"TTLL5",1555.42279015061,0.713628435019634,0.202846724890947,3.51806732597378,0.000434702059806517,0.00130820192075208
"HIST1H2BH",562.914190938062,-1.11696852242722,0.244066960271705,-4.57648393368672,4.72856005452743e-06,2.18802359923278e-05
"BCAR3",1387.26672505593,-0.710878682883129,0.208401972338294,-3.4110938342233,0.000647028204481516,0.00186320158883103
"FIZ1",843.459066013634,-0.896867518268133,0.227783484326437,-3.937368509926,8.23800463233759e-05,0.000293331541864916
"HOXA13",203.853009269085,2.16355438993469,0.380233202068804,5.69007224556679,1.26985633900619e-08,9.74491052881501e-08
"FAM168A",9479.09698551983,1.52709236081978,0.186331128904582,8.19558368908818,2.49380044297334e-16,6.79072203572787e-15
"PLBD2",5594.80910061438,1.14478202540832,0.174727008732382,6.55183210491349,5.68354223229055e-11,6.44607505769767e-10
"SNX10",169.155916651042,1.9244496377195,0.486944246202709,3.95209441887188,7.74701600499387e-05,0.000277605321852691
"MYBL2",1215.85794535889,-1.54726860832588,0.207437959526638,-7.45894633680671,8.72171178328592e-14,1.57604265833139e-12
"PPP4R3A",3581.56636978852,-0.784137322996878,0.183031922864685,-4.28415606810068,1.83434122182936e-05,7.50644474676903e-05
"VWCE",167.282648225147,-2.62913351887358,0.582488755157009,-4.51362107095939,6.37300407954015e-06,2.875760298282e-05
"IFI6",441.680903980592,1.80693408159249,0.276926874548528,6.52495025821642,6.80241052448417e-11,7.63446225815327e-10
"HECA",2488.61106694055,1.25572891168521,0.193730141341245,6.48184584490294,9.06071922846214e-11,9.9423936714917e-10
"SEMA3B",961.518802684318,1.18140674906366,0.231153624350837,5.11091596500583,3.20600579115506e-07,1.89727473409467e-06
"OST4",1486.99314876069,1.10915001355474,0.205944888925708,5.38566419074791,7.21776111318105e-08,4.79480049665956e-07
"CASC4",9536.90855598925,0.75645505184775,0.182986721921778,4.13393411228555,3.56605747176399e-05,0.000137769425306659
"LGALS8",2758.81782512508,-0.793777521313455,0.196334846174085,-4.04297829336741,5.27765082504083e-05,0.000196568791208108
"STRADB",2959.81901735711,1.02724532805952,0.202893171442112,5.06298620479996,4.12739730396648e-07,2.3875468104883e-06
"MVB12A",745.017894595562,0.993108579653293,0.240606441330943,4.12752283006138,3.66692036052361e-05,0.000141126782011479
"BNIP3L",20717.040326687,1.77354062065123,0.205220825474179,8.64210840470656,5.51850301994143e-18,1.83195698566483e-16
"YTHDF3",11045.4687160828,-0.5656647680445,0.192808344190081,-2.933818919615,0.00334819483151102,0.00818724736577637
"SPDL1",893.784618343176,-1.36479794099273,0.229405985053118,-5.9492691120361,2.69342486214295e-09,2.30825924733904e-08
"TUBB4B",6285.08408764929,-1.01822496485095,0.178125860837238,-5.71632305418779,1.08853705409072e-08,8.45225420843899e-08
"TMBIM4",1293.68362004259,0.975259734564447,0.202187553727891,4.82353990927144,1.41032531929631e-06,7.28781137885605e-06
"BTBD6",261.295180660832,0.939234110561533,0.320387052306753,2.93156076002181,0.00337263384662075,0.00823314584516669
"CHN1",4317.13220045276,1.62093256226907,0.185431950886171,8.74138763315978,2.30264478466561e-18,7.98025104550678e-17
"PDGFRB",1234.17781091314,1.8268118482656,0.330884052788819,5.5210030005028,3.37070023348542e-08,2.38104813863303e-07
"CENPM",73.4155946341232,-3.23518244214169,0.606565050862183,-5.33361168359955,9.62783005450957e-08,6.24145340560582e-07
"ZNF267",2045.04208454939,-2.31651284742263,0.233412600374622,-9.92454067905793,3.25598353955089e-23,1.97329299848269e-21
"C1QL4",103.821856273513,2.89810639539726,0.526675448442723,5.50264190967397,3.74141852949557e-08,2.62254354576386e-07
"FZD7",2626.98841934985,0.742976122585594,0.189468271845011,3.92137488430445,8.80451607903935e-05,0.000310973613335586
"PIANP",787.627362833024,2.35462307875631,0.292080001144227,8.06156898634637,7.53213669847504e-16,1.88590659963089e-14
"DDX10",1491.45517767163,-1.22537845933973,0.198164037775471,-6.18365710093243,6.26333405577853e-10,5.9549542937402e-09
"E2F8",340.891275122204,-1.94865957305993,0.326120295030485,-5.97527845630635,2.29697498785514e-09,1.99015032305513e-08
"C1orf131",495.064048607256,-1.14811986029222,0.25576780867374,-4.48891463802927,7.15869739585679e-06,3.19010127542366e-05
"HEBP2",1228.7177921164,0.770667772135811,0.223973291053712,3.44089140499789,0.000579801183009819,0.00168937139566323
"STX4",826.264476851643,-0.787911950109085,0.246337558625074,-3.19850515084582,0.00138142065259454,0.00370447680334973
"KIF2C",2258.69982192564,-1.46181982910224,0.210374004576838,-6.94867140093022,3.6874230921636e-12,5.23144851178744e-11
"CALD1",22273.6070902197,1.22483922699136,0.185289264657685,6.61041657893245,3.83240031890656e-11,4.51558394504863e-10
"METTL13",943.845683557669,-0.70694725355231,0.217498394597529,-3.25035619164217,0.00115260546121889,0.00314729467206211
"MEF2C",2312.28090391625,2.24112320898231,0.2352793284384,9.52537234723139,1.64451314278573e-21,8.41335771490987e-20
"TCEAL3",1038.89558695924,0.686937775460714,0.229855746906468,2.98856036756062,0.00280295122784585,0.00699435760360689
"FZD1",1992.32841909942,0.947296825912452,0.236514763114691,4.00523338770649,6.19562788258737e-05,0.000227461728227454
"CPD",17931.9923256146,0.942507212289231,0.173491732320988,5.43257710140007,5.55459404963853e-08,3.77699611499587e-07
"ZSWIM4",4034.6617095914,-3.31924545016977,0.265041493103877,-12.523493628482,5.55357496256303e-36,1.39642870016106e-33
"NUP58",6375.73673958129,-1.53867339307714,0.171461742514485,-8.97385836929283,2.86305355153814e-19,1.12785222906926e-17
"FBRS",6034.43935257557,-2.02739725602503,0.215092947527595,-9.4256798250669,4.2732827681465e-21,2.11303998970525e-19
"LRR1",489.898936406711,-1.5208981224926,0.284859204605543,-5.33912226778365,9.33976436373125e-08,6.08139588157443e-07
"ADAMTSL4",469.431995797025,0.858458515995187,0.271060740353655,3.16703376104983,0.00154002438304293,0.0040926485628067
"RP9",674.77340217856,-1.19251007298204,0.238159105321864,-5.00719916364485,5.52277736379655e-07,3.12138607773064e-06
"RRM2",1181.7923704787,-2.49451045982919,0.232111113099366,-10.7470531096945,6.11852520211514e-27,5.78469846708773e-25
"ENOSF1",688.413538496724,0.800378361881448,0.269189502317571,2.97328965279343,0.00294626271824681,0.00730959408681326
"LIPA",3853.53369496766,1.62109332178353,0.197638787157767,8.20230353108509,2.3582395123419e-16,6.48131966438524e-15
"LAT2",264.453905397694,-2.08187367727633,0.325840618607472,-6.38923927340162,1.66713023823542e-10,1.74664407406616e-09
"IDH2",441.96112497002,1.17593707123416,0.275152114610064,4.27377079365958,1.92194610676238e-05,7.82686391789036e-05
"LIPE",255.190624482367,-1.14223574180735,0.33356380627509,-3.42433957257745,0.000616295599580232,0.00178558014117166
"KRBA1",1972.76682420412,-0.658287030272657,0.199768399325622,-3.2952510632057,0.000983337835509548,0.00272347938599762
"FLCN",4329.26172280316,-1.65286771999938,0.220528231706688,-7.49503910319187,6.62786007266289e-14,1.22196646394275e-12
"ALDH5A1",528.711759931599,1.93265156222603,0.297065316094373,6.50581356193079,7.72740161768194e-11,8.55871704905675e-10
"NDRG3",5993.8861237875,1.42373728457857,0.185650457716035,7.66891340907045,1.7345948253009e-14,3.48038058495858e-13
"PIP4K2C",2515.64814887197,-1.2070319561267,0.227045683349832,-5.31625150638473,1.05926712643858e-07,6.80718809149059e-07
"PCDHGA2",172.794269735251,2.12262986293553,0.453325364559984,4.68235406372162,2.83599081821819e-06,1.37359588072551e-05
"MED26",1684.63021788501,-1.60781231172935,0.208254085746074,-7.7204358606907,1.15932578871204e-14,2.37040002958457e-13
"CEP250",3756.48037172377,-0.746380907290638,0.221995837207502,-3.36213920350673,0.000773411236706225,0.00218246752516575
"PSMD11",6597.54375471357,-0.515118435251199,0.171522148817306,-3.00321817796178,0.00267140841386236,0.00670006465089671
"PLD3",14158.2055254561,1.5891752316397,0.167545633415698,9.48502923795569,2.4231513833902e-21,1.21858736378321e-19
"PCDHB3",555.053893562012,2.25662844168285,0.288024150618653,7.83485842015606,4.69371295156124e-15,1.01780366351469e-13
"SLFN5",164.866195603237,-1.52041789693769,0.386664522523972,-3.93213705517404,8.41940386211857e-05,0.000298890101659709
"IQSEC2",3373.65864476796,0.987144517508793,0.202975973985839,4.86335647576527,1.15411719933813e-06,6.09716453365133e-06
"ALDH3A2",18167.904488676,2.3297553224479,0.254699584538958,9.14707154573921,5.8497774281099e-20,2.53233222144333e-18
"FABP7",3600.89183814524,3.31699999349527,0.630779688138151,5.25857134570381,1.45178859730635e-07,9.09233579383488e-07
"PINX1",334.467076957251,-2.86828181833908,0.335686410903213,-8.54452764597039,1.29063066050575e-17,4.1335157576848e-16
"PGS1",995.448163130231,-1.00862631712458,0.219867982372388,-4.58741789614589,4.48761823919285e-06,2.08715751085325e-05
"PES1",3870.56538872787,-1.12684277786208,0.197913566873566,-5.69361057790415,1.24380596913499e-08,9.56985608283678e-08
"PLOD2",9927.66611342596,2.07122111073496,0.200865761896339,10.3114691681694,6.2537888163374e-25,4.89452160473347e-23
"KARS",7255.81950876032,-0.732585227684887,0.183963729515778,-3.98222644003342,6.82726858996585e-05,0.000248107811181477
"C1GALT1C1",1266.518990432,1.28449962531266,0.241346098765456,5.32223073786232,1.0250244079558e-07,6.61230264913847e-07
"CAB39",6633.45298917325,-1.31281337067944,0.172473752260029,-7.61167049175218,2.70575669345606e-14,5.31173299057536e-13
"PHF20L1",6658.71600296791,-0.517022006699796,0.174561676500748,-2.96182997931726,0.00305816603201769,0.0075530629396834
"EID2",1030.10878716863,-1.13539001344118,0.214801090030516,-5.28577398410726,1.25174366942114e-07,7.91075223808501e-07
"ZBTB7C",343.55440088218,1.31262646193183,0.329989434453334,3.97778330117252,6.95607209312935e-05,0.000252400552645387
"ACSF2",743.03445006523,0.820709414533915,0.226681121436102,3.62054594284007,0.000293982041224071,0.000925240948917727
"FBXL20",4561.05709586466,0.700206494754242,0.1793820867277,3.90343599813926,9.48366371516639e-05,0.000332469130901822
"ALKBH1",1230.32412896085,-1.33040641932814,0.221003503395153,-6.01984311963317,1.74586196993971e-09,1.54435604496613e-08
"ZNF337",1060.0764010283,0.942397789280153,0.24861614127547,3.79057363067976,0.000150299768025702,0.000503184889101346
"ATF1",1559.06593645216,-0.758394041623206,0.195426202892649,-3.88071829876266,0.00010414841660774,0.000361051917709085
"CAST",16686.0441592118,0.719362883247684,0.183225965108545,3.92609684343333,8.63354067589889e-05,0.000305482585951416
"PFKFB4",5365.60154593414,1.53409568230328,0.184325742446461,8.32274245551389,8.59510684272604e-17,2.48963168302295e-15
"HS2ST1",5592.64738304747,0.798704416235222,0.185473826122044,4.30629179833528,1.66014035196101e-05,6.85997855925706e-05
"H6PD",7456.61073535988,1.48946038536131,0.185088404409872,8.04729172586603,8.46462488970745e-16,2.10157430560005e-14
"RTTN",2204.8374552967,-0.749529226590755,0.193007915653842,-3.88341184894732,0.00010300088448557,0.0003577325102604
"TBC1D32",1375.90406627318,1.25040305457396,0.232014152725279,5.38933957211879,7.07170749447539e-08,4.70836277012452e-07
"SNF8",493.100676368506,-0.983229570355437,0.281934400883669,-3.48744093403889,0.000487666628091577,0.00144914362856079
"CD46",4588.4135551182,1.05231008853958,0.188288188994097,5.58882686248881,2.28608741228157e-08,1.66258344851345e-07
"HPX",79.0273698879605,-1.60945365574569,0.54899124964707,-2.93165630013294,0.00337159657841238,0.00823314584516669
"ACAD8",554.60086680655,-0.891494454400516,0.246413711859169,-3.61787681243171,0.000297029703254782,0.000933435276669527
"NREP",1898.82620800549,1.95210199149778,0.290385353901692,6.72245333750081,1.78689972499388e-11,2.2252456217047e-10
"GOLIM4",2041.05172378296,1.49474462342493,0.205588536799114,7.27056404358523,3.57989536049372e-13,5.91709138046361e-12
"TAPT1",1885.01867567268,-1.04534687075377,0.190623109760638,-5.48384124079388,4.16188300071059e-08,2.90177777595267e-07
"PCLO",23689.6243532969,-1.54222401657095,0.263611394807383,-5.85036931995232,4.90482696570348e-09,4.00866148552446e-08
"ABCB9",463.197642670091,1.16241963023095,0.261745396353294,4.44103180581621,8.95285595978686e-06,3.89848385161242e-05
"SRP68",5000.22559621119,-1.00996897763879,0.19851209097856,-5.08769502482278,3.62441593840917e-07,2.11418299901873e-06
"NARS",6262.54264901347,-0.826965677130044,0.177464016863868,-4.65990622631068,3.16353473624964e-06,1.5160848950932e-05
"PCDHGB1",389.538264044917,2.12693381035831,0.322633983716894,6.59240476113224,4.32758799322641e-11,5.03380264802654e-10
"CD83",1171.43819291558,-1.98330828731963,0.223251456272223,-8.88374177009299,6.46482580722427e-19,2.44056977703923e-17
"VDAC2",2826.72194837227,-0.705224041188275,0.216753325009461,-3.2535788835419,0.00113961079943432,0.0031146902006741
"RANBP3",2162.13638162354,-0.978951262380948,0.201379116351169,-4.86123526668889,1.16655511007131e-06,6.14638800304181e-06
"PCF11",4376.93761011715,-0.723735179243896,0.181237801709065,-3.99329043068888,6.51626725652677e-05,0.000238197483568306
"DNTTIP1",1376.85009811816,-0.869964275549078,0.222499507172518,-3.90996046060695,9.23112300837288e-05,0.000324586169928446
"CCAR2",3568.29004217406,-1.19451911069777,0.218922881420656,-5.45634655887123,4.86030893993015e-08,3.34142705364133e-07
"CLDN18",128.128680671924,1.511851603022,0.506394289004262,2.98552261715826,0.00283094202480725,0.00705229191593004
"CORO2A",134.949642091394,1.86421891873077,0.472114152232069,3.94866137758651,7.85894280158166e-05,0.000281104679264807
"SYNM",2439.61928485173,1.31578990307789,0.224285475092031,5.86658544222706,4.44861073423891e-09,3.65348725901566e-08
"ZNF441",3285.60004808452,-1.92325417584805,0.18528101445571,-10.3802010232829,3.05132005426852e-25,2.46989728776338e-23
"TARSL2",494.24833832954,0.791361173017721,0.254721223091695,3.10677360689669,0.00189141187899091,0.00492893177197675
"LUM",1529.30647911566,3.3730082932116,0.301776695915644,11.1771662254346,5.27474644872818e-29,6.17197559713561e-27
"HIST1H3H",1520.27124118548,-2.35360492970114,0.261526752290691,-8.99948058501131,2.26788074791256e-19,9.05466712122658e-18
"THBS3",1043.16107239866,1.00713552273234,0.236316317095405,4.26181118219504,2.02776742587885e-05,8.22097956742238e-05
"FNBP1L",6766.68300128864,1.0170220385154,0.216841240795207,4.69016887555959,2.72979654865209e-06,1.32651051036063e-05
"KLHL13",531.278428674799,1.5381457750423,0.283629390111975,5.42308318060781,5.85797155899199e-08,3.95597187909528e-07
"ERLIN2",5238.82212107731,1.95917914431471,0.189451898543428,10.341301192427,4.58272320698576e-25,3.63480690336629e-23
"PKMYT1",439.197176538382,-3.29894446204342,0.351711316644677,-9.37969381683626,6.61645844886774e-21,3.14029341159514e-19
"RINT1",5075.24213773573,-0.650268286629442,0.190593298166737,-3.41181087102322,0.000645328707248105,0.00185876058061372
"DPH5",1519.00703895963,-0.741425567943611,0.205001315419593,-3.61668688040403,0.000298397904403579,0.000937391396661748
"SOX5",2242.02584104172,1.79715670110611,0.275948472471484,6.51265319575858,7.38348476762863e-11,8.22413034720406e-10
"LMTK3",117.900499590257,1.85643331415603,0.532218060730522,3.48810656971672,0.00048645414733613,0.00144626795301092
"ZCCHC7",1602.53231574517,-0.613993946620789,0.205541351029788,-2.98720400320716,0.00281541781961382,0.00702101873648367
"ANK1",863.758839597542,1.2137842350928,0.325690160290682,3.7268065882294,0.000193921151170045,0.000633783231340595
"PCDHGA11",339.697213037371,1.35649823821052,0.355674571749964,3.81387466508043,0.0001368048678914,0.000461404089252443
"SRP72",6810.46791708371,-0.565024540657149,0.172095562293362,-3.2832022692949,0.0010263499519155,0.00283264916668317
"NME1",779.902972187782,-1.35947725552684,0.252496419134896,-5.38414469474334,7.27899329266527e-08,4.82783711259913e-07
"CEP55",1225.90570779418,-1.2515025327254,0.212811363713933,-5.88080688401445,4.08271285465539e-09,3.3658641683443e-08
"ACHE",448.062946262883,-4.73041267855515,0.420853310473295,-11.2400510126326,2.59232507136569e-29,3.1912601763958e-27
"TIMM44",1160.07588524964,-1.68126249250786,0.240660472568248,-6.98603503336461,2.8276349533563e-12,4.09521934788783e-11
"RTKN2",235.282954960038,-1.33144164994981,0.332779094997915,-4.0009774350704,6.30813737641362e-05,0.000231161449657228
"TMEM63A",1388.09855709411,0.809519518047078,0.235839764137289,3.43249799713942,0.000598048299097175,0.00173782512877561
"TRIM36",1640.43715995434,-1.79842901184729,0.262031892906328,-6.86339739754582,6.72418260085966e-12,8.99959116386857e-11
"BOC",2357.97974983488,1.86973093197131,0.265094575376707,7.05307126452652,1.75011158446526e-12,2.60488900569401e-11
"ZCCHC10",652.18641130805,-0.685704420969396,0.237692493996398,-2.88483834487338,0.00391614693959847,0.00939890880583475
"BAALC",686.243143027944,1.11116517064466,0.319287329551922,3.48014176511181,0.000501148528309037,0.00148509862275732
"POPDC3",278.720303592256,1.33532024858183,0.309248788916316,4.31794819071442,1.57486384286866e-05,6.5442126916392e-05
"PPP2CA",13871.6825685221,-1.2790155468686,0.191385980508496,-6.68291137872462,2.34241243073124e-11,2.85062399366384e-10
"GATAD1",3743.78321262563,0.619333328429284,0.178054485987681,3.47833599919595,0.000504537066673526,0.00149476536824962
"PAM",8341.04387015984,1.46826183411708,0.190787417939481,7.69580012127854,1.40611471354104e-14,2.84059208284239e-13
"NDRG1",12201.8550711252,1.85866902796182,0.194848031086627,9.53907010297415,1.44118740847643e-21,7.47015473393614e-20
"DPY19L4",5708.31466368334,1.23913340124352,0.191801775365935,6.46048973675766,1.04364671758526e-10,1.12947041285921e-09
"ADGRL2",773.095707877574,2.14539688715038,0.261605349549895,8.2008907342363,2.38612340515373e-16,6.54273930443312e-15
"TATDN1",497.024996476805,-1.08968429713243,0.262291200557312,-4.15448286033647,3.26024053162358e-05,0.000127244130127898
"ZNF593",374.194589000301,-1.72943306371023,0.344440800655593,-5.02098781682805,5.14064204231946e-07,2.91656781834524e-06
"YWHAG",33111.8388326374,-0.570580083990303,0.162988826763774,-3.50073127906656,0.000463983441011676,0.00138784011791344
"TRIP10",860.458568076208,-0.943183765811647,0.234036093409733,-4.03007823310566,5.57582921300565e-05,0.000206567867207839
"CYR61",1009.56245818049,-2.5647698560291,0.344481673570884,-7.44530131151186,9.67234017992854e-14,1.73193509464236e-12
"FRRS1L",415.487982528503,2.66487199761063,0.324746664815238,8.20600266711526,2.28674339174556e-16,6.31419004758154e-15
"STRN4",5434.70670572555,-0.868507416232549,0.184893679174957,-4.69733427398954,2.63578891937254e-06,1.28659318037103e-05
"TNFAIP3",10637.6307278973,-3.16425483767649,0.1791423340304,-17.6633560950452,8.03188116766442e-70,1.89841543278916e-66
"FLT1",43.4220019623516,-3.06841709563047,0.824586582956068,-3.72115816465322,0.000198311177196648,0.000646878689514211
"STMN4",43.8493612077599,-8.60976621800869,1.5935971785431,-5.40272431071941,6.56362996347692e-08,4.40232570422079e-07
"ENTPD5",1409.07811701773,1.44406878719728,0.218729309058062,6.60208178508876,4.05423729089537e-11,4.73916679562824e-10
"SLC35D1",3421.58149869006,0.700839656705305,0.18205903984435,3.84951858092013,0.000118350205990103,0.000405644644544964
"KIAA0586",1977.29279576097,-0.638103312103475,0.200212038423105,-3.18713758238143,0.00143688407339056,0.00384187691840037
"ERFE",175.554869068744,-1.43424258635836,0.406004234525804,-3.53258036343759,0.000411525127371811,0.00124766648416625
"ARL10",722.71436740514,1.23810234128621,0.245951225573567,5.033934425002,4.80514101967492e-07,2.74201625159431e-06
"ANKAR",443.963324471239,1.05745671893832,0.26832015507529,3.94102604271975,8.11338160076591e-05,0.000289426049314562
"PDIA6",1783.67112574808,0.990702282356304,0.202288690590793,4.89746747315885,9.70796974445571e-07,5.21020828519426e-06
"OSBPL2",3763.14515958647,-0.737460885296226,0.188419908336001,-3.91392232280012,9.08088587930079e-05,0.000320167170991989
"E2F4",5107.47255289417,-0.867070653652712,0.197476422319859,-4.39075532899967,1.12957588030899e-05,4.82447696186905e-05
"GLDC",181.0420389872,-1.87755691871,0.450625150013954,-4.16656042977597,3.0922994814618e-05,0.000121283988149519
"WDHD1",681.546155678116,-0.705041613555938,0.233801347874691,-3.01555837879008,0.00256506555079022,0.00645526930988901
"TCTN1",4865.28071192091,0.619709323470553,0.195794626087734,3.16509873561527,0.00155030333248705,0.00411718759176
"PIP4K2A",3067.3692036405,1.05218595127525,0.189636433421068,5.54843777798212,2.88233425655829e-08,2.06043165302399e-07
"RPS6KB2",1120.67089159294,-1.0549520314947,0.225920426018789,-4.66957348693636,3.01825718480082e-06,1.45235193037362e-05
"TENT5A",1504.45966942944,1.247761774356,0.210965713531287,5.91452399288074,3.32836720678783e-09,2.79563920752086e-08
"FAM20C",2353.91772394057,1.26460863934357,0.231896396582836,5.45333458379911,4.94339304967829e-08,3.39459727257978e-07
"LRRC49",1177.37736362035,-1.80667594238889,0.208868762810312,-8.64981396969184,5.15834490429069e-18,1.72694957730616e-16
"ETS2",3266.12695770058,-2.12848765123117,0.184019589873401,-11.5666362081097,6.08207181142854e-31,8.76560056920274e-29
"TRIM21",1348.53866114944,-0.890352428174635,0.2088714899277,-4.2626805050456,2.01989218214883e-05,8.1918619796276e-05
"CLPB",1994.93260420632,-0.651040460700044,0.190368311891619,-3.41989932164076,0.000626443155315437,0.0018110567437396
"KIAA0895",2003.84501777215,1.22916806435937,0.19134467652426,6.42384249557909,1.32876691721142e-10,1.41090453078208e-09
"LDLRAP1",1842.79017765072,0.765909816199043,0.192602558513261,3.97663365487591,6.98977201828407e-05,0.000253389956172028
"COL8A2",191.218718508856,1.43670193523488,0.358326826819168,4.00947355236654,6.08542681550986e-05,0.000223693854139022
"KIFC2",391.259603095938,0.80743630869831,0.281008527067563,2.87335162788202,0.0040614179961288,0.00970241315509404
"USP10",15912.7833576802,-0.642398829688361,0.167639694151383,-3.83202100755599,0.000127094883616357,0.000432232326497296
"TRMT1",762.483874763654,-1.42348047894103,0.315319427881651,-4.51440778167118,6.34939427900192e-06,2.86620097743486e-05
"MON2",7418.06302679042,0.599147625887649,0.18903711683448,3.16947082097247,0.0015271679124049,0.00406122195967623
"THUMPD3",4350.8002080195,-1.08525063360989,0.182759024957585,-5.93815070890075,2.88255005980011e-09,2.44902779343765e-08
"INPP5E",1382.15984446746,-1.32228335584203,0.223750768096177,-5.90962599633921,3.42885329624145e-09,2.86984336083438e-08
"FAM135A",1923.16439127621,0.584300252927807,0.191911913575039,3.04462730866024,0.00232968806819282,0.00593111882591614
"CUL4B",7203.52990509186,0.713579251651633,0.200728146574617,3.55495362174518,0.00037804576674593,0.00115744685787653
"CDC42EP1",3542.53749786252,-0.988252816274817,0.21450685754874,-4.60709194833207,4.08339466853453e-06,1.91270543768296e-05
"ARHGAP24",3124.97867955491,1.33964288076372,0.207132236768245,6.4675730908203,9.9589374533088e-11,1.08262179345691e-09
"MTCH2",3177.72309559201,-0.676812009083867,0.197307794585743,-3.43023452522424,0.000603059767152876,0.0017502358369874
"SAMD9L",13233.9375104295,0.526189694851108,0.177593809083375,2.96288309579575,0.00304772294739521,0.00753041810418495
"ACTG1",53682.4880184658,0.528276782443823,0.165593025589083,3.19021154764533,0.00142168684391165,0.00380554815885569
"U2AF2",4360.49130903707,-0.90971669738615,0.184530463823363,-4.92989980373623,8.22718016547709e-07,4.46413292909129e-06
"VPS39",4008.47712720218,0.709378786776764,0.181261941060138,3.91355616423312,9.09467345621307e-05,0.00032050323383779
"PIAS2",15087.5946804275,0.556667179071089,0.179708504282997,3.09761177575922,0.00195086810855358,0.0050682258313665
"AUH",541.547629445731,0.812376278677197,0.255682706323158,3.17728285326593,0.00148661969326085,0.00396230751803265
"CALCRL",1547.51135531521,3.12300762687108,0.282022503468088,11.0736114617338,1.68471413480088e-28,1.8607431443997e-26
"SFPQ",8863.55972114572,-0.741823962550798,0.171334775976784,-4.3296753873908,1.4932929933242e-05,6.24477586521775e-05
"SH3GLB2",1539.47690446326,0.673462228649547,0.202815081250909,3.32057273303254,0.000898329484089395,0.00250802216937597
"BNIP1",495.088172451012,-1.13136542346622,0.270905716355095,-4.17623311419264,2.96376098981007e-05,0.000116830311466229
"FAM107B",446.193329326198,-2.42388852721382,0.29870148184007,-8.11475226799046,4.86776817358405e-16,1.24788035304591e-14
"PCDHB9",2111.90410335104,2.22088987463688,0.232996062491076,9.53187728106752,1.54464313409388e-21,7.93677937335715e-20
"FEZ1",514.743595985325,1.17203235867318,0.251938557687625,4.65205631654985,3.28641292545902e-06,1.56861179131965e-05
"CDK9",4000.8299031331,-0.925528446963512,0.186281500704018,-4.96843993346437,6.74937001414475e-07,3.7450805746765e-06
"BSCL2",255.001473225801,1.09079749975366,0.317062134955944,3.44032724029069,0.000581011229497526,0.00169206276742281
"AGT",72.6276657231956,2.0541749951363,0.574172424167881,3.57762739670633,0.000346727237971797,0.00107155400061472
"F8",247.512465027897,1.14276063633506,0.339565644080689,3.36536000109456,0.000764438491088314,0.00216179327295566
"STPG4",178.787006697108,-3.9023024918946,0.425690246356602,-9.16700000832444,4.863657499955e-20,2.14472777367419e-18
"RUNX1T1",701.360167807303,1.78168771661198,0.26660889000511,6.68277684430489,2.34456466562977e-11,2.85062399366384e-10
"PPM1A",3350.94711413153,0.725379891995149,0.194119134548504,3.73677686994788,0.000186394188844164,0.000611211577070013
"ZNF132",1077.18310300597,-1.23155841326615,0.247291781478937,-4.98018335223587,6.35240603329429e-07,3.54786079874631e-06
"NAV3",2966.68485140799,-3.11517563603048,0.201564949834715,-15.4549470956382,6.98689295807972e-54,8.25711009785862e-51
"BACE1",5241.65510091108,0.883183717288233,0.196922451314303,4.48493156262109,7.29373410147759e-06,3.24538213897824e-05
"RFC3",846.603091252762,-1.42541778878339,0.228798293616641,-6.2300193163666,4.6637766717648e-10,4.54381803024867e-09
"TBC1D9B",5018.11272955233,0.551341499174012,0.171549801924867,3.21388595607636,0.00130951673508574,0.00353491749091898
"ZMIZ2",16430.8484054479,-1.79641097249269,0.169915426714854,-10.5723830215096,4.00194195699154e-26,3.52947388415866e-24
"B4GALT5",14343.9773988535,0.859602521420927,0.164975304666598,5.21049209854842,1.88340402185398e-07,1.15386566771749e-06
"TTC31",776.020805079325,0.730957212223356,0.228251825064471,3.20241563026667,0.00136280213899839,0.00365869960896934
"LONP1",2486.59557147667,-0.692528459057056,0.191722569855888,-3.61213841217343,0.00030368239094456,0.000952725908198251
"SPDYE3",362.942552767615,0.984654356967164,0.311930063755546,3.15665102976038,0.00159592216190677,0.00422694040999869
"HEXDC",169.486720288088,1.2947138300623,0.419316947033283,3.08767351098627,0.00201729967536629,0.00521102678983143
"RBM48",1608.94873206259,-0.846231817447319,0.199857542049571,-4.23417504673117,2.29392217261749e-05,9.2178076286955e-05
"MRPL15",1723.27868337695,-1.06173875119816,0.223354403605001,-4.75360563329583,1.99820626549822e-06,9.9863969139077e-06
"NFKBIB",1743.1365216639,-3.75444748467307,0.264933985608803,-14.1712565718799,1.38008726977917e-45,9.5940419730884e-43
"PDE7A",2843.22325371187,1.11155612665416,0.211737585760131,5.24968735552411,1.52357571031755e-07,9.50666195593071e-07
"ZSWIM9",333.859316758263,-1.01797059043058,0.345066522687929,-2.95007056176009,0.00317701362266977,0.00781230690651505
"AGO4",1385.26142466784,0.89131129991919,0.244211412427902,3.64975285576521,0.000262492739628158,0.000835480527047015
"TOB1",6747.84642759518,0.543328485430309,0.171082901257431,3.17581991792829,0.00149413671720027,0.00397965015187578
"TMEM168",2161.2210121521,0.855471029130559,0.198388805422082,4.3120932519882,1.61716197374296e-05,6.70347955303202e-05
"EFR3A",10661.2876657882,0.629880726259397,0.181188188434308,3.47638955774298,0.000508213498025237,0.00150414904073685
"ZNF440",912.685897351404,-1.0208586219428,0.230963724777758,-4.4199954903096,9.87029610065847e-06,4.27122516724943e-05
"HP1BP3",12175.950641123,0.838091697107404,0.20201342812225,4.1486930096559,3.34378859709905e-05,0.000130246847859316
"NBPF19",3263.3833799503,-1.44918844851658,0.205357860735238,-7.0568929931783,1.70266636019912e-12,2.54067058646883e-11
"PDE4D",3721.64460829206,0.72342770518477,0.194975911105288,3.71034401677504,0.000206977794130419,0.000673290275539029
"SNN",792.584050140101,1.09119082040099,0.262406501291166,4.1583985725651,3.20486476725717e-05,0.000125294870568207
"BRD8",1968.79701793156,-0.749859555706313,0.191188148306047,-3.92210271583344,8.77795541972332e-05,0.000310220924492495
"YTHDF1",5915.78733274656,-0.811450224202091,0.187717473794226,-4.32272077713763,1.5411673340432e-05,6.4199913830534e-05
"SRP19",871.381679566677,-0.642224962287122,0.224261662289736,-2.86373050003257,0.00418684066520231,0.00996979306495282
"FAM110B",3303.23626498507,0.947029847551393,0.210522023870982,4.49848348471028,6.84399120194121e-06,3.06488397213116e-05
"ZNF660",672.732798839876,0.786055019380595,0.249829627730478,3.14636429042199,0.00165313959718288,0.00436186732741847
"WHRN",1365.22409883663,1.06602219415099,0.237924800434512,4.48050052875596,7.44681954014862e-06,3.30602980185862e-05
"NUFIP1",1324.22208040666,-1.24294760603895,0.207661971337048,-5.98543680403366,2.15809904087e-09,1.8780864849044e-08
"PPP2R2A",7438.15275265667,-0.849191449734176,0.181365966691698,-4.6821984588636,2.83814503730771e-06,1.37407611843107e-05
"ESPL1",1477.78117171892,-2.31087600479777,0.279300291269591,-8.2738044929829,1.29750855733491e-16,3.69492918809254e-15
"SRPRA",4871.33248356911,0.802802683427233,0.174767453980669,4.59354796984128,4.35772789005354e-06,2.03234523301708e-05
"RSAD1",293.472473463276,1.36641100229293,0.3717163438763,3.67595082864487,0.000236965165828709,0.000761613905293361
"BRCA2",3467.62948087938,-2.05160565482643,0.192755579398516,-10.6435604158819,1.86850080023957e-26,1.72805898956691e-24
"POLA1",1302.51833229661,-0.601360796389894,0.202706961302618,-2.96665093554499,0.00301062548263283,0.00745278004896415
"PPARG",76.3104113485738,3.14488155915611,0.626743803128375,5.01781037715654,5.22637236327564e-07,2.95810673319883e-06
"GPT2",2099.72705693457,-0.787843446365895,0.193496195837405,-4.07162240557908,4.66868175848242e-05,0.000175826899368213
"RGL1",1913.05088981645,0.751984684472918,0.199335554970515,3.77245637179051,0.000161648238479265,0.000538495617291213
"CTDSP2",20549.9630861787,1.01297297204071,0.170556860226504,5.93920977846015,2.86399197901639e-09,2.43851997175906e-08
"ZNF706",3569.45499446761,0.793494049695827,0.204086678291415,3.88802471743305,0.000101063336918076,0.00035169803171314
"FCGR2A",139.044842679018,2.51356215143205,0.460150265809056,5.46248114626772,4.69525413434475e-08,3.23736950756629e-07
"PRPF4",3218.95848892561,-1.25879907300657,0.182826051656859,-6.88522812585359,5.76950025241339e-12,7.83723609000247e-11
"GUCD1",2699.95472137775,0.634353648890414,0.182678005352386,3.47252340349757,0.000515590056377503,0.00152483565722456
"ZNF627",2104.87756163962,-2.01806709397135,0.212377627236635,-9.50225840748649,2.05386772475794e-21,1.03729097312775e-19
"ZNF678",1191.95338615342,-1.90458789512102,0.211939860223361,-8.98645442680671,2.55334513366271e-19,1.00921179898414e-17
"EHD1",6223.99492633875,-1.35111070214081,0.182731262506621,-7.39397672629692,1.42501365428926e-13,2.47658990682213e-12
"MEOX2",1249.16281767362,3.06946446894543,0.299189068697357,10.2592801344969,1.07505152077414e-24,8.1967476596831e-23
"PPFIA1",4322.39068786928,-0.673772525304787,0.179350687737637,-3.75673232037121,0.000172146459348714,0.00056986746683
"RNF10",12093.3003914864,-0.977655699730297,0.173190406281195,-5.64497607415367,1.65204221856011e-08,1.23178769330873e-07
"IQSEC1",4628.26099892101,0.681650836351662,0.195412526882715,3.48826580990267,0.000486164502300955,0.0014457705304964
"ZNF605",1933.5988970177,0.99258608757948,0.208063114609395,4.77060092771802,1.8367712375371e-06,9.24093762674052e-06
"PIK3CD",1040.06646874537,-1.29557760453316,0.222881797183969,-5.81284618529784,6.14194922433449e-09,4.9614187240728e-08
"WAPL",3648.89257517775,-0.581887640019125,0.181168269524373,-3.21186288055173,0.00131877302575475,0.00355584294281761
"UBE2H",18908.9937157422,0.634837759492353,0.173352880074897,3.66211256033399,0.000250143898771587,0.000800704386696265
"DOCK10",5765.21839866214,0.812263126780031,0.230803669065273,3.51928169109962,0.000432716996338993,0.00130322361435633
"DDX20",1645.10940265977,-1.54427506541798,0.204627114347148,-7.54677634166373,4.46163815015891e-14,8.42294563236069e-13
"CMSS1",795.23852052086,-0.692956348451756,0.22916246493156,-3.02386496260943,0.00249567807330141,0.00629560803162436
"SLC1A3",6414.4212785924,0.952093525945277,0.206926151396194,4.60112711477602,4.20210876007757e-06,1.96364259891644e-05
"RFC2",1399.71830480334,-1.72710390901505,0.217389472170557,-7.94474493990221,1.94590759613319e-15,4.50033972037221e-14
"SETMAR",935.978960398177,1.02135726619913,0.225437374126886,4.53055874233289,5.88278944075741e-06,2.67395406195658e-05
"GTF3A",4598.53228420903,-0.827476773793386,0.183880569691004,-4.5000772794205,6.7928762504674e-06,3.04430077846127e-05
"HIST1H3I",1749.15201103474,-1.68512810224733,0.236101718277346,-7.13729707069658,9.51839906548436e-13,1.47429148303924e-11
"STARD4",5424.78903659201,1.35705606473713,0.199958824593771,6.78667754470989,1.14745274568481e-11,1.4693963369427e-10
"QRICH2",324.692651802201,-1.12435526538159,0.315788814539956,-3.56046577210014,0.000370197565604211,0.00113606721119464
"SERTAD4",3779.6831687154,2.10479606433586,0.285086225595922,7.38301564705962,1.54743832537618e-13,2.67362955106662e-12
"ATP11C",3243.27486257353,0.827129975602756,0.184279588473922,4.4884513930842,7.17427886672916e-06,3.19583971530363e-05
"GMCL1",1178.98935951184,0.875529833526895,0.224738832369343,3.89576569521382,9.78889862198281e-05,0.000342162685343369
"EFNB3",1073.94905628781,2.95360654950516,0.255050333222896,11.580484966173,5.1752446013345e-31,7.55074576525569e-29
"AAED1",803.57286224554,0.772942003857678,0.262499318812934,2.94454860817564,0.00323426138210945,0.00793986311046312
"ZNF140",1519.897793833,-0.936493460632522,0.198885118786534,-4.70871559595002,2.49282604144629e-06,1.22495709595893e-05
"MTURN",2892.86295401813,0.704922022450667,0.209475272234191,3.36518012332536,0.000764937049224403,0.00216268565735263
"PTCH1",707.530865376049,1.49323075261904,0.231317172797169,6.4553389381444,1.07976963704375e-10,1.16323770014431e-09
"HACL1",1524.36722698855,-0.918267412565918,0.211640601380445,-4.3388055343655,1.43259215599243e-05,6.00155054927987e-05
"PDK2",940.946193419929,1.89258793659782,0.236266682579954,8.01038858264477,1.14346568213973e-15,2.7805509118369e-14
"PCDHB16",1453.76798180111,1.78373696535419,0.242841480170566,7.34527299084713,2.05339561446051e-13,3.50679615197895e-12
"NCAPH2",386.535744604408,-0.991987308227097,0.281282067422164,-3.52666388340451,0.000420830632315001,0.00127196327690503
"TPGS2",10430.4586223868,0.87458635963496,0.17601949237355,4.96869038673799,6.74065975470531e-07,3.74347354234527e-06
"MRPL44",888.208013375826,-0.686423726171651,0.225738002802224,-3.04079826015404,0.00235951866984042,0.00599839314735893
"WDR76",616.334555292177,-1.27166408683205,0.253535972222541,-5.01571463680052,5.28367018331386e-07,2.9891055158642e-06
"UBE2E3",2631.97173693159,1.09389213474286,0.200251274957742,5.46259760380399,4.69217394020395e-08,3.23713436224929e-07
"SLC35F2",1015.54849361163,-1.88523045483961,0.254042284822165,-7.42093174039633,1.162992471207e-13,2.03618444810731e-12
"TONSL",539.873102677015,-1.34238511031102,0.312634022627388,-4.29379086456927,1.75647938960914e-05,7.2101679146929e-05
"RSL1D1",13131.0955537761,-1.38140714601173,0.174809962195504,-7.90233650681073,2.73723242953039e-15,6.19705227053451e-14
"R3HDM4",1439.49163244157,-0.775864268461791,0.197082048151871,-3.93675768918288,8.25899260759981e-05,0.000293990285050044
"DAAM2",1012.68924412197,1.13148139959368,0.310874408323987,3.63967367302383,0.000272983770764355,0.000865144060845576
"HFE",734.070150936343,1.61393546776648,0.246281815132337,6.55320599655012,5.63147466026811e-11,6.39315730403925e-10
"PBX1",3987.85687630689,1.71530402621843,0.207394613174355,8.27072603267851,1.33145690023992e-16,3.78248981899888e-15
"CCDC73",122.996049190117,-1.47557818886433,0.442723374756851,-3.3329574921919,0.000859280696656552,0.00240696356318728
"EMC8",1229.95142391418,-1.17737772431481,0.210975002525855,-5.58065036245477,2.39620898823626e-08,1.73625982973489e-07
"NPIPB11",482.349234815596,-1.11379974660388,0.279320943699965,-3.9875267921201,6.67656665331407e-05,0.000243454689012236
"JADE3",792.375053065157,-0.730133581292645,0.240990522401131,-3.02971906952146,0.00244781309585058,0.00619316102906489
"OBSL1",2336.58204788113,0.650606352899839,0.188520823943751,3.45111133767355,0.000558283210330912,0.00163311657913137
"ATXN2L",13574.9557956479,-0.863750983966406,0.169222093782496,-5.10424475114107,3.32118210225222e-07,1.95466783288928e-06
"UBQLN2",8173.03206016269,0.638935676524274,0.181082258096905,3.52842781639244,0.000418035941397197,0.00126481022924528
"CYB5R3",4969.38141708302,1.37455178594668,0.176753239292496,7.77667097615132,7.44579291047409e-15,1.57132822528541e-13
"MFSD1",2461.45621455061,0.684413740388933,0.211346074234938,3.23835558747177,0.00120220866941834,0.00327064964437982
"KBTBD7",944.903290311226,2.46528512540255,0.240020442393517,10.2711464941002,9.50680592775642e-25,7.39154160883061e-23
"PRPH",122.923076211155,1.52984562053743,0.442765015435595,3.45520889682839,0.000549866612913034,0.00161168740858289
"FBXO36",525.59173420879,0.910109738671667,0.269928235703799,3.37167297929647,0.000747131042170161,0.00211690114034212
"DEGS1",4817.51078352017,0.619662999314165,0.181166084252073,3.4204139360432,0.000625259164274585,0.00180844659897138
"FBXO25",1464.49818247031,1.38910802779283,0.218191604621988,6.36645956291227,1.93441267913944e-10,2.00710175961984e-09
"FOS",841.790057123955,-0.890441950360791,0.309767950854052,-2.87454511645178,0.00404609958688072,0.00966777293120832
"PHC2",7180.6569923294,-1.10290484211395,0.181004384527755,-6.09324931543208,1.10641540404964e-09,1.01518767430579e-08
"HERC3",1751.18941000385,0.733741377670426,0.191566658478119,3.83021441987639,0.000128031645761885,0.000434792525751138
"URB1",5099.97298062434,-1.05243382555907,0.203119916814068,-5.18134234232898,2.20294744965498e-07,1.3310037300625e-06
"SLC25A22",2293.95031429454,-2.15188850479656,0.238361077096031,-9.02785190859669,1.75074545990912e-19,7.11007211175462e-18
"ITGAV",12549.1780491278,1.14840964220003,0.188568287002158,6.09015259382873,1.12803116357967e-09,1.03341645668097e-08
"HAUS6",1861.91222420668,-0.658095469114317,0.204744214478488,-3.21423230830027,0.001307938074295,0.00353307706560418
"NBPF15",1309.73157391008,0.924416453138787,0.228203378034715,4.05084473814476,5.10330626533956e-05,0.000190687478021653
"ATXN1",9843.30723149007,0.64300594459227,0.204922984917356,3.13779318045552,0.00170224941337748,0.00448044177445324
"BIRC3",2487.43782601881,-1.28062116054953,0.190052223655493,-6.7382592843055,1.60295340936757e-11,2.02173995644673e-10
"PLEKHF2",2324.42766120957,-1.18616166326386,0.253793751863222,-4.67372287361558,2.95788392312194e-06,1.426204496265e-05
"ATL1",893.881773098106,1.02072755088322,0.238446534560667,4.28073971703507,1.86273118320385e-05,7.60931805153926e-05
"PPM1D",1764.46862590258,-1.74627849491149,0.199948710143658,-8.73363220826399,2.46622147130235e-18,8.49731934339684e-17
"WWTR1",31385.17647438,0.71371270274865,0.195574768542998,3.64930869184047,0.000262946977172809,0.000836700962904752
"PSMC6",1043.16424114968,-0.836670482504298,0.214829887519182,-3.89457208289788,9.83722361522367e-05,0.00034336413828524
"ITPR1",5033.58818864914,0.603691647451576,0.185390874919915,3.25631802380974,0.0011286725441038,0.0030883658546466
"RASEF",136.506226800366,-3.0413760524687,0.445438954211469,-6.82781787204186,8.62159414923272e-12,1.13463251286896e-10
"MAPK3",2170.21800905327,1.05019721358623,0.191443166533392,5.48568660142303,4.11866528037778e-08,2.87334039453982e-07
"GRAMD2B",689.338666913329,1.85456325459146,0.270980275425197,6.84390497308874,7.70630512505513e-12,1.01871492134118e-10
"TBC1D7",58.1728092465599,1.9887930971911,0.642460960019429,3.09558591253694,0.00196424460387992,0.00509625526424872
"NAALADL2",1238.2546639092,1.88424482265382,0.257035763205667,7.33067180673276,2.29001843736499e-13,3.89401984068768e-12
"CLBA1",284.110784016229,-1.13312657642232,0.31511375510306,-3.5959286386966,0.000323236407481897,0.00100632451623316
"C7orf26",2328.3660036791,-0.69547165834306,0.188498127802622,-3.68954146362288,0.000224658611795132,0.00072561231871956
"GNAQ",10538.9537067479,0.597534037817623,0.168298981907926,3.55043168439678,0.000384599938809954,0.00117583731885286
"ARMH4",123.444154636748,1.5368144884928,0.495716752330292,3.10018671200531,0.00193398687074774,0.00502768518224742
"LMAN1",20646.6851131609,0.556419519965001,0.170694214359969,3.25974446205654,0.00111512634296275,0.00305696198588118
"PUS1",271.400010199739,-1.78481296401612,0.336872868655527,-5.29817961042509,1.16962886239345e-07,7.43154510525044e-07
"SYCP2",132.254739401279,1.29372616065992,0.417328000732136,3.10002242454444,0.00193505991767093,0.00502914050215693
"ANKLE2",4550.40497539102,-1.26052593162447,0.181468377350432,-6.94625669788342,3.75105971946053e-12,5.30898488198617e-11
"TFDP2",6300.28135255803,0.757696261191893,0.187036420323231,4.05106267475854,5.09855471878275e-05,0.000190679492615742
"GRB14",51.3827933456444,-2.0046060614977,0.698154411888256,-2.87129326602114,0.00408796076999601,0.0097599031070329
"NUSAP1",4043.18215080677,-1.23852921051935,0.200538384609624,-6.17602068018209,6.57373802908429e-10,6.23002694688999e-09
"THRA",2456.43206401751,0.623034394323531,0.198120942280668,3.14471750008593,0.00166247281002921,0.00438453552084918
"ANTXR2",4452.80789926826,0.787130465863673,0.189684991681392,4.14967182636037,3.32952277648479e-05,0.0001297767156085
"FBXO41",1318.70465004843,-0.749520364561925,0.25690933049803,-2.91745092756634,0.00352905174378664,0.00857449290873159
"TMEM198",639.556062883985,-0.757260037345548,0.253192428695915,-2.9908478750564,0.00278204048401783,0.00695423051050126
"GLI2",440.70372753893,1.15165804072839,0.277765550703455,4.14615144970916,3.38110231167011e-05,0.000131526883210393
"REEP3",3041.65327906074,0.734340296262966,0.200666283833507,3.65951011916007,0.000252697864939861,0.000808004157970585
"PSME2",1825.68714765167,-1.19373339598474,0.219596942321037,-5.43602011652591,5.44838063923864e-08,3.70904161258769e-07
"DPH2",971.713971533604,-1.1126285903304,0.227608280537621,-4.88834847177934,1.01685420546542e-06,5.44256476457897e-06
"FAM122A",2750.38110087143,0.748848956244093,0.205811670392449,3.63851551671566,0.000274214109131231,0.000868577416701389
"PHKA2",1044.45169182066,1.09295839476724,0.24432214880184,4.47343149250742,7.69742270721378e-06,3.40067818892906e-05
"BRMS1",423.367161583299,-1.4229265469068,0.277424165002705,-5.12906489920559,2.91184952530575e-07,1.73448778679755e-06
"SP2",2244.77834570063,-0.604201647615848,0.190521324540559,-3.1713071965717,0.0015175456846742,0.0040392691219549
"AUNIP",525.154964532943,-2.84623803151843,0.267937170059319,-10.6227815681128,2.33497798483249e-26,2.10647097898858e-24
"EIF2S1",4878.10096626028,-0.95029157289882,0.187649170550841,-5.06419277052628,4.10134478073523e-07,2.3736382281454e-06
"RRAGA",2339.40856637776,0.718730156692365,0.185616156736007,3.87213144227838,0.000107887740618543,0.000372812081470742
"MPP4",406.42805406986,-3.07792629808082,0.961053415324865,-3.20265892509252,0.00136165145085873,0.00365727201051103
"ZNF92",2142.18035555474,-0.681007161666801,0.20020210066207,-3.40159848180766,0.000669929858701632,0.00192399296965635
"RGMA",217.359405467764,2.35677746674953,0.407825927043339,5.77888091577629,7.51991265859257e-09,5.96845720612807e-08
"PCDHGA3",74.332833089306,2.31070082313158,0.542231760905528,4.26146343635921,2.03092585407639e-05,8.2309608173782e-05
"PCYT1B",822.643571991571,2.21412739042131,0.243628399708047,9.08813337474042,1.00753893339839e-19,4.23740039676236e-18
"FAM71F2",725.424222066506,-1.89284736946277,0.232888434846966,-8.12770016126641,4.37511801898612e-16,1.13887984027264e-14
"PSME4",8689.17453971384,-0.598048424384571,0.174153987759089,-3.43402084603348,0.000594698458727879,0.00172851608097542
"GGNBP2",35.0658167022696,-3.09632201689596,0.997150511834712,-3.10517016252528,0.00190169586805414,0.00495245521565972
"THAP3",684.574895877446,-1.35939515234375,0.266381044153957,-5.10319777693369,3.33961661072546e-07,1.96356164704246e-06
"GRPR",89.5210335201174,-2.35847327329824,0.602667714828933,-3.91338911188846,9.10097032196527e-05,0.000320582018673578
"NAB1",3975.39701523152,0.613151509058638,0.191608948234074,3.20001500300288,0.00137420434058461,0.00368763553520184
"DUSP18",260.237872356964,0.960104965498023,0.323412982271181,2.96866550858796,0.00299095980491108,0.00740720095859999
"CNBP",8282.97493476879,-0.559652179214853,0.180725877374507,-3.09669089642941,0.00195693814590475,0.00508176115321958
"CENPQ",556.477206897626,-0.752120519637635,0.245301494632645,-3.0661065508956,0.00216866017466557,0.00555948502043335
"NBPF10",524.391117400991,-1.17902736667244,0.304383210895728,-3.87349671226229,0.000107284854661146,0.000370945702862908
"AKAP1",1489.50809860237,0.998101044098072,0.201801565737873,4.9459529238467,7.57722706693852e-07,4.14380700958258e-06
"FLAD1",1122.81283528789,-1.12941597847505,0.234533730922888,-4.81558014717463,1.46772837654078e-06,7.5580017228579e-06
"RNF208",114.490597378672,1.52247602645903,0.44486721544309,3.42231563398673,0.000620901900938585,0.00179628363899442
"DCLK1",2950.65697163578,1.76437757934225,0.215576068629558,8.18447794580632,2.73486618237774e-16,7.3791435030457e-15
"SLC1A1",131.095431298995,1.37371790786784,0.42084752020886,3.26417013740769,0.00109785217904988,0.0030131019628452
"WIPF3",142.27165233855,-1.86675621301814,0.435165579340861,-4.28976072934282,1.78865716746156e-05,7.33715737766774e-05
"TMEM47",8016.34567054667,1.49978985392634,0.217437249614113,6.89757553771501,5.28975178073006e-12,7.25223741817492e-11
"NBPF3",129.221266680836,1.49938777792104,0.426002723630732,3.51966711654346,0.000432088731541074,0.00130265934422255
"NRCAM",9489.43541425734,1.34871524215639,0.193774039927039,6.96024732035425,3.39675886791691e-12,4.85403824680073e-11
"NPIPB2",497.200287821786,-0.802698549360783,0.275492729153997,-2.91368324610878,0.0035719213226963,0.00866796020361908
"SCP2",3521.17320442141,0.553517227842,0.191083739198038,2.89672595985961,0.00377078981873776,0.00908525873146643
"TRAF1",7669.88641891881,-3.44378501436368,0.217029218665272,-15.8678404481338,1.05819672493462e-56,1.56322111190967e-53
"KLHL25",118.452042990409,-1.61944895050449,0.443902621680519,-3.64820767305588,0.000264076146586451,0.000839389967821055
"PELP1",3022.46239963662,-0.731063790433897,0.183461284436161,-3.98483959534408,6.75257239795628e-05,0.000245771175235748
"TNKS1BP1",4704.08681114605,-0.695588013639396,0.192081730002188,-3.6213127278241,0.000293111943070352,0.000922748253384503
"METTL23",1112.96851447761,-0.62772682037769,0.218052795355083,-2.87878364207844,0.00399212108381721,0.00955618532885391
"DHRS1",263.728794359723,1.11221474696599,0.325662100956051,3.41524157616391,0.000637254664386164,0.00183864150969621
"RBAK",6061.06757523307,-0.626671946146548,0.171849711775266,-3.64662785682218,0.000265704298477367,0.000843657549544741
"ZNF253",909.512324742019,-0.718491299945014,0.236152495990322,-3.04248869753406,0.00234630628437081,0.00597085436449058
"HIGD2A",1523.02803733324,0.882980116211443,0.21842737404192,4.04244257426262,5.28972700792861e-05,0.000196894468597481
"ZDBF2",6116.47435145383,0.538839846621768,0.186853908548269,2.88374939977545,0.00392971336669052,0.00942588848539649
"SLC22A17",919.421134628797,1.19924042911286,0.256292542707004,4.67918581027091,2.88016342421806e-06,1.39327758278383e-05
"BLCAP",3686.32641400781,0.654462982115953,0.184546771689156,3.54632582366875,0.000390642884414375,0.00119138518916364
"GSN",12990.6380368881,1.35587193556021,0.165204047595468,8.20725614956058,2.26300444575819e-16,6.26327553629281e-15
"PPDPF",22869.1453488251,0.725863750385268,0.225966722005953,3.21225950415011,0.00131695358737162,0.00355336929122323
"CCT7",2701.52004541572,-1.17801565038033,0.196265358019948,-6.00215780443843,1.94712318633556e-09,1.70578960831087e-08
"HSF2",2267.8796051336,-0.750977286305042,0.18538651414625,-4.05087333220259,5.10268260644261e-05,0.000190687478021653
"KATNAL1",4950.21342502695,1.0048079064407,0.211379205411993,4.75357973118625,1.99846240492399e-06,9.9863969139077e-06
"NECAB3",1266.83307382741,0.855528231858544,0.206116734187577,4.15069759003638,3.31463477450279e-05,0.000129239042444982
"ZNF37A",1512.96957720494,0.651840679442315,0.223723273071073,2.91360246296431,0.00357284565803097,0.00866842331895093
"ZNF787",948.546541001162,-1.67202801787408,0.25145478869018,-6.64941807862807,2.94254069923474e-11,3.53763438286431e-10
"ZNF131",2026.59843123931,-0.938593643579221,0.187685514729018,-5.00088483085319,5.70677964888033e-07,3.21461972785833e-06
"CASKIN1",221.407089603272,1.31430515867101,0.34451835207351,3.81490608776214,0.000136234733602501,0.000460137776997528
"NXPH3",70.8155340797993,-3.03764342839606,0.616356830658914,-4.9283844638319,8.29123408446251e-07,4.49682443369334e-06
"NGLY1",1569.93910825367,-0.855415270462087,0.20824179511351,-4.10779819678278,3.99448878514907e-05,0.000152624857623316
"AAGAB",1502.51951636165,-1.18217896510548,0.200825481035217,-5.88659844862103,3.94224967106813e-09,3.26028737667482e-08
"DUOX1",64.5512308620821,1.79374332066493,0.586419722162381,3.05880456075152,0.00222222070691405,0.00568322967199962
"TSG101",4181.35896230172,-0.937171056775475,0.192873902041989,-4.85898323647464,1.17990122256731e-06,6.20840278196817e-06
"FMN2",522.57330190968,1.20987690007601,0.252704259002168,4.78771867499719,1.68687888124533e-06,8.54868551396113e-06
"PTEN",5591.13462077721,-0.682206053902728,0.179734158305575,-3.79563940618831,0.000147263415559975,0.000494515193372924
"TBCCD1",651.286142509795,0.855466995510887,0.241964291400945,3.53550927104918,0.000406989963704824,0.00123550151324521
"PIGZ",477.846026028799,1.85524000136462,0.26843502124098,6.91131877199857,4.80168686374177e-12,6.62924478454442e-11
"ZNF700",685.761012601409,-0.864687009394029,0.245646439792879,-3.52004698347392,0.000431470360803267,0.00130112700279995
"RAB9A",825.487020565816,-1.44065066699675,0.248936221848917,-5.78722797468624,7.15574347111965e-09,5.70624671671336e-08
"RNASEH2A",245.087985936934,-1.28548012282204,0.322870179931056,-3.98141483086648,6.85062684268972e-05,0.000248880135342475
"NTRK2",816.620137588273,1.99512245847044,0.308947897799094,6.45779587005913,1.06238908519014e-10,1.14660403733124e-09
"UBE2J2",1261.94513292591,-1.53793769382645,0.220596102743828,-6.9717355596822,3.13054591349464e-12,4.48990189389316e-11
"UHRF2",1266.61983407494,-0.997542465349985,0.204704576158786,-4.87308336759511,1.09869831049708e-06,5.83307126390588e-06
"VXN",314.84179745793,-1.99768352822356,0.335031392979609,-5.96267564796575,2.48140679601194e-09,2.13585327860664e-08
"LOXL2",15946.9137405746,1.40382777984639,0.171815395055828,8.17055875225992,3.06964409965284e-16,8.20747827368716e-15
"METTL7B",1229.00343131219,2.02339844651958,0.206844751993421,9.78220828432689,1.34248939272937e-22,7.81553677008652e-21
"CKAP2",6359.12772933432,-0.79963132821955,0.21356264883866,-3.74424709830063,0.000180935521139892,0.000596789279606822
"ASB6",2108.39296755422,-0.970931662954614,0.199250772275267,-4.87291292208022,1.09964699800427e-06,5.83548640431723e-06
"GNL3",5925.25451305841,-0.497391617268939,0.170639446160989,-2.91486891489133,0.003558379690352,0.00864042144659543
"FKRP",1120.65576877335,-1.46794715403425,0.228636526083836,-6.420440247137,1.35880799214601e-10,1.43892409060766e-09
"C5orf24",3701.2265722957,1.09754794208406,0.231916062859862,4.7325223123819,2.21746920156478e-06,1.10155742009637e-05
"CCDC191",779.626503075504,1.85432581422419,0.240471577459222,7.71120576417658,1.2463452531082e-14,2.53953589676426e-13
"FAM117B",390.356717540179,1.05859822694863,0.275151850357871,3.84732367080864,0.000119415163830346,0.000409176110799371
"SWT1",768.619268333767,0.661297765829146,0.225509481594722,2.93246102626233,0.00336287127835764,0.00821803407105677
"BAK1",563.783985016384,-1.7262388145375,0.313434817286251,-5.5074890195143,3.63988106761538e-08,2.55895981303264e-07
"SLC35E4",525.139028977727,-0.896569286467065,0.264387831896115,-3.39111403137248,0.000696091323434914,0.00198801528766405
"SLC35D2",1418.03177723306,1.00287429777582,0.205664366205546,4.87626668770379,1.08112422828395e-06,5.75528204047735e-06
"MINDY1",559.022665283138,1.24974619450187,0.244645305677576,5.10840046998056,3.24897470763887e-07,1.91694373913511e-06
"LRRC20",156.609902470087,1.2167026312463,0.409062694650488,2.97436712552308,0.00293593578980488,0.0072877313933867
"SLC18B1",431.056962215327,1.25031096604475,0.293604738278453,4.2584836109115,2.05818306124954e-05,8.33285625825527e-05
"KLRC4",132.46624839217,1.95443454368396,0.518281295445621,3.7709918549222,0.000162599980868851,0.000541145191187858
"HMMR",2104.98205558753,-1.80543076968785,0.212732374584341,-8.48686417953777,2.12287635827534e-17,6.63707746087247e-16
"SLC22A4",352.292555966584,-0.935223118840595,0.28593177219316,-3.27079118094231,0.00107247070186666,0.00294960641253436
"ALAS1",6690.10886793231,-1.02273015330373,0.180726201168476,-5.65900321420646,1.52254704206424e-08,1.14900772305972e-07
"CBARP",198.00569690505,-3.33994178403832,0.405440180466246,-8.23781643989374,1.75381984238116e-16,4.91152675290533e-15
"CHSY3",1004.75386897986,1.98496557923126,0.266779492115532,7.44047289201544,1.00325503880391e-13,1.78025045774544e-12
"ZIK1",1037.71495961041,-1.42356469396109,0.217285448092901,-6.55158781435027,5.69284950538493e-11,6.45044059967777e-10
"FAM13B",3976.02098422,-0.77706863798919,0.178154034243916,-4.36177963236736,1.29008775176618e-05,5.44509180370455e-05
"PSMC5",1786.01690439934,-0.992845692637535,0.205777629166216,-4.82484756317008,1.40110386457083e-06,7.24966964601489e-06
"ARAP1",1123.0454416048,0.977491579079238,0.21980862014591,4.44701203451609,8.70729614999631e-06,3.80557788094144e-05
"SPHK1",213.842859143008,-4.55852005164924,0.450200944186796,-10.1255230814395,4.2569642449147e-24,2.87478876836582e-22
"PCDHGB4",145.651241427575,1.38581610697233,0.440578166205705,3.14544889708697,0.00165832163643553,0.00437456363825784
"C1orf43",5871.3409449337,-0.970406642347948,0.183961336566408,-5.27505757709932,1.32714413533474e-07,8.35598795492057e-07
"ABCC10",665.278069148754,-0.808046869945906,0.236028464212859,-3.42351450127295,0.000618169534746392,0.00179013172301712
"VGLL4",2100.10814225414,1.20265253994593,0.235759481678368,5.10118418730933,3.37534877096389e-07,1.98170873245956e-06
"HHAT",265.249718511004,1.88643289056701,0.329183980481621,5.73063393852586,1.00055985143691e-08,7.81534456330564e-08
"C8orf44",262.695030924076,1.11227587226056,0.365607002800487,3.04227179386805,0.00234799779704721,0.00597387254370375
"RNF6",4683.92930436836,-1.25104019608911,0.181097834275054,-6.90809032088707,4.91221212396506e-12,6.75815167415822e-11
"MBOAT1",206.491072476821,1.67461997412364,0.347414968555655,4.82022977042618,1.4339297112621e-06,7.4065477830837e-06
"CEBPD",3032.43178889238,0.816078309007228,0.19494907013079,4.18611029259963,2.83775498181799e-05,0.000112177143837515
"MGST1",5415.50919370159,1.15535431924938,0.185999668264315,6.21159344008917,5.24499868454115e-10,5.0394629637323e-09
"MPPED2",626.483247261663,1.73530430565955,0.246241135264279,7.04717472893851,1.82586989709914e-12,2.70402637141825e-11
"PLIN3",2393.04507019718,0.760506045624162,0.19351710553439,3.92991639433659,8.49754028832087e-05,0.000301297853802747
"ESYT1",4992.72790811957,1.15246196850044,0.172141135971129,6.69486675569358,2.15868233493188e-11,2.64365884292487e-10
"KLRC2",123.512471353538,1.63301693833316,0.454913368109806,3.58973170016623,0.000331018490575822,0.00102811472316033
"BRD3OS",1724.17426844458,1.34498279893798,0.198115971701249,6.78886607368616,1.13018293005151e-11,1.45021735801832e-10
"TNRC6C",3377.52860520096,-0.975202631272873,0.195580681292169,-4.9861909920237,6.15812710555314e-07,3.4524073118324e-06
"CYP4V2",1964.499557799,0.790298782135465,0.206246013023448,3.83182574319929,0.000127195820952147,0.000432326779411124
"RYBP",6978.50071278545,-1.21862702495187,0.182970251247625,-6.66024677040329,2.73368196486655e-11,3.29784749758981e-10
"DENND4B",2817.96366267095,-1.15020808594038,0.230891608680774,-4.9815932788213,6.30628727828317e-07,3.52710378867726e-06
"HECTD3",1572.48540979393,0.789242331323175,0.204080178910401,3.86731497167925,0.000110040262244051,0.000379916979024303
"APAF1",2300.2738044644,0.847893132146909,0.202954119740158,4.17775767859487,2.94397054638664e-05,0.000116088901959284
"ULK4",1477.79447873143,0.670972992653707,0.202495653979044,3.31351799146833,0.000921301795859753,0.00256998063203999
"SFXN3",4730.84620259901,1.40733875312779,0.18624146783147,7.55652739164024,4.13972753352338e-14,7.8528571414413e-13
"ZNF84",2746.60155618757,0.814301558625607,0.201967766893553,4.03183919469083,5.53420500084494e-05,0.00020521880985248
"GRINA",20514.6923535687,-0.623049212911779,0.17775565292553,-3.5050880388755,0.00045645631408715,0.00136844259763621
"HIRA",2552.92432751697,-0.918536570350378,0.197142295028471,-4.65925675775319,3.17353157456476e-06,1.52025926826941e-05
"CNN3",20831.0426718661,0.614348295054681,0.174747792181726,3.51562836579819,0.000438714618633907,0.0013189339514158
"ELAVL3",66.5136220338139,-1.82475863010144,0.585980009635794,-3.11402880660653,0.00184551470568512,0.00481888926022685
"PTPN14",12902.6352984757,0.535615997298966,0.176599084466563,3.03294889051578,0.00242176612830303,0.00613514085836768
"SOCS5",4199.83851646157,-0.558243317081022,0.180312817348658,-3.09597135294928,0.00196169312629182,0.00509075304490926
"TESK1",1585.91723599413,-0.607842306459589,0.200170678551633,-3.03662010269301,0.00239246775583091,0.00607263400739039
"THAP1",851.377535864727,-1.03152085532525,0.275721219445482,-3.74117326696797,0.00018316318639528,0.00060245547921498
"PHYKPL",811.798395832925,1.30074092156406,0.245058351198995,5.30788245003664,1.10906125490819e-07,7.09247073079277e-07
"PRR36",168.853222695011,1.83540248612103,0.378159142650071,4.85351874149826,1.2128987349345e-06,6.36220028826275e-06
"CLCN4",723.870047316918,-1.03573610759788,0.269763682620096,-3.83942010851211,0.000123325250775096,0.00042087376937604
"MARC1",203.630130842612,1.66897126604983,0.420585186379021,3.96821219600871,7.24138419324467e-05,0.000261468617157854
"GCLC",3201.87651489345,1.71050559523904,0.238094621909852,7.18414209241012,6.76304998860151e-13,1.07139041240339e-11
"RNF213",18623.4030042614,0.537255687881586,0.177862452120359,3.02062454147448,0.0025225394411714,0.00635636910783871
"LPAR2",280.245700282139,-1.32210884412791,0.321884239903576,-4.1074047133341,4.00129763411089e-05,0.000152835602585399
"FAM118B",448.222246688327,-0.799497827408721,0.263228197109743,-3.03728033769649,0.00238723325590686,0.00606195157247685
"ASIC1",586.748974339097,2.03430963176466,0.2912374823482,6.98505431156168,2.84745805581738e-12,4.11384588064178e-11
"SSX2IP",5040.27508873257,1.08569942927995,0.205786826111016,5.27584515392765,1.32145637200165e-07,8.32461162276946e-07
"SATB1",4492.67963890351,0.83476396153804,0.189728649815316,4.39977811653964,1.0836161863843e-05,4.64772148575369e-05
"DDX55",1128.97285336352,-1.12288386170073,0.219002761924848,-5.12725890683539,2.93991094630423e-07,1.74943945435163e-06
"BIRC2",7562.8146357178,-0.901872101953683,0.18529247481948,-4.8672894181608,1.13139282802321e-06,5.99050198995444e-06
"KLHL15",3863.5653890255,-0.885383634971461,0.178794420069594,-4.95196457823928,7.34679794974945e-07,4.02710844944986e-06
"ADAM22",1044.11892411793,1.49994478978495,0.258790853887858,5.79597295364587,6.79262109154866e-09,5.44607843011683e-08
"SUPV3L1",1941.05274544742,-1.23375007858273,0.212186513680252,-5.81446038762806,6.08297876088365e-09,4.92050944531985e-08
"RNF40",5106.87681867773,-0.7150777906454,0.195058734953038,-3.66596138756647,0.000246411106286031,0.000789397249685094
"BBS9",2265.66094854873,1.94273524358144,0.199338671950822,9.74590241105206,1.92064741241212e-22,1.09126014999454e-20
"IKBKE",354.264073358963,-0.964532173657373,0.305892075354248,-3.15317803686272,0.00161503274554128,0.00427372525454699
"TRAF3",2765.56707421528,-1.19714759474184,0.197894257098064,-6.04943070252214,1.45358572137948e-09,1.30833785645565e-08
"MAP1S",3113.46836669098,-1.634367258745,0.2013838688109,-8.1156811039303,4.83067702412077e-16,1.24106393632737e-14
"SPTY2D1",3058.06631048101,-1.01307317371168,0.192965798932912,-5.25001414402919,1.52087532120538e-07,9.49482543370586e-07
"CDC42SE2",4389.90417263954,0.652967463929791,0.19001798602943,3.43634556693313,0.000589618391394983,0.00171459403285086
"DBF4B",610.957721326338,-0.936257522560392,0.269176887274275,-3.47822404828689,0.000504747845303061,0.0014950150465643
"PTPRM",7532.67334089624,0.900152196099848,0.186226730420796,4.83363582696143,1.34061734441217e-06,6.95802186045807e-06
"PLCB4",1157.21533324442,0.747713561061817,0.206673411152674,3.61785077669941,0.00029705957654037,0.000933435276669527
"CDKN1B",2681.28842646137,0.601804005030537,0.204844559560863,2.93785691121433,0.0033048951876787,0.00808806198550152
"CENPO",960.119903038585,-0.82621260582005,0.228765332504802,-3.61161630905202,0.000304294554900242,0.000954393059928624
"SOCS2",353.761394916938,-1.17103288911697,0.296279520852881,-3.95245977766534,7.73519342040471e-05,0.000277265744138134
"SAMD9",5330.94728522004,0.907110669859258,0.228664534314278,3.96699327501536,7.2785045428921e-05,0.000262648447901981
"SLC35E1",4997.28858922538,0.872910715807385,0.178383537780486,4.89344883876876,9.90840807360431e-07,5.31054723872361e-06
"LDB1",3336.16436485593,0.993824251061863,0.193589158042796,5.1336772219556,2.84135226478239e-07,1.69420287917247e-06
"PCDHGA1",152.800604633124,1.78205266781581,0.414714376295479,4.29706026527066,1.7307815175588e-05,7.12199720560931e-05
"CLASRP",517.356321073337,-1.63277637493039,0.389410993215226,-4.19293857486956,2.75364023316904e-05,0.000109056703336433
"NDC80",1372.36826550384,-1.50660117141262,0.247602466629987,-6.08475833023127,1.16667152223563e-09,1.06386759643369e-08
"COG6",1662.7157712819,1.67398327572341,0.210213427432989,7.96325570714095,1.67570667191062e-15,3.92148543537419e-14
"PHKA1",1791.54184139296,0.581211999464033,0.19856735449181,2.92702695743476,0.00342219216743041,0.00834229930583592
"ZPR1",900.623701631048,-1.62898397065196,0.240868302327921,-6.76296530057428,1.3519562644848e-11,1.71985135992265e-10
"SVEP1",909.322313140599,1.57794371492509,0.227277787892117,6.94279775229993,3.84409584962458e-12,5.42118433781184e-11
"AIMP2",1247.11371318643,-1.87324897886377,0.227159744307499,-8.24639499650084,1.63244450593259e-16,4.59338789788367e-15
"PRCP",4585.42310717226,1.00805595761434,0.1859281841095,5.42174906102812,5.9018693845637e-08,3.98334051323665e-07
"ULK2",3795.33698652237,0.748275377900476,0.17923552116356,4.17481631454986,2.98226583726054e-05,0.000117481392215817
"FANCI",1325.40829230394,-1.46067274605337,0.232250232960761,-6.28921972405578,3.19065600121399e-10,3.18741949470388e-09
"KCTD4",458.834482411953,0.875446161110536,0.278086847843775,3.14810343566607,0.00164333532421521,0.00433793541692547
"ALAD",1600.99211405215,0.67215331744646,0.212271906818924,3.16647326308625,0.00154299529948546,0.00409874110415023
"GTPBP4",1533.53408457542,-1.40656805991935,0.203255379422054,-6.92020090153998,4.51003583792575e-12,6.25582201086931e-11
"GNG7",225.256377018191,2.30020426251254,0.348568358470028,6.59900477659198,4.13926978946538e-11,4.82424954358007e-10
"MMP24OS",1685.39227249214,1.26797322982201,0.200095882165201,6.33682820506603,2.34543257118727e-10,2.39777873064802e-09
"ABTB2",2205.46277124246,-1.34821303640758,0.190852479949728,-7.06416304762042,1.61586926471116e-12,2.42032230296026e-11
"RAVER2",1745.46382792949,0.945572406960449,0.22444426862274,4.2129496679188,2.52057246228231e-05,0.000100533666416647
"RFK",2935.63084142811,-0.631478220900239,0.204299937701617,-3.09093692344891,0.0019952601429106,0.00516086328932315
"TGFB1",2476.69730671675,0.835760555365306,0.182868533346685,4.57028084640924,4.87071036307054e-06,2.2467624930042e-05
"CCDC15",555.384422494495,-1.17400124293627,0.247882117794373,-4.73612720991088,2.17840882078936e-06,1.08306417518252e-05
"DQX1",62.8126637441498,-2.52993425646892,0.614245821995617,-4.11876510327647,3.80908183153325e-05,0.000146254673484382
"PIGC",426.216219308207,0.838620068886888,0.274608247820128,3.05387793536411,0.00225903976882329,0.00576865427570302
"UPF3B",494.132516007188,-1.57615389728697,0.277173316926237,-5.68652825158647,1.29647946606507e-08,9.92344192354731e-08
"PLXND1",4358.08696338578,1.73310866441078,0.196392834318961,8.82470417223088,1.09749533700568e-18,3.94349580175319e-17
"ARHGEF37",813.427660677356,1.07929859100576,0.23174048429948,4.65735883079875,3.20291905572914e-06,1.53309426490915e-05
"FAM83D",1778.3206579083,-1.97835696836406,0.21011249572247,-9.41570353329771,4.69924686410014e-21,2.30438586887699e-19
"PPIL4",1984.82609404376,-0.579610062858059,0.193643297877369,-2.99318421660592,0.00276083050050514,0.00690967701291184
"ZNF142",3241.13747885938,-0.64208876202928,0.197035183592755,-3.25875181437844,0.0011190351633011,0.00306625494085148
"ZNF101",1065.89600388653,-1.98430457191339,0.232220971888173,-8.54489823110784,1.28649592248746e-17,4.13146978585782e-16
"KLF16",650.344874433944,-1.54108231638951,0.252055698126074,-6.11405466270666,9.71310100335492e-10,8.96792403575379e-09
"SLC35B1",1688.07719048179,-0.813627140543716,0.210645644075042,-3.86253959400112,0.000112214370937433,0.000385957344510647
"CAV2",8828.5806717615,0.729085225672569,0.211302456611885,3.45043421341633,0.000559685557354726,0.00163681363940068
"KMT5A",2325.87685405752,-1.36182944496748,0.189675672271251,-7.17977919181937,6.98240966689526e-13,1.10466020673853e-11
"RAB12",3479.77322549793,-0.635925686940857,0.182563875327752,-3.4833051489469,0.000495263498906715,0.00146951988282854
"UBOX5",1933.19495986413,-0.660071346105493,0.201441919459121,-3.27673280654696,0.00105015697170745,0.00289381431479524
"PAPSS1",1522.98274867677,0.819083569310142,0.194985492774321,4.20074107902047,2.6604270916978e-05,0.000105648277451897
"PLPP5",2189.52581589846,1.20278087838381,0.186141690964687,6.4616415170097,1.03573230003382e-10,1.12193256845093e-09
"MAML3",940.747255576844,2.0223077480555,0.307251192296373,6.58193620972118,4.64360827264549e-11,5.36968322564817e-10
"PRUNE2",16586.8588707008,3.20328596338569,0.230020181588387,13.9261083147819,4.39667897741596e-44,2.88666400861676e-41
"HSPA9",8448.84102805758,-1.09288187319187,0.175935837793818,-6.21182066653544,5.23741803261544e-10,5.03627390638318e-09
"FAM120C",5169.76943431313,0.714933852405039,0.200078552405489,3.57326581889756,0.0003525565437668,0.00108644412887511
"ELP3",2195.51220072669,-0.747926178409572,0.208670797734584,-3.58423980034276,0.000338061388341823,0.00104751166424323
"SYNJ1",3752.2540125221,-0.925277037608337,0.188593697994024,-4.90619277022532,9.28612616161262e-07,4.99742436147259e-06
"GOSR1",4052.80988804465,-0.746522226542082,0.174279866417084,-4.28346797532835,1.84002593191371e-05,7.52697350756534e-05
"LAPTM4A",6631.28662527,1.24909034747057,0.177313994439135,7.04451079240297,1.86114223303282e-12,2.74937236374773e-11
"PRKCA",14016.4917731269,0.579004812658739,0.187848446198523,3.0822975881676,0.00205409373865436,0.00529449941186854
"PSMD1",5520.6394964227,-0.558910495359688,0.179224260604203,-3.11849798389729,0.00181775385603751,0.00475060041367787
"UBR1",4807.16081654345,-0.540302150626843,0.176883577497412,-3.05456367556082,0.00225388163279053,0.00575921581325806
"MYADM",12454.9144014369,1.65398625972039,0.172494207380537,9.58864813397213,8.92466557296593e-22,4.70855793487997e-20
"TXNDC16",424.668152097847,0.771984886224359,0.264175058704675,2.92224742944932,0.00347515347246084,0.00845918923533309
"CLK4",1565.67456183577,-0.885059556820806,0.200438767609914,-4.41561064944918,1.00725240232117e-05,4.35236156878669e-05
"MAGED1",15390.5257451317,1.65803430939438,0.164394316901042,10.0857154958248,6.38979465339872e-24,4.10405397901446e-22
"GRWD1",1421.89432990266,-1.94674286493621,0.215893582686215,-9.01714094839799,1.93061941747395e-19,7.81371927250245e-18
"SIRT2",1598.95274792353,1.40529902706094,0.19425057646959,7.23446515630261,4.67367310884823e-13,7.53526177358369e-12
"ERV3-1",2174.44642576216,1.29083850707086,0.214041933582329,6.0307739024155,1.63176350219775e-09,1.45540989199796e-08
"LSM1",1249.65056581871,-0.929706546662496,0.222719561768718,-4.1743371766686,2.98854867593325e-05,0.000117689664285835
"DNPH1",116.080110757899,1.64321467565785,0.455964397071426,3.6038223295764,0.000313571446824802,0.000979589574035293
"TGFBR3",3121.73677418305,3.31491013759454,0.271749151269281,12.198419469247,3.16915697172253e-34,5.94493604632014e-32
"CHORDC1",2894.11313975547,-0.864922362634147,0.179554429449824,-4.8170483194671,1.45697415810096e-06,7.50916729194815e-06
"ZNF433",709.030598880643,-1.61141868262613,0.233695223736348,-6.89538560892503,5.37188856395e-12,7.35631275188425e-11
"EFR3B",761.572805449931,1.13404125486885,0.341057819325238,3.32507038575595,0.000883962159886579,0.0024708289511683
"HMGA2",11672.9170846795,1.17418706328882,0.21012191766381,5.58812272581434,2.29537410004682e-08,1.6683106466392e-07
"ETV4",531.741748441184,-1.60394993128416,0.304700477648136,-5.26402171622578,1.40937791286538e-07,8.84646614409529e-07
"PMAIP1",2834.46191966241,-1.94292754990362,0.191694468707815,-10.1355431014813,3.84232422408361e-24,2.62477385434798e-22
"GNPAT",1444.58821588904,0.796239308231779,0.20221342540871,3.9376184178792,8.22943226315741e-05,0.000293114618704021
"FADS2",23345.1644232266,1.62308412228411,0.172853587323694,9.38993599967728,6.00367261524542e-21,2.87252643590973e-19
"SMCR8",8686.00078590737,-0.662695973201068,0.175828578699052,-3.76898896700596,0.000163910131849049,0.000545045002305025
"RAB5A",9288.12497852694,-1.05841111454879,0.186215588494354,-5.68379437568347,1.31738658900147e-08,1.00769415591064e-07
"HIST1H2BO",1052.6503251602,-2.34827870167934,0.265969834050134,-8.82911669312354,1.05505603011335e-18,3.82473992757041e-17
"BET1",3176.80997199074,0.581829347790198,0.191729019998244,3.03464414409215,0.00240819646601691,0.00610862112800769
"BVES",991.092090437965,2.33841822337327,0.259659290135269,9.00571753914554,2.14260063178167e-19,8.58347602250706e-18
"PTPN4",1634.52957497392,0.838966837424042,0.197381443473791,4.25048486148823,2.13308253380623e-05,8.60661296842679e-05
"FARP1",1538.25269575249,1.32759481160026,0.203152260602759,6.53497434712881,6.36204450117082e-11,7.16745871447443e-10
"EGLN1",3555.84405918864,0.722593960584693,0.212593038013428,3.39895401720094,0.00067644088012846,0.00194080561334259
"CWF19L2",578.834264859349,-0.735376067280198,0.243191601265683,-3.02385470325849,0.00249576270334745,0.00629560803162436
"NPDC1",1215.23294016166,1.2698428909311,0.209701854866492,6.05546809177989,1.40009926746888e-09,1.26211847009514e-08
"NMT2",1018.25331012408,0.91173932835866,0.221362704467099,4.11875763152401,3.80920532226203e-05,0.000146254673484382
"SLC39A11",476.176733427645,1.05827329940712,0.280065030228033,3.77866989872121,0.000157668263895989,0.000526213934685908
"F2RL1",1987.80739399259,-1.81322421963262,0.228565985902448,-7.93304485999288,2.13837144849471e-15,4.91659022924327e-14
"ANK2",13250.899924369,1.7875917127203,0.211322649040904,8.45906352600328,2.69533191597463e-17,8.36048099291028e-16
"PNRC1",11634.3181955359,1.00849654133227,0.183956799964061,5.48224660099159,4.19958280989169e-08,2.92633665373231e-07
"TOMM34",9929.92844933303,-1.34952287665555,0.186730178290625,-7.22712787514809,4.9331555731406e-13,7.91045217956249e-12
"DDX54",1797.88657281757,-1.14867359506185,0.224385402332362,-5.1191993022809,3.06835570191122e-07,1.82128717655383e-06
"L3MBTL2",929.71140326878,-0.693526607483245,0.234576734014252,-2.95650210323547,0.00311150109439999,0.00766876328125529
"USP40",4977.05243071994,0.576826315893491,0.171804647947365,3.3574546601918,0.000786636436101281,0.00221714032955997
"HIST1H3G",4600.83706374338,-2.48407124001168,0.191316652763708,-12.984082692894,1.50632078186388e-38,4.68465763159666e-36
"HDAC7",1777.56407474959,-1.40812143462837,0.224242360059643,-6.27946224903202,3.39746075230571e-10,3.37404967821419e-09
"PEX2",1265.75686314706,0.839082376991633,0.210251777728892,3.99084557598169,6.58381401373311e-05,0.000240517817663981
"CORO2B",4238.20211281422,0.794447615078872,0.203989163786783,3.8945579281322,9.83779803887141e-05,0.00034336413828524
"RRM1",3482.05496233511,-0.750014879139339,0.189090788523124,-3.96642737066813,7.29579939175165e-05,0.000263192177080955
"MGAT5",3316.94255503184,1.60970366017685,0.200421262804801,8.03160122658548,9.62086455580219e-16,2.3687370275098e-14
"EN2",163.125689142082,-1.82781680202423,0.405223540652021,-4.51063824940475,6.46328616304792e-06,2.91316231406942e-05
"TCF7L1",1406.00374865677,1.5556546890885,0.23861929900153,6.51940013065969,7.05891196014671e-11,7.88489806663647e-10
"CNTNAP1",4682.39841785187,1.00274140085264,0.201314885505605,4.98096004343764,6.32696037205472e-07,3.53699232152047e-06
"BCAM",1619.99204201584,1.30589183209971,0.202082603141552,6.46216849841833,1.032130758795e-10,1.11905700068251e-09
"FNDC5",410.946943346629,-2.30903235797042,0.31786203369494,-7.26425968880087,3.75086802318555e-13,6.17378249275861e-12
"PPME1",3586.63369392188,-0.87428662147433,0.1947000069432,-4.49042932869224,7.1079756357057e-06,3.16869317475556e-05
"ADRM1",3429.80486692659,-1.1075556104019,0.236303971847517,-4.68699532107986,2.77245302925825e-06,1.3461318775585e-05
"CEP170B",1294.26082610403,-1.07017954608058,0.22871986503767,-4.67899692886022,2.88281760299897e-06,1.39399093421611e-05
"PTPN2",2035.84590770823,-1.18357970762042,0.197712241590661,-5.98637544189539,2.14568765621731e-09,1.86866151224585e-08
"SREBF1",9136.00640550073,2.04055036429752,0.167205712517393,12.203831636944,2.96534464840209e-34,5.74540608149306e-32
"PXDN",14906.7866410592,1.17924444635842,0.176846508392966,6.66818054297152,2.58994063721885e-11,3.13605721830454e-10
"LRWD1",1274.55140424171,-0.746515194993852,0.208542696213794,-3.57967557026566,0.000344021049385333,0.00106402532364194
"APBB2",2048.25919283369,1.01098265817144,0.219553064494465,4.60473034388882,4.13000659293107e-06,1.93377250060457e-05
"AP1B1",3471.70932696328,-0.898072038693355,0.189991382769018,-4.72690932401489,2.27963000688214e-06,1.12958773255066e-05
"HIST1H2AG",563.128309033243,-2.62681231038283,0.288348458316179,-9.10985384046162,8.24930294765126e-20,3.49427463209113e-18
"DNAJC2",2802.60850055956,-0.953501513967897,0.197254759358673,-4.83385808823057,1.3391206443513e-06,6.95668552910041e-06
"MRPL2",692.930198262837,-0.801983671873814,0.26125593784422,-3.06972418882214,0.00214256533811204,0.00550213758492136
"SMARCD3",1166.28735585572,0.708060827094097,0.228045318250482,3.10491279771143,0.00190335129998807,0.00495567430342785
"KIFAP3",1464.85839390957,0.903506271109463,0.198524240926517,4.55111308771553,5.33628550617151e-06,2.44434969426104e-05
"P4HA2",600.367048083844,1.59414982606751,0.277114460630153,5.75267642995766,8.78415160169469e-09,6.89316757163532e-08
"CPNE2",1854.13830710551,1.36837497680523,0.197961700123781,6.91232180744872,4.76784722978587e-12,6.59022439317069e-11
"UBE2S",1463.80019179529,-1.97716848097245,0.219406437656174,-9.01144242663842,2.03363842299578e-19,8.17467308944358e-18
"FTSJ1",2217.83919431793,-0.90498793711454,0.212824739002454,-4.25226851613385,2.11615910584723e-05,8.54416409733602e-05
"PPP1R8",3098.90663330166,-1.09185039823784,0.186229887531067,-5.86291713275991,4.54805231033058e-09,3.72222175924424e-08
"ENC1",4359.30374595197,-2.49827789642028,0.189569539453128,-13.1786884307856,1.16396783423045e-39,4.43734576288239e-37
"PTPRA",8288.49025045969,1.23118408550422,0.190366180739809,6.46745173286315,9.96693612524218e-11,1.08262179345691e-09
"ALPK3",224.005002002954,-1.71564657009057,0.425478197580449,-4.0322784571498,5.52386803012505e-05,0.000204899787759002
"LRP1",141656.510393561,1.38453579216637,0.183686238960129,7.53750417017847,4.79051320604903e-14,8.9863944554107e-13
"USP39",5600.32478172337,-1.17554745358298,0.191192347054313,-6.14850683981112,7.8215755193503e-10,7.32451501487178e-09
"FAM210B",3040.83959001786,2.10726160357705,0.268868003151771,7.83753209335044,4.59487533777441e-15,1.00188628674941e-13
"HARS",1504.75498760449,-0.824992469799745,0.21043181294409,-3.9204740873422,8.83749388513497e-05,0.000311951919756646
"UNC5C",1400.32322319364,2.62699692732067,0.278961256823601,9.41706729182766,4.63862899083992e-21,2.28413822557276e-19
"DPYSL2",30422.9027579403,1.35264177931437,0.180411813055926,7.4975233406421,6.50348972184818e-14,1.20091002395003e-12
"ARF1",9119.25375992254,0.538625024791952,0.17329930701179,3.10806219643629,0.00188318431682679,0.00490965635478911
"RRP36",985.384152839356,-1.18146298510665,0.219965333818399,-5.37113264439231,7.82436270766942e-08,5.15430983719271e-07
"TFPI2",958.058356434184,-2.35465694845317,0.253803704505956,-9.27747273443724,1.7354599644967e-20,7.91878990749886e-19
"WDR49",623.555694377491,0.829908311969015,0.267611192366889,3.101171907755,0.0019275634984716,0.00501208920240646
"FAM214B",1309.37750330773,0.635500968897418,0.201777883834005,3.14950755168104,0.00163545881687937,0.00431907313919114
"NRARP",149.133871839839,-3.78816881162512,0.503589493704089,-7.52233487589608,5.38065520501072e-14,1.00455897650579e-12
"FASTKD2",3267.25415049316,-0.533793785389105,0.178476541460823,-2.99083443134893,0.00278216295935437,0.00695423051050126
"ARHGAP23",572.7064737646,-1.64228345503252,0.268814285352331,-6.10936079114993,1.0003096389725e-09,9.22126311495865e-09
"ERMAP",514.491882560887,0.792952646450231,0.249656093345335,3.17617982331152,0.00149228416866105,0.00397561188125254
"ZBTB47",1095.97269154103,0.918492857982625,0.218573955884596,4.20220631623456,2.64326055176748e-05,0.000105037166108904
"ZNF763",361.632578758212,-1.48391638264003,0.301305490076072,-4.92495633672449,8.43791933767041e-07,4.57218389420398e-06
"HEATR6",1626.01663521871,1.02492375571738,0.201092732691513,5.09677173311709,3.45494506228585e-07,2.02432031463035e-06
"ZBTB10",6957.35860511266,-1.00065137761609,0.182623229224091,-5.47932145252031,4.26960051982648e-08,2.96987280419713e-07
"PDK1",8666.18837756378,0.772929742580201,0.188513398274142,4.10013160685896,4.12915252701509e-05,0.000157109866594541
"ZNF682",368.086782780656,-2.19701210620186,0.341193121813911,-6.43920397492691,1.20101708846084e-10,1.2844904933421e-09
"PPIC",1444.05380372611,1.05376243967826,0.221173408860556,4.76441740943021,1.89400073174866e-06,9.50862389456487e-06
"TBCEL",1198.15986941111,-0.684566625661435,0.205330222979394,-3.33397887426506,0.000856131598899692,0.00239927987569281
"MITD1",482.024001282993,-1.43830003543827,0.300056285916508,-4.79343410868749,1.63950324097892e-06,8.33549056032228e-06
"RPS6KA4",268.700713304091,-1.00237785080112,0.330935356874033,-3.02892341353136,0.00245426891675767,0.00620683716204626
"DIAPH2",475.922514323916,1.1125002758981,0.268887237110058,4.13742313638615,3.51228049102053e-05,0.000135913984423316
"RPA2",429.039662106313,-0.977122573627322,0.26516404095259,-3.68497391319371,0.000228726065975559,0.000737137891382372
"CHUK",1289.58617597874,-1.12065104187488,0.203205099401972,-5.51487657137017,3.49024820903028e-08,2.46108313450596e-07
"HIST1H4D",4816.00854656156,-2.30860999688662,0.205804659023323,-11.2174817025157,3.34665039013046e-29,3.99502164753149e-27
"MMP2",24291.5351030609,2.43983571392467,0.239340238551817,10.19400552405,2.10891780782521e-24,1.49240662592086e-22
"E2F1",504.893245885514,-1.71085325293854,0.271638686300073,-6.29826802743625,3.00989737756232e-10,3.02731635813034e-09
"ILKAP",1381.28635245145,-1.77114770625775,0.228240998899998,-7.75998928673534,8.49365600670743e-15,1.77660224225254e-13
"FRS2",10449.2722153426,-0.699737242433339,0.168290437558571,-4.15791445185235,3.21166244118717e-05,0.000125513977281581
"CAT",2707.03323452691,1.57118516492218,0.195205272417063,8.04888692537609,8.35503941745194e-16,2.08311932142293e-14
"GNL2",1988.58237040629,-1.60568280102791,0.21183171916172,-7.57999230418402,3.45575458461684e-14,6.67322020931402e-13
"USP53",3521.87441373071,-1.20757583163579,0.190428937338581,-6.34134627075469,2.27765960701521e-10,2.33455171168307e-09
"LCORL",1831.87897578475,-1.05166099879483,0.197163017753045,-5.33396684013066,9.60900781851486e-08,6.23267038414976e-07
"MMP19",122.568961497015,-2.13687120867431,0.48054311236321,-4.44678355322924,8.71655859713853e-06,3.80681040284491e-05
"PALM",111.361639480846,1.83824747910669,0.454868848151333,4.04126922865272,5.3162681110332e-05,0.000197820077255007
"PGP",437.564081507081,-1.25969214427303,0.279824640534554,-4.5017198695105,6.74057858667539e-06,3.02395312723557e-05
"USP5",2305.26700048425,0.764117517772245,0.183753245344804,4.1583892373624,3.20499571609148e-05,0.000125294870568207
"STXBP5",2849.7810350245,0.695759009115557,0.19876923969483,3.50033541499558,0.000464673079851628,0.00138884837068451
"C12orf76",402.965688584506,1.74496196218221,0.273770182192911,6.37382036350704,1.84376538796919e-10,1.91641331178714e-09
"RRN3",628.477957152389,-1.75418796364356,0.2397222892757,-7.31758389653161,2.52475293397871e-13,4.2686023138427e-12
"RUFY3",7476.25041944467,1.12153284521585,0.193683841543492,5.79053387354466,7.01630457038312e-09,5.60640212392074e-08
"NEPRO",3937.20972993564,-1.05183465458839,0.187544253364739,-5.60846112700007,2.04133535361782e-08,1.504021272385e-07
"ANKHD1",381.861081982918,-1.07541981083898,0.285516349165216,-3.76657874052836,0.00016549990328243,0.000549403892413415
"ZNF395",16287.246720631,1.18605644480699,0.175877485526702,6.74365136194148,1.54454908443288e-11,1.95224396575698e-10
"FGF18",123.70851211518,-5.15263607125886,0.605533779548851,-8.50924629687514,1.75067604991285e-17,5.54678004232442e-16
"STIM2",1932.82960606751,0.655170337591841,0.201192507681409,3.25643506879149,0.00112820731585326,0.003087807794987
"LAMC1",24640.7477228737,0.939866832089105,0.203530048600028,4.61782836762402,3.87776766577779e-06,1.82335559198975e-05
"WBP11",7425.3813957115,-1.12479631388822,0.178376221569825,-6.30575254924276,2.86796932855071e-10,2.89442028392932e-09
"LANCL2",1424.44609933044,-0.749277393198226,0.220066744512504,-3.40477337844952,0.000662189823689053,0.00190268887341533
"SLC12A4",3347.70001422602,-0.734479091693064,0.226086574004025,-3.24866301738019,0.00115948749187599,0.00316248073146538
"SOX6",2049.66458747052,2.72152138640974,0.242194753990208,11.2369130279336,2.68611612481875e-29,3.27263096526886e-27
"DDX17",23794.1060054571,0.92781906430302,0.198346363112732,4.67777200318862,2.90008741612031e-06,1.40176822428261e-05
"HIST1H2BD",2822.46636218126,-1.0148985927782,0.193867256701462,-5.23501807394454,1.64968720002342e-07,1.02126785384373e-06
"TRMT6",1616.05362960008,-1.96473026997136,0.215523748980959,-9.11607319036075,7.78956525090459e-20,3.3114058322011e-18
"RPL10A",3314.33332852441,-0.803745143043395,0.204296397712011,-3.93421103869098,8.3470420411033e-05,0.000296677722832357
"TMEM136",248.76862233178,1.37538408446328,0.323939066482753,4.24581110082476,2.17804072717294e-05,8.78501205246753e-05
"CPM",342.474763841213,-2.04995373527851,0.345779073789756,-5.92850721939564,3.05700975542494e-09,2.59166006381721e-08
"PTAR1",17907.0640227771,-0.567895877364359,0.167623977251627,-3.38791553974326,0.000704259473797153,0.00200843109588194
"ASXL1",5200.24499095952,-0.638514305251976,0.19283864616026,-3.31113248285996,0.000929192058380498,0.00258807253027121
"HSPA14",2155.51433639512,-1.20707818866852,0.198802200195319,-6.07175467616852,1.26520112770092e-09,1.14663703429214e-08
"GALK1",712.251018304104,1.61712698176156,0.229318765487696,7.05187374579828,1.76524340954444e-12,2.62410649232657e-11
"CNOT4",12954.9292391718,-1.02661397038493,0.180734799649118,-5.68022302499584,1.34519221711085e-08,1.02696909701654e-07
"PTMS",1709.07223452343,1.05163766027393,0.217130982765959,4.84333302819097,1.27679020096588e-06,6.66171578014974e-06
"TRIM17",177.702570390103,1.4807061389095,0.488020913215658,3.03410386483821,0.00241251355828919,0.00611465501651059
"NET1",1163.80965722151,-1.00070092732501,0.208325371975066,-4.80354801644027,1.55878485974079e-06,7.96098507883173e-06
"NUP50",1936.64032550542,-0.589271511096067,0.20372419291776,-2.8924964809356,0.00382193463621412,0.00919349145751648
"SPATS2L",5123.63459718847,1.06989907435346,0.17147723421281,6.23930680515686,4.39514205717207e-10,4.29626044926877e-09
"GLIPR2",730.553562838359,1.15075363306287,0.2316417557507,4.96781605429269,6.77111445726401e-07,3.75509294490596e-06
"SNX21",3551.71356758201,0.648110295238003,0.197884787545947,3.27519009053446,0.00105590897212355,0.00290676269102169
"FBXO38",3382.53564371406,-0.794835380456074,0.181763359565735,-4.37291312371798,1.22599520589132e-05,5.19871235853017e-05
"SDE2",1488.79918822399,-1.15328533679143,0.199162624289805,-5.7906715223498,7.01055638063179e-09,5.6055991411574e-08
"RACGAP1",5861.64038988605,-1.3570058053792,0.182829476634334,-7.42224848180946,1.15148520209232e-13,2.02202854655677e-12
"PCDHB8",554.817780547501,1.3981438221117,0.263423484626868,5.30758988361319,1.11084231587861e-07,7.10001865281416e-07
"STARD9",2706.9324927951,1.05318527208211,0.246875716861934,4.26605453735699,1.98960163627587e-05,8.08010726374855e-05
"FMO4",88.8373013704704,1.7367076220679,0.540484073433929,3.21324476970033,0.00131244388085847,0.0035420099986265
"SLC35B2",2340.83729273488,0.99301153447994,0.197489867658037,5.0281644636037,4.95197082915987e-07,2.8170028142116e-06
"POLG",1326.19223274246,-1.24781536900758,0.264745656734426,-4.71326096299025,2.43783663007425e-06,1.20243544633629e-05
"SLC37A2",170.10398642299,-1.48692562712507,0.382969159519837,-3.88262498470989,0.000103334872131443,0.000358547128258777
"PLAG1",4945.04297149221,0.722947339733478,0.197489729779476,3.66068321902483,0.000251543603693445,0.000804531071298817
"RARRES3",1149.64930208618,1.91364548770667,0.238368979306009,8.02808105852566,9.90090590145306e-16,2.42757066272557e-14
"B3GLCT",703.601636039717,1.33602423203748,0.258529867406009,5.16777517987629,2.36897025151023e-07,1.4262093954329e-06
"RHBDD2",8988.15593537075,-0.790673994152378,0.17577255434479,-4.49827902370592,6.85057508219194e-06,3.06667031520244e-05
"CENPA",204.595715965639,-1.78481794676589,0.372638414041185,-4.78967782041018,1.67049307276936e-06,8.47113939097647e-06
"DHFR",1083.17339587997,-1.41081508241473,0.228239917297594,-6.18128107965979,6.35834895008785e-10,6.03557975037254e-09
"ZFYVE16",4260.13340577539,0.670606007195764,0.175838076973894,3.81377013862206,0.000136862771719927,0.000461467685074494
"LOC100129484",224.750376576357,1.87978529178763,0.348960978787883,5.38680656592915,7.17205487797821e-08,4.76711724116684e-07
"LRP1B",1876.85833972391,1.8317826728894,0.260549358421898,7.03046318741365,2.05849031358278e-12,3.02201720818898e-11
"RAB4A",304.383734728688,0.986002182289303,0.305666308217905,3.22574701817119,0.00125644361051148,0.00340565380482216
"GPATCH4",894.219102987748,-1.50384215188291,0.247215900793648,-6.08311256296644,1.17871532202731e-09,1.07319396577186e-08
"RNF217",5105.454842792,0.548598497263638,0.186729180136105,2.93793662492262,0.00330404556971992,0.00808765752753729
"SEC23A",5167.29454385488,0.878736279454991,0.173572536586688,5.06264583519593,4.13477549292503e-07,2.39061034235032e-06
"SEC61A1",14404.4430407815,0.826731207407697,0.165413324060063,4.9979722740322,5.79363127204722e-07,3.26043497014543e-06
"ABCA6",647.35484284354,1.20672442912421,0.300558320604771,4.01494267966393,5.94602437493475e-05,0.000219183144301244
"C12orf75",2381.17649804644,-0.72486304129883,0.219146257831479,-3.30766789481863,0.000940763010536076,0.00261721686876538
"NR4A2",191.644716613328,1.70148101428485,0.364950717076434,4.66222132104621,3.12814518225321e-06,1.50034171119596e-05
"ADGRA2",2666.96981611363,1.1173675071217,0.187585825187776,5.95656684615265,2.57591778385282e-09,2.2139779177871e-08
"ZGRF1",1110.88662459066,-0.996566331883544,0.23309006988139,-4.27545597455377,1.90746493541345e-05,7.77324848507453e-05
"PIKFYVE",7260.35366859083,0.683118838745416,0.187337642205935,3.64645797129486,0.000265879941063672,0.000843988488716217
"TMEM167A",5688.67175252566,1.05430369159778,0.190071970314353,5.54686569436881,2.90835969461133e-08,2.07679727316717e-07
"BTD",771.753734558079,1.34642590464143,0.254440953576168,5.29170279279894,1.21182715128381e-07,7.68726423718305e-07
"PGRMC2",4676.36363746562,0.973858178912308,0.196669757653045,4.95174342275003,7.35515400178941e-07,4.02981965661323e-06
"PMEPA1",1186.05435191806,-2.01389656290598,0.227277384811072,-8.86096328757065,7.93259894567289e-19,2.93879167209913e-17
"OGN",473.832228882546,0.966211447527795,0.319837750265465,3.02094248326171,0.00251989222000254,0.00635105273107059
"RFWD3",4327.5555581764,-1.89181961199093,0.179001340977399,-10.5687454723024,4.16022392140138e-26,3.64189083726826e-24
"FBLN7",160.877632717352,1.37828809726217,0.387521415112024,3.55667595006005,0.00037557696473647,0.00115167840406217
"RAB3D",1242.1582407284,1.24786692505181,0.20527343742423,6.07904724892825,1.20898734171281e-09,1.09821770978954e-08
"ZNF724",396.425091305216,-1.8268180850791,0.278161897565212,-6.56746341274445,5.11795815068691e-11,5.86085556442034e-10
"GNAI1",1721.97179798878,1.83025504024741,0.224253206750392,8.16155571092724,3.30736779392097e-16,8.80325959201756e-15
"SMYD3",377.391785360696,0.876051513604857,0.287997194065497,3.04187516981719,0.00235109373843467,0.00598046185984093
"INO80D",8010.08873097469,-0.936885315092697,0.172868660238668,-5.41963658305213,5.97203097301201e-08,4.02839395200091e-07
"SRRM5",101.450737648013,-2.06543435754386,0.480748755140369,-4.29628643955781,1.73683131621407e-05,7.13943391131057e-05
"TRO",1311.0744636921,0.964456271542593,0.231333136429303,4.16912287806783,3.05774111311572e-05,0.000120134256897611
"SPTLC3",449.045579418229,1.49524889882099,0.261557939453569,5.71670239467695,1.08611089441216e-08,8.43896025651737e-08
"AUP1",4239.56754677049,-0.976925075129023,0.193474059418187,-5.04938531845986,4.43233923335821e-07,2.54897250899403e-06
"TTLL9",186.445159118769,-1.7604803490787,0.388368323937645,-4.53301734608344,5.81470380277442e-06,2.64809901892825e-05
"MAPK10",901.172081923389,0.99220522817285,0.281083825236609,3.52992644574137,0.000415675212773944,0.00125895685919079
"SF3B4",3672.94433868485,-0.631053058979391,0.189150323763489,-3.33625154016892,0.000849162939054302,0.00238144461645556
"CFAP20",1663.64462955466,-1.23380180536708,0.205834141017809,-5.99415529059548,2.04545843581034e-09,1.78796063568096e-08
"AP2B1",28198.9207364231,0.869540838653088,0.16574752438575,5.24617693009626,1.55287781286748e-07,9.6718709407578e-07
"RAB21",5932.65015814269,-0.674644811381344,0.173755987412996,-3.88271403723084,0.000103297022206991,0.000358521059748082
"RRS1",756.640452246269,-1.90826288004447,0.267942503602214,-7.12191180715948,1.06440161528653e-12,1.6336491285008e-11
"ATF3",5622.4890882355,-3.38135457206798,0.259017140348119,-13.0545591211587,5.98555341104515e-39,2.07073909467767e-36
"MAMSTR",174.674274371802,2.30089855546414,0.394438865063593,5.83334645558616,5.43266001585025e-09,4.41258942043424e-08
"YRDC",861.661945105451,-1.19746656163222,0.246433275578376,-4.85919183933979,1.17865884070426e-06,6.20462814229085e-06
"MRPL38",2978.79111481335,-1.13173040623828,0.210750102837617,-5.37001116962811,7.87317655938034e-08,5.18357663391403e-07
"GALNS",2128.5129752544,0.667309976011757,0.18718586003005,3.56495931853309,0.000363912629566119,0.00111823178788674
"SART3",4988.06018386925,-1.17776509202424,0.187609012413922,-6.27776393505947,3.4347687975246e-10,3.4053773195592e-09
"GINS4",592.436042631093,-1.82581481900163,0.262994855282781,-6.94239747404354,3.85500720403889e-12,5.43009238823976e-11
"C4orf47",342.030023450784,2.45349348553195,0.326199992670729,7.52143942568553,5.41764270409176e-14,1.00986910846934e-12
"SGO2",2528.48716750203,-1.42416462113955,0.205331116554935,-6.93594154180971,4.03524451049115e-12,5.66371967042571e-11
"TERF2",4612.96106480467,-0.782936297844005,0.178793979390173,-4.37898580541933,1.19232896961304e-05,5.06686219449368e-05
"GAP43",35.732810274474,-2.77129037564817,0.819241789797463,-3.38275025781253,0.000717638601026457,0.0020411679872276
"AOC2",301.240295644308,-3.02432062194617,0.375773261988212,-8.04825922404515,8.39799283001222e-16,2.08942061610704e-14
"PGAM5",1764.21720508777,-1.68183085101426,0.206912550599001,-8.12822057504702,4.35637971173853e-16,1.13650541795421e-14
"GLYR1",5136.26359718384,-0.714868209905979,0.174120005668064,-4.10560640153422,4.03255611222684e-05,0.000153930065033258
"RALGPS2",1080.78664164403,1.01262852064883,0.210898499320608,4.8014970419938,1.57483835775531e-06,8.03602750947854e-06
"AHNAK2",54447.649205462,1.77338248257782,0.210228067912143,8.43551719896383,3.29741327944028e-17,1.00435129217591e-15
"MBD1",4122.35964742159,-0.872907077956275,0.198238981844056,-4.40330690682695,1.06613176073598e-05,4.58165278122827e-05
"ZYG11B",6324.69228912887,1.01377325101557,0.193249193301083,5.24593781582365,1.55489344259827e-07,9.67653012355261e-07
"GGCX",2814.84436606628,0.920392266047979,0.186269574214978,4.94118414092541,7.76495292750318e-07,4.23666729904121e-06
"ATXN1L",5593.8943529091,-0.763003001995711,0.178012567845142,-4.2862310859954,1.81729949240116e-05,7.44299988743194e-05
"CKAP4",9868.16039658956,1.05744816075838,0.176548617755771,5.98955785777495,2.1041226959034e-09,1.83652304432691e-08
"PSMC4",2636.28457082672,-1.21349573796701,0.212239763504758,-5.71757015711058,1.08058066394131e-08,8.40704561320497e-08
"SPARCL1",335.329618653275,1.33826375025762,0.343476777373688,3.89622774642971,9.77025210303674e-05,0.000341611950750557
"ARL6IP5",9634.39873244902,1.77084721061251,0.198671007785559,8.91346568556154,4.94617185685768e-19,1.87954530560592e-17
"GJC1",7232.15449138719,0.639283081738403,0.171404086257653,3.72968402151998,0.000191720043922413,0.000627457069807553
"SYTL5",1379.473143889,-0.729453983852897,0.234399906005622,-3.1120062984812,0.00185820534492273,0.00484881226899909
"NCAPH",1352.48877607213,-1.67292636486023,0.208278943610739,-8.03214350840399,9.57842356763842e-16,2.36321105892173e-14
"MAPK8IP2",377.384833686102,-1.97102115526777,0.289393021284398,-6.81088004997457,9.70034887276155e-12,1.25976618657468e-10
"ARFGEF3",1664.32414132068,1.08592498724337,0.270181353540473,4.01924475176892,5.83849956441777e-05,0.000215555725874068
"CYBRD1",38041.8446480399,2.05436971107884,0.210756111401824,9.74761632018351,1.88850392260275e-22,1.07818064528113e-20
"PTTG1IP",11558.1013691603,0.591533303103229,0.165492853007205,3.57437371073345,0.000351067208880552,0.00108270153302463
"XPOT",14744.6992754243,-0.583504167541955,0.170910229530368,-3.4140973840204,0.000639936977475105,0.00184547955095188
"WDR31",524.379137462196,1.04576346995566,0.248521596818568,4.20793799550192,2.5771155331323e-05,0.000102581176728048
"ABCC5",1202.43625420039,1.09242625654818,0.247599585574272,4.41206819476074,1.02387851405721e-05,4.41290892747194e-05
"LRP10",5933.65864744467,0.759171805239632,0.174525286801154,4.34992441012057,1.36184468027209e-05,5.72954091543452e-05
"WNK3",2695.82635263743,-1.07964265513217,0.192848527197872,-5.59839720229964,2.16342623395137e-08,1.58464577496311e-07
"SDSL",3418.85463528589,-2.3285299857352,0.295778844994042,-7.87253728637051,3.47520050507435e-15,7.763689899616e-14
"SLC37A1",331.95554350462,1.84483045966803,0.296373794855415,6.22467469017638,4.82556207713214e-10,4.6898431437128e-09
"HMGCS1",5421.15026749949,0.908974499540452,0.236430516507798,3.84457350500468,0.000120762284132153,0.000413116350285417
"MCF2L",501.660583172007,1.38772295311979,0.305990865358145,4.53517771354233,5.75550027500306e-06,2.62315859043525e-05
"TYK2",1747.4045045985,-1.05655104666402,0.213945184033896,-4.93841939670225,7.87583188346415e-07,4.28726767382678e-06
"RAB5B",10989.8579193251,1.36450814646285,0.194840762998826,7.00319648445985,2.5018756950016e-12,3.64127671964641e-11
"CRTC2",2547.01625097767,-1.19207200874431,0.201515937758171,-5.91552222621149,3.30824229438641e-09,2.78269092064474e-08
"TMCO6",166.812309308461,1.11744991286808,0.387448976570496,2.8841214726109,0.00392507317109838,0.00941666965814874
"MEIOC",317.049318319003,-0.935395061549794,0.309117720826156,-3.02601565206237,0.00247799474959174,0.00625746622877675
"MZF1",409.139449529435,1.23871684097116,0.364995678097283,3.39378495501254,0.000689338000886019,0.00197110972525308
"CHST14",913.620077736122,1.23425516819376,0.224291016372723,5.50291843228661,3.73555276982483e-08,2.61998591298456e-07
"UGP2",3614.24958464765,0.65698215276228,0.199297754502028,3.29648547422843,0.000979026771766421,0.00271281087660857
"ECE1",32522.9508275794,0.905762914250197,0.175490769047761,5.16131372131423,2.45222826169008e-07,1.4719713971582e-06
"GSTM4",1619.58420643238,1.31104351322072,0.194842937632149,6.72871970189592,1.71162410057833e-11,2.14962525192717e-10
"STEAP1",643.567901191887,-1.89825935908203,0.283663960488437,-6.69192997169412,2.20246266749178e-11,2.69448279548839e-10
"CHCHD3",5073.66092174805,-1.54446066445957,0.193741995454902,-7.97173922377134,1.56456679843259e-15,3.69062882712104e-14
"ICA1L",1394.89648457352,0.756525233681361,0.206572402786545,3.66227639063235,0.000249983932837904,0.000800409135269126
"CHRNA10",191.479816942009,-3.61720989549402,0.408445191380862,-8.85604720492617,8.29017848746785e-19,3.06166654265297e-17
"DAG1",19869.231295059,1.08977621649024,0.175372426003292,6.21406820516801,5.16301000112252e-10,4.97687212016851e-09
"NUP188",9455.45811876924,-0.92675062779303,0.187081386083311,-4.95372974936336,7.2804304497338e-07,3.99814716798114e-06
"MATR3",14910.4309598758,-0.617896630525185,0.17020561397858,-3.6302952416302,0.000283097210456981,0.000894317784865171
"DNAJC5",6447.11808507004,-0.695085453789034,0.170433190940723,-4.0783455966085,4.535730963652e-05,0.000171475587103133
"NUP37",1587.47728996931,-0.951825141869225,0.211087269519829,-4.50915464506405,6.50864533884431e-06,2.93137083134383e-05
"ATF7",6514.73008260366,1.13308927505747,0.186973639949138,6.06015519281594,1.35990274489572e-09,1.22869500299523e-08
"CCDC39",577.304626484166,0.893214371925941,0.286245189801671,3.12045198923628,0.00180573731037387,0.00472232873069228
"MEST",4150.27990225747,1.20534890834115,0.176989356349818,6.81029036547705,9.74019508498698e-12,1.26355242057493e-10
"NEMP1",9712.36007930498,-2.09079946604653,0.169438229036171,-12.3395970197505,5.54326266931757e-35,1.2598130428076e-32
"SDK1",9107.91041577277,1.46778855456302,0.223178223889479,6.57675524512594,4.80825269287797e-11,5.53300197900992e-10
"VPS18",1801.03742149244,-1.68138469505703,0.218574820472086,-7.69249034003788,1.44298379118988e-14,2.90020109596633e-13
"KIF24",856.172214933723,-2.14809321769572,0.235153351942704,-9.13486114465042,6.54907655880551e-20,2.8042386511581e-18
"EGR2",166.72131172029,-3.38163583217933,0.496440149749086,-6.81176942253462,9.64055400257605e-12,1.25337807703458e-10
"STX5",1987.68462168992,-0.73265124964906,0.212977405253965,-3.44004214332225,0.000581623612537298,0.00169297909805078
"MGARP",251.695934519945,1.77415840276681,0.36070279677108,4.91861559890477,8.71584391808968e-07,4.70982365907562e-06
"SACS",11875.6433042333,0.685872917172744,0.174034420209543,3.94101877287799,8.11362752901629e-05,0.000289426049314562
"FJX1",513.642460916765,-2.16835656837856,0.302290796423254,-7.17308166187941,7.33280820952415e-13,1.15699769586324e-11
"ZDHHC2",2070.33142118502,0.63477593097672,0.209812668238713,3.02544139162516,0.00248270516090677,0.00626802170296865
"PIM3",3612.18187571642,-2.47130095965384,0.207742969005606,-11.895954753526,1.24224187197371e-32,2.03900200597018e-30
"MCM10",296.689874401894,-2.67298139536011,0.326036068278707,-8.198422369255,2.43562273580248e-16,6.66300682678557e-15
"SRSF10",6787.56561672782,-0.702259578407334,0.170564742168531,-4.11726110261081,3.83401623029528e-05,0.000147159479732477
"BCL3",2704.27499157688,-1.46453998921313,0.196183713194608,-7.46514562990433,8.32075339569599e-14,1.51284097892823e-12
"NID1",11095.969175884,1.81093536909509,0.21645341710869,8.36639769094404,5.94064551330043e-17,1.75516371690461e-15
"BICRAL",4086.26680284269,1.28607042479632,0.188421461613559,6.82549861243498,8.76204485880082e-12,1.14800272883934e-10
"MICALL1",2609.43991273513,-1.17896358359268,0.211851249546667,-5.56505371630095,2.6207166842513e-08,1.88621374996845e-07
"LRBA",5728.27797922833,0.62612315806704,0.185661424273346,3.37239230237301,0.000745182235144184,0.0021118857685693
"VPS72",2469.64187703393,-0.713878949877085,0.215771643420487,-3.30849289814189,0.000937995637828533,0.00261057853990623
"PARP11",1024.91811716372,0.767651784086446,0.209847376871515,3.65814333984486,0.000254048960081545,0.000811446110876676
"ITGA2",1392.21487036278,0.672836287191961,0.229244430118874,2.93501694607396,0.00333529472375419,0.00815792589240686
"HDAC6",1579.61977454056,0.76702442084403,0.202180228864378,3.79376571661984,0.000148379684298338,0.000497461307528442
"NECAP2",2063.71451998101,-0.639365963479739,0.216065207421262,-2.9591342868691,0.00308504634492643,0.00761467788311207
"FGF2",2845.82126750226,-1.18998591818301,0.185578804411717,-6.41229434554906,1.43345727551256e-10,1.51255340017923e-09
"SFR1",591.309882595267,-1.32428853557767,0.243072731481524,-5.44811640329276,5.09060399212812e-08,3.49365609633973e-07
"BNIP3",7363.31265365881,0.80179936270394,0.222475277141934,3.6039930953425,0.000313365383943855,0.000979204682032914
"PRDX1",9075.74533665084,0.990189978791685,0.16668291386185,5.94056076804832,2.8404873844877e-09,2.42495202582819e-08
"KDELR2",24865.7055135471,0.666052004673076,0.172515950894567,3.86081403614749,0.000113009892068711,0.00038836163277917
"CA5B",2677.50887385577,1.49847492120536,0.203730454164142,7.3551837272108,1.90664684904727e-13,3.27510936948265e-12
"PPRC1",3765.45596786311,-1.76406627757396,0.200111782290838,-8.81540435740111,1.19253866861428e-18,4.25783141561438e-17
"PGK1",29170.7199333804,1.98377954478452,0.186385823880557,10.6434035780307,1.87164960792489e-26,1.72805898956691e-24
"DDX49",705.615849526214,-0.72684154994163,0.244049994387687,-2.97824858289897,0.00289900759547454,0.00720817836383719
"PTK7",2382.96587570393,1.11407820683704,0.188897761806704,5.89778405091456,3.6841569675315e-09,3.0596884780244e-08
"ZNF557",1672.7069523976,-0.910488236250644,0.207113644998808,-4.39608040433978,1.10223119138476e-05,4.71962616658881e-05
"SMAD7",520.79085901694,-1.01419253847666,0.272234172512049,-3.7254417001296,0.000194973512794368,0.000636694383587688
"FAM213A",739.783120743164,1.19289843931613,0.238723800831988,4.99698159613202,5.82346237575786e-07,3.27566293939583e-06
"HGH1",1229.22684610927,-1.31477577881794,0.238211619558667,-5.5193603958271,3.40235766465601e-08,2.4005410675167e-07
"PITHD1",1437.55887481887,-1.59557594461837,0.204336404484391,-7.80857404555271,5.78386116353215e-15,1.2382911454823e-13
"INSIG1",21397.8602627693,1.2562690017188,0.198872568117019,6.3169546891937,2.66767755180714e-10,2.70847193361313e-09
"RNF25",1028.51492346399,-1.01226687516282,0.219856369842122,-4.60421899938459,4.14016614329023e-06,1.9377617220358e-05
"ZBTB48",573.057817267951,-1.64499740958594,0.278407681124726,-5.9085920436548,3.45044005929625e-09,2.8817880297359e-08
"SNRPA1",632.900489603448,-0.737327799657631,0.23757379544884,-3.10357376858261,0.0019119856308023,0.00497377199753942
"LPXN",1432.65695797375,-2.8776249865473,0.224753703326117,-12.8034597159535,1.56806354073415e-37,4.63284373109906e-35
"FAM222A",198.917908187352,-2.14468565520293,0.363604974754639,-5.89839469784529,3.67055098574131e-09,3.05160426775057e-08
"IFI44",1033.89257159909,1.48636771090992,0.277372882271354,5.35873477875101,8.38067776460738e-08,5.50238054567389e-07
"FAM227B",163.865061955515,1.28568547432086,0.38805964280587,3.31311306948772,0.000922636718337897,0.00257284585590308
"PCDHGA6",341.048238714826,1.62065149010344,0.329308184069685,4.92138236613183,8.59350486928298e-07,4.64796524234262e-06
"EIF2S2",4014.01578353913,-1.17852632102112,0.200404132048483,-5.88074861019334,4.08415063242996e-09,3.3658641683443e-08
"LZTS3",753.639696831178,0.991152032370977,0.268659206526329,3.68925392576801,0.000224912651561601,0.000726234348676229
"SUMF1",1285.53642751246,1.74235536019615,0.206499935355161,8.43755886508855,3.240339395618e-17,9.92081113404494e-16
