"","baseMean","log2FoldChange","lfcSE","stat","pvalue","padj"
"ZNF84",761.643403728244,0.654304693357793,0.100561068754554,6.50654076633568,7.69010408201232e-11,4.66973314133484e-09
"CLASP2",1117.01359296875,0.254490424335805,0.0933841681392215,2.72519881481836,0.00642627776010361,0.0478970611969168
"POM121C",2142.85110508859,0.206246677666356,0.0667184128205005,3.09130072115538,0.00199281696681976,0.0186083984316811
"PPM1L",503.411103511352,0.558128725352313,0.125011626242095,4.46461454930162,8.02130252398501e-06,0.000170375219704729
"TBCB",864.805464498965,-0.299219842426245,0.100915969486713,-2.96503956656377,0.00302644002405239,0.0262309136235294
"SYNE1",2840.76366852707,0.256327468413616,0.0604218476814769,4.2422977490673,2.21242895802427e-05,0.00041791263027718
"TMEM30A",1459.45149427771,-0.497284390084288,0.0845448755491259,-5.8818986586045,4.05586662525876e-09,1.74543338507875e-07
"POU2F1",2030.73944287069,0.191311113894651,0.0706553618617116,2.70766589900268,0.00677581960138936,0.0499754563446736
"ICK",673.8172475555,0.356693855106806,0.108045764328462,3.30132196596294,0.000962303850805918,0.010308315492724
"GNG2",1810.77044934689,0.20543160000172,0.0708498065372957,2.89953649899637,0.00373714832025814,0.0309801457905486
"FKTN",1217.4209848933,0.29952630767694,0.0995933758524546,3.0074922665608,0.00263412826732466,0.0234127724407578
"POFUT2",1538.96280654668,-0.259823750111952,0.0841806574369825,-3.08650179296183,0.00202526725209555,0.0188757959145403
"RPL27",6828.00623909749,-0.155062888622017,0.0547177438228338,-2.83386846365747,0.00459882570258423,0.0369473837696256
"KPNA6",2905.64554985389,-0.192357819708214,0.0647023125935379,-2.97296668384346,0.00294936463217529,0.0256302117026084
"EPRS",2530.62174393277,0.217491603698982,0.062789973019053,3.46379514501442,0.000532611950753688,0.00625360983221828
"ATP2B1",2413.54985540845,0.569516129157413,0.078070567402447,7.29488907415783,2.98905239057188e-13,2.95856405618804e-11
"SCARB2",2876.74527332093,-0.378600467748749,0.0607155247941488,-6.23564515059969,4.49919944743364e-10,2.38144792142771e-08
"SNRPB",2503.85856412182,-0.346673713247891,0.0646175766388889,-5.3650064159053,8.09463419286276e-08,2.85127007974931e-06
"RRAS2",656.695983921151,-0.606526683086244,0.11251126930106,-5.3908082883972,7.0141472479378e-08,2.48838815269134e-06
"COG6",285.916864191926,0.480940310551463,0.159830896731161,3.0090571997504,0.00262059772607016,0.023347143377716
"ETNK1",1045.65209398695,0.339255424297883,0.0949919034092095,3.57141411133143,0.000355058986668919,0.00442059603779743
"CENPN",1234.50656178219,-0.457899551115978,0.083590704292596,-5.47787645756845,4.30460494505334e-08,1.5898126770947e-06
"KRIT1",748.39270709875,0.410640184364769,0.100978253857232,4.06661997686502,4.76999328967354e-05,0.000806956104241617
"ZNF160",755.868654789625,0.289113978533703,0.103483032340577,2.79382979020357,0.00520878869556873,0.0405638005576234
"ARL4C",1038.35535033125,-0.514538481311992,0.0914392062278118,-5.62711010450015,1.83253764346372e-08,7.16935082806477e-07
"CLOCK",859.932099617557,0.347618146516456,0.0994340851412578,3.49596565425854,0.000472349494086364,0.00567392632580926
"CLCN4",613.732540719081,-0.303889270625823,0.111568771504349,-2.72378432179813,0.00645386376254626,0.0480664736807245
"OXR1",905.98369353037,0.329515717334462,0.0984301513034667,3.34771117356655,0.000814818827007495,0.0089116870162654
"TMEM167A",1270.72886207807,0.437411338913132,0.0808256146131899,5.41179106408862,6.23974690787849e-08,2.23790455265709e-06
"RAB30",911.022898903644,0.333787832016888,0.0957041291296662,3.48770565128544,0.000487184098385783,0.00581403151212099
"ALMS1",927.192786946712,0.332767511540385,0.104249273476091,3.19203674466568,0.00141273359493553,0.0140393947014778
"BCL7B",439.030376282026,-0.468449592762836,0.130300532979849,-3.59514717284605,0.000324208245619521,0.00409835659660539
"HADH",1082.28768066269,-0.265042855769394,0.0908751808014125,-2.91655932271085,0.00353915413847241,0.0297373070140916
"MMP16",3231.9098973817,0.417724403228027,0.06909667528475,6.04550655305149,1.48941296282425e-09,7.22657328727177e-08
"PTMA",4469.92873386089,-0.322888300571567,0.0534939942750108,-6.03597291523249,1.58007756306819e-09,7.59204258215966e-08
"SLC7A1",2475.71314007516,-0.6614107677649,0.06359630023877,-10.4001453745211,2.47555228368755e-25,9.21567840368255e-23
"NUAK1",1191.4785820605,0.226548540179617,0.0835503906611645,2.7115198191996,0.00669755370298617,0.049508877186077
"ANP32B",1641.22079804795,-0.243442160305258,0.0782592378844482,-3.11071468220412,0.00186635175086563,0.0176607549044627
"GLMP",623.087729389413,0.31952427057884,0.109906717410113,2.90723149692978,0.00364643234853482,0.0304320298362544
"SOCS6",1257.04150456417,0.281542982411679,0.0832343798297551,3.38253235006421,0.000718208184104881,0.0080235040702823
"RC3H2",2218.13125229082,0.307815322584903,0.0718609586371596,4.28348477981103,1.8398869012027e-05,0.000355687510705163
"REV3L",926.322101208666,0.71941760659518,0.0979392209975864,7.34555165200782,2.04912176374108e-13,2.15768161888396e-11
"GID4",312.581715512647,-0.534378987511538,0.152348862195589,-3.5076007776513,0.000452167052272392,0.00548474201396095
"FEN1",1014.12792174026,-0.379024573847234,0.090411058730779,-4.1922368697824,2.76217370660319e-05,0.000508178352192535
"ZNF680",226.098997629696,0.56335454876245,0.177785812591591,3.16872612358888,0.0015310859629969,0.0150943116152822
"RAB1B",2697.79995582513,-0.379017837252473,0.0659455541286475,-5.74743577881051,9.06069958083733e-09,3.6906503889353e-07
"CDC45",390.472557258303,-0.564084744778003,0.136631016298732,-4.12852630433986,3.65095678449693e-05,0.000645306611659832
"DTYMK",584.586979508295,-0.442718748363526,0.11411345910588,-3.87963656375317,0.000104612654761971,0.00159056229928416
"ZNF770",811.672366900648,0.39021102891961,0.106647424408117,3.65888844559766,0.000253311567000711,0.00332971831364281
"CREBRF",495.693258439005,0.588335026585081,0.142380963704512,4.1321185871875,3.59434886558913e-05,0.000636437657810397
"VPS13A",627.129606434623,0.827900989422708,0.110472827983802,7.49415946466126,6.67245625680686e-14,7.42067101459262e-12
"GEM",3060.39288843776,-0.296868809110791,0.0638105287487789,-4.65234836526052,3.2817604878696e-06,7.7524738207478e-05
"EIF2S3",2897.48426617513,-0.209104331829899,0.0604700531455213,-3.4579816116035,0.000544238529495227,0.0063599444686467
"UHRF1",510.131391475224,-0.522291926163371,0.127674464926323,-4.09080959504916,4.29869949157747e-05,0.000741263546474456
"GPBP1L1",1169.84994249029,-0.298659935709691,0.0843301467316901,-3.54155598305699,0.000397774438755141,0.00488482803324862
"MYL6",5337.95318920367,-0.257880650518698,0.050173714516592,-5.13975600577508,2.75095452687092e-07,8.53572034701203e-06
"SYNE2",1734.90210092981,0.357627530739637,0.0720871206621036,4.96104612661611,7.01145379474637e-07,1.99423476035631e-05
"CFAP97",698.294074990685,0.394855552050172,0.111786319916198,3.53223500287138,0.000412062988797592,0.00503530797915873
"NEURL1B",333.186494042415,-0.707876399033622,0.147324781667053,-4.80486983264897,1.54852216116734e-06,3.98864442708146e-05
"SEC22C",1430.56741946772,-0.317898713829013,0.0772761768250823,-4.11379971020809,3.8919915699782e-05,0.000680617183032583
"AGO2",2485.99968992722,0.200592194956416,0.0657406213605867,3.05126709795105,0.00227877761309467,0.0208656941350688
"PYROXD1",181.299387810303,1.04423856611868,0.213271878136503,4.89627875575007,9.76684950572377e-07,2.66314811040369e-05
"PLAGL1",671.219489441861,0.407648775482167,0.116250334214071,3.50664605171367,0.00045379232571923,0.00549771902076981
"TFAM",683.495529150518,0.411095995441769,0.107394901327143,3.82789117883263,0.00012924587261703,0.00189522318098276
"MGAT1",730.270810181404,-0.308922042358681,0.103208615321022,-2.99318076691373,0.00276086170862199,0.0243556231657223
"ELAVL3",408.765229482924,-0.406766780592453,0.133027636473047,-3.05776146503865,0.00222997006296914,0.0205504797804486
"SHISAL1",275.784415249616,-0.575465947090351,0.161042056048398,-3.57338922025068,0.000352390363818114,0.00439843609214589
"TCF3",1302.02120180372,-0.226291350862921,0.0802359128546925,-2.8203249992648,0.0047975033205014,0.0382024842046041
"PSMB5",1244.40080160868,-0.250025838146107,0.0854921076168383,-2.92454876965582,0.00344956021288315,0.0291577685628671
"CMYA5",244.073390227175,1.12789411802245,0.172859375835968,6.5249230050023,6.80364749076348e-11,4.1827641530172e-09
"CWC22",459.303670143969,0.664624271659504,0.126925584711892,5.23633019432712,1.63800800781326e-07,5.29836707886787e-06
"TMEM43",6348.68262468015,0.13943332460007,0.0480247017588222,2.90336679861747,0.00369173975922817,0.030655067228893
"TPM4",12423.6960586715,-0.216421089606715,0.042740178224155,-5.06364499632347,4.11315275704837e-07,1.23369654512923e-05
"TCAIM",311.597752904798,0.4349473239287,0.154515275093419,2.81491473037688,0.00487901777265737,0.0386649462880405
"PIK3R1",13352.094933772,0.194974260650496,0.0464364706688262,4.19873125244607,2.68414649501796e-05,0.000497522134975426
"KLHL13",1331.05841411107,0.384728035026129,0.083440573095578,4.61080288345381,4.01116747778093e-06,9.2117252192751e-05
"NFE2L2",2191.79554780763,0.247822826924682,0.0734250992703042,3.37517864310073,0.000737677889704321,0.00818557819763831
"DLX3",624.295605833586,0.38119166273571,0.109728530822988,3.47395212418036,0.000512852531995838,0.00605753503782196
"TMED2",4272.97850374129,-0.868981091605877,0.0540416052763255,-16.0798534233505,3.53213670229466e-58,1.74805445396563e-54
"VAV3",1102.36681181697,0.247004134660302,0.0863438128028158,2.86070450959106,0.00422700826134694,0.034412533869911
"ARFGEF1",2343.11534837635,0.233304901057064,0.0711919195975415,3.27712614543858,0.00104869505721235,0.0110378353021582
"KIAA1211",203.91969128153,0.50751347554171,0.187397334514599,2.70822142084509,0.00676448752611351,0.049929080934729
"HDAC9",3674.94058064567,0.556980885742246,0.0578328827360594,9.63086845046655,5.92267795484893e-22,1.54270174729197e-19
"TARBP1",411.27628891695,0.394050290774822,0.142082918077763,2.77338258606959,0.00554768559583684,0.0426327577853983
"CHORDC1",988.759466335065,0.38180695392769,0.0898997439396949,4.24703049414476,2.16622485379203e-05,0.000409967372903126
"SETX",4828.86367405665,0.387793715401745,0.0645955941793962,6.00340813221342,1.9321811148935e-09,9.0210984317056e-08
"CDC6",707.446059154266,-0.498904483034629,0.107697478865206,-4.63246204360138,3.61342598603532e-06,8.3957019741262e-05
"A2M",8724.25484865247,0.260559594225141,0.0496874890488678,5.24396783200052,1.57159611705178e-07,5.1002158578946e-06
"CS",3118.69759911641,-0.19502613858998,0.0603180188357945,-3.23329814795319,0.00122369778579177,0.0124996498284488
"STARD4",410.847720290494,0.402652094277239,0.133176800739113,3.02344020912483,0.00249918408875046,0.0225085751687462
"TMEM47",1487.99335654685,0.300852166533192,0.0799004739959263,3.7653364427917,0.000166324970154626,0.00235857386044483
"FAM122B",1341.61968789629,-0.332270173143926,0.0818093243605521,-4.06151958521912,4.87543272006339e-05,0.000819304466268039
"ANAPC11",1006.40627366381,-0.315359386686404,0.0890807733207766,-3.5401509768085,0.000399898192043245,0.0049048231782454
"CDKN2C",936.726266599565,-0.267278481779931,0.0936349056581294,-2.85447483394486,0.00431080469224024,0.0349740531506507
"DPY19L3",799.448938148597,0.447481510630856,0.100745263172578,4.44171265763944,8.92456859211197e-06,0.000186755560094554
"GAS2L3",559.544022626627,-0.400308610929863,0.117459999049124,-3.40804200724066,0.000654308211079799,0.00742699847851818
"GRIK2",685.407612172251,0.50572351898972,0.108207812594013,4.67363221625369,2.95919051245893e-06,7.0920260756219e-05
"SRSF1",4526.66474273204,-0.163842824042521,0.0535726096629171,-3.05833195495669,0.00222572872228933,0.0205314658837091
"SEMA5A",5374.51242128038,0.258229020930097,0.0610892487768862,4.22707802273387,2.36745593685905e-05,0.000445495795875111
"VAMP4",397.668569340485,0.392017387704143,0.140214283436818,2.79584488894663,0.00517642376652605,0.0403434979850983
"TRIAP1",485.842698416327,-0.475531086150405,0.12438538896327,-3.82304618021353,0.000131813080580992,0.00192431544482398
"TRPM7",1123.61847608854,0.303668138639966,0.0969416934001785,3.13248229929731,0.0017333487890188,0.01657650851566
"STS",273.554459561318,-0.449927177760998,0.165622476993654,-2.71658283300664,0.00659596875793688,0.0488674391961521
"TTC14",656.365595666406,0.544493748471746,0.111512019726527,4.88282563446583,1.04576339659948e-06,2.81567485102402e-05
"FOXO3",1704.24699519521,0.201185396310652,0.0733305678647807,2.74354068390186,0.00607805161050472,0.0457842883110926
"RFLNB",379.608763517254,-0.901090177534245,0.145018913758462,-6.21360451668441,5.17827612778352e-10,2.68348571271211e-08
"LRRTM2",164.152656681965,0.762624689997397,0.206884690906169,3.68623065658967,0.000227600082986757,0.00304842438620151
"SAMD9",700.302308195822,1.19644440060883,0.111367116211728,10.7432466719725,6.37618650394399e-27,3.00530923885893e-24
"SMS",2529.04247832183,-0.315980788511003,0.0633468287666422,-4.98810745009853,6.09736550591084e-07,1.75952547456284e-05
"PRR11",2320.4458884834,-0.726758549925769,0.0647570045180292,-11.2228562042803,3.14931656130569e-29,1.83364325434139e-26
"EMP1",12196.7273886054,-0.118588284972465,0.042776665651678,-2.77226574736109,0.00556675698870711,0.0427461293050605
"TOX3",439.179950500851,0.481759697590034,0.130731707645203,3.68510215515196,0.000228610928131251,0.00305782563059881
"CD276",3047.61021072093,-0.200329431664466,0.0592438694509464,-3.38143732880813,0.000721076793829104,0.00803740777626179
"FKBP4",2406.81269179354,-0.237793358162051,0.0639678287630858,-3.71738986237525,0.000201291693379738,0.00273303865716413
"ICAM1",284.585381862602,-1.09053197366447,0.162862929535683,-6.69601103684883,2.14185553780911e-11,1.43243825089422e-09
"NUCKS1",14011.2558505398,-0.197597233618485,0.0424191687245203,-4.65820617329223,3.18976670374356e-06,7.55318440996501e-05
"HES1",197.1603330234,-0.575533013001693,0.189667764741926,-3.03442714045162,0.00240992957953325,0.0218839293378166
"TNIK",1105.55263073586,0.422822817687934,0.0855125598540322,4.94456976156113,7.6312211076446e-07,2.14504267955192e-05
"IBTK",1269.40470886811,0.414258817506525,0.0954031317294245,4.34219307057357,1.41067480907792e-05,0.000281012627095896
"SUDS3",937.799929084786,-0.839564077946098,0.0954502191122601,-8.79583185617078,1.4199208359057e-18,2.75576008505778e-16
"F2RL1",673.523860664537,-0.380410308489415,0.10856962319011,-3.50383742074247,0.000458605250621809,0.00553453086819412
"NPAS2",1723.63621954485,0.278701840204722,0.0726089089048828,3.83839730424568,0.000123839988712583,0.00182950478847335
"CEP55",671.238762415822,-0.465962026890009,0.116222308674877,-4.00923051867351,6.09169274591811e-05,0.000994561862427031
"NBEA",287.712902453076,0.479187792510413,0.165728313571113,2.89140571206499,0.00383522655914808,0.0317135108458209
"DRAP1",621.300020574174,-0.466417860077122,0.111101712381954,-4.19811585327898,2.69144938414386e-05,0.000497943289799176
"SNX4",600.395232863217,0.339500159987862,0.112891768089046,3.00730660644868,0.00263573773038651,0.0234127724407578
"PNPLA8",620.447286554588,0.38322356173745,0.119875694352809,3.19684122629208,0.00138941381983006,0.0138354305721106
"PLCB4",104.559277739777,0.88650133503617,0.259435507339791,3.41703934101469,0.00063306130703365,0.0072607657207637
"IL6ST",2119.15422373611,0.568129046578107,0.0776177145006231,7.31957968916421,2.48748828489833e-13,2.53826381896121e-11
"KLHL24",1075.53600555664,0.367344513384448,0.0886216843743654,4.14508611495885,3.3968602837788e-05,0.000611311328888047
"JPT2",1825.27296037327,-0.24744557024952,0.0763393532946937,-3.24138939577209,0.00118948582205118,0.0122410903422102
"TRIP13",488.708376671485,-0.498984019456496,0.129226258815175,-3.86132063275285,0.000112775789667605,0.00169386155710161
"PPP2R1B",1541.09832744956,0.253793406000706,0.0754700117357864,3.3628377704407,0.000771456851944919,0.00853170940843666
"SRSF7",2214.0628852643,-0.198580227346304,0.0662044884937959,-2.9994979474075,0.00270424945795837,0.0239201618720929
"BMP5",216.331915401193,0.603174685120213,0.182350181922057,3.30778219556717,0.000940379151817666,0.0101172530920557
"MAP3K1",306.574422266469,0.564300036981247,0.164985585651115,3.42029902039162,0.000625523373975064,0.00719097602277025
"FAT1",6127.77534248319,0.261873305193742,0.0586266962422867,4.46679280905575,7.94009608391499e-06,0.000169013055996969
"DIS3",933.649497203687,0.43308189493709,0.0972894843090382,4.45147693003915,8.52816962474005e-06,0.000179599623288675
"BCLAF1",2385.54016112449,0.524093877852828,0.0733354991169667,7.14652363675773,8.90030700304222e-13,7.77964910601971e-11
"EFCAB7",338.474930486849,0.674249479164458,0.15333129213429,4.39733775003955,1.09586747288288e-05,0.00022597700513739
"GPR89A",531.780719135269,-0.404116142257841,0.120398079784796,-3.35649989584697,0.000789357506591671,0.00866192971202257
"VKORC1",1101.27492150083,-0.257345201382455,0.0863228950402106,-2.98119289514769,0.00287127872325103,0.0251281315674083
"CPOX",703.131784702206,-0.311362357512688,0.105499939964852,-2.9513036463947,0.00316435667756669,0.0272118178927499
"ASF1B",1053.1597753941,-0.420158842190302,0.08827655313607,-4.75957462388304,1.94001389151728e-06,4.92365576877899e-05
"VIM",53735.0492606186,-0.124743085423669,0.0371818095194744,-3.35494928933819,0.000793795344649797,0.00870098152972723
"ALDH3A1",765.69865060455,-0.314903677098174,0.10352353278566,-3.04185597829399,0.00235124363710322,0.021424076947693
"HELZ2",2431.93599127729,0.20001645822268,0.0704130152118665,2.84061771280278,0.00450262521777186,0.0363515370354861
"SEC24A",726.46593573545,0.337641861431113,0.102701664015487,3.28759874212163,0.0010104574700026,0.0107072143123506
"DAPK1",826.69760458184,0.429553809926757,0.0987684027829361,4.34910151246233,1.36696429751775e-05,0.000274446503383989
"TMEM123",2759.25734227518,0.267062447396754,0.0747615725766817,3.57218873536712,0.000354010126486693,0.00441308845335678
"TNRC6A",3484.62399378921,0.159199505142743,0.0563002653932559,2.82768658425921,0.00468856840676603,0.0374858239823669
"ZNF10",214.909255628403,0.547731354885922,0.18963370906609,2.88836493038814,0.00387250304741648,0.0319416959694402
"TCF12",2374.56676570743,0.227489696902342,0.069453516897112,3.27542372316933,0.00105503600645723,0.0110505252824483
"ZFYVE16",646.158484468788,0.687526253857298,0.118220965402409,5.81560344662257,6.04155369435185e-09,2.54465099858275e-07
"PHF3",741.743798133115,0.678701878850781,0.107705605979879,6.30145360286606,2.94867053287626e-10,1.64892321663329e-08
"LSM4",640.334896769671,-0.339726919030123,0.112612302161119,-3.0167833576838,0.00255472322584285,0.0229045747186526
"TENM3",1391.92946475595,0.266440541511814,0.0847112112562838,3.14528074336855,0.00165927517756781,0.0161489731637818
"ARRDC3",2324.8473361322,0.22212764409981,0.0691326388993291,3.21306473521533,0.00131326685980846,0.0132369810370511
"PHACTR2",589.245927507801,0.363909906801912,0.119265479829541,3.05125931931038,0.00227883665467477,0.0208656941350688
"SRD5A1",343.12504859342,-1.81388022368834,0.158582609660881,-11.4380777789394,2.69796870155795e-30,1.66903088800129e-27
"CARNMT1",380.150928525501,0.744069855774141,0.139631575490087,5.32880799462846,9.8859438977828e-08,3.4094450418207e-06
"EIF2AK2",2536.82648199837,0.201101542109997,0.06312259860669,3.18588820088093,0.00144310352008365,0.0143268190990852
"POLR2E",1005.13424034473,-0.253901283859027,0.0906853384143896,-2.79980521987818,0.00511334504709515,0.039984935306415
"ZNF264",894.505006517489,-0.322689604546997,0.0987512318466927,-3.26770206824316,0.0010842443630022,0.0112966849526271
"FZD3",426.950226631414,0.356233765090653,0.13126593453775,2.71383254417929,0.0066509776844833,0.0492303093369622
"TNFRSF10D",1100.59463675624,-0.465790620989324,0.0881931823687991,-5.2814810451166,1.28143742246484e-07,4.24202930018627e-06
"FANCA",891.551671026728,-0.276744615059145,0.0943827478089435,-2.93215255418662,0.00336621347558899,0.0285998120011844
"PSAP",12852.2793069268,0.139131056003903,0.042097871445005,3.30494277331001,0.000949957943208942,0.0101981385269871
"THAP5",683.185549151126,0.343510041523265,0.109965882583485,3.12378742800045,0.00178539391153282,0.0170248833683544
"SEMA3A",541.911224876751,0.567819876617804,0.119639752372576,4.74608033999876,2.07396363047009e-06,5.2101756381708e-05
"G2E3",395.888517031258,0.516284783325333,0.138268871626361,3.73391911897909,0.000188523058061746,0.00258807382620688
"MRPL51",1675.66076958861,-0.201247688817297,0.0729193206810043,-2.75986785035592,0.00578247469049083,0.0439592430771722
"PAWR",153.750515354354,0.59098413495696,0.213592662431671,2.76687470547364,0.0056596502448857,0.0432915132332911
"TFAP2C",579.649915134643,-0.375968699336173,0.113458053970008,-3.31372420185842,0.000920622661819355,0.00992627789399562
"ZNF268",584.532285846083,0.527759936067289,0.113197691059974,4.66228534456303,3.1271719073192e-06,7.44056431217438e-05
"YTHDC2",656.800803351104,0.331276264941233,0.114284473367289,2.89869879241227,0.00374714682146974,0.0310370370200063
"STAT2",2192.85736502625,0.259737160634355,0.0669880367586824,3.87736636572933,0.000105593291876939,0.001603009820549
"CCDC34",185.875914325754,-0.585868594333471,0.200238321496609,-2.92585649916863,0.00343509348077848,0.0290851627653939
"CHIC1",414.773391025242,0.789668015977304,0.147602482968397,5.34996431019645,8.79715790558312e-08,3.08774003366885e-06
"VDAC3",1792.55752933406,-0.237270892683352,0.0718826614128109,-3.30080840107939,0.000964066943465747,0.0103110433815882
"ZNF146",1864.39490786845,0.460699459711053,0.0851663780818175,5.4094053320956,6.32343658673309e-08,2.25141637897425e-06
"RICTOR",508.208423192508,0.722298204746585,0.123120004327191,5.86661939051822,4.44770040981253e-09,1.90577223620452e-07
"TOP2B",3669.31789258857,0.304339313792164,0.0704294976191939,4.32119103614368,1.55189239172153e-05,0.000307212617865195
"H2AFY",1166.25137281106,-0.345842839762876,0.0840647657960557,-4.11400467827274,3.88853548163056e-05,0.000680617183032583
"ADCY9",827.934983804278,-0.349965654449564,0.0970329304851329,-3.60666891847799,0.000310152982668333,0.00396115383542085
"ASPM",1698.45744142687,0.399307639651998,0.0866441267624327,4.60859442610403,4.05400252879973e-06,9.28854560881013e-05
"FAM171B",379.982195276892,0.544585930487848,0.154051372131769,3.53509302093092,0.00040763163311801,0.00498731508603468
"TNRC6B",2081.90704067373,0.31397094590171,0.0690827258100669,4.54485462494529,5.49731818882974e-06,0.000121456373734457
"CALM3",7201.7953670233,-0.180025846450102,0.0516738001938755,-3.48389020692616,0.00049418216717388,0.00585798214453541
"SNRNP70",1059.18771726511,-0.278198213324305,0.0909888898401634,-3.05749651207972,0.00223194238876361,0.0205504797804486
"ELOVL6",597.768300406816,0.31003463702855,0.113154123735273,2.73993228699189,0.00614518433272862,0.0462196310982887
"GPX1",2484.84098982734,-0.231656010764915,0.0680029921486193,-3.40655614474485,0.000657880179473453,0.00745045539637098
"KIRREL1",7812.33969066752,-0.183193067574334,0.0463545956142181,-3.95199365126473,7.75027973187773e-05,0.00123133657762642
"RBL1",793.851649010387,-0.312324152069708,0.100513613160832,-3.10728211083168,0.0018881611780845,0.0178330337220232
"RAN",5640.70087086571,-0.174938334964399,0.0500754862663208,-3.49349248520543,0.000476746401768776,0.00571287637373771
"HNRNPUL1",4898.48351662273,-0.179379536252614,0.0571305047047587,-3.13982061211639,0.0016905131805817,0.0163564999622656
"MORC3",759.487881092844,0.383842165771709,0.112627284486666,3.40807440684724,0.000654230524708868,0.00742699847851818
"MYL12A",996.525042327212,-0.358605379502697,0.0904128826124306,-3.96630844124191,7.29943898496018e-05,0.00116720269908135
"ZNF493",135.397488893447,0.685030671163939,0.233365327278824,2.93544323465614,0.00333071546379917,0.0283468801897542
"RIOK3",885.170010464552,-0.405022308481791,0.0945764394825335,-4.28248632215205,1.84816496157294e-05,0.000356591360422006
"HMGB1",4263.64078660949,-0.25346779825827,0.0541789432186301,-4.67834518727031,2.89199396665396e-06,6.95118795560953e-05
"DDB1",6665.93450145868,-0.160047471600656,0.0486862370384126,-3.28732474178239,0.00101144123884096,0.0107072143123506
"TNPO1",4482.81872393706,0.415880152287733,0.0590119741349111,7.04738586336669,1.82310254810702e-12,1.5163923547196e-10
"TUBB3",7613.8952869865,-0.331542772842615,0.0494402867872217,-6.70592333473893,2.00136783194874e-11,1.34758767351215e-09
"ATP9A",3483.67344309703,0.157546499741729,0.0575168190843117,2.73913791217814,0.00616005272959829,0.04629628087894
"PARP12",413.18404596777,0.405654611709106,0.132958652888967,3.05098316578061,0.00228093362842437,0.0208656941350688
"STAT1",6804.84026953561,0.281217650723736,0.0474239150374185,5.92986999284746,3.03174626493682e-09,1.33965288081896e-07
"NPAT",548.629881658813,0.715500803298573,0.122802505591369,5.82643489115309,5.66239433882609e-09,2.39514440879063e-07
"SFRP1",566.779051932353,-0.383304022475374,0.117815614153145,-3.25342294593591,0.00114023644611291,0.0118302519325216
"ANXA4",1802.0095989668,0.245809617615432,0.0703477409725361,3.49420769192001,0.00047547096806862,0.00570449895993116
"MECOM",1816.61496208796,0.425071620853142,0.0710397174752514,5.98357701804243,2.1828974484375e-09,1.00029254373308e-07
"CERK",2198.21458257337,-0.199141349187236,0.0680336408086327,-2.92710116378142,0.00342137572075492,0.02899381582537
"MATR3",5589.44395393803,0.228201644282316,0.0581183284698145,3.92650047395701,8.61907225700584e-05,0.00134773423696436
"HPCAL1",972.033526028109,-0.284030352083136,0.0903588572385581,-3.14335927615001,0.00167020702379938,0.0162393999229531
"RB1",629.92310782736,0.348823485320124,0.109619101512491,3.1821414380082,0.00146190407374318,0.01446992652191
"HSDL1",724.188911884885,0.302294852346709,0.10344308871052,2.9223301055198,0.00347423104539164,0.0293162309354531
"PCDH20",854.177644968064,0.604014557932709,0.0963770724547954,6.26720175813615,3.6759374953995e-10,2.01018946571625e-08
"CDKN2D",104.683018461598,-1.1043782126344,0.263658230674802,-4.18867338147524,2.80589895583656e-05,0.000515265080980896
"DNAJB14",452.384354848335,0.651095686749473,0.137049754095473,4.75079792041,2.02615538406767e-06,5.11604234477086e-05
"INTS3",147.99645997691,-3.01893479091165,0.276017256496969,-10.9374856819679,7.62862384974686e-28,3.77540594323972e-25
"CCDC191",206.915393951737,0.539060964557779,0.195098706354514,2.76301660134153,0.00572698534985055,0.0436885811988227
"CEMIP2",1304.23922988649,-0.390495768717543,0.0836306051390894,-4.66929263596854,3.02238597982214e-06,7.22598464451196e-05
"MAP3K2",1585.74368155274,0.445162618349589,0.0829138814563386,5.36897574363354,7.91850676382867e-08,2.79919214101343e-06
"VGLL4",2464.4199522362,0.18933024710499,0.0632204718617412,2.99476168920476,0.0027465933942061,0.0242513661158358
"ZNF254",345.536050876263,0.581226725120036,0.159559156233239,3.64270367706391,0.000269789352211024,0.00352292217438616
"COLGALT2",213.233315006715,-1.05409638685809,0.184528611701152,-5.71237369175691,1.11411103477118e-08,4.48271179762809e-07
"CCDC82",377.858688471934,0.636059942332698,0.144852564057828,4.39108514557445,1.12786360116296e-05,0.000231130308991945
"RAB18",860.695183764994,0.281131993209025,0.0954224204334414,2.94618384161738,0.00321721122780041,0.027592612266082
"TTC37",1368.22837968402,0.512218569418849,0.0894397081362246,5.72697049322539,1.02239942911929e-08,4.14742194648474e-07
"CAMK2N1",653.322564795506,-0.402160962740373,0.113139793456299,-3.55454920373096,0.000378627658379719,0.00467288848209782
"HMGB2",4722.23377287191,-0.410942773383319,0.0519586182899306,-7.9090396724995,2.59381951282825e-15,3.75294480975609e-13
"OGFRL1",276.49934743758,0.607244730259789,0.161620767113032,3.75721970082658,0.000171811645492383,0.00240536303689337
"AHR",13470.4144886797,-0.165487756257359,0.0536273947068049,-3.08588095994825,0.00202950055418679,0.0188849639803847
"TRIM33",658.651859507271,0.365636504659132,0.11118046365295,3.28867583967329,0.00100659884481884,0.0107017350870213
"SCD",17257.2203405388,-0.505040442187922,0.0416175910152715,-12.1352637158311,6.86883563908448e-34,6.18070319596893e-31
"TMCO1",1580.18428772557,-0.315528814599941,0.0742638044112831,-4.24875640429757,2.14960510979497e-05,0.000407601367370701
"PSMA7",3543.25912573706,-0.199732114336037,0.0577160955683639,-3.46059643101563,0.000538980155667153,0.00631340305419347
"RMND5A",1066.17755198163,0.391069822834588,0.0905519421984368,4.31873478735102,1.56926220929667e-05,0.000309413492980448
"CDC20",1007.47578039443,-0.565290141610931,0.0906502762844261,-6.23594504927117,4.4905872557931e-10,2.38144792142771e-08
"ARPC1A",2862.22565384237,-0.259597790548529,0.061527981653044,-4.21918261535702,2.45189619148094e-05,0.000459637661046939
"WNT7B",76.078965625575,-0.909420256935155,0.313811904858729,-2.89797883016756,0.00375575939907785,0.0310823633211309
"UBR3",1586.20078790085,0.34814431207944,0.0787439679079392,4.42121880988345,9.81457244805728e-06,0.000203231460441153
"CYFIP1",1377.79442693145,0.345432627174579,0.0848225571065034,4.07241468493874,4.65282452478562e-05,0.000794028571488415
"OPA1",1451.89041321132,0.300256133292004,0.0823850241434242,3.64454749408446,0.000267862669248743,0.00350238401614803
"ITGAV",5043.77549469695,0.514691097610081,0.0645253889239529,7.97656714966377,1.50459327089208e-15,2.2564339689833e-13
"FBXO30",637.962152874424,0.310261106290863,0.109315278337281,2.83822271698916,0.00453655161934516,0.0365588625906945
"CPLANE1",850.290064162346,0.49625089701906,0.107884973660083,4.59981478590904,4.22866746305477e-06,9.62191966650946e-05
"BIRC5",1762.58802660194,-0.833672730268628,0.0725502050084431,-11.4909769058765,1.46446382657761e-30,9.66350863697676e-28
"GNPNAT1",495.826128063764,-0.363745927945851,0.126733061012161,-2.87017393125971,0.00410246069029818,0.0335588065393152
"LOXL2",2838.71122612461,-0.218665803203118,0.0602283412089266,-3.63061307706594,0.000282748793809252,0.00367759206455188
"BTG2",375.622433667926,0.377383380731336,0.13814968491482,2.73169917806199,0.00630086424876331,0.0470755917497631
"ALYREF",683.544913463452,-0.404167636840315,0.107757100807426,-3.75072857205585,0.000176321488950338,0.00245461335813003
"ORC1",354.295880302854,-0.498651209288258,0.142501479423543,-3.49927040270345,0.000466533199101605,0.00561086950754275
"SYCP2",117.916301717687,0.91911549130765,0.244474569005857,3.75955460334866,0.00017021612492231,0.00238640113949154
"ANK3",849.895220490113,0.4917903867045,0.0969575822346232,5.07222205184983,3.93197193800875e-07,1.18654445861008e-05
"VPS13B",2032.22701944196,0.279587365038369,0.0805944390905524,3.46906521334848,0.000522272663765457,0.0061541128880363
"H2AFX",757.604355236936,-0.44679867183573,0.103130631368232,-4.33235660354309,1.47521744443867e-05,0.000292619283868816
"GGH",903.924566294819,-0.276109017963961,0.0976638296989164,-2.82713691256185,0.00469662427922901,0.0375199250329368
"TIA1",1830.21234556785,0.217429587827878,0.0708105062215437,3.07058372309342,0.00213640780057198,0.0198183359044625
"EDF1",1992.29775892664,-0.220092676540401,0.0809176931123129,-2.71995737983922,0.0065290331008794,0.0484803973237092
"ZNF845",191.357104897897,0.544358764033335,0.192970644186278,2.82094080334756,0.0047883037882477,0.0381599282577099
"MTREX",1063.95640144116,0.32125647516285,0.0946457664455215,3.39430369923378,0.000688033459892542,0.00772791093736147
"POC1A",273.376534631046,-0.580828245741876,0.161186804952241,-3.60344784992775,0.00031402377525212,0.00400542181371841
"SMC6",365.323533364991,0.554315795477442,0.147968512222586,3.74617401466872,0.000179552063538467,0.00248908448866071
"SUN1",2583.62362574948,-0.340619681554009,0.0659905195996277,-5.16164569729999,2.44788261155201e-07,7.7162872895356e-06
"HAUS8",229.202589232874,-0.495139247728319,0.182097910815652,-2.71908252824261,0.00654632725840552,0.0485723742156656
"FAT4",1117.89515859173,0.474742184093914,0.104941004143549,4.5238959543832,6.07115782618063e-06,0.000132603847197715
"B4GALNT1",650.06874382877,-0.435395682527978,0.107606463057257,-4.04618523978717,5.20590432497749e-05,0.000870406098118703
"CBX1",2384.95597627499,-0.259856887892666,0.0681075592847976,-3.81538981313443,0.000135968118927926,0.00197622972268519
"PLOD2",808.616613240495,0.353177753096121,0.0980369527161706,3.60249623546149,0.000315175966208827,0.0040149442902638
"RPL13",7385.92373522327,-0.190718607492886,0.050774839319346,-3.75616368361838,0.000172537869167775,0.00241211840257435
"CBLB",636.787848234521,0.433910893508652,0.111436438526161,3.89379721074617,9.86871582498751e-05,0.0015120828055066
"ODR4",418.830597754371,0.406996403826696,0.143557620212591,2.83507349330522,0.00458151446852061,0.036838204881736
"SCYL2",1086.95809543072,0.436488516929844,0.0967146990308789,4.5131559246282,6.387002972914e-06,0.000138637182951541
"HDAC7",525.198518953104,-1.2941231652458,0.12883357376171,-10.04492173476,9.67244303543153e-24,2.99180753639691e-21
"CENPO",601.720317323086,-0.382735760985026,0.112578597871591,-3.39972044616848,0.000674547802042568,0.0076044124653956
"ADAR",10109.6696964482,0.179253271002162,0.044083150110987,4.06625367177393,4.77749320151129e-05,0.000806956104241617
"SVEP1",1841.72233118336,-0.265802782123263,0.0735081864228189,-3.61596163717557,0.000299234692363365,0.00384758854725751
"LGR4",4302.88814485588,0.170008246244309,0.0548839263941634,3.09759628025426,0.00195097010505869,0.0183387484329258
"NAV2",2065.15702905234,-0.375229939226751,0.0708393385231361,-5.29691477997358,1.17775626217588e-07,3.97864555734363e-06
"KHSRP",1778.80689214023,-0.223709477279073,0.0727458696638007,-3.07521895487619,0.00210348068928464,0.0195495322652952
"PMEPA1",513.855582540203,-0.456926954558364,0.12196575876515,-3.74635437998787,0.000179423077964178,0.00248908448866071
"FRZB",351.004361119873,0.446321367381901,0.142973816353758,3.1217000340648,0.00179810046240915,0.0171130753624287
"TACC3",785.794038723665,-0.604691655012117,0.102489154737218,-5.90005505033721,3.63380308013768e-09,1.57751679329837e-07
"FBN1",12902.0663228284,-0.304614240222554,0.0429550566651654,-7.09146405269632,1.32700550904836e-12,1.1131102142848e-10
"EEF1A1",36072.369548473,-0.111987674635121,0.0391794870855884,-2.85832416311324,0.00425885071935624,0.0346377193263666
"RRM2",2202.42587857213,-0.498931619813951,0.0715371091010957,-6.97444481728867,3.07081046678544e-12,2.35603471197728e-10
"ATRX",2045.46909698526,0.836516108323454,0.0677725085093037,12.3430005281363,5.31380031208447e-35,5.84399949877912e-32
"NKTR",2397.89020584004,0.548131410886346,0.0653875553189356,8.38280936200733,5.16791405900779e-17,8.97403743088756e-15
"ZNFX1",6305.71878371814,0.17411935145761,0.0484482792853962,3.59392230283181,0.000325737009378776,0.00411242974340705
"GNB1",7548.32114084032,-0.224578107340281,0.0478533714588581,-4.69304670692559,2.69166005604246e-06,6.54595853432636e-05
"GCC2",555.462635737109,0.823447695798431,0.118247792855276,6.96374685662212,3.31339768897597e-12,2.50351223858657e-10
"TFRC",2753.67375959067,0.31225192141186,0.0618615858220705,5.04758999082201,4.47418042585672e-07,1.32591131302784e-05
"CDC25A",422.951622849765,-0.646362090924875,0.131373316797075,-4.92004089326048,8.65261325091985e-07,2.39897943858837e-05
"DNTTIP2",558.41517232461,0.698969641375222,0.116737092016331,5.98755399249998,2.1302023959548e-09,9.80685735588867e-08
"WBP11",1669.21172644284,-0.297029499267111,0.073128167652864,-4.06176592140387,4.8702898816251e-05,0.000819304466268039
"VEZT",822.621214074001,0.320659006006809,0.101148376151416,3.17018441825298,0.00152342215425162,0.0150337312889157
"ZNF107",386.353674954514,0.411214528721359,0.138130542422327,2.97699930449915,0.00291084670440417,0.025384634960522
"ADGRB1",2213.02798227572,-0.218142633626221,0.0749337239524979,-2.91114096724335,0.00360111507346569,0.0301300397271035
"GMFB",937.877290526991,0.529329357002586,0.0977816405105431,5.41338183976891,6.18454110504459e-08,2.2341090459026e-06
"EPDR1",405.608791062825,-0.390143185788914,0.13371649533241,-2.91768928597063,0.0035263554546266,0.0296549416226798
"MCM2",2113.80135911945,-0.403523270222846,0.0672888082721509,-5.99688537491685,2.01137928437359e-09,9.30309913865879e-08
"SHPRH",449.4689659756,0.409903098841407,0.129219526694608,3.17214518058214,0.00151317340549492,0.0149474953768351
"SAE1",3672.46479997174,-0.224519011051101,0.0563999143627545,-3.98083957374534,6.86722861151927e-05,0.00110343877916912
"FREM2",9819.28846731055,0.261428258452702,0.0534010413096713,4.89556480624949,9.80237805920886e-07,2.66549280302333e-05
"KIF22",884.728541675706,-0.504032965312035,0.0993635231974865,-5.0726156751735,3.9238446520597e-07,1.18654445861008e-05
"BIRC6",3138.39481061473,0.219000606980459,0.0669544153674025,3.27089118437858,0.0010720915383868,0.0111818356659141
"ACTN1",2420.90098066012,-0.183731278120878,0.066741913563086,-2.75286200697873,0.00590767916260166,0.0448078224915182
"GPBP1",1119.63737588876,0.239998471548717,0.0855654818711905,2.80485151605887,0.00503397638539856,0.0394820113016442
"DDX60L",473.544796818686,0.730754717321378,0.132620026969063,5.51013850639499,3.58551449837753e-08,1.34429630700533e-06
"ZNF267",154.963296547638,0.7532831814785,0.215004514615619,3.50356913586306,0.000459067472498219,0.00553453086819412
"CASP8AP2",392.842483793905,0.445930718761017,0.150105466574543,2.97078266992738,0.00297041904903261,0.0257679296646141
"RAD50",637.950752203386,0.390659046768399,0.10966103147258,3.562423602281,0.000367446857222465,0.00455192614867078
"MCM7",3045.13703164849,-0.485423114057271,0.0613840428708659,-7.90796909676443,2.61621733555436e-15,3.75294480975609e-13
"MINDY2",568.165062006395,0.566693856710965,0.120609721301499,4.69857529389649,2.61982606328862e-06,6.41857385505712e-05
"CWF19L2",266.628935633411,0.526331311801269,0.164137746274197,3.20664395453571,0.00134293094795167,0.013494751799823
"WRN",937.308483280852,0.280471445111211,0.0953819374574624,2.94050899559776,0.00327673486925718,0.0279355053711521
"EDEM3",1028.70624386612,0.310965792750847,0.0916680490579483,3.39230294466362,0.00069307764621675,0.00776027436906492
"SORL1",1463.50156035841,-0.55330409440773,0.0790022045176046,-7.0036538573355,2.49371775391282e-12,1.97462546625833e-10
"ARPC5",2689.09647557926,-0.195707682892664,0.0620734018236527,-3.15284287864002,0.00161688809662712,0.0157985768809627
"TWISTNB",913.787452285617,0.324185606725451,0.0994744714787238,3.2589829521717,0.00111812386555597,0.0116130010716401
"RGS4",819.776707876259,0.716969199870057,0.0982381416438917,7.29827730729103,2.91475429640386e-13,2.91416545715207e-11
"ATP11C",905.622340240217,0.448298012566805,0.0971505819625385,4.61446553907078,3.94108156476832e-06,9.07181984373879e-05
"ITCH",2070.12664450631,0.199955234664734,0.0712005606708389,2.80833792291509,0.00497979420381714,0.0391190500233191
"SORBS3",818.169574604705,-0.290601635332299,0.106179577611177,-2.73688822154167,0.00620233636879743,0.046508125286634
"NPTX1",1814.92673488493,-0.256806181038731,0.075683028378174,-3.39318056560209,0.000690860822432456,0.00774421338667774
"UGGT2",289.69693801709,0.522137486124599,0.158711620973312,3.28985037719701,0.0010024066975984,0.0106686252611064
"OAS2",2018.01206378306,0.347838736111962,0.0692815502945484,5.02065462786465,5.14956775382173e-07,1.49913004786257e-05
"EIF4G3",2335.08680662808,0.195888693634495,0.0651659344301323,3.00599838470078,0.00264710403969277,0.023477630631612
"STK38L",662.284587331691,0.509565751691606,0.116178459591269,4.38606049248995,1.15422034144135e-05,0.000236042829330298
"PLAG1",937.53217707033,0.353584733326967,0.103089356477923,3.42988593010266,0.000603835042720127,0.00696591987510934
"CEP350",2040.93449849436,0.567288983386977,0.0792515205143161,7.1580832734244,8.18128557072651e-13,7.23021112312956e-11
"OMD",310.474082017209,1.20265055933295,0.157083907092771,7.656102917167,1.91660150638899e-14,2.37131521377977e-12
"RNF182",269.314610027427,-0.602428827378811,0.163544049065247,-3.68358757669297,0.000229974222005726,0.00307190937842466
"LMNB2",2487.92835417628,-0.52596081669036,0.0666076554479325,-7.89640189484684,2.87070018325114e-15,3.94641533525274e-13
"GXYLT1",517.267651831213,0.475676150118186,0.123157234368589,3.86234842440979,0.000112302243536901,0.00168931247192742
"SDC4",7912.25012585233,-0.139997384240019,0.0475247049853152,-2.94578123700668,0.00322140146399636,0.027592612266082
"DNAJC2",503.529967829225,0.55465162995114,0.127142016472264,4.36245739481516,1.28609637163092e-05,0.000259791467069445
"SLC35B3",374.685237684863,0.401114037890936,0.144812706178755,2.7698815143735,0.00560766878537478,0.0430269035950694
"IFT81",429.20510860933,0.547991047205521,0.139723238045756,3.92197500480248,8.78261047866783e-05,0.00136682827858261
"NPTN",2113.86384478186,-0.242869960816378,0.0690536115461766,-3.51712177507137,0.000436253589096559,0.00530471501827732
"PMAIP1",980.269057979047,-0.325193744412362,0.0932538138946732,-3.48718975483037,0.00048812489256138,0.00581403151212099
"GPM6B",506.807581589957,0.51932338922145,0.121347051082775,4.27965397253208,1.8718410526247e-05,0.00036045686262411
"CUL5",1040.7447577372,0.445019336716966,0.09222037199734,4.8256076946838,1.39577016505736e-06,3.61657934391041e-05
"NDUFA5",886.838717224671,0.473418062793724,0.0938927546050058,5.04211496174897,4.60414529399388e-07,1.35729273895392e-05
"CDT1",268.812074791983,-0.531362360612223,0.16694622530287,-3.18283542888279,0.0014584048144085,0.0144497405936089
"DYNC2H1",1143.80341088368,0.794584422271023,0.0859582651988903,9.2438396753647,2.37806793711769e-20,5.34957191854339e-18
"NCOA2",2380.79848763048,0.301095216229619,0.0685669860661733,4.39125639763479,1.12697550478552e-05,0.000231130308991945
"ARHGAP5",1128.6307310209,0.603950655129565,0.100691829866351,5.9980105231099,1.99749579759385e-09,9.28225981435864e-08
"SLC7A8",3186.57543930868,-0.17391767709458,0.0607293648963502,-2.86381518053769,0.00418572159672736,0.0341833930399401
"ARFGAP2",1007.61416440339,-0.255090714477745,0.0906991133176868,-2.81249402719355,0.0049158936467709,0.0388018463442889
"CCNG1",598.078113999931,-0.46409638384575,0.118373821016731,-3.92059984090699,8.83288310091136e-05,0.00137034289863355
"ZNF800",322.325317461269,0.41626120401365,0.150776145913606,2.76078952337836,0.00576618239750405,0.043869080223286
"DEK",1301.01443839396,0.312742016733252,0.0918479843702291,3.40499597108875,0.000661650299567316,0.00748458818870547
"PRC1",2291.15016966234,-0.516107776765883,0.0668441660367405,-7.72105940378114,1.1536676697804e-14,1.48298735006316e-12
"ACTB",40256.5945095592,-0.186790376272246,0.0379160052001805,-4.92642553681675,8.37475064015397e-07,2.3284629729282e-05
"CAV1",4591.51017055141,-0.162591260990618,0.0540689079674056,-3.00711198178133,0.00263742587102899,0.0234127724407578
"KCNJ12",119.891358667249,-1.1844940158304,0.246552241541788,-4.80423138083554,1.55347102112892e-06,3.98864442708146e-05
"USP8",911.886297673758,0.455522776326692,0.100858393676023,4.51645876683224,6.28823546307166e-06,0.00013679330684282
"ZNF780B",440.54480927189,0.503649980430925,0.133015107720721,3.78641185246709,0.000152838278227298,0.00218928115469434
"UBE2R2",734.849900744435,-0.750874986366832,0.104730745256472,-7.16957551030538,7.52306655458095e-13,6.81865391314446e-11
"USP34",2626.4965145266,0.443672806478579,0.0682055551577763,6.50493651803368,7.77261963203392e-11,4.69106031206535e-09
"ZNF358",502.756847031294,-0.395890039197111,0.122033334165136,-3.24411392924323,0.00117816611824081,0.0121473835816121
"KMT2C",5653.44000353695,0.23862615429436,0.057677560720836,4.13724421269008,3.51501943742801e-05,0.000628008346419899
"NOTCH1",1568.96178940085,-0.251001400797488,0.0766166376350644,-3.27606912212779,0.00105262794952693,0.0110505252824483
"PCM1",3738.36448995449,0.449084387344864,0.113993623756272,3.93955707825416,8.16321793568857e-05,0.00128661673769818
"XPR1",1043.69902899084,0.263554847652877,0.0887108007717489,2.97094429720004,0.00296885623723179,0.0257679296646141
"MRGPRF",422.990973202445,-0.519305069901294,0.132371846549767,-3.92307793112228,8.74248566916773e-05,0.00136272634887279
"DZIP3",421.229760254214,0.414468256670557,0.132048164261214,3.13876576012574,0.00169661010192855,0.0163994597547742
"CADM1",2081.52822686892,0.195780255830461,0.0696582115326565,2.81058401476008,0.00494516762172135,0.0389397526808257
"CAPN2",6068.57179434769,-0.189373416621129,0.0574033808596758,-3.29899413214106,0.000970319395396512,0.0103493764823649
"EPHA2",695.034744268755,-0.318787466975107,0.107536337517794,-2.96446275122916,0.00303211948434626,0.0262428391415403
"MCM10",406.214197733481,-0.50457331860869,0.134178412613741,-3.76046570219313,0.000169597327719276,0.00238109836846156
"PGD",3321.21368088374,-0.239551285459564,0.0595864664557073,-4.02022975531921,5.8141410636065e-05,0.000958270121424277
"KLHDC10",1617.56425930461,0.264577199024704,0.07348399922647,3.60047359710655,0.000317638084174673,0.00403079278772902
"WDR1",3332.39254408557,-0.261602134283263,0.0620332341040026,-4.21712873851895,2.47432727276073e-05,0.000462965809939238
"SET",10613.0193761205,-0.134775174475334,0.0433996649181557,-3.10544274315243,0.0018999440063719,0.0179101388333991
"LMNB1",1641.39112247915,-0.369078314703065,0.075641186217674,-4.87933007344651,1.06446789780615e-06,2.84759547364468e-05
"GPR107",4911.64484731698,-0.210247956898352,0.0515217932397308,-4.08075774692214,4.488912128644e-05,0.000770039033783679
"CEP97",1099.34181501323,0.2751168114261,0.0891205528184341,3.08701868116323,0.00202174890618288,0.0188607640654082
"PARP9",1039.94985427232,0.341815410255442,0.0900806199365448,3.79454993200786,0.000147911514435928,0.00212794792134711
"CASP7",1413.23195972331,-0.234198085580669,0.0805136350789486,-2.90880029638487,0.00362818541369513,0.0303052989238434
"HIST1H2BK",860.302635616132,0.294400674660643,0.0950924432606263,3.09594184948807,0.00196188832106049,0.0183845567043058
"C20orf27",810.568075535887,-0.312574339460016,0.102203422175893,-3.05835492398749,0.00222555811259616,0.0205314658837091
"NQO1",12382.4605027088,-0.261339827034354,0.0438330781297904,-5.96216004407729,2.4892515506966e-09,1.13541990086613e-07
"UGGT1",2751.86513690602,-0.290763047869595,0.0628210062474552,-4.6284366526105,3.68436527812224e-06,8.52052512216213e-05
"PAXBP1",1027.13530738666,0.366401157634008,0.0913960293801645,4.00893955808465,6.09920236909686e-05,0.000994561862427031
"CCDC137",195.714007529997,-0.558650275367939,0.189773405140232,-2.94377536702325,0.0032423524029061,0.0277139931640454
"HNRNPM",2670.20919777735,-0.269398550919554,0.0666502544786821,-4.04197332818468,5.30032626309045e-05,0.000883209248351334
"C1orf198",860.097372964411,0.265184654252596,0.094958628158208,2.79263358576304,0.00522808756042274,0.0406820838624719
"BRWD1",1905.59561972609,0.528745900740121,0.0704822277815834,7.50183297807564,6.2931528844925e-14,7.15972727019618e-12
"ABHD3",630.121577807627,0.430388300445914,0.115113276098263,3.73882418287292,0.000184882967790077,0.00254870698493898
"ELAVL1",1597.57241240079,-0.285545380038389,0.0742533275537577,-3.8455566833912,0.000120279054356055,0.00178849478292094
"DDX58",611.630925089215,0.717325603018403,0.112661694403246,6.36707628815618,1.92665361573913e-10,1.10872194701081e-08
"CALCRL",782.928714059675,0.772370507328968,0.104782980434743,7.37114466609381,1.69169144566893e-13,1.8004690246485e-11
"MAML2",2264.66345726777,0.278525475229877,0.0669365335519961,4.16103823203691,3.16804038551131e-05,0.000577481836754898
"RBAK",495.300748172087,0.676922467428431,0.138040521231736,4.90379535942235,9.40024219362631e-07,2.58454436756981e-05
"SH3BGRL",1818.09367155032,0.34280938626947,0.0710289063180657,4.82633626279388,1.39067627005463e-06,3.61283824698181e-05
"ITGB8",6459.97400027352,0.572417723665954,0.0586154087615912,9.76565268006867,1.58090756096552e-22,4.34661751067687e-20
"SLC7A5",2511.16140625992,-0.181186364732726,0.0634103982435568,-2.85736046061084,0.00427180414425967,0.0347145463217424
"RNASEH2A",724.392189893246,-0.420074542398627,0.104142078182294,-4.03366775208109,5.49129464057857e-05,0.000911960307926958
"CDK4",3325.70894770071,-0.237215344850629,0.0577505578393463,-4.10758534160879,3.99817067080743e-05,0.000696723473585421
"SPRY2",2859.50981012325,-0.181796520361019,0.0600993450119651,-3.02493347181779,0.00248687823439588,0.0224385786363267
"CAPN7",846.353399442165,0.361647911508114,0.0996904895750513,3.62770724719783,0.000285949224800616,0.00370946976025753
"PEA15",4272.27502731041,-0.206225667873165,0.0574448710210839,-3.58997529644508,0.000330709301759567,0.0041592892869329
"EIF3A",3200.00966158858,0.15996373768956,0.0583115524416922,2.74325980001156,0.00608325352956315,0.0457886261867803
"RGCC",1055.01741600958,-0.394563295022435,0.0919287054692923,-4.29205755708411,1.77025043982987e-05,0.000344242413623499
"SMC1A",4206.96080553795,-0.380295857370554,0.0553605492719848,-6.86943793679091,6.44553513511514e-12,4.72577087165701e-10
"MBNL2",634.139543090852,0.642096659045783,0.112811517900114,5.69176508744713,1.25732761150898e-08,4.97801147948636e-07
"LMLN",547.131726472391,0.402778620164827,0.116514027011213,3.45691098743041,0.000546405302162108,0.00637773547264215
"PTTG1",867.408078994408,-0.621729387611053,0.0971823627845029,-6.39755373091419,1.57885930386948e-10,9.30211273196436e-09
"RPL14",3496.90614262456,-0.17032661267895,0.0565686842303983,-3.01097002690089,0.00260414557043772,0.0232633870543254
"USP47",2590.33247300363,0.343944139628508,0.0710890935865693,4.83821247783484,1.31012044502809e-06,3.43967431429392e-05
"LZTFL1",406.426201655343,0.384638875614714,0.137183856578532,2.80382025413118,0.00505010504158369,0.039577149407439
"PSMC3",1799.76952200093,-0.309780955094245,0.0786662326116996,-3.93791522499036,8.21926210677258e-05,0.00128929090860277
"TMEM64",912.339298674921,-0.681444117096753,0.0945790942079029,-7.20501843249639,5.80359984547941e-13,5.41924823307125e-11
"KLHL11",521.036116256408,-0.620014301127065,0.127593862480022,-4.85927997692007,1.17813429560307e-06,3.11796076413883e-05
"SCARA3",675.342352690239,-0.47379833909219,0.108504792633079,-4.36661208776642,1.26188544931423e-05,0.000256471091936596
"ANKS1B",897.474954710862,-0.314375992455705,0.0947197018536067,-3.31901374585813,0.000903359824852965,0.00977208256436573
"FRMD5",261.782227081268,-0.535784889878879,0.165821786623087,-3.23108863310416,0.00123319693043716,0.0125707345185036
"E2F7",797.113640330034,-0.384025692758619,0.101928027064655,-3.76761626627996,0.000164813787226932,0.00234049765562721
"FOXM1",1941.22414872446,-0.456784954808453,0.0696712625532572,-6.55628932315219,5.51631587345316e-11,3.45572750097717e-09
"DBT",407.225390043411,-0.741166955495578,0.136188526544901,-5.44221289633542,5.2622730491949e-08,1.92199183176868e-06
"IGDCC4",212.208494102199,-0.602344632081798,0.182493223309101,-3.30064109318497,0.000964641965179901,0.0103110433815882
"MCM3",1332.57452746304,-0.326397024099313,0.0791654943548979,-4.12297083166158,3.74017075101577e-05,0.000658417725522547
"PAICS",3190.80534129898,-0.170387349381339,0.0579939896159847,-2.93801737920744,0.00330318506377915,0.0281367691577332
"STEAP3",641.732473736551,-0.326109947786216,0.109412771490752,-2.98054736520207,0.00287733737334414,0.0251589092944879
"CEP126",394.007994016987,0.673531287357092,0.136229573191955,4.94409012357433,7.65003097476084e-07,2.14504267955192e-05
"C11orf87",295.53816057416,-0.629387374992913,0.157154554817236,-4.00489426300665,6.2045227878348e-05,0.00100511238222568
"ENO1",37920.6328874258,-0.129610386329231,0.0410724566127541,-3.1556521576307,0.00160139714589319,0.0156626768281134
"RPS15",3776.95259962208,-0.183717195023031,0.058618812765511,-3.13409955534143,0.00172382359983265,0.016533339138705
"HSPA5",16812.2262845801,-0.218346661296548,0.0412283687772481,-5.2960295973932,1.18347664087323e-07,3.98437135760654e-06
"KIFAP3",2183.8539791119,0.263171306007171,0.0671188265622379,3.92097596883846,8.81910584170461e-05,0.00137034289863355
"UBE2E3",3467.70245341172,-0.183760312563685,0.0617459824926626,-2.97606913268441,0.00291969035955333,0.0254393443475871
"ACAT1",1154.81027654119,-0.261301011430779,0.0878788947604732,-2.97342168609418,0.00294499547882155,0.0256302117026084
"CLCN5",333.563785904874,-0.778997596855746,0.148830655918599,-5.23412056506563,1.65772226381461e-07,5.34466937043552e-06
"AMOTL1",1995.16291291201,-0.242023449061389,0.0687450036783539,-3.52059693230617,0.000430576584103039,0.00524212426746849
"PLK1",1737.08069994057,-0.655239989159754,0.0759120108017695,-8.63157202976476,6.05144352822002e-18,1.15186900081388e-15
"MYBL2",1346.63226922165,-0.575779497700661,0.081987098819423,-7.02280609988187,2.17455903257488e-12,1.74990124426229e-10
"KIF1B",3534.20630683947,-0.229573333019799,0.0573147010265644,-4.00548775284365,6.18896406182863e-05,0.00100423551285213
"OAZ1",9502.43863117083,-0.45174610998044,0.0448293246610906,-10.0770224266289,6.98095880124128e-24,2.30325100715621e-21
"IFITM1",1650.27316429942,0.368121905275108,0.0784555211609093,4.69210961609832,2.70402171924341e-06,6.55990367085079e-05
"TYW3",506.798892466615,0.414878483752497,0.132358849463107,3.13449750761197,0.00172148716278872,0.0165269446530385
"RB1CC1",1345.23026949154,0.667223770636758,0.0816526630693934,8.17148817387267,3.04608369633809e-16,4.78573594069117e-14
"PA2G4",2440.65241344001,-0.207981571983576,0.0662867963002507,-3.13760180898635,0.00170336107102854,0.0164166191636227
"ZNF367",492.811088387985,-0.777936053705817,0.128759788759966,-6.04176242597014,1.52439815229975e-09,7.36024044461606e-08
"CALR",14467.6712855797,-0.131159305986363,0.044057538592587,-2.97700030860169,0.00291083717107352,0.025384634960522
"TMEM109",1733.08586902828,-0.375313765462881,0.0718918194742362,-5.22053507906254,1.78406908448475e-07,5.69635993491293e-06
"ARL5B",656.910165680617,0.736985398701097,0.115258805813327,6.39417867902188,1.61412592578643e-10,9.45362036297873e-09
"IFI44L",1286.9015699645,0.745637826436241,0.0833934491311841,8.94120382601392,3.84953604377551e-19,7.93806411693543e-17
"COL11A1",1475.07531581358,0.341146461445267,0.0799575189422223,4.2665963871613,1.98477764612348e-05,0.000379253458326839
"F2R",2752.26394604302,-0.206188433194336,0.0612186083934152,-3.36806795524144,0.000756969357543553,0.00839023818697211
"UBE2Z",2429.79982148811,-0.30746810837322,0.0669388904695407,-4.59326568182554,4.36362934393656e-06,9.88357053690711e-05
"CDCA2",1159.02638935897,-0.333305168904862,0.0850307710725435,-3.91981825756354,8.86157691302914e-05,0.00137264300915747
"PKMYT1",133.279777469898,-0.993002509176743,0.231821031899799,-4.28348757245612,1.83986379741883e-05,0.000355687510705163
"PCNT",2024.70599807744,-0.245532459789312,0.0707216181613986,-3.47181620235224,0.000516950134904384,0.00609865606112467
"PLPP1",538.731124705027,0.36455977101005,0.120795455797182,3.0179924286403,0.00254455261947735,0.0228340723731521
"RPAP3",638.746260027929,0.488944606631166,0.108832317082668,4.49264170549422,7.03450800735119e-06,0.000151364261427744
"PARP14",1404.70070992284,0.590200067377761,0.0823037777614064,7.17099607613049,7.44540384782650e-13,6.81865391314446e-11
"BTG3",529.780977948913,-0.346379808913672,0.12621795426447,-2.74429902569874,0.00606402726305902,0.0457134362907526
"PANK3",710.064706207369,0.383762393019962,0.11424645266892,3.35907491265472,0.000782038645697319,0.00861519961743595
"SLC39A10",923.902786342245,0.397987708393937,0.102414566078018,3.88604593696913,0.000101890234146844,0.00155394381754308
"LHFPL6",653.036562885487,-0.311242317360829,0.107135950689305,-2.90511555979406,0.00367117530426197,0.0305472455785678
"CASTOR1",459.364698708623,0.362524989760046,0.129943014425521,2.78987671143978,0.00527281159176414,0.0409335601061031
"ANK2",6879.74033829736,0.247032817107938,0.0514226135532241,4.80397241677051,1.55548267210896e-06,3.98864442708146e-05
"KIF4A",1502.18507734671,-0.406418828581356,0.0772711727419222,-5.2596435922974,1.44334881970556e-07,4.73055186008132e-06
"SCARA5",470.3268337822,0.491882832732292,0.13078888013344,3.76089184516633,0.000169308628173253,0.00238042159326542
"PPWD1",454.802594064553,0.37720259278507,0.131287932483492,2.87309416524248,0.00406472942036972,0.0333984861327129
"MON2",1442.12364615568,0.264302581749908,0.0787145340491329,3.35773545435628,0.000785837833408922,0.00864246986120168
"TRIP11",569.180757495463,0.703867425879571,0.122003873792965,5.76922194350977,7.96383626550852e-09,3.29816114460265e-07
"MBNL1",3452.91838129225,0.326531012897847,0.0696868005777168,4.68569385006691,2.79013071356538e-06,6.75225276353794e-05
"UPF1",1853.76453547861,-0.221019858542219,0.0706838178038966,-3.12688059882972,0.00176671663181105,0.0168630291433614
"NCAPH",638.787954481625,-0.350301698683499,0.1084122052223,-3.23120167111445,0.00123270930938547,0.0125707345185036
"STAG2",3716.70200107625,0.648458621128277,0.150641453721763,4.3046492522967,1.67250504854195e-05,0.000327163141708859
"RPS20",9093.61007369517,-0.1291268811475,0.045482901846243,-2.8390202890752,0.00452522795148422,0.0365042430837741
"COL12A1",3731.10764161962,0.200971781808481,0.055376642094806,3.62917963614358,0.000284323342967037,0.00369321843659807
"DHFR",794.200138816103,-0.466054019821801,0.0985678043463627,-4.72825810529479,2.26454202744213e-06,5.66021136051066e-05
"NIN",945.125565312504,0.266861770437929,0.0929537045615569,2.87091054301343,0.00409291334244655,0.0335084005488304
"CCNI",1547.42307420154,-0.225116616459005,0.0768653394826856,-2.92871426801822,0.00340367149470528,0.0288932593950196
"TFDP1",1599.28950366958,-0.382040260904214,0.0747784638358292,-5.10896107391235,3.23935076146833e-07,9.95748255807874e-06
"SLC3A2",5789.31350824067,-0.150954352478776,0.0496744154122492,-3.03887526860663,0.00237463149134917,0.0215831978892324
"DUT",772.236919381372,-0.445836713362019,0.100961570593419,-4.41590508885247,1.00588215213435e-05,0.000207854311937907
"ECM2",99.6850932045066,0.767109892228197,0.263669364809017,2.9093629924881,0.00362166087377694,0.0302763507843278
"PI4K2B",329.276896722607,-1.213252825221,0.153596920983085,-7.89893975384191,2.81285789736371e-15,3.9213616152262e-13
"ZNF28",291.794974596211,0.59462970082787,0.15608011340061,3.80977235262276,0.000139094806505418,0.00200986918947537
"WASHC4",1517.33967219282,0.634792324404644,0.0846924763823078,7.49526228916896,6.61659160663794e-14,7.42067101459262e-12
"TMTC3",845.84975403841,0.507739935027179,0.104046542232525,4.87993088604976,1.06123023880656e-06,2.84662788718355e-05
"NEK2",644.330285871974,-0.343011768202158,0.114700201448695,-2.99050711219183,0.00278514643385382,0.0245261382582608
"BRAF",987.258679569685,0.357688662823802,0.0935365448216384,3.82405255085984,0.000131275915562544,0.00191930430168104
"ODF2",2120.56821893081,-0.266373100046143,0.0716165036646812,-3.71943737009754,0.000199667047999412,0.0027147039026074
"ST8SIA4",982.971812037704,0.562726578920824,0.0916860206720979,6.13753955942025,8.38093536566692e-10,4.25407683330109e-08
"U2SURP",1998.9898452105,0.471369622332379,0.0736547888688875,6.39971452733999,1.55667722160025e-10,9.22634199964029e-09
"SMC5",1626.69688772866,0.49537900947162,0.0744505523491969,6.65379898255333,2.85622717411777e-11,1.85993003746169e-09
"NUP50",1259.09106094673,-0.305436806301059,0.082230299131894,-3.7144070923438,0.000203680682553848,0.00276168684372328
"ATXN1L",1139.1468504056,-0.284132216867926,0.0845904443583314,-3.3589162348447,0.000782487821385625,0.00861519961743595
"TMF1",1434.33479869581,0.569370307199838,0.0860935485972469,6.61339109000375,3.75614372114631e-11,2.3680452580832e-09
"BPTF",2446.46791846685,0.227623957086367,0.0666041025487504,3.4175666119029,0.000631836303914228,0.00725512266373901
"SRRT",1575.12177930401,-0.284577043498871,0.0786860943117405,-3.61661162608258,0.00029848463106488,0.00384687614359399
"CHM",749.729351623153,0.506863567640669,0.103686415846356,4.88842789581758,1.01644412607968e-06,2.74884261200454e-05
"ATF2",776.232455932407,0.587074018883766,0.105465872263029,5.56648332097061,2.59931648369288e-08,9.89539790599699e-07
"C12orf75",690.643441221019,-0.483121988075077,0.107312590909957,-4.50200655839586,6.73149040003855e-06,0.000145476620042754
"FRMD6",3713.36007325488,0.162920246672453,0.0585264004912762,2.78370522200041,0.00537418521454664,0.0415251251003767
"AGPAT5",1364.22620578741,-0.880858562777032,0.0798736361928891,-11.0281515248639,2.7955173921881e-28,1.53722395265988e-25
"H1F0",4062.88045099832,-0.172090186592555,0.0575703458581137,-2.98921578509679,0.00279694524979329,0.0245862913698525
"TBK1",593.319930781468,0.485198413393164,0.120910772382214,4.01286340194231,5.99866291794292e-05,0.000983025919897335
"TWF1",1715.77274281741,0.432423392769478,0.0872567687558987,4.95575757542873,7.20490042403001e-07,2.04338408014467e-05
"ZNF37A",461.601987498868,0.660935488450501,0.128449325345339,5.14549598974973,2.66814901949673e-07,8.3048235833266e-06
"MX1",3696.28922517774,0.530185112390423,0.0576343427160256,9.19911787669268,3.60900226170023e-20,7.9382009747353e-18
"SENP7",482.932144999754,0.818046523425988,0.124966282950877,6.54613791903814,5.90440566308478e-11,3.67558536183731e-09
"MT2A",2321.62625105022,-0.259253400231679,0.0675411412571585,-3.83845157789958,0.000123812624070448,0.00182950478847335
"GINS4",711.680047286167,-0.467351385271972,0.104887154104314,-4.45575427480067,8.35987434896872e-06,0.000176807769884813
"SYNM",3835.76735251018,0.164303591101106,0.0548987489130351,2.99284763959519,0.00276387690942284,0.0243605108187598
"HIP1R",606.723886686733,0.449141901754055,0.112113455700864,4.0061373449449,6.17197692095185e-05,0.00100423551285213
"SPCS2",1071.04176137651,-0.643509051749065,0.0939808036103836,-6.84723929811094,7.52887225454969e-12,5.32291268396663e-10
"PCBP1",2928.04352175551,-0.197471767385132,0.060703504058645,-3.25305384668333,0.00114171859688195,0.0118332258344896
"EI24",1877.56258736989,-0.36085075264795,0.072155235336102,-5.00103354894614,5.7023787661022e-07,1.65035511774502e-05
"CALU",10935.011003664,-0.206989114044733,0.0431381678261951,-4.79828246017999,1.60031992044669e-06,4.09301461823808e-05
"ADAM10",3449.80808660387,0.435689062594563,0.0715683445525722,6.08773425343824,1.14519747428066e-09,5.63938537334827e-08
"N4BP2L2",605.160615521611,0.328128737225519,0.115618758174902,2.83802336580317,0.00453938594907694,0.0365588625906945
"NAP1L4",420.516777634275,-0.829566742901936,0.140760777345247,-5.89345099215557,3.78212307893854e-09,1.63473599280933e-07
"SLC38A1",4321.34229883382,0.173430383290204,0.0574479611510544,3.01891276583661,0.00253683565554748,0.0228061755845676
"PPIG",686.11600808969,0.635098015344674,0.105520082370721,6.01874070864917,1.75779175571911e-09,8.32469990340084e-08
"HBP1",1250.81150091665,0.240705164382501,0.0856819747397607,2.8092859100597,0.00496515303041333,0.0390660450675924
"NCKAP1",3163.10466698374,0.232086177069525,0.0699993379933563,3.31554817120631,0.000914635761077898,0.00987248065774159
"IFIT1",1323.14804337269,0.690382835353817,0.0819218174720936,8.42733787722658,3.53617705148868e-17,6.36383281011546e-15
"DTX3L",1396.20855515397,0.318139780605755,0.0849818287368567,3.74362125803228,0.000181387004153359,0.00250749799875691
"BUB1",1184.97274820046,-0.524000301722473,0.0833981577177755,-6.28311603112053,3.31853187522144e-10,1.82482380560788e-08
"AMOTL2",719.283149415218,-0.320008254503044,0.104099147326352,-3.07407181251749,0.00211158597346153,0.0196064521250677
"OXSR1",1336.78649778254,0.286170633746855,0.079083292914004,3.6185978504719,0.000296203504480718,0.0038224540904174
"TBC1D23",1099.07583304492,0.345684039661807,0.0944082582624632,3.66158687835099,0.000250657829671546,0.00329921701873532
"PRELP",1181.2367338001,0.652910526195748,0.0837768074902296,7.79345197979636,6.52028680035005e-15,8.72132415538714e-13
"RFX3",219.356074765674,0.635776046373633,0.182073586267823,3.49186314943251,0.000479663934860991,0.00574088709462406
"SIPA1L2",4127.83596192997,-0.30858728554905,0.0549699081020954,-5.61374934402131,1.97988957901198e-08,7.71533348545693e-07
"OTUD6B",252.31776929671,0.563169598641397,0.170132938291308,3.31017382229136,0.000932380505333338,0.0100421134295858
"BCAP29",854.612832471664,0.33667195168421,0.107281248396463,3.13821806435383,0.0016997836904979,0.0164061689737363
"TUT4",1074.71129251504,0.276931318825486,0.0887105832514745,3.12173935369638,0.00179786034670001,0.0171130753624287
"TUBA1C",8847.19839054771,-0.34049294262125,0.0467795711315824,-7.27866746925717,3.37133539562156e-13,3.2397551209575e-11
"TNFRSF21",1312.9368426577,-0.467430120534897,0.0836822428843006,-5.58577428644172,2.32661257604642e-08,8.9606269563064e-07
"FAM57A",415.594105197824,-0.504419827130306,0.1340107922541,-3.76402391662507,0.000167200881931812,0.00236084783075759
"PABPC1",16064.3317387,-0.137980690505386,0.042788508382386,-3.22471373089944,0.00126098691271973,0.012827593486228
"ANKRD12",442.03763917572,0.810769773347794,0.133053741599532,6.09355109898425,1.10433061777139e-09,5.46533222735063e-08
"TMEM9B",831.171792562994,-0.388916631433906,0.0967781335037016,-4.01864158104507,5.85346326424172e-05,0.000962418262283464
"ZNF678",174.811452770213,0.669382826239931,0.200407675153587,3.34010574059568,0.000837464967438716,0.00913917116616142
"MME",239.002195288318,0.541449927960507,0.1785666700573,3.03220039768206,0.00242777968266851,0.0219855107951078
"DTL",822.254471705505,-0.396704662349683,0.100732567395643,-3.93819667865274,8.20962901369808e-05,0.00128929090860277
"PFN1",6782.56491562504,-0.387918004108046,0.0507845113580764,-7.63851012315301,2.19749680383176e-14,2.68528683510207e-12
"SGPL1",548.130297615905,0.544499353607259,0.117126349036782,4.6488203387631,3.3383883509448e-06,7.86746854705992e-05
"MRTO4",911.773850911692,-0.358416962307588,0.0934254803020952,-3.83639410949381,0.000124853992456865,0.00184173594238159
"ARSB",325.128484059495,-0.424044227573634,0.148709706076069,-2.8514899179259,0.00435148662047775,0.0352175098687562
"CEBPZ",867.506603837369,0.622909896120227,0.112081596273958,5.55764654348486,2.73436389486409e-08,1.03300510806736e-06
"TM4SF1",1814.75955410955,-0.212559210354494,0.0731625756906733,-2.90529971570686,0.00366901580645132,0.0305472455785678
"COG5",659.437124483674,0.361845172172927,0.115001130044293,3.14644883953369,0.0016526617173229,0.0161004386595099
"TMEM33",898.655964752132,-0.331728690150762,0.104709420085764,-3.16808831410825,0.00153444900615999,0.0150973919115026
"DCTN3",770.330542044738,-0.288856561004902,0.101663598885434,-2.84129781132792,0.00449303325095466,0.0363037086677136
"RASA2",441.635465677371,0.508233346275632,0.136085919440552,3.73465049407738,0.000187976057863294,0.00258774272702487
"PCBP2",6651.12795899741,-0.191498907463661,0.0477491131204394,-4.01052281286642,6.05844460653356e-05,0.000991181565544945
"HIPK3",1816.58726068825,0.40693415538974,0.0805639929130934,5.0510673649047,4.39348079293117e-07,1.30590609274573e-05
"ZNF618",1667.87660485098,-0.338433450588047,0.0743372525786905,-4.5526763345174,5.29677315051873e-06,0.000117814518300752
"TRIP12",5240.44798389788,0.145240653823063,0.0504043247111081,2.88151174835709,0.0039577248005777,0.0325632253334315
"PIK3CA",575.856921930309,0.374762301042741,0.124567205926172,3.00851494786561,0.00262527887020176,0.0233678149795476
"KIF14",678.410364084202,0.425549772025512,0.105741907258177,4.02441929656612,5.71160760633125e-05,0.000943797864565388
"SORCS1",972.338011865665,0.296544049057547,0.0917081814138062,3.23356154800932,0.00122256989606739,0.0124996498284488
"ATCAY",383.757744956018,-0.509239802700827,0.137746271080458,-3.69694074987611,0.000218213246150437,0.00294260859727115
"MATN2",1320.54623464661,0.242658129781063,0.080386765087475,3.01863284978576,0.00253918046415451,0.0228065410473697
"SP100",1593.89731945518,0.325102551758568,0.0749050577184887,4.34019493023264,1.42356377157872e-05,0.000282940446005746
"CHD9",1598.90861373384,0.843939017315959,0.0800450107682084,10.5433056878437,5.45471548201367e-26,2.24961557670714e-23
"CTSC",5533.24449574678,-0.236326838535095,0.0504979197241833,-4.67993216009488,2.86969856726508e-06,6.92787229726581e-05
"CKS2",1915.12291695535,-0.509989885798678,0.0748395521260185,-6.81444331654914,9.46294759038516e-12,6.64285498224343e-10
"GTSE1",830.854881889704,-0.40281584294278,0.102147088857591,-3.94348823297713,8.03049334228698e-05,0.0012717731696313
"REL",251.398086966505,0.488275750393835,0.174399919248809,2.79974757154121,0.00511425824387972,0.039984935306415
"TUBB",4523.08572588082,-0.162446305343371,0.0538978527752033,-3.01396617822422,0.00257856550165592,0.0230974129732039
"CENPL",400.775420820716,-0.42172035488289,0.138713144122485,-3.04023355213193,0.00236394756029822,0.0215058391101395
"RBMS1",1996.12923459556,-0.347333395154399,0.0679290924996663,-5.11317584812583,3.16787141768608e-07,9.79862227883025e-06
"MIS18BP1",410.551068365234,0.486762965669788,0.132614262571977,3.67051745588523,0.000242059937424441,0.00320308724682769
"TMEM106B",879.954366144086,0.643610915627275,0.100946811053157,6.37574291760797,1.82078135485554e-10,1.05392361698012e-08
"SYT14",482.63124046926,0.53198754122227,0.130871422812159,4.06496338001795,4.80400042305293e-05,0.00081005104237441
"RNH1",129.722342487036,1.37232446460687,0.248503100855377,5.52236354348564,3.3446953990703e-08,1.25877547756646e-06
"CCT2",4230.48545575152,-0.236054117210771,0.0553137962328953,-4.26754504819882,1.97635869896407e-05,0.000378375210877106
"DNAJB4",712.671373143955,0.437731182441369,0.110534666603559,3.96012577675134,7.491029801853e-05,0.00119590666094744
"XRN1",1727.77981904599,0.524400040147447,0.083357654477495,6.29096444033253,3.15499608660718e-10,1.75439052051898e-08
"PNISR",1144.02436560308,0.505040893688054,0.0850951621483337,5.93501300118204,2.93822215168173e-09,1.30414900705586e-07
"CALD1",3488.30255378576,0.198053987466018,0.0634883891730463,3.11953083147526,0.00181139302838401,0.0172064953886228
"SDC1",778.544653754103,-0.511195522264616,0.101084120305591,-5.05712985105082,4.25613449122079e-07,1.27272565541098e-05
"COPS6",1159.04875845484,-0.288358946100376,0.0858918648968529,-3.35723233447854,0.000787269283775041,0.00864860307525566
"SRSF11",3341.77612807315,0.305433503413313,0.0573015396355014,5.33028441043982,9.80590778686259e-08,3.39366696763517e-06
"NEDD1",303.493856602981,0.427812687356497,0.154647359349417,2.76637563781402,0.00566832002105021,0.0433243487014324
"BBX",2058.29464664512,0.254334009568134,0.0824208226016584,3.08579800031038,0.00203006684937657,0.0188849639803847
"OLFML2B",257.635200562021,-0.724185397600583,0.174266997343226,-4.1556083976949,3.24423085297655e-05,0.000589199944637832
"ZDHHC18",521.575832320171,-0.783165760957852,0.125682648751987,-6.2312957972687,4.62592699854385e-10,2.43550135274399e-08
"LONRF1",862.430575838056,0.434159921319579,0.0998474512870735,4.34823238573528,1.37239145886721e-05,0.000274978353438617
"CCT7",4632.24139684361,-0.245460761154697,0.0526543121732532,-4.66174091016584,3.1354575849285e-06,7.44238829151614e-05
"ZNF480",362.043164447873,0.751275913754156,0.141657612156899,5.30346306361601,1.13626203245219e-07,3.85161698534649e-06
"IFIT2",804.774829287264,0.399850310030035,0.0992427216081199,4.02901395236747,5.60112943531217e-05,0.000927089952353176
"NRCAM",1228.97476697124,0.298011703766184,0.092028399776932,3.23825802131229,0.00120261991031129,0.0123608846025557
"CD59",15926.0137156339,-0.112504786142552,0.0409005949354289,-2.75068825576173,0.0059470209159096,0.0450716791927054
"PIK3C2A",915.52106311232,0.712573356933231,0.106721468068241,6.6769448530973,2.43974701276027e-11,1.62071247867793e-09
"HNRNPH1",6694.77738254244,-0.143399318426048,0.050619004548397,-2.83291462772532,0.00461257031284129,0.0370277542226303
"GNG11",1266.24472281208,-0.292823861903685,0.0807978426131992,-3.62415446295405,0.000289908316468619,0.00375099675347241
"HAUS6",815.781350375386,0.484001799043605,0.106442551639774,4.54707061778805,5.43977500490165e-06,0.00012045389932554
"MGP",3187.38349293618,0.563089436940707,0.0583175167647989,9.65557980137787,4.65518387661798e-22,1.24532459488554e-19
"DOCK10",2542.3874215048,0.4248004928832,0.0718714375483471,5.91056068131991,3.40945222356703e-09,1.49321938534808e-07
"PSD3",5802.16415748389,0.218256278298807,0.0526078461777173,4.14874004842365,3.34310170185174e-05,0.000604936392046225
"MLF2",1917.4966045281,-0.266429141646568,0.0713514029173104,-3.73404208961853,0.000188430983013987,0.00258807382620688
"VCL",7348.70330459969,-0.159999423234982,0.0471934578809722,-3.39028819711665,0.000698191824706815,0.00780870359429159
"CMPK2",246.225898977998,0.646982665625016,0.171948424424941,3.7626553880256,0.000168118786758667,0.00236705512281264
"DMXL1",1023.60636417722,0.62550933256784,0.0940577076476937,6.65027192572854,2.92552011300338e-11,1.89260118160179e-09
"RBM39",6401.7358041921,0.133820234899601,0.0487346170226689,2.74589692245564,0.00603457203505942,0.0455607887132099
"KDELC2",2352.90669379005,-0.268930784101215,0.0649177033871651,-4.14264168430804,3.43328131404441e-05,0.000616744436414002
"ITPR2",347.839414349054,0.544705190142162,0.145341462035847,3.74776187408805,0.00017841951805434,0.00248033200800823
"FAM76B",305.825956657239,0.50135737115272,0.156822571209561,3.19697201293021,0.00138878400538493,0.0138354305721106
"NSD2",2124.50317509456,-0.493835229809578,0.0672872945483193,-7.33920472095891,2.14866741482565e-13,2.23868527073098e-11
"SNX13",1151.52626484221,0.522214276157559,0.0926085648171525,5.63894146495657,1.71098681097787e-08,6.72037597422974e-07
"CCDC186",126.541872032689,0.951985191291356,0.24482982320432,3.88835468993043,0.000100926065006587,0.00154161449295555
"SRFBP1",253.739985224444,0.467261804509919,0.167718846089207,2.78598270501688,0.00533657189131848,0.0412989746522833
"CSDE1",7348.618710726,-0.227486051730651,0.0468389176065113,-4.85677430981083,1.19313453656152e-06,3.14923883810291e-05
"SMCHD1",902.912902947276,0.503504448019751,0.0987025793680062,5.10122887612154,3.37455175600723e-07,1.03409638640742e-05
"RNF6",756.082020064816,0.434193352675229,0.106385420026443,4.08132385591284,4.47799078885907e-05,0.000769499181043873
"ARL5A",316.298679410934,0.554736310970759,0.150810890376202,3.67835711059695,0.000234741139784512,0.00312984324831434
"ANXA6",2069.14541630675,-0.200487835521615,0.0737009278319306,-2.7202891662207,0.00652248506788061,0.0484681360374492
"RAB5C",2292.54442488505,-0.217633507804033,0.0671432460838635,-3.24133134004578,0.00118972811772138,0.0122410903422102
"BUB1B",757.242364878149,-0.524751775417175,0.103393087055194,-5.07530813096863,3.86868560439012e-07,1.17460889914888e-05
"YWHAH",1412.88777227263,-0.230414282000424,0.0783504297642987,-2.94081707903299,0.0032734777935581,0.0279317958626191
"HNRNPL",4168.52212395749,-0.15729711191588,0.0547813712276519,-2.87136134767802,0.00408708033905139,0.0334883453608697
"UTRN",4820.62392240751,0.396592810698275,0.0635552169437594,6.24012991803999,4.37207613944442e-10,2.33917889882275e-08
"CCNB2",898.081310076858,-0.503917819387258,0.0951910292980076,-5.29375323602899,1.1983110712166e-07,4.02063829928879e-06
"ANLN",3764.92229560886,-0.384204477960226,0.0637980963402014,-6.02219345090592,1.72069057349992e-09,8.18817081562607e-08
"SLC25A46",632.422154166896,0.403339211245231,0.115091593387374,3.50450627516881,0.000457454786868124,0.0055285561421498
"OSBPL8",1654.05081168083,0.776485478654868,0.0770159489912612,10.0821386845856,6.62677648032085e-24,2.26178736559365e-21
"LARP7",423.818636574698,0.377009188850643,0.131689648425075,2.86286122986458,0.00419834393403273,0.0342299903287117
"RDX",4188.39769249289,0.214521961765191,0.060238888936126,3.56118722562526,0.000369181706985104,0.0045677006696732
"MCM8",814.832212287366,-0.337857283313761,0.0983541283789675,-3.43511033936436,0.000592312605497055,0.0068489604780489
"ANXA5",12418.3836111858,-0.15696254922215,0.0450095545818751,-3.48731620830919,0.000487894134054425,0.00581403151212099
"HJURP",830.483387928015,-0.621497415730438,0.0976699829072443,-6.36323870682628,1.97543316472956e-10,1.13022181875683e-08
"ITPR1",353.621845792024,0.402258490783686,0.142955875877856,2.81386468596354,0.00489498282318813,0.0387380119070507
"ZRANB2",1792.57095677055,0.429433118641031,0.0770623623574958,5.57254028430729,2.51051414430399e-08,9.59423513525904e-07
"HSPB1",6371.27589179175,-0.257852623243342,0.0563064310990448,-4.57945243927413,4.66194778205627e-06,0.000104872634424529
"DMXL2",567.686865890911,0.545588748608429,0.127367892831106,4.28356579104198,1.83921680085061e-05,0.000355687510705163
"ICMT",1655.58454704498,-0.537149049949143,0.0749309967352878,-7.16858274082159,7.5778129970286e-13,6.81865391314446e-11
"RFC3",618.698693374532,-0.366616726912256,0.112456653567917,-3.26007146114162,0.00111384146196643,0.011580675200151
"NUDC",1162.44936676524,-0.276669164551624,0.0927341868797146,-2.98346460847812,0.00285004994873688,0.0249644198164581
"FUS",3065.70292407532,-0.185754499911634,0.0605874594658667,-3.06589022793212,0.00217022975470707,0.0200944191881109
"PGAP1",1087.56500747843,0.58524552756474,0.0899446306256673,6.50673112440054,7.68036992889507e-11,4.66973314133484e-09
"ZBTB11",854.094543000935,0.30988942868125,0.100124672042086,3.09503564267348,0.00196789247290866,0.0184103966888941
"FBLN1",2088.71022384986,-0.202829382478237,0.0685338531250877,-2.95955025479209,0.00308088447899708,0.026609593868336
"SEC23A",2115.34845053922,0.192378872134865,0.0699834431413949,2.74891979444598,0.00597920150825011,0.0452117162174634
"MIER1",813.395252612044,0.284299389105689,0.0980401121943117,2.89982725174996,0.00373368369510363,0.0309773689975991
"PSKH1",723.470937140825,0.349409429298613,0.10632909933058,3.28611294084501,0.00101580272031063,0.0107193329509143
"PRPF40A",1862.26628051532,0.361527116567271,0.0715445240197731,5.05317662700997,4.34521714306379e-07,1.2954505807845e-05
"IL11",218.111482389685,-0.533926645208526,0.191437257152225,-2.78904249439786,0.00528641281886174,0.040992249237017
"ORC6",518.25214916618,-0.462918734050214,0.123782498533082,-3.73977532798383,0.000184184806798,0.00254262373456989
"RSAD2",638.445894723934,0.662711126337304,0.109302688667948,6.06308165346746,1.33537825982613e-09,6.54335347314802e-08
"ICE1",1208.72158626032,0.23192277945501,0.0848455554599234,2.73346998788355,0.00626708345233542,0.0469225355606778
"PHC3",3253.80663928038,0.365916196826079,0.0686312237211422,5.33162862304256,9.73358413721386e-08,3.38045669439098e-06
"RPE",520.387468202417,-0.334236931584471,0.118804277956576,-2.81334087739365,0.00490296454945972,0.0387616159029971
"PRKCA",3771.2138699728,-0.172042849795165,0.0575543096412015,-2.98922619118699,0.00279684998749719,0.0245862913698525
"CBX6",817.841187024765,-0.596544968545445,0.0993277954804629,-6.00582108623141,1.903660235866e-09,8.93006114436097e-08
"MLPH",746.208964238368,-0.314046514226508,0.109329696966708,-2.87247219135838,0.00407273921622393,0.0333984861327129
"CHD3",2561.02058718341,-0.233630876041433,0.0684394278054862,-3.41368833043786,0.000640898461486824,0.00733365661479374
"CTNNBIP1",709.534023321684,-0.307822688714044,0.105281256435478,-2.92381283369937,0.00345772585394348,0.0292018519644476
"MEST",3259.28259084256,0.389831896087543,0.0584643826009113,6.6678527805315,2.59572961405021e-11,1.70149216687874e-09
"SECISBP2L",1026.39217391385,0.292945795096841,0.0956296471196335,3.0633365689446,0.00218883727458163,0.0202477676110364
"STMN1",7084.44772092368,-0.273678932656662,0.0469457116753673,-5.82968971796977,5.55305316904339e-09,2.35897511876358e-07
"ZFHX4",1238.19271659151,0.310593180923075,0.0904083268783846,3.43544883139888,0.000591573166620652,0.00684841076398972
"CCNB1",2396.28096300681,-0.498845803619356,0.0675463485240918,-7.38523716706066,1.52181876564468e-13,1.63727849373381e-11
"MSANTD3",953.891299743811,-0.608524632786883,0.100481457816293,-6.05608881490782,1.39471016650593e-09,6.80041439806682e-08
"PIP4K2C",540.469561755767,-0.407383816665672,0.119555159249235,-3.40749675065385,0.000655616891339595,0.00743332874052613
"ZC3H7B",1262.24523256387,-0.3868054628917,0.0861872790466474,-4.48796466451097,7.19068516141732e-06,0.000154054982094608
"C20orf194",1294.44219101125,0.3258569000158,0.0860453436332189,3.78703699998937,0.000152454405575752,0.00218694740056348
"LRRC40",472.326585334077,0.565407347277787,0.127364155794407,4.43929725558323,9.02530903904455e-06,0.000188465208583255
"SLC43A3",841.656704395849,-0.32578546111247,0.099417398489546,-3.27694614888486,0.00104936381282389,0.0110378353021582
"KPNA2",4292.8065206552,-0.326564582401393,0.0548607403394219,-5.9526098332058,2.63899913940491e-09,1.18193726162126e-07
"ERGIC2",765.217521085382,0.38833617284845,0.104790608086733,3.70582993971209,0.000210699644599683,0.00284905065880828
"PPFIBP1",3444.40658644998,0.320715022305302,0.062291897027624,5.14858332477942,2.62461189222355e-07,8.1950815486526e-06
"NBN",1444.91252259468,0.291331495000414,0.0805859066624748,3.61516680851682,0.000300154292082239,0.00385334264984436
"QARS",1802.03686365025,0.206027090294023,0.0721241598165219,2.85656139105314,0.00428257176950816,0.0347734990767775
"OGN",115.630940396538,0.793402928987781,0.269403772174037,2.94503273872215,0.00322920491893464,0.027625471294395
"PLXNB3",1000.88844094587,0.246850777696352,0.0897703917170541,2.74980172164556,0.00596313356662638,0.0451246911639663
"MPHOSPH10",625.616311944634,0.429913339934667,0.110246187109981,3.89957558809529,9.63614511545009e-05,0.00148333692616991
"DDX3X",11122.6113989192,0.182343236439987,0.0441004685143722,4.13472333928974,3.55382497309593e-05,0.000631679746697346
"KIF2C",1652.74148569459,-0.440284740454333,0.0730882124815448,-6.02401844983563,1.70138958840329e-09,8.13543678551484e-08
"LRRC58",2161.18676500791,0.351701596560113,0.0771565268798441,4.55828704041873,5.15725217500736e-06,0.000115254822730172
"SLC39A6",1633.84530168173,-0.367905903502344,0.0752128039330934,-4.89153288088581,1.00053674506399e-06,2.71323635688859e-05
"AXL",2582.92022566724,-0.278910864508407,0.0638984662451011,-4.36490702982703,1.27176836056717e-05,0.000257950066247825
"CBR1",624.794385914121,-1.43979740850928,0.116016313582729,-12.410301310622,2.29786407540673e-35,2.84303232729698e-32
"GSN",7514.02176904606,0.210083344775707,0.0508102349967428,4.13466587566806,3.55471427470622e-05,0.000631679746697346
"ITGB1",16718.4222520477,-0.180803222010678,0.0440645707149186,-4.10314270801384,4.07575671861467e-05,0.000706989020132778
"H2AFZ",4119.32098936975,-0.397602814055972,0.054790778056368,-7.2567469957613,3.96510356535472e-13,3.73777096094105e-11
"CEP290",319.681813945352,0.84565366701374,0.158869674998436,5.32293949126582,1.02103716063762e-07,3.4999946960391e-06
"CDCA4",467.040630883046,-0.528879081959403,0.125923088190681,-4.2000167686369,2.66895213116196e-05,0.000496565567560923
"TMBIM6",13514.3906277834,-0.142422142901425,0.0419620761278734,-3.39406807392976,0.000688625727091616,0.00772791093736147
"TMEM19",426.775533521604,-0.549483323777312,0.130921950217542,-4.19702977892006,2.70438385420672e-05,0.000499402824420488
"WDR34",1041.25309600132,-0.352709293920132,0.0903017821248026,-3.90589516198768,9.38772088939212e-05,0.00144960470145403
"ACTG1",50479.6183044163,-0.205437709333317,0.0385195244741653,-5.33333970597435,9.64226818281176e-08,3.36053417160108e-06
"HDGF",2684.34717742036,-0.568026544658034,0.0668168455109755,-8.5012475568714,1.87563893633852e-17,3.43797670219975e-15
"FOSL1",2651.78187934756,-0.445742935662215,0.0637720641666432,-6.98962690775449,2.75618202997384e-12,2.16513410576834e-10
"CD44",33696.9225968725,-0.131505256496686,0.038896419673441,-3.38090902969353,0.000722464573849614,0.00804381816868782
"IFI44",1989.85589856031,0.45321696327656,0.0710709687943782,6.37696335036325,1.80633664991736e-10,1.05171295064012e-08
"SLK",1947.88424055319,0.285886477393401,0.0759402564410414,3.76462354476454,0.000166800184245129,0.00235903925049591
"EIF4EBP2",2580.62632668208,-0.287677876221223,0.0633667018425018,-4.53989031867633,5.62834986444775e-06,0.000123965177793041
"PRPF4B",1252.79408234217,0.387246378445446,0.0871244166663901,4.44475146305149,8.79935320801861e-06,0.000184525419603746
"RAB3GAP2",1454.43853674624,0.252246698540907,0.0803027439050271,3.14119650555448,0.00168259096497818,0.0163241641325103
"HMGA2",1813.03551289871,0.676466021007776,0.0727598547199567,9.29724260186345,1.44135074213016e-20,3.3967832489534e-18
"SURF4",9001.43288897186,-0.145017485864071,0.0458228522727269,-3.1647415791789,0.00155220745785147,0.0152418148986248
"KIF23",1281.17867214941,-0.40073055979752,0.0825882353400304,-4.85215065012155,1.22129792503252e-06,3.21500182499253e-05
"SLC39A1",1541.7271252796,-0.233223307647801,0.075318994596001,-3.09647398904849,0.00195837042607391,0.0183845567043058
"TMPO",2896.16340857542,-0.292871764007832,0.0608292768267182,-4.81465141928489,1.47457058470105e-06,3.810783197747e-05
"BUB3",2347.50982494815,-0.191151614386495,0.0656058070918803,-2.91363863748813,0.00357243171569444,0.0299660416287657
"SERPINF1",2323.2062758465,0.327613052947944,0.0651495281041859,5.02863278493792,4.93989377199226e-07,1.45089224199345e-05
"ZBTB6",584.614311667913,0.475181774385996,0.129234794370728,3.67688730190472,0.000236097282943988,0.00313579402682912
"INSIG1",3079.83557617908,-0.208545332442879,0.0595311287165775,-3.50313083153093,0.000459823552319078,0.00553690209349664
"RASSF8",2921.84179986228,0.472898912272169,0.0662017755043263,7.1432965153822,9.11187725450222e-13,7.77964910601971e-11
"TGFB2",2192.71931516214,0.195660342911589,0.0699397215315547,2.79755679071889,0.00514907143246681,0.0402253425718678
"DNASE1L1",301.294794524482,-0.583349855316988,0.162099388038545,-3.59871719675014,0.000319790710008775,0.00404768343691414
"MYO9A",968.450530775858,0.265056432614904,0.0959971661448847,2.76108601179815,0.00576095021678487,0.0438629886505667
"CSPG4",2516.93766903204,-0.291509685367592,0.0693583411992929,-4.20295065203439,2.63458040413235e-05,0.000492020317737774
"SP110",542.265755335181,0.434893387258256,0.116855706886685,3.72162728586268,0.000197943044554531,0.0026949659628621
"SYNGR2",132.027883267037,0.856979386115663,0.233754559840846,3.66615045584201,0.000246229091280735,0.00324956739399561
"CROT",566.013126340169,-0.498222317032331,0.118803329737202,-4.19367300676186,2.74473561762191e-05,0.000505910486838393
"AES",975.921601463946,-0.269087557785392,0.0905074268284075,-2.97309919434074,0.00294809159172879,0.0256302117026084
"MLLT3",257.537737657794,0.451970031618023,0.165692759945812,2.72775969068192,0.0063766043162843,0.0475626447042818
"TXNRD1",4402.04636096121,-0.159743520797081,0.054861780722129,-2.91174509274809,0.00359415812827759,0.0301227579624823
"UBXN4",2348.1192004716,0.22653542487033,0.0701877812300018,3.22756213261658,0.00124849923762624,0.0127136270103133
"FPGT",300.431594363416,0.456106517785548,0.154957064113298,2.94343804456738,0.00324588784297161,0.0277202742620647
"TOX",795.502489154655,0.379327852569089,0.0990944400241519,3.82794284398436,0.000129218752572331,0.00189522318098276
"ATXN1",3885.18227673786,0.22208441395872,0.0556021897773122,3.99416668386932,6.49221808651624e-05,0.00104999958529964
"UACA",505.744341631562,0.854258689412316,0.122455624510642,6.97606739442232,3.0355715230138e-12,2.34735054178051e-10
"SLC12A2",1452.15099611448,0.264238312411591,0.0827496691333346,3.19322500233594,0.0014069327324463,0.0139957991816618
"NFATC2",534.19967608798,0.398320811978156,0.124582812117499,3.19723728504767,0.00138750737286984,0.0138354305721106
"PCDH18",7284.54613694505,0.27880284143791,0.0467984491118772,5.95752309593419,2.56089531081503e-09,1.15743113180124e-07
"IQGAP3",2168.67210113944,-0.588972238489615,0.0661217195976348,-8.9073944548575,5.22459028847916e-19,1.03425989350733e-16
"ESCO1",239.230956344916,0.488445599737638,0.179788518932882,2.71677859429935,0.00659206894873155,0.0488674391961521
"RAD23B",7141.31344579057,-0.134942380239931,0.0466928518693431,-2.89000082105779,0.00385240820252659,0.0318024490313663
"ZHX1",2241.36065392147,0.370532542744573,0.0696534958796208,5.31965464281863,1.03964412349178e-07,3.54841294286954e-06
"EDEM1",1842.91558645012,-0.304318057664251,0.0807574531538792,-3.76829686647484,0.000164365160640174,0.00233748040232247
"EIF5A",4520.52475097878,-0.216995256753693,0.0550970048098986,-3.93842201590436,8.20192426554025e-05,0.00128929090860277
"HMGXB4",806.412023967328,-0.390471272417115,0.10372261483447,-3.76457220096373,0.000166834459016684,0.00235903925049591
"SFPQ",4234.38793032049,-0.150512534924676,0.0531621458969135,-2.83119750689775,0.00463740752342482,0.0371668499326792
"ZNF260",699.827408706291,0.460392518543693,0.105810964834017,4.35108515706193,1.35465423646411e-05,0.000272527797408978
"ANKRD50",2063.41304510485,0.332419608818527,0.0787333178406212,4.22209577769147,2.42041212322785e-05,0.000454596569178544
"TIMELESS",1281.24630218489,-0.288103686292965,0.0876878478624603,-3.28556000992133,0.00101779859257975,0.0107286160483007
"YBX1",11296.4897942146,-0.269506842897837,0.0504847362448475,-5.33838270622525,9.37793449104911e-08,3.27995744142771e-06
"TBC1D32",139.28736462966,0.644994186396747,0.225282333350014,2.86304823287958,0.00419586685885427,0.0342299903287117
"ALG6",542.889040884357,0.480647696817225,0.118104598229086,4.06967809911107,4.70781393933346e-05,0.000800651930782175
"GALNT2",2591.48350153871,-0.262734017165724,0.0777911326971661,-3.37742886697028,0.000731668745722379,0.00813336295858209
"STT3B",3107.43192701283,-0.194127483126013,0.0603216917110403,-3.21820356192834,0.00128996233586708,0.0130641945929113
"NUSAP1",2095.60389759581,-0.522538288013128,0.0673151307533621,-7.76256812049688,8.32266428135426e-15,1.09836974742459e-12
"RGS10",116.82087689829,-0.699697975915744,0.245259460756939,-2.85288882947178,0.00433237747839889,0.0350915485116139
"USO1",1042.77737338622,0.293714793122695,0.105879180044262,2.77405617421582,0.00553621177445167,0.0425776411371582
"SEPHS1",836.553486281449,-0.319232863144425,0.0965631653540081,-3.30594861895933,0.000946554432877176,0.0101726338508342
"ODF2L",190.731704073541,0.563276376381648,0.193947103735155,2.90427836009777,0.00368100727383726,0.030591612087692
"AHCTF1",2065.05994979927,0.412685856352735,0.136318580671385,3.02736321285189,0.00246697337844859,0.0222792906020841
"SLC26A10",477.842093808232,-0.49776242468203,0.124776698527388,-3.98922579741738,6.62892982664997e-05,0.00106960112435429
"SEPT7",3448.55524557348,0.427935131789216,0.069520607059525,6.15551488816558,7.48339650043602e-10,3.81807518357298e-08
"RIPOR2",1336.33135301949,0.246203802067509,0.0795300600863986,3.09573262990173,0.00196327302853619,0.0183845567043058
"TP53INP1",430.203169435047,0.467924506444308,0.130504408884256,3.58550726710933,0.000336423634278473,0.00421219017597414
"CIT",2245.41110912881,-0.465460237311088,0.0679017736567401,-6.85490543537349,7.13597079810528e-12,5.16233192398645e-10
"CENPA",198.514992121067,-0.941216719658769,0.199389418586956,-4.72049483031265,2.35271588473929e-06,5.8657888733374e-05
"VDAC1",2665.2384513272,-0.224879472906108,0.0624641354300167,-3.60013744459903,0.000318049016691894,0.00403079278772902
"CCDC14",1049.85706860348,0.406507485983314,0.0897087038692552,4.53141633364555,5.85895412942535e-06,0.000128300725604098
"NCLN",763.725944181871,-0.290080095574167,0.105158813332502,-2.75849533083796,0.00580681347225431,0.0441103912113378
"JPT1",2390.04337150542,-0.291417264398031,0.0648137762292102,-4.49622412629455,6.9170824442153e-06,0.000149161834494211
"KMT5A",850.830626848941,-0.751777995838697,0.0993223127602988,-7.56907461119047,3.75892226228539e-14,4.42926339905962e-12
"TUBA1B",25457.8392665883,-0.214359183821752,0.0405394287325588,-5.28767154653049,1.2388316363828e-07,4.1286045578845e-06
"SOX5",614.929441409062,0.647567268647124,0.114413602462898,5.65988007288831,1.51478813804725e-08,5.97345537465806e-07
"P4HB",10175.8245280259,-0.233941141196586,0.0460189572901976,-5.08358196213231,3.70382641546073e-07,1.12801458031478e-05
"DHX36",1055.85174384305,0.305628533782848,0.0895653826576314,3.4123511195294,0.000644050971393637,0.00736121999405799
"MCM5",765.884096320567,-0.530319081850643,0.100960407647875,-5.25274307231667,1.49850505075691e-07,4.87901414223419e-06
"RPN2",5609.67898665417,-0.260560062385043,0.0495527927423753,-5.25823163468694,1.45447244463984e-07,4.75127665249014e-06
"PRUNE2",6482.23427664458,0.340536481649066,0.0571902121336252,5.95445389944351,2.6094166808801e-09,1.17400028669778e-07
"TBC1D10B",602.649895212475,-0.31199748938259,0.111398366676834,-2.80073665970071,0.00509861069253939,0.0399256713882554
"SEC62",1766.20892250491,0.538701880768533,0.15174629630488,3.55001666522525,0.000385206765286469,0.00474225940647447
"ZZZ3",956.332508063689,0.350914785577693,0.0913601374120042,3.84100544852711,0.000122531394478976,0.00181559242897142
"TRIM23",274.160117711522,0.458062465896737,0.163819160758932,2.79614706713581,0.00517158611784753,0.0403375566544168
"HECTD2",463.636691666946,0.654417710991614,0.129157586939852,5.0668158680943,4.04525238467203e-07,1.21701848338856e-05
"PXMP2",264.047122887237,-0.637808787062023,0.164836262323186,-3.86934754569661,0.000109126992555435,0.00164655331145381
"ERBIN",1976.5517702579,0.539171193173086,0.0773186154987539,6.97336844038257,3.09440808806877e-12,2.35603471197728e-10
"CRABP1",1501.72924756209,-0.319428853220869,0.0792719170293882,-4.02953360018338,5.58876274333388e-05,0.000926592523174518
"SUMO3",2394.10540178756,-0.2088878665786,0.0637992913354431,-3.27414085965802,0.00105983765719545,0.0110890836479076
"BLVRB",572.399867260872,-0.32324601267638,0.114512283527623,-2.82280645113854,0.00476053013390389,0.0379691597625953
"TPX2",5320.06451490483,-0.537154789063123,0.0526571603920628,-10.2009828305153,1.96276115968113e-24,6.9383606994728e-22
"LAMA2",7118.80473232641,0.195218275003421,0.0479066971383703,4.07496835859017,4.60206039429056e-05,0.000788082937416747
"CTDSP2",6965.32399547187,0.351824691399633,0.049253000185466,7.14321340983921,9.11739034449673e-13,7.77964910601971e-11
"BOD1L1",1150.722729844,0.505966408351303,0.0851056065182468,5.94515953825937,2.76187728000448e-09,1.23139915844524e-07
"PLXDC2",693.975361828837,0.434222086918726,0.115757063878596,3.75114979915292,0.000176025487679663,0.00245394405218775
"RANGAP1",1105.72338381357,-0.495122624240764,0.0997959944573009,-4.96134766664016,7.00057609778867e-07,1.99423476035631e-05
"PDP1",1978.66633978505,-0.260985264762604,0.0681528580917199,-3.82941041755535,0.000128450630656913,0.00188915949813095
"MAP4K4",2834.17688250429,-0.181180708888886,0.0615075023419222,-2.94566844678063,0.00322257625576792,0.027592612266082
"MITF",343.29286230699,0.436414876829535,0.151405774650941,2.88241896873266,0.00394634622642691,0.0324966180941544
"ARID4A",268.691323814428,0.598574312523713,0.169929973027795,3.52247635810433,0.000427535172544116,0.00521150632739121
"COX5A",749.678256998534,-0.459384663172766,0.102941803430554,-4.46256669170046,8.09837113462436e-06,0.000171643849016085
"DYNLT3",1185.0327604343,0.465775330635982,0.0860985749317071,5.40979140485696,6.30982007864851e-08,2.25141637897425e-06
"HMGB3",2171.18742853274,-0.433990591543095,0.0693963493930026,-6.25379570163463,4.00594981287109e-10,2.17862039823066e-08
"CCAR1",1383.10960470748,0.242804395451884,0.081353745690017,2.98455090656851,0.0028399494092693,0.0249200525292088
"RANBP2",2390.75528416841,0.798233156956824,0.0764700424786795,10.4385080886986,1.65389461679424e-25,6.54809956681175e-23
"SCG2",8930.91893105163,-0.34813233624232,0.0494165624164144,-7.04485134576426,1.85659608237989e-12,1.53138233528301e-10
"GJA1",1409.55375404505,0.289719740455802,0.0797764177671067,3.63164640083975,0.000281618821135931,0.00366771459421506
"FAM135A",300.608698076319,0.586706255583084,0.163368681239092,3.59130190152196,0.000329030223262559,0.00414409506899504
"GTF2F1",698.837331818662,-0.542847946089909,0.11518377468349,-4.71288553949188,2.44233398321539e-06,6.05870219695887e-05
"MCM4",4137.3384203603,-0.280330921596146,0.0538905694644071,-5.20185487706332,1.97309275814302e-07,6.23951185945676e-06
"SLC2A4RG",932.521835041638,-0.397484742540315,0.102997878095851,-3.85915467278279,0.000113779911080511,0.00170412747434957
"NCOA4",2433.8809629729,-0.338063158696982,0.0639012253750926,-5.29040181487273,1.2204792783448e-07,4.08118374900568e-06
"ZC2HC1A",466.02848961854,0.461515893974774,0.14089246963702,3.27566047471361,0.00105415206822871,0.0110505252824483
"LPAR1",3012.96628286477,-0.202801872871129,0.0614626049288393,-3.29959774900414,0.000968235015061414,0.010338284982824
"ACSL3",2380.81416963694,0.208884025644837,0.0688589882282497,3.03350413677937,0.00241731397020411,0.021910781755568
"ZNF441",239.870503300961,0.519133059916116,0.179598074407701,2.89052687022493,0.00384596651292978,0.0317757734098322
"LGALS1",21455.0581691012,-0.16648124237271,0.0492297086499736,-3.38172308831649,0.000720327169500697,0.00803740777626179
"TMEM201",402.93136288589,-0.403593805475646,0.134638541959962,-2.99760974532584,0.00272105867930453,0.0240473560783537
"CDC73",1292.57759660835,0.308340034530404,0.081196332045971,3.79746260404757,0.000146184821882922,0.00210616792867127
"UBA6",849.56872170883,0.333184917025771,0.106540526266432,3.12730684465136,0.00176415698990694,0.0168548512414082
"ANKRD26",187.171534254781,0.880275388954786,0.204715014229081,4.30000404352237,1.70794993088326e-05,0.000333437641338906
"UBE2C",1880.36333725324,-0.553155621097724,0.070949784904059,-7.79643830979505,6.36789306253567e-15,8.63416514150385e-13
"TSPAN14",1861.33808487556,-0.404817090713245,0.0699348330141507,-5.78849013096712,7.10219206652565e-09,2.96613911706628e-07
"PTGES3",5009.58847330561,-0.228740720249585,0.0520691671058692,-4.3930166922874,1.11788540422988e-05,0.000230038040146931
"GORAB",785.738513812205,0.493052372006007,0.102105829685858,4.82883664451823,1.37333007907813e-06,3.58660187934442e-05
"CCDC88A",2211.2090626656,0.568200021421757,0.0744773792922914,7.62916239562913,2.36283841769595e-14,2.85211886077494e-12
"TRIM14",1324.60342561712,0.329715328892551,0.07929094788681,4.15829722912669,3.20628662649421e-05,0.000583379136563229
"SH3RF1",289.210994297232,0.448484226595978,0.159142956007371,2.81812175573266,0.00483054883085265,0.0384038331950037
"TMED5",1169.26186656305,0.411551702966077,0.0886147224708265,4.64428135067022,3.41262245030198e-06,8.00429787040025e-05
"RFWD3",1323.50907003433,-0.369995866486871,0.0798222382476838,-4.63524795356897,3.56509879755624e-06,8.30290538781451e-05
"NDRG1",2516.56134311575,0.239676661552834,0.066361198597454,3.61169880319235,0.00030419775402433,0.00389011546425428
"TRIM25",3252.29379880077,0.223705643302889,0.0617951703993683,3.62011532385347,0.000294471740142381,0.00380506695029934
"SAR1A",1605.43129809723,-0.297661175309793,0.0758456457109857,-3.92456511536666,8.6886555939925e-05,0.00135647181497378
"MARCH7",1640.99002037941,0.24949876955106,0.0779782835757379,3.19959299063989,0.00137621783256155,0.0137455137302666
"GOLGB1",2447.35438226606,0.995065791135007,0.0661227353468765,15.0487693213982,3.51716462985101e-51,1.16042985020884e-47
"CDCA8",1219.55363471594,-0.619218307213723,0.0863080383809496,-7.17451489837591,7.25640203856395e-13,6.71251096987906e-11
"TBC1D15",856.070894707429,0.401983963118679,0.112643198477223,3.56864833876286,0.000358827671923718,0.00446190489535296
"PTPN13",2033.63374199561,0.370644568661714,0.0682613720892262,5.42978491814134,5.64220087307498e-08,2.05318030300353e-06
"SRPX",3918.02404002627,-0.202142279273115,0.0552892948548113,-3.65608351135491,0.000256097955292846,0.00336188005502466
"SESTD1",1155.29310046806,0.485011485617107,0.0848179992060951,5.71826133788656,1.07619537331919e-08,4.34782930820952e-07
"ZNF652",864.018780598787,0.31862488496904,0.10144144311515,3.14097350337727,0.00168387265905163,0.0163241641325103
"KDM5B",2628.24211757521,0.283631157182568,0.0657882163455437,4.31127598433182,1.62315162895363e-05,0.000318655439327893
"SMC3",1064.06596276857,0.620903728582502,0.09357371836757,6.63544998974509,3.23514044340285e-11,2.06589807153557e-09
"EVI5",300.205345253964,0.463572496173941,0.154056413060429,3.00910872169991,0.00262015334533095,0.023347143377716
"WWP1",987.744377642986,0.340055788280442,0.091083311065431,3.73345878957077,0.000188868108213957,0.00258921957770325
"ZBTB20",1220.14327611566,0.620854903499052,0.0838995259774025,7.39998106385337,1.36203919152052e-13,1.49794043529668e-11
"GOLIM4",4438.81112042324,0.16878078342395,0.0541788575980777,3.11525179574731,0.0018378794964484,0.0174079724936328
"N4BP2",247.177500076352,0.492341534414456,0.17864335440155,2.7560025172153,0.00585125466761885,0.044413894708659
"SOX4",468.59352297108,0.417933672989997,0.125328036300477,3.33471811517089,0.000853859071072032,0.00929636648355329
"CHD1",1266.41711187494,0.34061415315419,0.082619834399166,4.12266806912927,3.74509173034142e-05,0.000658417725522547
"TMCO3",1386.60255081338,-0.279970438506836,0.0793436316512005,-3.52858109315695,0.000417793917299241,0.00509904339510221
"IDE",875.966003284091,0.294338241622826,0.104605483643574,2.81379361167847,0.00489606515414432,0.0387380119070507
"AKAP11",1820.85520828021,0.511218700812046,0.147040478428521,3.4767208749294,0.000507585948825066,0.00600249190139845
"FAM199X",811.021320645625,0.340348833037907,0.105194609265953,3.23542085866243,0.0012146355223881,0.0124456132511361
"TROVE2",892.254192554513,0.588377782388555,0.11254876017567,5.22775889730102,1.71577048630528e-07,5.49601821147238e-06
"DGKH",959.166937155746,0.863032469896593,0.107913578514922,7.99744093165493,1.27031680753035e-15,1.93439934783622e-13
"LIG1",459.816561274545,-0.421084744319581,0.126598512167972,-3.32614291517803,0.000880567666874024,0.00954639514427063
"PIMREG",788.037301505595,-0.732086001582419,0.100800604586245,-7.26271439132138,3.79398489813818e-13,3.61085216555497e-11
"ARHGAP12",1111.329760864,0.591103650168595,0.0929407143564076,6.36000760551334,2.01743759935933e-10,1.14762053784245e-08
"UHRF1BP1L",774.496968941159,0.451888483242458,0.103374914256812,4.37135533790956,1.2347764890039e-05,0.000251996240993002
"DPY19L4",1497.97734201793,0.290632278365375,0.0864545723770415,3.36167620028104,0.000774709115276289,0.00855683465985833
"BTBD3",4992.64167605607,0.436364446251723,0.0511592883629205,8.52952533577447,1.46949412908361e-17,2.74434960182445e-15
"RPS2",7426.51165614417,-0.156556494812716,0.0483643804090855,-3.23702058185173,0.00120784700022447,0.0124017319587363
"APLP2",18812.9205339888,-0.20735114773402,0.0443224184003098,-4.67824534891739,2.89340213953438e-06,6.95118795560953e-05
"EEA1",830.952790400205,0.74434219021008,0.110356181907499,6.74490705771238,1.53125011719462e-11,1.05252178194391e-09
"HSP90AA1",30816.1075625013,-0.149646571093182,0.040526423937434,-3.69256787433826,0.000222001064057937,0.00298555235332264
"NBEAL1",332.681954875884,0.693588095598322,0.1558529909227,4.45027131973572,8.57618714843797e-06,0.000180227389374181
"UGP2",2173.48246369862,0.214830187021381,0.0691865010047545,3.1050881877466,0.00190222300583307,0.0179145607152576
"ZFC3H1",700.834220171412,0.404734590543501,0.108086560037037,3.74454132322109,0.000180723631731307,0.00250182168793913
"H1FX",389.158234656677,-0.666105995773666,0.145127617499572,-4.58979488018969,4.43681794683948e-06,0.0001002639818215
"ADGRL3",374.374011600153,0.542983722363392,0.139544123030124,3.89112569252506,9.97802246867102e-05,0.00152646779590272
"CRABP2",1389.41807279927,-0.264328369170693,0.0874211968226614,-3.02361874211008,0.00249770988680612,0.0225085751687462
"HECTD1",3197.3038415386,0.206198618522483,0.0652758825404617,3.15887906064953,0.00158377198259725,0.015536347952178
"KIF20A",1766.92862330902,-0.686901419740735,0.074198268999988,-9.25764750308186,2.0898579128904e-20,4.81056130739284e-18
"HMGN1",4480.4221528307,-0.249650198166184,0.0531391104064413,-4.69805000980826,2.62657127257812e-06,6.4192104829576e-05
"KNSTRN",543.034245291527,-0.602632551874338,0.121638464023457,-4.95429267964223,7.25938695327977e-07,2.05295463038752e-05
"CAMSAP2",2517.18394977087,0.230050251984365,0.0742319874829791,3.0990717045952,0.00194128030706077,0.0182650118624406
"NCAPG2",1593.00874636296,-0.438819333094547,0.0756233343775382,-5.8026974968309,6.52564598094881e-09,2.7369001660776e-07
"HELLS",361.046790575044,-0.392350337466483,0.142921968596844,-2.74520664190702,0.00604728064345148,0.0456219388787216
"SRSF3",4679.09891945378,-0.176367678545023,0.053670753660746,-3.28610400479648,0.00101583494725779,0.0107193329509143
"EFR3A",4088.31395362908,0.320066207580474,0.0547412106934838,5.84689676252581,5.00828109053758e-09,2.13672268250608e-07
"RLF",1047.4266193276,0.360272273126617,0.102670089759029,3.50902852010933,0.000449746674710849,0.00546207679299139
"ILF2",4511.7250692523,-0.159545250199582,0.0572123268624819,-2.78865165863769,0.00529279597139904,0.040992249237017
"TMEM135",458.98886465531,0.481236094615892,0.13807615213309,3.48529479697577,0.000491595118104953,0.00583594734981997
"KRR1",446.352281145406,0.563026052629529,0.129497799310927,4.34776541088309,1.37531591110116e-05,0.000275007613900592
"RANBP1",934.947005236061,-0.359618437628835,0.0946113549171849,-3.80100716181072,0.000144109136272098,0.0020792889662117
"NUFIP2",4531.33646114953,0.207492684056676,0.0579864224029907,3.57829773691944,0.00034583935366726,0.00432211858913958
"TENT2",720.5816287257,0.29743685652049,0.105613509282072,2.81627661595922,0.00485838160678364,0.0385631605003564
"RECQL",823.313951946776,0.380444054304271,0.10566896016987,3.60033877207347,0.000317802842462074,0.00403079278772902
"ZDHHC17",757.575183573316,0.429389802482675,0.10480507601073,4.0970324990625,4.18480170323032e-05,0.000724146280744295
"WNT5A",3065.56359202125,-0.32571313697134,0.0585576085985337,-5.5622684185142,2.66290281999863e-08,1.00986253304009e-06
"LMBR1L",378.350310185779,0.445071979810463,0.141897360489328,3.13657687694575,0.00170932617120225,0.0164580840880932
"NONO",10186.8380294103,-0.118533031807991,0.0435691423600147,-2.72057298783952,0.00651688834075828,0.0484629307263903
"CKAP5",7059.79633448655,-0.231768017055619,0.0475636157039058,-4.87280064027147,1.10027238113616e-06,2.93544367344629e-05
"UBE2H",7729.75055469942,0.145514296312872,0.0461644960207514,3.15208241951697,0.00162110508343301,0.0158241598775344
"NBPF8",5328.51940236374,-0.147920034325482,0.0499903757120036,-2.95897024614607,0.00308668902353313,0.0266364847035143
"PLIN2",2178.1071295943,0.252047329238489,0.0682977509307549,3.69041916905921,0.000223884823738683,0.00300272626743291
"S100A6",15315.9074067553,-0.12344778110111,0.0443570715005902,-2.78304624099153,0.0053851130500953,0.041577105280689
"RUFY2",532.42130613794,0.389008351366676,0.124739819729806,3.11855790884812,0.00181738424595779,0.0172468545220424
"FAM214A",371.065412619103,0.727270826565385,0.148174930387357,4.90819077602508,9.19204176918376e-07,2.5343406526847e-05
"ANKMY2",607.815376682308,-0.714387260221077,0.113064103617852,-6.31842678057797,2.64239437869261e-10,1.48604656592611e-08
"PDIA6",2841.45708625475,-0.187121005244309,0.0651372855922416,-2.87271727003922,0.00406958137787292,0.0333984861327129
"TNFRSF12A",522.658565816166,-0.415465025267183,0.121782069999857,-3.41154510896119,0.00064595812299849,0.00736600633806343
"NEMP1",1205.87593874666,-1.20862150129556,0.0853237135702269,-14.1651300760695,1.50587830662553e-45,2.9810366957959e-42
"SLC38A2",13927.1159591479,0.204157414051178,0.0535378180296855,3.81333086712606,0.000137106364520254,0.00198985160706962
"ID1",4872.20754322984,-0.30359429483151,0.0655531701114126,-4.63126793586837,3.63433191954233e-06,8.42450054792272e-05
"ALDH1A1",586.847684737248,0.531057787281973,0.112749674932577,4.71006047334098,2.47643301839358e-06,6.12793350401492e-05
"PTTG1IP",5238.68281921709,-0.156337789886445,0.0529619803511408,-2.95188716226087,0.00315838323930962,0.0272077261119988
"RBBP8",560.081416654023,0.444409196137634,0.115176273012911,3.8585134291315,0.000114078800462141,0.00170566762382821
"MELK",636.695404065191,-0.472336623964362,0.112487946803843,-4.19899764717035,2.68099105900687e-05,0.000497522134975426
"MAZ",1195.1225966547,-0.257700062796895,0.0826741347251957,-3.11705787612384,0.00182665707616104,0.0173182487929521
"TPM2",113.269550297584,0.938967385376632,0.281298527081148,3.33797476694844,0.000843914127667047,0.00919940752824717
"SPARCL1",173.882952041826,0.565131186350213,0.202055247963219,2.79691417098498,0.00515932369845118,0.0402736482391718
"LRRC8C",829.478028541482,0.378479710643969,0.100072951058016,3.7820380696533,0.000155549565506489,0.00222489826500467
"FAR1",1287.74582693645,0.4570967017903,0.0894184393179984,5.11188414019092,3.18961437489446e-07,9.83514114726024e-06
"BRD8",910.863090693903,-0.278850362065594,0.0934438070829534,-2.98415026924201,0.00284367077629139,0.024930605264599
"SSBP2",995.104923050754,0.283428671145359,0.0940896322076912,3.0123262733106,0.00259253781849429,0.0232015726288034
"GPI",5086.86753450957,-0.178227405654335,0.0519293866720688,-3.43211073875822,0.000598902955464434,0.00691708454280859
"NCAPD2",6422.92597361475,-0.5102182908437,0.0483666318728273,-10.5489729403784,5.13553848930208e-26,2.21006782465704e-23
"DSN1",693.934220460965,-0.389567193337603,0.10783044465027,-3.61277554405994,0.000302936918554465,0.00387900338920064
"APH1B",465.741672211936,-0.483682909812697,0.12853719491213,-3.76298012527309,0.000167900549757107,0.00236705512281264
"SESN3",2587.484555379,0.495509312497806,0.125225069450646,3.95694979185537,7.59128785270855e-05,0.00120801554929436
"ZBTB41",544.65123624032,0.915743646740213,0.125339499627104,7.30610581233078,2.74995650161871e-13,2.7774560666349e-11
"ITPRID2",6721.48487116956,0.349208989680798,0.0519839123386679,6.7176357832737,1.84696634645263e-11,1.25214197925946e-09
"ZNF704",1458.12519876875,0.439217443572056,0.0782858239866709,5.61043393561059,2.01819907828274e-08,7.83377822621276e-07
"LARP4",1556.66153426187,0.305729102022052,0.088895764934006,3.43918635774177,0.00058346543534261,0.00676246004569222
"POSTN",1374.54186265142,0.391203402721213,0.0817124536310622,4.78756156910335,1.68819954577404e-06,4.30664925362667e-05
"EIF5B",1012.80195059371,0.508084940014589,0.0935916435247825,5.4287425765747,5.67524711826833e-08,2.05764087826447e-06
"NDC1",664.562892942099,-0.292279702616295,0.106992826491338,-2.7317691494014,0.00629952633889115,0.0470755917497631
"TANC1",2635.85804395359,0.218467176239443,0.0628175213746813,3.47780637405883,0.000505534957556132,0.00598538876781172
"SERPINE1",2712.50830290572,-1.3212404012857,0.0752926009005897,-17.5480775731224,6.15276095808388e-69,6.09000279631142e-65
"NSRP1",765.741520666186,0.428657309591749,0.10021105773325,4.27754500638826,1.88965761280787e-05,0.000363181185467423
"TMEM245",2483.64930679158,-0.363263103412976,0.0648719121624044,-5.59969779376258,2.14725806838806e-08,8.30217201597851e-07
"ZNF708",297.425826251355,0.432653574982192,0.155484558679668,2.78261441943925,0.00539228479370162,0.0416000271925632
"FAM208A",1513.55189871622,0.385821362169055,0.0847836538363342,4.55065740518617,5.34785627736066e-06,0.000118684039088152
"CD70",381.013489614537,-0.549866883730098,0.137845532493282,-3.98900765069696,6.63502819108442e-05,0.00106960112435429
"TUBG1",1228.43409450787,-0.285686705986338,0.0834409206732181,-3.42382015540289,0.000617474703400124,0.00710670303983073
"ARID4B",1288.48669067389,0.484496524592129,0.0837896287591029,5.78229706668194,7.36874339581504e-09,3.06453034167132e-07
"CDC42EP3",1543.31134792705,0.315587150048876,0.0787879145959873,4.00552739169656,6.18792622025168e-05,0.00100423551285213
"TRIM2",1669.03042766546,0.409618252545308,0.0895046615908878,4.57650188565161,4.72815449198254e-06,0.000106120800820052
"DMRTA1",228.156891952058,0.574181649659475,0.176901506860488,3.24577025854449,0.00117133325153004,0.0120895271362298
"CENPF",4995.66389622782,0.43825003695932,0.0534674855652878,8.19657091269391,2.47341395051461e-16,3.94868569067639e-14
"HMGN2",6572.61351398483,-0.3326827519245,0.0485695827210573,-6.84961107932816,7.40510312391165e-12,5.27307271370342e-10
"SIPA1L1",1566.06829560125,0.257620664966407,0.0744959313016716,3.45818436611217,0.000543829089280634,0.0063599444686467
"ODC1",6020.83716280492,-0.137700180949724,0.0487811888945821,-2.82281313904216,0.00476043083477269,0.0379691597625953
"LDHB",8917.34088028066,-0.147015105110809,0.0458846039025848,-3.2040181805411,0.00135523918444658,0.0135861918267117
"ADAMTS1",1034.10945247318,-0.310887933748437,0.0896365811443301,-3.46831538842222,0.000523732234611873,0.00616397343423106
"FABP3",1064.68008365145,0.272606871082908,0.0870190565775162,3.13272611545806,0.00173190968802188,0.01657650851566
"GNB2",1750.57323171298,-0.452528951252036,0.0742536761816937,-6.09436427288432,1.09873208225911e-09,5.46494982422144e-08
"ANKRD36C",562.357751446898,0.476980871401084,0.117083705849066,4.07384501491579,4.6243261453157e-05,0.0007905281552044
"SYNE3",1221.94642433708,-0.321064531133303,0.0829248889651638,-3.87175111284358,0.000108056257712603,0.00163288677685397
"TMC7",389.294530136807,0.394283193767184,0.141292695139921,2.79054195531289,0.0052619879974457,0.0409137134318284
"YES1",741.525798241602,0.291429901476872,0.105301798058028,2.76756814082391,0.0056476237804474,0.0432329313061627
"INTS9",518.758834425669,0.435678416486105,0.118906409378929,3.6640448463774,0.000248263287543754,0.00327205062597614
"WDR26",2735.08560091309,0.196288362697373,0.0674236679597966,2.91126793657112,0.00359965191341412,0.0301300397271035
"ERGIC1",1987.66596700561,-0.301523161565033,0.0689941249867049,-4.3702729996668,1.24091296409166e-05,0.000252727500382288
"INO80D",843.289433458326,0.384329392149475,0.0967866218124875,3.97089375527609,7.16035078134987e-05,0.0011468147578285
"NSUN2",962.827866329996,-0.333760646128718,0.0908259529164702,-3.67472771175511,0.000238103206140985,0.00315494716784936
"PPIH",432.184257076392,-0.357994320770405,0.129294175092802,-2.76883564563872,0.00562570061706284,0.0430984401762291
"RACGAP1",2985.99781585852,-0.499132522726623,0.0592964093496092,-8.41758427198784,3.84326805867936e-17,6.79297629371576e-15
"RRM1",3117.0164091005,-0.303225138550002,0.0613011595106237,-4.94648292088916,7.55663543343983e-07,2.13092813447827e-05
"UBLCP1",288.798608092773,0.661108019874328,0.162842898113971,4.05979031036177,4.91168052778286e-05,0.000823996845152453
"ROCK1",1076.37869172517,0.33008665161454,0.0884550590579359,3.73168765167339,0.000190201247348676,0.00259735618252201
"KLF12",359.335272556712,0.51670243135957,0.158910031041546,3.251540686091,0.00114781346214414,0.0118715335927928
"FBN2",14371.2201622627,0.121213170757731,0.0428109309006511,2.8313603140054,0.00463504742191169,0.0371668499326792
"RPL8",13584.645356251,-0.26738699317524,0.0951028836395526,-2.81155505429948,0.00493026525348591,0.0388533164641748
"KMT2E",2598.9615743455,0.409527547626724,0.0660682141360763,6.19855634031892,5.6983408074478e-10,2.93761340167283e-08
"STT3A",4826.59272708148,-0.147058922306017,0.0529101146131873,-2.77941039026522,0.00544576763844386,0.0419472436461613
"PCNA",1458.48442723119,-0.330196957745996,0.0797590299372007,-4.13993196765283,3.4740883632023e-05,0.000621817841211146
"RCC1",521.396880234118,-0.399458089006876,0.118836486048381,-3.36140946513892,0.000775457737916036,0.00855683465985833
"PGM2L1",910.338309295758,0.631147388717376,0.0936522606272077,6.73926485586634,1.59189992705293e-11,1.08666382606689e-09
"ELF4",928.440023798816,-0.264722984426162,0.095871461110741,-2.7612282253671,0.00575844206969185,0.0438629886505667
"COL5A1",12223.1385898744,-0.238639688563968,0.0507225883337342,-4.70480108376597,2.54113593602103e-06,6.27235997374965e-05
"ZNF217",3146.61418069025,0.211533441842497,0.0594921694268066,3.55565184259664,0.000377043107632813,0.00465914192178475
"SREK1",900.318121645448,0.632159223919519,0.107068673603921,5.90424073299037,3.54274531143475e-09,1.54476181024587e-07
"ATP11B",1232.47041159806,0.264539831227242,0.0878368948706506,3.01171656417051,0.00259775029084574,0.0232272198543732
"GINS1",887.35050621542,-0.309123831250423,0.0959221922390112,-3.2226518601678,0.00127009819903796,0.0128937763836695
"NT5C3B",598.583260426709,-0.799971654748598,0.117781263900345,-6.79201112517739,1.10581018899584e-11,7.70796426104286e-10
"HOMER2",237.248567954695,-0.624223517659488,0.183413607060741,-3.4033653645597,0.000665612082419381,0.00751223305790996
"RPGRIP1L",469.556624456384,0.35750290607495,0.124450634584867,2.87264831768421,0.00407046960409914,0.0333984861327129
"GABPA",893.679894744008,0.625063632663349,0.109723987111432,5.69669084325706,1.22155141301203e-08,4.85578951244703e-07
"ACACA",523.589795731935,1.61398840155575,0.132119356262309,12.2161388551678,2.54906707166911e-34,2.52306658753809e-31
"RAD23A",1706.94384763075,-0.293477951562003,0.0767169107710691,-3.82546623179042,0.000130524825903229,0.00191114604554757
"SEPT9",8230.6615608593,-0.159041201270679,0.0565476297750999,-2.8125175520745,0.00491553406984195,0.0388018463442889
"AARS",4259.89814965788,-0.171771400120837,0.058162862534724,-2.95328311976199,0.0031441345402843,0.0271085746339146
"RAPGEF2",737.68611237735,-0.49232438241082,0.102865353213531,-4.78610501039003,1.70049108648127e-06,4.32685366940658e-05
"ZNF141",279.890009283891,0.49042326513848,0.160604060917136,3.05361684093104,0.0022610065617695,0.0207601511580655
"IRAK1",1426.46543682387,-0.276279978908348,0.0775314595900058,-3.56345643909382,0.000366003455183528,0.00453972706692552
"TOMM20",3319.41748738255,-0.432147770308318,0.0592753789069098,-7.29051046619193,3.08782817038913e-13,2.99640423828546e-11
"C5orf51",630.771820353198,0.331787562203131,0.11360015781171,2.92066110289269,0.00349289553443649,0.0294384975271804
"ZNF302",681.342517851147,0.325296499389299,0.106303077486946,3.06008543759466,0.00221273859067368,0.0204497540340691
"FGD4",1258.44458988419,0.751558797940337,0.0981480855601135,7.65739640922516,1.89740282024003e-14,2.37131521377977e-12
"BLZF1",570.448183545916,0.597339122425889,0.120377310889053,4.96222351217359,6.96907314123311e-07,1.99363832230998e-05
"UBE2I",1898.20696345991,-0.368869488489315,0.0752414270329362,-4.90247863491273,9.46349104560561e-07,2.59472671383392e-05
"SAMD5",571.880668585325,-0.34737699059684,0.114493381878365,-3.034035547713,0.00241305994932758,0.0218922707410123
"PELI1",636.828662527682,0.441205395831332,0.109290728387935,4.03698833688108,5.41417593752858e-05,0.000900664091254755
"DCUN1D1",458.765546745584,0.516759368084841,0.127730390314155,4.04570413363542,5.2166084877833e-05,0.000870724971535903
"TAGLN2",3850.40334991792,-0.297039745811025,0.0558053566520521,-5.32278196272583,1.02192207229268e-07,3.4999946960391e-06
"MTHFD1",1515.88619396336,-0.221787131395301,0.0763468044421272,-2.9049956054601,0.003672582566023,0.0305472455785678
"OGT",3266.40036220808,0.240839013043483,0.0608534621322473,3.95768793762447,7.56787385135741e-05,0.00120622891112296
"RSF1",1347.88627393941,0.648751138577827,0.0889631329882835,7.29235939412418,3.04573369141779e-13,2.98481901758943e-11
"QSER1",1690.17495340826,0.32055462654856,0.0859021632821888,3.73162460991276,0.000190248861621384,0.00259735618252201
"ROCK2",2999.27055960573,0.440515917613975,0.0627473161016144,7.02047426061369,2.21116395186383e-12,1.76500812867324e-10
"LDLR",11620.4793838639,-0.303238881322133,0.0426493404522428,-7.11004855190409,1.16002139409912e-12,9.81358269982314e-11
"NEDD4",819.302750051049,0.354707403028422,0.10757325073124,3.29735692300143,0.000975993865427122,0.0103986945963376
"KTN1",1751.70049705986,0.646605900199934,0.0723814530383279,8.933309198111,4.13452082160828e-19,8.35173205964872e-17
"CRYBG3",424.812304765969,0.755673621702073,0.138042293805351,5.47421808831738,4.39447602303789e-08,1.61697114037283e-06
"SATB1",285.452247928466,0.582075271801601,0.162270325994598,3.58707156243082,0.000334412568737969,0.00419520355560002
"CYB5R2",79.7640640014662,-0.807749045951738,0.29569999206001,-2.73165055002034,0.0063017942077628,0.0470755917497631
"POMK",598.955628317316,-0.793071462497655,0.112610151297934,-7.04262851400861,1.88646700801085e-12,1.54316119382574e-10
"HNRNPAB",1072.82266600349,-0.355104402854496,0.0956813919298325,-3.71132145647411,0.00020618007127663,0.00279175149862665
"KIDINS220",4661.86559701712,0.170232013360162,0.0526042317993661,3.23608971250509,0.00121179292486582,0.0124293537516289
"SF3B1",6978.65169179214,0.148506207323311,0.0500972007989712,2.9643613805736,0.00303311860758962,0.0262428391415403
"MEIS2",1628.36349630964,0.242553274667377,0.0740436480459472,3.27581475343925,0.00105357642023542,0.0110505252824483
"TENT5A",402.05305353395,0.401137087806517,0.137136748343138,2.92508822509637,0.0034435857911923,0.0291321471463431
"RBM8A",1591.82939370801,-0.241983579466212,0.0739779705549435,-3.27102213876617,0.00107159521174174,0.0111818356659141
"IFNGR2",152.776942829563,0.678904212774968,0.216203761254733,3.14011286776403,0.00168882754610028,0.0163561791108616
"ADAM12",1737.04271649674,-0.382757990077139,0.0724396660303051,-5.28381770723532,1.26519150458653e-07,4.20230386322064e-06
"HIVEP1",797.082773702453,0.273702779254377,0.101028282241181,2.7091698797865,0.00674517929818934,0.049823719920506
"PHF20L1",1666.4429019282,0.287338767596455,0.0753584545445071,3.8129599304183,0.000137312381076747,0.00198992378901558
"NECAP1",612.913565372423,-0.384075011117052,0.111592401867054,-3.44176668564426,0.00057792848389328,0.00670613849188239
"HIF1A",3019.98778087968,0.511608132464555,0.135471560917146,3.77649839568508,0.000159048583556184,0.00226839031705923
"ZNF644",534.916731045402,0.821078456272467,0.119872224248022,6.84961392368603,7.40495589753381e-12,5.27307271370342e-10
"SOS1",999.354882632654,0.382714269709962,0.0925906509654326,4.13340078851852,3.57434626517748e-05,0.000634030095568578
"SUN2",480.866058340553,-0.446105334197391,0.130867668062167,-3.40882771736619,0.000652426685845901,0.00742266590402613
"ARHGAP29",3016.8692366644,0.409542045664941,0.0669376292706876,6.11826337632609,9.46006218248434e-10,4.75308098894568e-08
"COTL1",2959.46593836808,-0.308375883469493,0.0614056862605597,-5.02194344284301,5.1151247068455e-07,1.49349570349135e-05
"THY1",1037.86993130663,-0.431071048577465,0.0968304072764102,-4.45181488648435,8.51475553810209e-06,0.000179599623288675
"YWHAG",5706.18081541611,-0.266914967334017,0.051776565537533,-5.15513079253063,2.5345395890454e-07,7.96408661980042e-06
"METTL14",348.988737261904,0.475708580449626,0.144091051584594,3.30144429663173,0.000961884324420655,0.010308315492724
"POLE",1849.11415770887,-0.239738961089067,0.0703162593246939,-3.4094384910614,0.000650967554839189,0.00741458786858262
"TUT7",1590.66614222626,0.334535772244796,0.0824623042384532,4.05683269870111,4.97426866057251e-05,0.000833084791917881
"RAB11FIP4",370.434393307466,-0.635860205131936,0.149951815730869,-4.2404301810734,2.23091820808866e-05,0.000420602446164982
"KIAA1109",1559.45470660799,0.699142088568977,0.0883730072983085,7.91126283853825,2.54790948324144e-15,3.75294480975609e-13
"USP13",1304.98691075824,-0.27992734715801,0.0820447432014163,-3.41188644433685,0.00064514982790387,0.0073652745058737
"ZNF483",322.784146083234,0.42640853337188,0.155750806348371,2.73776132123594,0.00618589525480871,0.0464200085156153
"FAM83D",702.271010291744,-0.528407597238184,0.107165433612151,-4.93076526103164,8.19081110816541e-07,2.2837365732006e-05
"CENPI",345.197236476642,-0.472025861488369,0.144653164734151,-3.26315613181277,0.00110178801868221,0.0114674004299858
"KREMEN1",607.703233901002,-0.351356910666454,0.112065678865251,-3.13527668974306,0.00171692089986394,0.0164991097736439
"DCAF11",629.206531855313,-0.316162862983977,0.112572342502997,-2.80853054981563,0.00497681602378003,0.0391190500233191
"TCF4",1564.02651124216,0.387889951629198,0.0825447875693143,4.69914531312447,2.61252521730707e-06,6.41656937987727e-05
"TMEM41B",437.560324438034,-0.591806038846132,0.131978692220059,-4.4841029176086,7.3221318222194e-06,0.000156532312691852
"DNAJC13",2182.32587658944,0.373775592792082,0.0732802902374758,5.10062926307752,3.38526087079449e-07,1.03417629935567e-05
"NIPBL",1355.35876468182,0.558457021219906,0.0800487794297223,6.97645891915435,3.0271279998472e-12,2.34735054178051e-10
"ZNF518A",318.705908853758,0.626565754896652,0.151276919425167,4.14184633900217,3.44521139355129e-05,0.000617766347343672
"XAF1",632.570984120493,0.678046921501047,0.110583401840817,6.13154334388342,8.70306162278494e-10,4.3950461195064e-08
"MYH9",6164.44305572174,-0.265381421269917,0.0532912504274648,-4.97983100680157,6.36398193421493e-07,1.83112480188545e-05
"PJA2",2930.77927447134,0.212411157902362,0.0727310202470478,2.92050293232321,0.00349466908410153,0.0294384975271804
"NMD3",1243.063823197,0.28304127410197,0.0853125482163879,3.31769804113764,0.000907625473100123,0.00980750756849893
"CCT5",3559.63499681135,-0.203026030142739,0.0585562406388031,-3.46719714120788,0.00052591602093772,0.00618232396109448
"NUP205",2603.89051391751,-0.178340766640427,0.0630305299106807,-2.82943467067705,0.00466303190372874,0.0373386451813601
"ANKRD10",1596.70431587231,0.21299175465102,0.0766661683440096,2.77817137926213,0.00546657773850876,0.0420747950666872
"PMS1",239.315939480843,0.651318059414089,0.176459516064795,3.69103392063554,0.000223344347239734,0.00299954185750189
"RAB8B",492.274496251122,0.461935177092319,0.127751442870123,3.61589009653643,0.000299317355161475,0.00384758854725751
"EIF3E",4783.43032185003,0.185486643936341,0.0614206214727171,3.01994085192924,0.00252824054012366,0.0227495680601309
"HNRNPD",2549.2346951869,-0.198413071577859,0.0676462783470864,-2.93309663777542,0.00335599415474635,0.0285374829413053
"SLC25A36",1067.85177410039,0.476791260753404,0.0980909256924821,4.86070711829307,1.16967195428245e-06,3.10386407600206e-05
"RPL7A",12320.0482122914,-0.145721414913854,0.0443192026437682,-3.28799721613096,0.00100902837238087,0.0107045689494382
"CCP110",738.737667401435,0.349026600556909,0.104193042846107,3.34980715624573,0.000808678399745259,0.00885431283260904
"SAMD9L",805.944606951148,1.16687960005975,0.100772208769567,11.579379020341,5.24244248502384e-31,3.99151505513584e-28
"BICD2",1453.28927903751,-0.237130229143141,0.0776036920108793,-3.05565654157147,0.00224568339632143,0.0206386019097395
"CREB5",1174.50683800694,0.235958631272125,0.0854028476675377,2.76288950212388,0.00572921584118729,0.0436885811988227
"CCND1",6983.92500468768,-0.469655318788483,0.0473990712859045,-9.9085341979717,3.82212330923733e-23,1.14640534893428e-20
"VPS13C",1291.50168224756,0.678992932619255,0.0901953882517371,7.52802272688458,5.15144272529708e-14,5.9289511738361e-12
"CD2AP",481.030364132302,0.784906331477501,0.125776955874844,6.24046214203605,4.36279980354995e-10,2.33917889882275e-08
"DICER1",1019.8005080936,0.369953263500785,0.0897963073232696,4.11991622516215,3.79010178471961e-05,0.000665149423141041
"MAD2L2",909.510659215476,-0.352451984889781,0.0995834954923472,-3.53926103062798,0.000401248875489759,0.00491529872474954
"TROAP",550.609161094953,-0.543517509065977,0.118664045301152,-4.580304907747,4.64298541325802e-06,0.000104683985467945
"UBN2",741.414356010589,0.530764206668787,0.106647818990255,4.9767938218904,6.46461161608211e-07,1.85468770365161e-05
"DPP9",1563.48029954158,-0.260242320653138,0.0770575141668971,-3.37724780596328,0.000732150575479555,0.00813336295858209
"RAB27B",1054.31090137447,0.701251761475246,0.0956305579773358,7.33292554500666,2.25182054264043e-13,2.32172080531823e-11
"SHCBP1",1333.08022135132,-0.562303415021931,0.0799262406329261,-7.03527915949905,1.9886245291508e-12,1.61339390078152e-10
"OAS1",801.874785960815,0.314579946346006,0.0983038470311862,3.2000776759653,0.00137390554915395,0.0137362799247735
"MIER3",346.834319767189,0.535241482216505,0.157496423336844,3.39843579223233,0.000677723692314135,0.00762865000173824
"ATP1B3",1947.30105664102,-0.267758840108138,0.0691260451969663,-3.87348703871589,0.000107289115172783,0.00162625981926525
"TK1",1483.48292322564,-0.549086602474753,0.0813521630545605,-6.74950218725589,1.48353273769114e-11,1.02685363899769e-09
"DNAJB11",801.078019998623,-0.483938454680476,0.0984350226432242,-4.91632390266726,8.81844487451364e-07,2.43812758010994e-05
"DNMT1",4064.40267104778,-0.262274164994133,0.0552155435369426,-4.75000603441773,2.03410578571138e-06,5.12304810864409e-05
"MYCBP2",2147.97376244848,0.267391375421936,0.0695303542181936,3.84567831457946,0.000120219399808698,0.00178849478292094
"EIF4H",4858.840066533,-0.156661769634073,0.0521808465414198,-3.00228493820465,0.00267961233822611,0.0237234373200018
"SLC1A3",920.814658408869,0.399404420618042,0.0967982441309366,4.12615357028355,3.6888099002601e-05,0.000650834944612735
"CCDC66",221.018297267697,0.750731827594385,0.179594474925224,4.18014990665475,2.91316989582446e-05,0.000533973252386492
"HEY1",570.347957185659,0.329895122014368,0.117118424828792,2.81676535947799,0.0048509951265806,0.0385354331965448
"LRBA",661.856071210257,0.335975430279986,0.117858532840349,2.85066700036983,0.00436276334335921,0.0352799277553672
"MIA3",5923.90252771364,0.259290884710377,0.0503512858689731,5.14963779445709,2.60989974244295e-07,8.17493280085454e-06
"MSMO1",2171.03669212686,0.26034663551132,0.0674629791963123,3.85910374271689,0.0001138036230092,0.00170412747434957
"DCBLD2",9480.4123780168,-0.428800920851135,0.0455870094082766,-9.40620861988995,5.1435617867431e-21,1.24173108695569e-18
"CHAF1A",357.870062090229,-0.623422413920272,0.142895588377151,-4.36278279127025,1.28418428298686e-05,0.000259791467069445
"VBP1",1448.28612750101,-0.260137010943972,0.0833605800724172,-3.12062380945508,0.00180468416744579,0.0171592352443597
"CCNF",749.580298606115,-0.472220860305676,0.109537521938177,-4.31104202423164,1.62487018337046e-05,0.000318655439327893
"EMC2",790.695469622787,0.387797051571124,0.10172635200186,3.812159228555,0.000137758081792796,0.00199346417190803
"HNRNPA2B1",9696.11458946174,-0.157019961315529,0.046636040161519,-3.36692310864532,0.000760118789366923,0.00841572234580962
"UBE2W",948.336339844083,0.356295499682818,0.0968887038123642,3.67736883313894,0.00023565218260726,0.00313506089172938
"IFI6",2327.69736298868,0.29054726789051,0.0642304954457964,4.52350967984827,6.08225365000633e-06,0.000132603847197715
"ILF3",3878.28654492073,-0.315548214336721,0.0594508727846876,-5.30771374004109,1.1100879756535e-07,3.77582501134652e-06
"ADAMTS12",691.933033598514,-0.439353623671012,0.106854943726638,-4.11168270131693,3.92785869589834e-05,0.00068567804888892
"PLCB1",497.580190544172,0.509323116915071,0.131524219854918,3.87246636001261,0.000107739549981351,0.00163059031454955
"B3GAT3",253.388460567249,-1.31104353982185,0.173880118004453,-7.53992782422815,4.70231642111083e-14,5.47570916895941e-12
"MKI67",6059.88932224679,-0.444796795429454,0.049676153781059,-8.95392983502379,3.43046913247829e-19,7.22442201558938e-17
"UPF2",666.982328620951,0.414999588301103,0.106956822451748,3.88006654263055,0.000104427891362959,0.00159019579801626
"TBL1XR1",2238.71626408816,0.283029912822042,0.0726151714067455,3.89766914184754,9.7122984597794e-05,0.00149042372333173
"PNN",1561.54729764453,0.252781590480929,0.0830491836761039,3.04375767818249,0.0023364325409763,0.0213339569101323
"SACS",1660.99452032987,0.679090970833582,0.0739248856836298,9.18622957010487,4.06852284358608e-20,8.75439980561196e-18
"CAD",2709.27227647103,-0.191722439204619,0.0617227778371608,-3.10618617506859,0.00189517353887003,0.0178821998929796
"PTBP1",4495.73518598829,-0.20714580703298,0.0577257919576393,-3.58844461042629,0.000332656647048293,0.00417847143716245
"TSC22D2",892.31639595739,-0.258253782861849,0.0951688599464243,-2.71363745459632,0.0066548953215655,0.0492303093369622
"TPR",2509.18843449205,0.77967722317342,0.0645552798011259,12.0776677844997,1.3859520931979e-33,1.14317948487273e-30
"FLNC",2247.46124670483,-0.327252703731574,0.0672572726185676,-4.86568501799804,1.14061050151204e-06,3.03488245805542e-05
"COL27A1",1033.84899387589,0.319330519389482,0.0878255135021359,3.63596529818998,0.000276941614484359,0.003611552174132
"PRKDC",19009.7114106997,-0.128797435849989,0.04412215339893,-2.91911037717194,0.00351031906007592,0.0295451854223056
"ALDH3A2",4141.81769591298,-0.156014732248553,0.0536706047411272,-2.90689350345628,0.00365037450964849,0.0304392644452407
"HYOU1",2081.75397500311,-0.282407364062445,0.069025155772295,-4.09136873220641,4.28834657193658e-05,0.000740768837155817
"IL6R",548.339503136019,-1.26321776843108,0.125742952712988,-10.0460323316441,9.56409493393307e-24,2.99180753639691e-21
"GBP3",555.070128007791,0.507047489512193,0.122237044713415,4.14806731217173,3.3529382607594e-05,0.000605609177098478
"FUNDC2",1025.83301888208,-0.258042364872226,0.0902039874605906,-2.86065363778916,0.00422768652109636,0.034412533869911
"IFT74",208.695759833715,0.685706966603156,0.183723746178353,3.73227185307605,0.000189760543341282,0.00259735618252201
"GLS",2220.7915540419,0.273013942532152,0.0668432627290664,4.08438983056153,4.41927869343953e-05,0.000760730791437643
"TIAM1",2645.10596369571,-0.203016324101323,0.0631961962743367,-3.21247695383473,0.00131595705999298,0.0132506032348022
"PHGDH",655.982013814468,-0.508297212541087,0.109610778575895,-4.63729223663108,3.53003147470741e-06,8.24062536241839e-05
"IDH1",2096.71459977989,-0.241207670697427,0.0696663467618103,-3.46232696142541,0.000535526149669327,0.00628037657515047
"TRPS1",4716.90792473262,0.302769629787116,0.0551216407572325,5.492754308976,3.95713128826973e-08,1.47802586759599e-06
"WDR35",368.779095208616,0.441920445208673,0.14681099439124,3.01013181636104,0.002611343329724,0.0233066512872932
"CDCA5",744.40372681105,-0.503599048139482,0.104256328917806,-4.83039306454491,1.36263782066826e-06,3.56809236745355e-05
"TAX1BP1",2932.8904540311,0.235547331823364,0.0599805867252359,3.92705948180166,8.5990720618728e-05,0.00134673441880407
"IFIT3",1138.97541248865,0.490843974080792,0.0851312153878399,5.76573436482271,8.1303031529873e-09,3.35307252534451e-07
"SMARCAD1",619.058909592387,0.543815073316498,0.11437658993485,4.75460121364223,1.98838508854568e-06,5.03351294281972e-05
"TMED8",584.986947283325,0.311784560517045,0.114014228930901,2.73461096426835,0.00624540410679462,0.0467956168425837
"HNRNPA1",5425.24937002065,-0.200760143057834,0.0531968357221261,-3.77391136770814,0.000160707876194505,0.00228875763823484
"EVA1A",109.976399968442,-0.742530591511197,0.257465004323256,-2.88400589999767,0.00392651396746983,0.0323602291840269
"JMJD1C",732.176318710715,0.725923909463433,0.104893674767304,6.92056895779296,4.49833282001733e-12,3.32272375018892e-10
"MEF2C",598.537194289732,0.384005450507157,0.111535115870598,3.44291075962729,0.000575489181390993,0.00668567126456344
"ARL6IP1",6030.49892660606,-0.725191033628162,0.0538650476032874,-13.4631094911332,2.57833175413026e-41,4.25338795039689e-38
"NEK1",436.709909618871,0.600730213425316,0.130569474043946,4.60084731001616,4.20775796267232e-06,9.61856543060753e-05
"KDM6A",1308.38475914136,0.232595845249821,0.0822124551097476,2.82920446712512,0.00466638756206733,0.0373386451813601
"BNIP3L",2940.54177287968,0.259385192762081,0.0702169631797229,3.69405313212101,0.000220707653982551,0.00297219640696503
"RAB3GAP1",1592.35897658092,-0.457577313004373,0.0750138308742967,-6.09990594629344,1.0613089502822e-09,5.30547272216827e-08
"SFXN1",4073.73367597855,0.290620877494354,0.0557390469458686,5.21395490986045,1.84856419367151e-07,5.88330816365294e-06
"POLK",538.501713912536,0.563145222432413,0.125400295161042,4.49078067726404,7.09625939245227e-06,0.000152361768907793
"CALCOCO2",1244.26263867205,-0.696979403148897,0.0841640189478145,-8.28120391424103,1.21936184199062e-16,2.04563449356325e-14
"YAP1",3522.31944813161,-0.678502541646882,0.0588861191184759,-11.5222832104416,1.01875167324822e-30,7.20257432986492e-28
"C21orf91",551.594805365018,0.555914000178648,0.125590286439387,4.42640920678962,9.58146837260459e-06,0.000199238180571513
"TCP1",3380.80857396969,-0.178887198312829,0.0570537748866554,-3.13541389098637,0.00171611800990622,0.0164991097736439
"ADD3",1534.71149909517,0.326286383191571,0.0749204487015126,4.35510449879332,1.33003453376926e-05,0.000268119792571246
"CCDC85B",293.730742227658,-0.504045715566986,0.156423371099897,-3.22231717692036,0.00127158286530283,0.0128956221319338
"ACAP2",1685.01104683069,0.274201122371472,0.0868137758733039,3.15849782610125,0.00158584492108211,0.0155412802266047
"TGFBR1",827.728317457012,-0.742156343700446,0.10713545991544,-6.92727080544774,4.29036827619501e-12,3.19293723291566e-10
"PRKAR2A",1585.99974307737,-0.239109289077858,0.0754680432251208,-3.16835151488685,0.00153306037689851,0.0150973919115026
"UFL1",781.75026186238,0.555460628049201,0.110670668808056,5.01904103437358,5.19300574685352e-07,1.50734225461455e-05
"S100A11",3794.11353068162,-0.462645805401246,0.0554313566180695,-8.34628328851747,7.04447210744292e-17,1.20217560205983e-14
"TTC3",9678.03075991299,0.284286796682276,0.0493958782717775,5.75527365093343,8.65015544158237e-09,3.5526655004474e-07
"RPL24",6675.63948632365,-0.135780673397594,0.0497251593660181,-2.73062319213773,0.00632147022018312,0.0471869624731317
"ZNF638",1576.14704618624,0.786369896143136,0.0756220773193114,10.398681496446,2.51387469084086e-25,9.21567840368255e-23
"RIF1",1109.66268174431,0.69079072660661,0.0873943304334221,7.90429680255817,2.69450320229778e-15,3.81002752804906e-13
"SLC25A5",2615.37923197183,-0.203369851959054,0.0625622200682049,-3.25068150934129,0.00115128751513009,0.0118950353076802
"ABCA1",1463.99304242177,0.835532015736046,0.0778239940855161,10.7361749490515,6.8837665373361e-27,3.09706914484331e-24
"EZH2",808.765710436077,-0.36596257751417,0.0998198512810064,-3.66623044231889,0.000246152126701459,0.00324956739399561
"ZNF33A",386.149284334561,0.475336386452083,0.139877729570387,3.39822778016204,0.000678239240405097,0.00762865000173824
"CAPZB",2797.13162566772,-0.194841086763203,0.0665394021677695,-2.92820615177665,0.00340923917983673,0.0289157235664301
"AURKA",1784.79785331172,-0.580226439504525,0.0710762279961503,-8.16343882987083,3.2561888394518e-16,5.03589955201467e-14
"CENPH",256.482176768967,-0.517778967975229,0.167235070123099,-3.09611475388566,0.00196074464022703,0.0183845567043058
"KIF18B",702.760176401527,-0.44129313465004,0.109773017038294,-4.02005107043834,5.81855266696293e-05,0.000958270121424277
"ARID2",839.269104686427,0.267989844361484,0.0969462512039548,2.76431363805588,0.00570426810873353,0.043565467392164
"RBMS3",216.379367144017,0.667051081268778,0.181430318788885,3.67662409304901,0.000236340911700801,0.00313579402682912
"CCNA2",909.970324000433,-0.600055088933391,0.0964404359986388,-6.22202795663285,4.90769557920123e-10,2.57017835147798e-08
"LRRC59",2183.25737108033,-0.202527171824005,0.0660180273639555,-3.06775557996422,0.00215672943219004,0.0199881160297912
"NEMF",637.334519532819,0.861701396559242,0.11171371000065,7.71347936215014,1.22433161387739e-14,1.5536454248921e-12
"PCLAF",781.608032468003,-0.347454833344634,0.108313417838627,-3.20786510367809,0.00133724205293701,0.0134512417072871
"BANF1",2882.16453081378,-0.218794124729048,0.060335843272558,-3.62627109959629,0.000287543475732733,0.00372526874712381
"S100A16",1965.07691682542,-0.562078151541265,0.0724269166888547,-7.76062515481568,8.45117581874909e-15,1.10065445071024e-12
"AP2M1",8888.78115985044,-0.156099364388891,0.0457198249478425,-3.41425988763016,0.00063955538383432,0.00732675832082419
"LUC7L3",2193.87997197494,0.280861117916677,0.0673354452034786,4.17107389827085,3.03167518969826e-05,0.000554667671490451
"R3HDM4",331.475475436191,-0.497963636688324,0.154850723139402,-3.21576565218904,0.00130097022564738,0.0131397992790385
"CTNNB1",6715.36951217175,-0.178109446619277,0.0478546228727115,-3.72188591043817,0.000197740369218494,0.0026949659628621
"NCAPD3",2339.84867162383,-0.392187780846496,0.0652241331591822,-6.01292438627502,1.82206038519695e-09,8.58797794889497e-08
"CNTRL",1076.8075304317,0.332847054279871,0.0953932253600492,3.48921061242645,0.000484449288315066,0.00579115827988228
"ANGPT1",1496.73530659602,0.615462037622324,0.0927345873572497,6.63681216643931,3.20539684034309e-11,2.06019596920233e-09
"SLC7A11",2969.45953228767,0.601562827223522,0.124599517970686,4.8279707419498,1.3793135205875e-06,3.59274874388817e-05
"PIBF1",208.149906926616,0.814739973573663,0.188566532882367,4.32070294298681,1.55532937402252e-05,0.000307278445989519
"B4GALT5",2418.33069827037,-0.178399574707262,0.0632887009051534,-2.81882187745673,0.00482002574695878,0.0383509765622171
"SPC24",352.612349003633,-0.590427555701916,0.145123791688668,-4.06844080375568,4.73287813918916e-05,0.00080215801064545
"PPP1R12A",2183.55017759048,0.361917524630874,0.0720489824733028,5.02321493249373,5.08136242531021e-07,1.48802737531717e-05
"CDCA3",618.267210097912,-0.724065484670856,0.11087338861484,-6.53056151450521,6.55235688899776e-11,4.05345178045624e-09
"ZNF395",5267.37443206283,-0.201928345510577,0.0506448082513976,-3.98714799171946,6.68723156000614e-05,0.00107626370700717
"SNAI2",5701.79649203276,0.234976901409021,0.0510826847200883,4.59993249565084,4.22627872083094e-06,9.62191966650946e-05
"ZNF721",257.209201686517,0.671964336947793,0.1721683588722,3.90294907467051,9.50277024109255e-05,0.00146508442128246
"RPL35",7736.93350415675,-0.257525605289258,0.0461170387118328,-5.58417479705135,2.34812448617111e-08,9.00842486981458e-07
"SLC4A8",503.27850738953,-0.4019228451519,0.125396562837336,-3.20521421048256,0.00134961998229201,0.0135482135747731
"RGS2",1242.69593433544,0.455938264169435,0.0842492839466239,5.41177613400601,6.240267291709e-08,2.23790455265709e-06
"PPIP5K2",884.956401451878,0.35990690037237,0.108177779282931,3.32699471886051,0.000877880372213523,0.00952769728527352
"PCMTD1",856.27611117375,0.730859090213844,0.102077344325259,7.15985603901525,8.07618276482698e-13,7.20162675732049e-11
"ASPN",234.000795270532,0.904774774101461,0.185305116731203,4.88262164618958,1.04684617617381e-06,2.81567485102402e-05
"ACADM",735.567291779143,0.419509187116823,0.11172174525356,3.75494659669627,0.000173378441530042,0.0024204510779469
"IER5L",729.280027409049,-0.301860663699783,0.10859547051682,-2.77968005721775,0.005441247871051,0.0419450712053449
"FAM208B",1691.12488057073,0.244415922503624,0.0767642914750367,3.18397939728405,0.00145265351210424,0.0144071788204487
"TKT",11129.1542863933,-0.151543995620082,0.048021047787781,-3.15578277862239,0.00160068020923063,0.0156626768281134
"MRPL14",212.454865161229,-0.560609357638285,0.188303583045939,-2.97715714470243,0.00290934845939773,0.025384634960522
"LYST",1266.1616918048,0.526026681033727,0.095795253765683,5.49115598482988,3.99311486020661e-08,1.48585905587688e-06
"KIF18A",437.438888391339,0.751639209870261,0.142666839361143,5.26849275722427,1.37548468621593e-07,4.53818247472175e-06
"MX2",365.912933656989,0.447702727095224,0.142862769406441,3.13379566247606,0.00172560976346257,0.0165344486338359
"CHML",329.428356532702,0.552580711731595,0.158529601380996,3.48566265806454,0.000490919661847217,0.00583594734981997
"FRYL",1429.83129369155,0.392211338923005,0.0861421610261152,4.55307057834433,5.28685263123643e-06,0.000117814518300752
"SENP6",893.320403886543,0.378195382163755,0.0970276893978152,3.89780880603213,9.70670031557883e-05,0.00149042372333173
"ITGA8",876.347913266019,0.48056806547258,0.0953134449764987,5.04197561625302,4.6075001039454e-07,1.35729273895392e-05
"MAPK6",1185.96658670452,0.302109436375469,0.0852583895948642,3.5434569877645,0.000394917724491179,0.00485577097765676
"TSC1",2426.28335288246,-0.270976990903634,0.0660438394407011,-4.1029866403654,4.07850808745015e-05,0.000706989020132778
"NOL8",1525.04863617495,0.345782443639771,0.0805329612287105,4.29367600997264,1.7573887374261e-05,0.000342414049666211
"FCHO2",287.928269791539,0.678093178415931,0.159463768709265,4.25233383046549,2.1155418318734e-05,0.000402685250997749
"THSD7A",892.46835556081,0.368830086506861,0.102425005077227,3.60097699022586,0.000317023636271247,0.00403079278772902
"EPAS1",428.05103680365,-0.64745986029987,0.136458082538428,-4.74475273472745,2.08761184214909e-06,5.23118531989663e-05
"DOP1A",525.28092937848,0.446109085315432,0.120476458457289,3.70287349933669,0.000213171190183635,0.00287853811792308
"CDH2",3736.10346717915,0.354290394210973,0.055237800426236,6.4139120579953,1.4183204478019e-10,8.45694927249589e-09
"CCNL1",1265.72731033576,0.242941439183131,0.0819867346640192,2.96317983852757,0.00304478621809612,0.0263207807744239
"ZNF92",367.556893776842,0.646121364075469,0.142329803925954,4.5396069287892,5.63591937834598e-06,0.000123965177793041
"ZC3H13",1106.37665808611,0.516199149108149,0.0865942527745509,5.96112481566276,2.50507523601971e-09,1.13739608651941e-07
"BBS10",472.702741567904,0.42643268626396,0.135889938718143,3.13807401994969,0.00170061925308683,0.0164061689737363
"TMTC2",1981.27813303185,0.224595777690506,0.0726260105879146,3.09249779620802,0.00198479707406362,0.0185510117460639
"ITPRIPL2",2397.3623779881,-0.246529771228382,0.0645462625164083,-3.81942751783206,0.000133761756778919,0.00194702039499668
"RAB12",206.286911002529,-0.827870253080559,0.186902078179311,-4.42943310820928,9.44811116968537e-06,0.000196878746015886
"CCKAR",341.077168668614,-0.592849503636176,0.145631036847678,-4.07090079469985,4.68316916430518e-05,0.000797831469678015
"CDK2",1641.66037104873,-0.449937706690168,0.0760578398955895,-5.9157308083931,3.3040521556664e-09,1.45348925496827e-07
"BMPR2",1726.04246561777,0.32701959372386,0.0767959626112673,4.25829148570215,2.05995237877852e-05,0.000392859511467241
"SNAI1",1188.43864212278,-0.620749675012664,0.0839308279403928,-7.39596749186744,1.40382349799855e-13,1.52692802013073e-11
"LTN1",1249.5615048036,0.515628068951258,0.0905094661320614,5.69695183262832,1.21968367663e-08,4.85578951244703e-07
"TCEAL9",1677.22399425639,0.248484849038745,0.0755658145856497,3.28832356802163,0.00100785932930844,0.0107036391003165
"PHIP",1276.85817743058,0.67068112585571,0.0816114484401687,8.21797846594283,2.06962116931041e-16,3.41418505563908e-14
"SCAF11",2231.21069720819,0.6364605937653,0.067388428104178,9.44465706755134,3.56569989798117e-21,9.04956348467118e-19
"ATM",1609.01514859547,0.598364866069667,0.179055874249839,3.34177735623888,0.000832438032188266,0.00909433956136805
"ANO6",1827.76470724502,-0.327717978324889,0.0740906952435847,-4.42320020412097,9.72495459651893e-06,0.000201797904814139
"H2AFV",2857.03230426822,-0.248221791988334,0.059877283040387,-4.14550860333641,3.39060268960781e-05,0.000611296637918726
"RNF38",658.923268400576,0.306477822838132,0.109851847741933,2.78991959751208,0.00527211322445949,0.0409335601061031
"MBNL3",331.243519078131,0.704819624545921,0.162320852168137,4.34213851844398,1.41102521384785e-05,0.000281012627095896
"ELK4",1843.52885591841,0.259041673766601,0.0803437024350933,3.22416898792872,0.00126338821640833,0.0128388260431311
"ZWINT",1004.13365024628,-0.421452358316343,0.0894164445219388,-4.71336520446121,2.43658928934644e-06,6.05870219695887e-05
"TWF2",966.529703317001,-0.344971660255735,0.0909352163783823,-3.79359805798784,0.000148479955925055,0.0021330255497042
"CPA4",533.886597761414,0.645300059242124,0.118387228331297,5.45075738606114,5.01557552486548e-08,1.83867283500439e-06
"GALNT5",957.057953401306,0.341298362255596,0.0935558006335246,3.64807270040395,0.000264214882566702,0.00345925781434553
"UBE2T",753.552848132519,-0.502801063584266,0.102627839913494,-4.899265774356,9.61954498222294e-07,2.63022807276361e-05
"SKIL",362.126869993509,0.420593183440026,0.142502721837548,2.95147473687906,0.0031626041621421,0.0272118178927499
"COPS2",912.822377082203,0.623379560436276,0.101217990945355,6.15878219488495,7.33064645030073e-10,3.75952013290552e-08
"PPIL4",675.992228918363,0.480898722960591,0.105948864859467,4.53897003614399,5.6529667392094e-06,0.000124064445198879
"SCUBE3",750.874671666158,0.300857793797998,0.107197385707122,2.80657771468403,0.00500708330034269,0.0393022287920634
"ZEB1",1813.96652838681,0.572539833648551,0.148888378856277,3.84542996603669,0.000120341233120362,0.00178849478292094
"DST",11894.337121235,0.751615250266237,0.0503304494926159,14.9336089354121,1.99187461336442e-50,4.92889373077025e-47
"ZNF91",479.453667498436,0.538570981908596,0.124931898812624,4.31091648351843,1.62579305779537e-05,0.000318655439327893
"DDX60",467.137904182952,0.87889062832603,0.128216869516784,6.85471913047276,7.14527655674018e-12,5.16233192398645e-10
"MPRIP",5842.15717861723,-0.156788197865296,0.0489378147390341,-3.20382507272515,0.00135614846684089,0.0135861918267117
"TMTC1",12142.8956625759,0.167206925043129,0.047976011414107,3.4852193859943,0.000491733692639913,0.00583594734981997
"ARPC5L",469.533493274601,-0.442813426982362,0.124660936749766,-3.55214262404613,0.00038210768401992,0.00470996495196659
"HELZ",2917.45708407583,0.246269250952627,0.0619846123795036,3.97307075899471,7.09519604531807e-05,0.00113822123916626
"FGF2",315.558834723881,0.455750109011333,0.154666185994357,2.94666934521785,0.00321216480017873,0.0275750279203548
"TYMS",322.887019256642,-0.482434938359321,0.150090549460787,-3.21429257266702,0.00130766357096119,0.0131939388637858
"TRIB2",3258.73657928866,0.302169239671702,0.0574455048012987,5.26010243476649,1.43975173346334e-07,4.73055186008132e-06
"CFAP44",226.619664609527,0.507196732200169,0.178866635235769,2.83561398430523,0.00457376906432731,0.0368058261778144
"TMEM97",846.479263674177,-0.326285653219063,0.0981816154466606,-3.3232866635437,0.00088963441143965,0.00963413720397117
"ZNF654",719.652174374629,0.493004841811949,0.10612710475037,4.64541874548998,3.3938733694272e-06,7.97923007377445e-05
"TNFRSF10B",2313.54634097251,-0.245819374792387,0.0643144149107469,-3.82215052618493,0.000132292890251744,0.00192847574037078
"LIN7A",247.92047536562,0.483526971759717,0.173386820232333,2.78871814542655,0.00529170961410079,0.040992249237017
"RBBP6",1450.51089229338,0.310409544693958,0.0773143155841014,4.01490386804626,5.94700290282747e-05,0.000976176363717849
"AHNAK2",9606.94613476655,0.181046398740008,0.0472662937209751,3.83034895455885,0.000127961662432441,0.00188476865291116
"SPAG5",2083.18033523195,-0.445843135350337,0.0673324847464653,-6.62151615270283,3.55533163001152e-11,2.25581233806756e-09
"DKC1",1480.71251185309,-0.251790698251332,0.0769350671722205,-3.27276894017255,0.00106499500285922,0.0111312782875402
"SDCBP",4917.97801757428,0.1979386899998,0.0564792354892718,3.50462764386034,0.000457246315419119,0.0055285561421498
"SAPCD2",290.607805179872,-0.765267673101227,0.166484505483961,-4.59663000395525,4.29379105949622e-06,9.74769355662696e-05
"SEMA3C",3555.97836942444,0.849050973333978,0.0651312646606956,13.0359970400874,7.63622182945692e-39,1.07976176668521e-35
"TUBB4B",5835.41924573489,-0.503083581560151,0.0534192261882001,-9.41765011323355,4.61295958369717e-21,1.14147684898586e-18
"ZC3H15",974.738230218331,0.352727458561237,0.0958984019416923,3.67813698059015,0.000234943779904784,0.00312984324831434
"ICE2",594.48035725035,0.356747752770094,0.11949737202761,2.98540249644709,0.00283205408294508,0.0248728228154307
"UBE2S",574.497077025494,-0.532369666618788,0.115248694544417,-4.6193119039072,3.85014726554575e-06,8.88316028773237e-05
"CKS1B",1776.98090614226,-0.377817125134185,0.072561647873319,-5.20684323203069,1.92080234795676e-07,6.09362232053719e-06
"AKIRIN1",1181.72768586001,-0.273286734165594,0.0840364269311548,-3.25200325793812,0.00114594708323061,0.0118646278554566
"ZNF292",870.273299833755,0.800257801700903,0.0975754168111125,8.20142847301438,2.37547213517178e-16,3.85449560556233e-14
"AGL",217.502575427067,0.612290065561793,0.17984288895834,3.40458312868644,0.000662651278757133,0.00748735428897044
"ESPL1",901.105143576583,-0.592390490400906,0.0948029654413591,-6.24864937128293,4.14017164627284e-10,2.23931251119173e-08
"CRYAB",1291.68129626373,0.269165540403907,0.0807226555911514,3.33444853161412,0.000854687159025409,0.00929636648355329
"SMARCE1",3127.96852644548,-0.179873743164819,0.0593961069372119,-3.02837597344495,0.0024587197988119,0.0222250306562924
"MOSPD2",628.637754439262,0.412305112955634,0.125437889372688,3.28692642245149,0.0010128729429772,0.0107109149461414
"PDZRN3",1592.27926793275,-0.225822432052344,0.0765492926298035,-2.95002637247654,0.00317746805692673,0.0273008496766153
"UBE3C",3962.04961296108,-0.178334299848689,0.0563437713769895,-3.16511116473684,0.00155023710725851,0.0152375838010375
"LAMP1",1346.77553979605,-0.812845968106912,0.0829616826777567,-9.79784813748538,1.15009578756968e-22,3.25247088724704e-20
"EPHA3",3059.85636087995,0.339618613342107,0.0727541232993385,4.66803251748063,3.040977790696e-06,7.25291522224314e-05
"PPT1",2409.4490528285,0.181828582254156,0.0646617411379249,2.8119963838634,0.00492350568359104,0.0388309635507443
"WDR62",349.847767107772,-0.496023404871501,0.143792360175079,-3.44958107835181,0.00056145709956988,0.0065380027900502
"APC",935.333187644804,0.659262629191602,0.0922889870491712,7.14345936899653,9.10108328988872e-13,7.77964910601971e-11
"CDKN3",369.045716792942,-0.588776245392721,0.14018004343417,-4.20014312286341,2.66746309006586e-05,0.000496565567560923
"SH3PXD2A",1428.69715616392,-0.247486184733945,0.0769589735171868,-3.21581972086302,0.00130072515228471,0.0131397992790385
"IREB2",1643.39207740103,0.214948570473999,0.0753337175484062,2.85328505573726,0.00432697886809901,0.0350765248455725
"TRIQK",287.116454908933,0.606238641020868,0.168809431213302,3.59126049216318,0.000329082514066488,0.00414409506899504
"AKAP9",927.768369854115,1.02590058952867,0.220983999437759,4.64242023014709,3.44351600664115e-06,8.05766464154471e-05
"HRH1",849.668326300951,-0.381988645163116,0.0993919247848333,-3.84325634089547,0.000121412536312271,0.00180171107109274
"CSF1",5092.70620303139,-0.19476136382853,0.0533525717692677,-3.65045877583575,0.000261772322805048,0.00343181781605877
"PLA2R1",627.515772537289,0.342188385247092,0.110029270640317,3.10997594781571,0.0018710257885159,0.017688073786753
"DAZAP1",878.29345481548,-0.317869329082359,0.0987783087468234,-3.21800740582715,0.00129084484864289,0.0130641945929113
"KIAA1551",463.641923119325,0.746129215579335,0.129798652496886,5.74835871733904,9.01138984278971e-09,3.68573291999721e-07
"DHCR24",7444.23873911694,-0.128819277267559,0.0468739651065343,-2.74820525583404,0.00599224837287023,0.0452757819806638
"RPL7",5527.15985343459,-0.171836064769758,0.0501052709739029,-3.42950075769989,0.00060469274479725,0.00696769358324002
"TEX261",1489.50184239798,-0.278183238528156,0.0780372801398266,-3.56474800287388,0.000364205938421503,0.00452309959660732
"THBD",293.265069090538,0.609361203270354,0.158300520854338,3.84939480920005,0.000118410020269205,0.001767756230203
"SLC25A22",521.881937626809,-0.497361253935742,0.12223631562174,-4.06885017276556,4.72457147704093e-05,0.000802123644592644
"NLGN1",758.678652640371,0.390657146478472,0.108959072816305,3.58535674341763,0.00033661774390741,0.00421219017597414
"USP15",654.081635049718,0.542891926475058,0.120448645165611,4.50724809505833,6.56738279773529e-06,0.000142240601601715
"ZNF148",1057.15415396328,0.402180884040571,0.0972478875818603,4.13562591477401,3.53988448933813e-05,0.000631311291449889
"PBK",1321.13029909242,-0.534041014783128,0.0823939644134643,-6.48155503360945,9.07820423640077e-11,5.44582215344817e-09
"FSD1L",341.460172049165,0.645224640780314,0.164760834372048,3.91612875256098,8.99822055205894e-05,0.00139163104725437
"ZNF462",1894.01757825511,0.229376886004707,0.0753704522607279,3.04332638487065,0.00233978409142447,0.0213448690662852
"STIP1",6864.95351462608,-0.167236209761674,0.0522416186133643,-3.20120651313227,0.00136853410095409,0.0136964110528246
"SPSB1",188.442598956656,-0.58986591032732,0.193291799116982,-3.0516861709706,0.00227559882806201,0.0208656941350688
"SMC2",1474.18047783484,0.376396073533494,0.0881881894445706,4.26810070491437,1.9714432962427e-05,0.000378165615236633
"PAM",6074.2643292776,0.345743758646343,0.0498254484647118,6.93909978334086,3.94606348719299e-12,2.95894972698759e-10
"COL5A3",170.99535443133,-0.565941174758047,0.204392435403657,-2.76889491355373,0.0056246773819602,0.0430984401762291
"RALGAPA1",402.630265614635,0.574542926103684,0.137872908887617,4.16719231311792,3.08374329529441e-05,0.000563152973004135
"MRPL9",735.484619543996,-0.324344428604304,0.10703538586308,-3.03025420975458,0.00244347980156679,0.022107461678161
"ATP6V1A",1614.20381676907,0.226351781196929,0.0742352696232116,3.04911374803108,0.00229517561437507,0.0209765911644362
"NFAT5",2747.81822582078,0.187788379707106,0.0625444511799685,3.00247865580841,0.00267790751422505,0.0237234373200018
"PIKFYVE",1776.70274195076,0.330667784998455,0.0737904451747703,4.48117346650069,7.42337431143299e-06,0.000158354652876215
"EPC2",608.961022990846,0.304281778826257,0.111126209903993,2.73816392270681,0.00617832719905908,0.0463983934873192
"SNX8",521.081604905876,-0.475567776128018,0.120631042469868,-3.94233330319441,8.0692732320114e-05,0.00127587326598161
"INCENP",915.289748361738,-0.324523987941906,0.094027170503807,-3.4513852347473,0.000557716890502515,0.00650209868338503
"MYSM1",1059.30581453408,0.528275686930053,0.092711591942799,5.69805431942089,1.21182444627252e-08,4.85578951244703e-07
"KIAA2026",418.979622944717,0.54001235812212,0.131527752076609,4.10569138144767,4.0310737790101e-05,0.000701222640854867
"MAD2L1",798.175255063265,-0.287529682569429,0.100209186824265,-2.86929463935941,0.00411388379886688,0.0336244606450738
"RPS19",4144.36764278488,-0.185104742642334,0.0583326932764072,-3.1732589778638,0.00150737999989743,0.0149051420968878
"MAP9",325.400057403257,0.694786655778271,0.152424321331257,4.55824011358609,5.15840437153629e-06,0.000115254822730172
"LAMP2",7382.54179519315,-0.192460015613084,0.0497724694852493,-3.86679659666318,0.000110274328170629,0.00166133226823879
"SOX6",612.776800392316,0.450596932067621,0.119194345134568,3.78035494518559,0.000156604938075333,0.00223676143877294
"BLCAP",1534.34644202424,0.211895738226709,0.0752620449327622,2.81543955410743,0.00487105593359938,0.038632781755422
"TMEM100",709.984714040468,0.44454471351858,0.104591659366115,4.25028837110697,2.13495470560487e-05,0.000405600416047544
"MKLN1",2109.94373831287,0.476788115493419,0.0714902870433406,6.6692712424608,2.57076743602838e-11,1.69636373878726e-09
"SREBF1",1474.05416765064,0.219712807148319,0.078915596732336,2.78414934747988,0.00536683161245693,0.0415007025782021
"GABARAP",3436.21372543601,-0.165793735612965,0.0568829687460441,-2.91464632152299,0.00356091838320286,0.0298948008116555
"ETAA1",154.258271113117,0.668711586570476,0.212769122456536,3.14289770456275,0.00167284290496242,0.0162490668040412
"MIB1",2183.12498572363,0.428390233459151,0.0818781159481517,5.23204800816892,1.67642194558529e-07,5.3874105251309e-06
"ATG2B",1002.26714560312,0.367179665961326,0.0929938690999277,3.94842874605818,7.86658228963302e-05,0.00124781140228826
"MMP2",11243.6128505672,0.123105456321712,0.0447598291814706,2.75035581173922,0.00595305844260811,0.0450829169586343
"PCDH11X",391.511754852228,0.476254661938782,0.151137814745409,3.15112841045791,0.00162640968045618,0.0158602985390693
"TET2",462.147047702486,0.553392374201104,0.140411062007365,3.94123060027904,8.10646460155989e-05,0.00127970951557001
"PLEKHA7",174.831065476367,0.55118523368761,0.202492738455833,2.72199999807812,0.00648881428422523,0.0482904389362867
"BMT2",268.24978349588,0.590351129397545,0.182526235349707,3.23433575598859,0.0012192602624745,0.0124800807424742
"ESF1",576.031721215045,0.729475434090326,0.11605260074874,6.28573103389279,3.2631448073312e-10,1.80439146943934e-08
"BRWD3",700.869718579373,0.6850964213836,0.107802489729789,6.35510759631635,2.08280781717244e-10,1.17803610139273e-08
"TRAM1",3486.03529689064,0.192575473799074,0.0633126787539969,3.04165733608162,0.00235279568015178,0.021424076947693
"KIF2A",756.113477128111,0.329492242091393,0.107776191435491,3.05718951192119,0.00223422971555934,0.0205524216771434
"MCM6",1609.92844807661,-0.256544087336471,0.0744274906570936,-3.44689959410878,0.000567059285936237,0.00659547921527247
"FER",504.237872767627,0.441146539128837,0.122105353152503,3.61283537321962,0.000302867003887901,0.00387900338920064
"SUCO",1709.74150962304,0.444816795565395,0.0811066906064839,5.4843415782253,4.15012201385414e-08,1.53849841547297e-06
"AURKB",657.073919488451,-1.14395068105028,0.115565221287128,-9.89874521338973,4.21530483107123e-23,1.22714962405715e-20
"ZMYM2",906.844540626953,0.463269146102704,0.0938567310046908,4.93591819301218,7.97745434909799e-07,2.23053229229864e-05
"HNRNPC",8093.12995402851,-0.152720818455981,0.0458646192814964,-3.32981764262882,0.000869028786976434,0.00944198346157271
"THOC2",1460.73744046408,0.690366802670764,0.0910947755900134,7.57855539134176,3.49423716680617e-14,4.16698306952379e-12
"GOLGA4",1553.15013336585,1.0045513566771,0.0912317018846051,11.0109899949878,3.38266077211738e-28,1.76218822749567e-25
"ANXA1",21216.059703652,0.200600377793028,0.0426759934257592,4.70054383483773,2.59469548935695e-06,6.38863083424257e-05
"ACSL4",1841.85455930689,0.329744255652284,0.0794228153244809,4.15175732949176,3.29932007312118e-05,0.000598107510691455
"FAM20B",1381.68727783428,-0.491430851432323,0.079083584124327,-6.21406903687808,5.16298265803396e-10,2.68348571271211e-08
"SLC4A7",3315.26663787666,0.55344720079901,0.117906724555018,4.69394093413864,2.67991441259416e-06,6.53344651622093e-05
