"","baseMean","log2FoldChange","lfcSE","stat","pvalue","padj"
"GRPEL1",1366.10497754931,-0.938272565362148,0.212033715367261,-4.42511024125091,9.63930453071665e-06,4.18045141078933e-05
"ZNF408",982.267569854825,-2.26747632843145,0.271431010752235,-8.35378508206354,6.61095855741078e-17,1.93866769805163e-15
"DNAH12",600.050298650906,-1.77697963584767,0.250694626902189,-7.0882238594646,1.35844109687181e-12,2.0529484504899e-11
"TRAIP",437.851157355363,-2.2589048675769,0.281212830105346,-8.03272335309411,9.53324681517638e-16,2.35698558288189e-14
"MCM5",936.17863321111,-1.54878676122786,0.231479911241522,-6.69080419515061,2.21947474133055e-11,2.70968517490129e-10
"CEMIP2",1515.92126316051,-1.10212781319465,0.197245800747178,-5.58758568760262,2.30248157050124e-08,1.67244789183674e-07
"TIMM10",392.086189017103,-1.07941928143525,0.279453141567129,-3.86261279934816,0.000112180738703269,0.000385953994176197
"ZC3H3",942.488143987755,-0.97847032011366,0.261537263608293,-3.74122718351572,0.000183123890824715,0.00060245547921498
"KNTC1",3279.05076193033,-0.731473888536512,0.207035220138519,-3.53308914322459,0.000410733952802855,0.00124590704677211
"ING3",3072.58324255521,-2.21083481050939,0.21542659061057,-10.2625901669954,1.03882246615361e-24,7.9719505876645e-23
"INO80",2528.43297935753,-0.648132733265801,0.209844838184163,-3.08862843076935,0.00201082759173027,0.00519658003041075
"SLC4A7",35746.2358323209,-0.801363476171611,0.187676307288967,-4.26992350684812,1.95540019130928e-05,7.95487761132291e-05
"CCDC102A",356.743662724746,-1.08600341918565,0.302801880733595,-3.58651477512162,0.000335127084300538,0.00103932776087284
"NSMCE2",677.754316884411,-1.17969127787525,0.257702975135286,-4.57771695206836,4.70078158150219e-06,2.18029186539219e-05
"HAUS8",147.998880056143,-2.07450675986843,0.410118045433245,-5.058316216437,4.22974623865112e-07,2.43720824224178e-06
"MCPH1",3598.60452276087,-0.457562715830625,0.177683997901992,-2.57514869787548,0.0100197000280112,0.0214632617239508
"NDUFAF5",583.38965185894,-1.08881144589071,0.259747350403164,-4.19180963424928,2.76738164953801e-05,0.000109564208824925
"PRKAB1",2183.22227822487,-0.982177783850584,0.211793924921242,-4.63742189118889,3.5278185891682e-06,1.67436787497148e-05
"ZNF276",427.46092770433,-1.08351753776436,0.344733819564864,-3.14305552942851,0.00167194118960518,0.00440753981234755
"KLC2",839.633475801568,-0.846529745873346,0.228459242903489,-3.70538628735172,0.000211068808075122,0.000685843050269947
"SHOC2",3964.08089411257,-0.502037847623146,0.178715500584073,-2.80914551889679,0.00496731884108411,0.0115923724454842
"STX1A",4571.10439968031,-1.8549381100971,0.272233875217361,-6.81376668725026,9.50758558622573e-12,1.23745205350238e-10
"CCDC9B",558.281622246021,-0.727691202682368,0.274318224667146,-2.65272642226137,0.00798445564190779,0.017575022681331
"GTF2F1",2414.49123590293,-1.40090101144057,0.207134865438214,-6.76323132987209,1.34947505395625e-11,1.71854484780764e-10
"CBR1",1536.42164589089,-0.442352098280247,0.195873121903902,-2.2583603813558,0.0239232006334807,0.0458224287012115
"KCNQ4",42.5623425841717,-1.65584478438495,0.702300393325589,-2.35774435002672,0.0183863502978471,0.0365070376041595
"CARD10",370.501710071591,-1.76071858735668,0.337347480372027,-5.21930261763021,1.79598104406376e-07,1.10373915646102e-06
"GCN1",10818.418929538,-0.756680499933724,0.201309365507794,-3.75879432149135,0.00017073411555193,0.000565667445358202
"KDM6A",6457.55274748301,-0.730621047279918,0.181241733071443,-4.03119654010326,5.54936133179719e-05,0.000205716286760286
"NGDN",610.889705499698,-0.876160782960508,0.251420668545395,-3.4848399219904,0.000492431545228657,0.00146220000037997
"POPDC2",73.2403598875753,-1.56018147574812,0.539213104338415,-2.8934413188314,0.00381045485000789,0.00916961014404261
"NUP153",11601.4145252767,-0.512833427540507,0.167174735373976,-3.06764910614801,0.00215749795035164,0.00553447162519116
"ABCG2",142.940690446188,-2.83219238131944,0.429900396415533,-6.58801993423123,4.45730814065888e-11,5.16435956924575e-10
"BHLHE41",5849.5998465822,-3.26192410032207,0.20798276155945,-15.6836272192188,1.95749412916936e-55,2.57040729094706e-52
"CDKN2AIP",1505.73960979678,-2.03244051955773,0.198417917852934,-10.2432307603599,1.26925733266703e-24,9.43401456443963e-23
"ZNF35",1056.59166589649,-0.67062386419542,0.225816747240389,-2.96977027785065,0.00298022519195547,0.00738349598590041
"NR1D2",16682.2458717664,-2.24270259638789,0.182096840612537,-12.3159885083337,7.4299174350671e-35,1.6260511897708e-32
"RAB3GAP2",5741.48094067144,-0.596070039879565,0.171814420016486,-3.46926666470935,0.000521881175416209,0.0015407423759852
"CEBPA",117.110325569269,-2.74532368776389,0.558068173961418,-4.9193339019431,8.68392225862974e-07,4.69472064284018e-06
"C8orf33",3164.12726142341,-0.703721293937644,0.207142727124998,-3.39727734449007,0.000680599492158214,0.0019513160597588
"SFSWAP",1988.50452179325,-0.8400657624574,0.209265011968847,-4.01436319695171,5.96065030181333e-05,0.000219653773828593
"ZW10",1437.64879049968,-0.812558629099936,0.21130912831656,-3.84535507563426,0.000120377995236189,0.00041211678670373
"ZNF773",1022.3640314648,-1.41709218566571,0.226001862639193,-6.27026772751899,3.60427835375856e-10,3.56446540457897e-09
"CENPN",4732.9352672206,-1.77803402871869,0.176238339905391,-10.0888037737599,6.191946253451e-24,4.04289617808198e-22
"EPHA2",3696.43642228524,-1.82360081205299,0.222120756952189,-8.20995226684517,2.21276445127578e-16,6.13860335332797e-15
"CAVIN4",233.256768357512,-1.48821119710091,0.368034669974663,-4.04367120413781,5.26206997091436e-05,0.000196112087405443
"ARFGAP2",1683.05381489883,-0.719017841036292,0.221845320382116,-3.24107734072472,0.00119078872057773,0.00324107349142967
"PLEKHF1",653.515979872759,-1.2358401725781,0.241395372132793,-5.11956862163146,3.06235326939732e-07,1.8186377355647e-06
"ZMYND19",571.454921435023,-0.996251175556196,0.263269202736018,-3.78415388204425,0.000154232379462756,0.000515328883373155
"S100A2",201.788897027316,-1.27283121344469,0.361272886475985,-3.52318499697125,0.00042639362260349,0.00128746035562801
"SERPINE3",144.961320833199,-1.32584542225038,0.414082936298061,-3.20188374363734,0.0013653208765678,0.00366462914360169
"XPO6",21185.1141569489,-1.26520846175908,0.171830066886426,-7.36313780634993,1.79636754420559e-13,3.09017054402062e-12
"BAHCC1",4248.08696145663,-1.07168381378743,0.247193987488653,-4.33539595633014,1.45497981437809e-05,6.09317910925596e-05
"ZC3H14",3664.73549999653,-0.719470230085141,0.1873085897106,-3.84109576179476,0.000122486315617484,0.000418365109239141
"WDR77",1857.94265052765,-0.845737143288626,0.206220516855534,-4.10112997573902,4.1113753423597e-05,0.000156539794829168
"DNAJB1",8632.50159639702,-0.497378254080062,0.172029746186052,-2.89123401683184,0.00383732262960737,0.00922487364456873
"SLC9A1",4741.70783625786,-0.492799499017587,0.173037003648079,-2.84794285978181,0.00440028243196606,0.0104178621644328
"ZSWIM8",2353.5713442615,-1.18174356807274,0.224143459280604,-5.27226434295958,1.34750802398666e-07,8.47517287252495e-07
"OSBP",3240.7926741603,-0.481397227126136,0.179370792328162,-2.68381056290041,0.00727883367097882,0.0162120724318936
"NEURL4",1623.09030300535,-1.84965616178569,0.254214053409713,-7.27597918752596,3.43916612426576e-13,5.7245162333201e-12
"TP53I3",141.337361015271,-1.08270636380982,0.417386652818883,-2.59401290505483,0.0094862926141939,0.0204578478311211
"BRIX1",1162.29592611581,-1.54394044546044,0.212254528799647,-7.27400472532584,3.48983771258906e-13,5.80068946376618e-12
"ELAVL1",4342.37403410266,-0.591643656334975,0.177067923293606,-3.34133729774386,0.000833758668541075,0.00234157793365457
"ZNF646",2127.31422089244,-1.17668312745723,0.20063752024303,-5.86472124471998,4.49887856967417e-09,3.68932931724859e-08
"TFE3",7178.07314855209,-0.735718682423978,0.187554768337303,-3.92268716464112,8.75668202541453e-05,0.000309561675669605
"PSMG1",1488.33511649343,-1.22001517212274,0.217305385545873,-5.61428870737859,1.97372438782504e-08,1.45875389714299e-07
"GTF3C5",1664.05954775881,-0.928956465001927,0.204178007675222,-4.54973812105945,5.371272054278e-06,2.45942243849118e-05
"PDCD2",1630.2179046466,-0.507233959891279,0.210362128695604,-2.41124180971401,0.0158983039057542,0.0321722869106513
"MED27",977.084053691585,-1.37665565600338,0.236869597085683,-5.81187148093725,6.17782624887669e-09,4.98018762682297e-08
"MCM3",1949.59141279007,-1.20345058580159,0.195243014496633,-6.16385988970857,7.09927644691728e-10,6.68519912746361e-09
"LDLRAD4",84.9736149131502,-2.13160445240462,0.551272823062748,-3.86669605906183,0.000110319779049181,0.000380659605489993
"ZNF610",805.044921898291,-0.645142630821146,0.239406350403269,-2.69475989143326,0.00704393701051239,0.0157810895905659
"TMEM205",1764.8066495503,-1.05089336902786,0.224936421598369,-4.67195735381733,2.98342912990165e-06,1.4367630585647e-05
"KCTD5",2845.26027863432,-0.951362995999393,0.20299606239824,-4.68660812805815,2.77770095125118e-06,1.34812607153538e-05
"SDCBP",32299.3859069641,-0.473704303211163,0.176034732987739,-2.69097066909038,0.00712444583255443,0.0159266405872819
"SRF",2053.17168074581,-1.42419646617229,0.236068911593897,-6.03296917224871,1.60974133738462e-09,1.43685219978938e-08
"BCLAF1",15384.2838575509,-0.832960768463211,0.166826544753602,-4.99297500702583,5.94562540808728e-07,3.33961031714712e-06
"CCDC62",124.091703775897,-1.59701262963602,0.509984072475414,-3.13149511098311,0.00173918681776418,0.00456647629689781
"CLTA",2301.67189949877,-0.900417777460891,0.20910299763116,-4.30609693625316,1.66160265985039e-05,6.86362119332818e-05
"GAS8",817.563638860638,-0.548651347836854,0.244609024507299,-2.24297263333587,0.0248985793097448,0.0473758509551705
"NKX3-1",665.643823673897,-0.91613172859627,0.246828893491741,-3.71160651265864,0.000205947971392336,0.000670371692495013
"SLC25A44",3096.33716961195,-0.743940359261517,0.188015291626525,-3.95680772997594,7.59580191200616e-05,0.000273014558990538
"CLN6",2376.72840320496,-1.43887405849168,0.205953987670968,-6.9863860115708,2.82057364659179e-12,4.09000482888611e-11
"VASP",1219.15176000269,-0.685777554714189,0.211250136757126,-3.24628218112173,0.00116922883333116,0.00318753087711826
"RAB13",936.500482346926,-0.789563899823756,0.223750155936336,-3.52877474663486,0.000417488325452133,0.00126347683231583
"OLIG2",45.2729719135194,-2.18532813001623,0.754299921795385,-2.89716075379501,0.00376556750521984,0.00907452625952042
"RASAL2",4744.61418728278,-0.894956006503961,0.181206188911843,-4.93888212029754,7.85716887402084e-07,4.27957040774527e-06
"STXBP5L",123.77963057019,-2.16452068452568,0.445479529829134,-4.85885554686631,1.18066232867297e-06,6.20964281275354e-06
"DHX8",3999.54321845753,-0.621324797346906,0.183768924771445,-3.3810112243931,0.000722195926902403,0.00205314204092677
"CIART",1547.81161298756,-2.2764527544729,0.209907283478351,-10.8450393752425,2.10545185857449e-27,2.09094370291037e-25
"FOSL1",13613.2868134357,-2.47061163149505,0.256759841941445,-9.62226652273169,6.439629345454e-22,3.44359907713011e-20
"HNRNPM",3122.21028101201,-1.04742806404612,0.186704053912319,-5.61009813176322,2.02211918537564e-08,1.49079254727195e-07
"MED1",12254.9623221989,-0.598727375316146,0.168819633475035,-3.54655061731717,0.000390309753753474,0.00119074484094708
"BUB1B",974.817765657964,-1.43613404089533,0.243360618824879,-5.90125899510787,3.60738091223446e-09,3.00437122063332e-08
"ZNF799",217.906007556544,-1.17175418424371,0.345996319474519,-3.38660881139807,0.000707622088024959,0.00201607469534209
"KDM7A",2302.75599333114,-1.33381274501632,0.18661626618276,-7.14735522416931,8.84657408421779e-13,1.37745471050443e-11
"RRAGD",2570.11450752593,-0.709357147517985,0.301558952921588,-2.35230007481301,0.0186577165432183,0.0369589162098146
"NCOA4",7599.80692829708,-0.929954598105987,0.191444885388034,-4.85755780950266,1.18842446026312e-06,6.24768695346511e-06
"FAM151B",158.765530624497,-1.05689896489372,0.420799354450917,-2.51164587995346,0.0120169607087772,0.0251534611506073
"PPM1G",2507.45252071777,-1.25999853808779,0.196883401443831,-6.39971947278279,1.55662680415533e-10,1.63667398323022e-09
"SLC2A8",367.515739648484,-1.11362183980374,0.280614608967864,-3.96850985021691,7.23234683664133e-05,0.000261222111599716
"CPEB3",227.141598756665,-1.0674714408846,0.338757446648437,-3.15113793496154,0.00162635664229923,0.00429983955228016
"TRIM24",4960.92156519452,-0.493133596464431,0.195945853335559,-2.51668299211177,0.0118465364310214,0.0248418104873844
"EME1",507.172166150038,-1.49341578144543,0.286938973900135,-5.20464599544152,1.94366767206356e-07,1.18770757747917e-06
"ZNF689",1445.25083818668,-1.13999570102223,0.225181873851949,-5.062555353686,4.1367389999208e-07,2.39061034235032e-06
"DEDD2",1531.30953639103,-1.16887923765833,0.219800011357243,-5.31792164359145,1.0495924825806e-07,6.74868550551554e-07
"CHD4",11327.320979778,-0.385157976904218,0.173475404128385,-2.22024545116016,0.0264021105539218,0.0497957456952198
"TSPYL2",606.460282472479,-0.723805921376529,0.305939862233345,-2.36584378411098,0.017989033069564,0.0358144192749506
"STRIP1",1665.24416326326,-0.723958937988243,0.201819699007215,-3.5871569601457,0.000334303105484218,0.0010372260699954
"NDUFS4",940.401445221202,-0.624333328080589,0.262284189794399,-2.38036966151103,0.0172952782627842,0.0345964113929559
"CNIH2",328.83835447898,-1.12318667245368,0.344757875794267,-3.25789996781376,0.00112239963702578,0.00307476098988656
"WDR33",5382.52441391508,-0.439363194126838,0.180855909074962,-2.42935492887174,0.0151257168276554,0.0307775002529669
"CCDC86",1339.10981752087,-1.54766116266721,0.217057077048057,-7.13020364834524,1.00220534458752e-12,1.54420635754046e-11
"ZNF461",1379.2119805883,-0.590317097373196,0.218932386077599,-2.69634432780522,0.00701051573339058,0.0157270833214142
"ZC3H7B",3300.07139815339,-1.42847458761411,0.200632702326113,-7.11984921227962,1.08045201571547e-12,1.65398729556029e-11
"CBLL1",16487.5346989208,-1.3615491040412,0.19185741460753,-7.09667180091233,1.27797056513095e-12,1.93756370383342e-11
"KLF5",392.396639914794,-2.17249929928908,0.285258208467798,-7.61590459029448,2.61851061701838e-14,5.15759307865388e-13
"GNA11",3789.37558406603,-0.589502227747942,0.190059066520484,-3.10167906504165,0.00192426452978163,0.00500461228278154
"CSPP1",2655.55150288321,-0.439885049406357,0.183823728467326,-2.39297207751145,0.0167125129087668,0.0336013061510389
"ATG4B",1723.42094807423,-0.9450635478092,0.218979138616431,-4.31576977505877,1.59047677743191e-05,6.60212664407809e-05
"AVL9",14101.1520428681,-1.00860557155482,0.167253268357214,-6.03040874155402,1.63545503412489e-09,1.4576023826009e-08
"SNX4",1988.09816755923,-0.475819874886909,0.192140315315801,-2.47641872610052,0.0132707835646735,0.0274842924290267
"FOXJ2",5648.37635682638,-0.515028251959307,0.174415463856825,-2.95288181776179,0.00314822466281028,0.00775280663994414
"TIAM1",4874.76209570709,-0.68032856088464,0.250416067660237,-2.71679276510206,0.00659178672915384,0.0148809428013639
"ZBTB21",10226.3485726789,-1.38867940585393,0.166365531042224,-8.34715819529633,6.99250318420325e-17,2.04548026314144e-15
"SRRM1",11222.6243442425,-1.31204041875345,0.17547536954783,-7.47706314643678,7.60019012239415e-14,1.39038772239093e-12
"HAT1",1442.63910273717,-0.774083307503888,0.200354424276712,-3.86356982281955,0.000111741933697601,0.000384556252894073
"SLC35G2",834.424963973808,-0.904816825368859,0.261187961381707,-3.46423633226547,0.000531739129410733,0.0015659339724336
"VRK1",544.483709454448,-1.42150953366192,0.26204929415536,-5.42458829451818,5.80882712460209e-08,3.92727225163315e-07
"SMG5",3489.83553314615,-0.674124421641437,0.199424728218087,-3.38034519422399,0.000723948440731819,0.00205614579970407
"SUDS3",2207.34326515937,-0.463073726088414,0.203527083371845,-2.27524375830796,0.0228913112120869,0.0441464614726572
"ITPRIP",2729.97308559292,-1.01965894005189,0.230921028084424,-4.41561753171785,1.00722035355903e-05,4.35236156878669e-05
"MED15",2700.37671139839,-0.860341681542112,0.196318059043864,-4.38238685596358,1.17386131351473e-05,4.99789941505068e-05
"ARHGEF2",8312.57048004738,-1.01484402671263,0.169012020869449,-6.00456713961506,1.9184301825252e-09,1.68314832198091e-08
"BRAF",17265.5849501281,-0.669885850814049,0.168747759618504,-3.96974663443526,7.19490981158995e-05,0.000259949385977897
"NOTCH3",802.459196800608,-0.840379530261391,0.231194916594699,-3.63493948153988,0.000278045897698683,0.000879771464257841
"TMEM200C",1670.56115335989,-0.864528192899867,0.221040873911341,-3.91116890556009,9.1850507369213e-05,0.000323241218321928
"ROBO4",89.6361908657619,-1.26177118067659,0.540458956083518,-2.33462905272237,0.0195628074744,0.0384873079294922
"RASL10B",109.230315954058,-1.18885895324919,0.456933840728486,-2.60181857258329,0.00927308945618067,0.0200529498981049
"MRPL58",801.742951715639,-1.27190062767193,0.248074023162803,-5.12710122348129,2.94237338024956e-07,1.75002358368341e-06
"CHRNA5",137.346635830775,-0.973899375141018,0.412611562117021,-2.36032982242221,0.0182586934935135,0.0362779488410126
"AMDHD2",364.96623630609,-0.986417046409853,0.278832641723652,-3.53766704038719,0.00040367875516215,0.00122639473740521
"OSGIN2",7535.56078808139,-1.97156690485636,0.253288091421269,-7.78389103804035,7.03273343250652e-15,1.49215159255587e-13
"ECT2",4935.50459056903,-1.19902373814728,0.183243486234525,-6.54333620684723,6.01613702860829e-11,6.79070748845204e-10
"ILF3",9752.90616277255,-0.845091015512323,0.170467184734868,-4.95749969019969,7.14061561590952e-07,3.93519597516697e-06
"MTOR",7609.22665508269,-1.26057243817261,0.182142582259577,-6.92080030125043,4.49099207635851e-12,6.24043943280935e-11
"PRMT3",996.447436202158,-0.905938632638186,0.214444582941887,-4.22458156886011,2.39385137065156e-05,9.59651814734063e-05
"LEMD3",2453.787640574,-0.421449106054374,0.189909927019498,-2.21920524465845,0.0264727644353245,0.0499130711704954
"EPC2",2529.24486110805,-0.787839727085617,0.186753495774277,-4.21860765614718,2.45815594043024e-05,9.82098948749309e-05
"SRBD1",1832.61400992141,-1.33488936768576,0.198504414961812,-6.72473389542781,1.75913631939184e-11,2.19610023474683e-10
"MAU2",4224.58671122629,-0.563043287667264,0.195753437059486,-2.87628813125853,0.00402382223108295,0.00962037854075225
"CSF1",4589.41524642333,-0.748565026784442,0.182385112201209,-4.10430992831595,4.05523517430392e-05,0.000154695833731194
"ATL2",3326.52929724469,-0.591010351698354,0.19459899703285,-3.03706782002883,0.00238891700110532,0.00606492397831637
"ZNF829",949.027584405092,-0.875761189169421,0.215652107869505,-4.06099062894095,4.88649330928915e-05,0.000183387036929753
"GPATCH3",319.843846734423,-1.1255205004967,0.359160806571088,-3.13375089905288,0.00172587300915782,0.00453756779137422
"GEN1",1759.36049842889,-1.15842166962607,0.194814708787145,-5.94627416398916,2.74314551949954e-09,2.34916621372794e-08
"HIST1H2BF",1599.07528100065,-1.32767988294159,0.195495664035985,-6.79135207161018,1.1108745377807e-11,1.42699079211873e-10
"RSPRY1",7491.76569374656,-0.468679533938362,0.180980174193782,-2.58967334972575,0.00960670409674358,0.0206948649317017
"KLF7",1496.65206123261,-0.807928311892335,0.22227508636205,-3.63481272289936,0.000278182638422408,0.000879968528071739
"VAMP4",2074.26985621686,-0.573608432420844,0.190768872879474,-3.0068240366616,0.0026399252699626,0.00662813614625409
"RNF111",6764.64563897563,-0.93315524475306,0.177505951509074,-5.25703638001881,1.46395361231055e-07,9.15881619390478e-07
"HIST1H3F",1292.12843062876,-2.50304657866044,0.23701238174389,-10.5608262329736,4.52659811406186e-26,3.93348062588111e-24
"CENPH",460.470535641178,-1.55307874630442,0.264766696682597,-5.86583873940254,4.46867950904786e-09,3.6674204470783e-08
"ZNF430",419.525492360713,-1.0057216811367,0.269211746224102,-3.73580163288827,0.000187118134504149,0.000613415288091549
"EWSR1",2699.75070757521,-0.549228356246432,0.182608070045342,-3.00768939790041,0.00263242034509993,0.00661069775571418
"SLC9A8",5540.11500780902,-1.49829024839937,0.195848030797766,-7.65026966212656,2.00558283439549e-14,3.99696086625395e-13
"FXR2",2017.02733537171,-1.47333169258595,0.214680014586453,-6.86291965940143,6.74671750036294e-12,9.01953703838114e-11
"TMEM126B",2883.34807287666,-0.559459497228071,0.212443907211406,-2.63344571549113,0.00845233458965476,0.0184673119209725
"UBXN1",1234.12742632382,-1.21120611508878,0.236855093413728,-5.11370094529947,3.15907357512539e-07,1.87137501307428e-06
"SLC26A11",2039.46032418129,-0.527380859614431,0.224419557086935,-2.34997727675817,0.0187745571796971,0.0371654466917353
"CDK5RAP1",421.420997150754,-0.701033407483161,0.275909623727191,-2.5408081023528,0.0110596602254751,0.0233983287763452
"PAPOLG",2428.39963609048,-0.809851887425908,0.185132720103777,-4.37443952085802,1.2174486897228e-05,5.16617903595838e-05
"TNFRSF12A",1759.79422961201,-3.36944146096224,0.310752978844032,-10.8428291612721,2.1569560922864e-27,2.10668653707774e-25
"SRC",1877.80144466618,-0.728392940846616,0.213611840089152,-3.40989029701077,0.000649890149302872,0.00187007591537895
"TUBA1C",11347.3061867255,-0.490878661536836,0.172031983378263,-2.85341511442959,0.00432520813945277,0.0102641184321391
"THOC6",605.190097496976,-1.47309266818229,0.283674197019944,-5.19290328009185,2.07039757113099e-07,1.2547671023398e-06
"KDM6B",10083.3267023275,-2.51450429515336,0.207359882461862,-12.1262814450902,7.66517395064182e-34,1.33216214336301e-31
"GAS2L3",2939.14196818547,-0.853222736130944,0.207517265395709,-4.11157468996113,3.92969704868052e-05,0.000150489824113112
"PWWP2B",154.151770195888,-2.0360242971068,0.428995211840379,-4.74603035398065,2.07447594659081e-06,1.03451774275496e-05
"CLDN15",1764.05696059796,-0.534968243878827,0.224480060753967,-2.38314370586865,0.0171654919582413,0.0343717017896469
"CCNA2",1398.7092639997,-0.707893577127396,0.236542076686763,-2.99267507516141,0.00276544000637964,0.00691974804052394
"SF3A2",1154.7521364282,-0.928833622804396,0.248083086615089,-3.74404251203759,0.000181082993902539,0.000597088735194644
"CEP57",2689.99525388374,-0.791160519136684,0.185810793087357,-4.25788247276212,2.06372388098431e-05,8.35131849006629e-05
"UBA2",6002.35852231224,-0.961560631179154,0.175826157163391,-5.46881446248978,4.53055692810925e-08,3.1421432967368e-07
"CELSR3",5177.0222326899,-1.83648615202109,0.181011265372979,-10.145700866943,3.46283735226672e-24,2.39320537012211e-22
"SERPINE1",3027.59997393327,-2.83770686760802,0.809282052533854,-3.50644977078534,0.000454127138582416,0.00136215089435711
"USP19",4444.47925971945,-1.03473337383086,0.199221357441772,-5.19388777949317,2.05947310586663e-07,1.24942778055092e-06
"SARS",7583.89748426065,-0.985338137352027,0.173602261605566,-5.67583698644876,1.38012160369776e-08,1.05026980399155e-07
"SMC1A",5181.47376890625,-0.776451411645504,0.177726281716963,-4.36880468180861,1.24928434060264e-05,5.28798077981446e-05
"FBXO10",365.545346023214,-0.925350772059119,0.301473462528348,-3.06942695485878,0.00214469844844932,0.00550460317267193
"NSFL1C",3353.18574969231,-0.565839592341006,0.191780436074537,-2.95045523893317,0.00317306017678172,0.00780835058255681
"TIMM17A",885.396523266736,-0.939912230513863,0.241712711574438,-3.88855110015348,0.00010084443993723,0.000351039643940556
"PNP",478.662362935009,-1.48538604479064,0.301803864143941,-4.9216932626224,8.57986165995486e-07,4.64271085610561e-06
"PHKG2",514.676063271849,-0.911192660314315,0.308995653783254,-2.94888503821311,0.00318922586868134,0.00783907473296092
"PPP4R1",7023.41362151175,-0.645075302090208,0.171261941249052,-3.76660043314662,0.000165485530484338,0.000549403892413415
"AGFG1",8157.15608445905,-0.45631690827841,0.184254789271727,-2.47655385285787,0.0132657610549107,0.0274842924290267
"PSMD2",11776.3444174915,-0.677737517489307,0.177744852355754,-3.81297972068875,0.000137301382290704,0.000462814528212077
"DDX47",4045.6132785641,-0.671387406367455,0.179595961826134,-3.73832128262117,0.000185253112067215,0.000608243299250759
"BLM",393.331568887898,-1.70796142939594,0.279750665440176,-6.10529889789013,1.02608475956842e-09,9.45149624986715e-09
"KCNJ14",170.166465650098,-1.85467233151247,0.388818689524268,-4.77001847257322,1.84209025763392e-06,9.26375432541179e-06
"VGF",235.748649087944,-4.33483559115749,0.449562464460933,-9.64234324223521,5.29648965619061e-22,2.89786642392873e-20
"ZBTB7B",752.026105518707,-0.767686226198723,0.253638276956428,-3.02669705618053,0.00247241609316865,0.00624738366240476
"RAF1",9655.48805925995,-0.624063377930621,0.175772804013501,-3.5503978071755,0.000384649439387812,0.00117583731885286
"DNAJB5",591.33691675873,-0.749906422253044,0.24403735599331,-3.0729165180498,0.00211977779649665,0.00545072541318481
"EXOSC5",293.957559591472,-0.662834670518521,0.298713995468308,-2.21896088088997,0.0264893860145895,0.0499364434392118
"LIME1",138.247570004044,-0.979941551715297,0.405124452045671,-2.41886547890924,0.0155689966075093,0.031597870841069
"ARPC5L",922.760625385491,-1.93991542063824,0.228811916249452,-8.47820975601348,2.28685407158154e-17,7.11211616261858e-16
"SNORC",277.106872185191,-1.87073812066083,0.325967526833624,-5.73903216321196,9.52191370698367e-09,7.46220001254197e-08
"CCDC130",1573.50452367164,-1.52449890343739,0.238765594533196,-6.38491867481116,1.71488580180074e-10,1.79191161853944e-09
"FAM57A",1286.26855249959,-0.56979047747445,0.202359096863039,-2.81573937770684,0.00486651273658334,0.0113931155944814
"DRAP1",1093.26419144804,-1.40522475278399,0.254136734191813,-5.52940430769593,3.21320017481169e-08,2.2806966766321e-07
"TROAP",1206.71464146896,-1.09262069680632,0.301056259317755,-3.62929074878691,0.000284200999256512,0.000897085312289919
"TMED2",14597.6611558327,-0.478812029444671,0.19469445116489,-2.4592998238001,0.0139208305408155,0.0286364447922293
"ZNF317",3680.45583407092,-1.75845094851625,0.203066578176348,-8.65947988245104,4.73921670366897e-18,1.59113815352159e-16
"MFN2",7736.22919948267,-0.690103023756274,0.183204819885593,-3.7668387992588,0.000165327674456368,0.00054914065675249
"NOCT",2024.59838612941,-2.7681684559136,0.226827923668202,-12.2038257510253,2.96555907066404e-34,5.74540608149306e-32
"KCNT2",758.314713246482,-1.75596865670436,0.27067692284751,-6.48732310915773,8.73748287000055e-11,9.6055416332713e-10
"SMC2",3664.74750678086,-0.93274198280169,0.187606774586728,-4.97179264904689,6.63366336929777e-07,3.68925335051111e-06
"KLHDC4",370.901528540267,-0.758988006031826,0.305930145312502,-2.48091931331754,0.0131044032710146,0.0272032035582031
"CD82",494.85770068259,-1.29910565329991,0.29145391203069,-4.4573278987695,8.29876143864767e-06,3.64725781636066e-05
"MED12",5312.08600900671,-0.547328398072267,0.177864690480537,-3.07721783673618,0.0020894254745818,0.00537852978841379
"LMTK2",6029.80953098004,-0.401581753260853,0.172139738472607,-2.33288232469783,0.0196543223031422,0.0386159236872043
"C1orf109",833.63542424708,-0.756913117152979,0.226875059975714,-3.33625528180138,0.00084915150961392,0.00238144461645556
"SPINDOC",1391.5318538667,-1.56148217033469,0.224691474909552,-6.94945000010907,3.6671306248365e-12,5.2089122264805e-11
"MYH3",177.165466264566,-2.09695573467355,0.406233242894389,-5.16195011450283,2.44390425245941e-07,1.46833047562609e-06
"ESF1",1912.56715537461,-1.21737573456363,0.192593498731676,-6.32095965118583,2.59943899013953e-10,2.64145915610223e-09
"POLR2E",1417.99718958946,-0.535133959316716,0.210803526311734,-2.53854367941343,0.0111314906573786,0.0235334448280681
"WDR12",1381.21968850787,-0.71412049083733,0.199920410815115,-3.57202392655016,0.000354233038745729,0.00109132587380006
"REPIN1",6081.33611023389,-0.798541191330187,0.177588963877266,-4.4965699100653,6.90584799827179e-06,3.08907311292869e-05
"HIST1H2BK",5369.71767260417,-0.977064913959294,0.203326033201977,-4.80540980696117,1.54434846748378e-06,7.91241196804683e-06
"HELQ",1995.10517889602,-0.915807772134166,0.188198110421242,-4.86619004879657,1.13770121012337e-06,6.01581643958943e-06
"ZNF830",547.166014981092,-0.785488837228052,0.263670857546663,-2.97905064115415,0.00289142986802934,0.00719084978543156
"CLDN1",1261.4627578595,-2.63808225177728,0.243137434652127,-10.8501689818014,1.99056993793032e-27,1.9936064005475e-25
"RPS17",6556.90066426725,-0.567248792117669,0.21079940383823,-2.69094115917417,0.00712507605220508,0.0159266405872819
"IER5",538.138691172507,-1.27721249866873,0.284831739997841,-4.48409471036622,7.32241361306132e-06,3.25576833067057e-05
"PFAS",1537.69456482655,-0.589829668206276,0.210622101937641,-2.80041677858151,0.0051036665280403,0.0118707205330408
"GET4",1973.25497399284,-1.47236163980246,0.219651237832674,-6.70317934162557,2.03932917432185e-11,2.51049918563913e-10
"PDSS1",115.350462101886,-1.0839028056106,0.445605477526216,-2.43242702407496,0.0149980134525647,0.0305755602867706
"PTPN1",7360.14492623896,-0.855155219856582,0.176568454128529,-4.84319367282952,1.27768638564799e-06,6.66171578014974e-06
"STK16",3162.59991021395,-1.79200984846221,0.246779405094894,-7.26158590005973,3.82577919107519e-13,6.27959145557314e-12
"APOBEC3B",606.151408979429,-2.95338335673019,0.27754901791556,-10.6409432788147,1.92173877266209e-26,1.76055107095509e-24
"ZNF273",1062.72895887686,-1.06168966160892,0.21471258537073,-4.94470158689475,7.6260591500977e-07,4.16858311914221e-06
"TCOF1",1779.98197474027,-1.00834388658467,0.205940165086245,-4.89629541746941,9.76602184400843e-07,5.23898529970457e-06
"MAST2",5514.59611019669,-0.441547298437208,0.1735438442497,-2.54429824547333,0.0109497547015997,0.0231907170364705
"CELF1",13903.1180153791,-0.495596048299797,0.176816592288052,-2.80288202530461,0.0050648192555555,0.0117896462403299
"CEP95",2243.64676953948,-0.885358881847098,0.20875641996774,-4.24110972004556,2.22417369796155e-05,8.96496751790912e-05
"DNHD1",1769.79589688042,-0.851977636381249,0.291604992955081,-2.92168397991899,0.00348144588609188,0.00847276101355722
"DHX29",6300.82667528687,-1.10836188701186,0.180639078165038,-6.13578135069547,8.47416438593507e-10,7.90431528910661e-09
"EIF3D",5340.56022859152,-1.10465132647643,0.191815490338917,-5.75892658369055,8.46505070362749e-09,6.66488802234974e-08
"PCSK7",242.209082350062,-1.35787305089614,0.344127669332422,-3.94584095353418,7.95203871696807e-05,0.000284090669761574
"ZNF865",873.117329913814,-1.20566100369964,0.22701703784819,-5.31088333777786,1.09095152601132e-07,6.98800278287357e-07
"IL6ST",34813.0905149323,-0.769535843525268,0.170334251297443,-4.51779860869838,6.24858722688601e-06,2.82717472616152e-05
"NUP210L",118.340137093105,-1.74524677469658,0.445011433521819,-3.92180210041954,8.7889165488068e-05,0.000310515443269951
"TIMM23B",655.7290795306,-1.54968890779707,0.257497314841615,-6.01827210800345,1.76288676117807e-09,1.55708488367731e-08
"EPC1",3661.49072022294,-1.29864524174297,0.196413614345574,-6.61178832266743,3.79704697645623e-11,4.48735011677597e-10
"SIPA1",148.401892204573,-0.907246130715754,0.39811014834844,-2.2788822000129,0.0226740688043998,0.043777511048913
"RLIM",17227.9280168497,-0.642988105676666,0.166187176398697,-3.86905969287355,0.000109255893594292,0.000377429450598463
"ASPN",248.920646700651,-0.861293153245369,0.34780385743604,-2.47637608045724,0.0132723690042694,0.0274842924290267
"UBE2T",349.123412714952,-0.680778630282848,0.290727180080255,-2.34164081285733,0.0191991820246922,0.0378727980583897
"LRRC59",7137.57718069466,-0.809630968121847,0.184344843820592,-4.39193715073363,1.12345178299967e-05,4.80352864380972e-05
"PLA2G4C",313.080592134386,-4.99300285678692,0.406394537346864,-12.286097370756,1.07575278709743e-34,2.27022257819954e-32
"HSD17B10",857.853157745047,-0.720680075842373,0.249508640841605,-2.88839726516679,0.00387210493491482,0.0093028127913851
"MMRN2",121.20469266178,-2.40804869886476,0.478546786129182,-5.03200265608871,4.8538253897203e-07,2.76712534759838e-06
"RASSF1",517.054138428882,-2.47598380443043,0.300785694109351,-8.23172063339649,1.84543238819409e-16,5.14370753860326e-15
"AKT1S1",4774.71275459359,-1.03189536001892,0.194514152706146,-5.30498858650052,1.12680046223421e-07,7.19423439367038e-07
"ZNF442",1101.71119859462,-2.98764183311948,0.238492090663512,-12.5272155768668,5.29906110114517e-36,1.39015917679332e-33
"PHF21B",104.086755922011,-1.14202443119406,0.47623963689034,-2.39800374166888,0.0164846968512339,0.0332167344224864
"CXorf40B",344.552345258762,-0.906126238596904,0.334624166312191,-2.70789240533072,0.00677119704642263,0.0152539090153684
"NPM1",12506.5130729183,-0.879544387918908,0.189409398709333,-4.64361533224998,3.42364731926194e-06,1.62950720978806e-05
"UHRF1",595.309872223059,-2.12784730401829,0.250677981949577,-8.48836937121306,2.0955660855789e-17,6.56907161787041e-16
"GLRX3",2792.08922427849,-0.943967638234372,0.19396580427908,-4.86667039967613,1.13494071676535e-06,6.00390751599501e-06
"ING1",1383.10520309846,-0.738142403564637,0.208354295310662,-3.54272707679986,0.000396012315613939,0.0012043421373972
"ZNF57",614.811008231526,-1.54039385689032,0.294125766777216,-5.23719452997494,1.63035827288247e-07,1.01142121096719e-06
"HNRNPC",23992.8046634639,-0.82498876827809,0.171385310013285,-4.81364924575006,1.48198828886486e-06,7.61815467499127e-06
"IVNS1ABP",2232.99100828286,-0.480091469266844,0.19495990791289,-2.46251382864499,0.0137966852383602,0.0284107381332881
"HIST1H3C",1472.6002491043,-2.03681145833818,0.26812590386538,-7.59647400335036,3.04308398076517e-14,5.9149944876123e-13
"WTIP",263.617541274149,-1.29480833462497,0.384424036688688,-3.36817735378375,0.000756669041202556,0.00214238493745372
"DKC1",1642.40421602632,-0.940469791543817,0.199680839394663,-4.70986497450067,2.47880955442186e-06,1.21908328398492e-05
"DMWD",3443.8457418344,-1.67226578613287,0.217133773967019,-7.70154617395852,1.34429581485006e-14,2.72035752395513e-13
"TMEM11",1765.19712020228,-0.875500846148491,0.216905629462372,-4.03632145610297,5.42958104373883e-05,0.000201782354638067
"UBALD1",603.830941095933,-1.07858798682108,0.278052426568333,-3.87908136653506,0.000104851681283649,0.000363170331011184
"CDC5L",4298.16720386703,-0.698230646598032,0.176481438683381,-3.95639706819651,7.60886509243625e-05,0.000273317834840157
"RHBDD3",362.686268443738,-0.741597346911314,0.295730803065287,-2.50767704691078,0.0121527683091325,0.0254107246775174
"ZNF788P",1091.9681955382,-1.27740408816351,0.223181831928392,-5.72360248648452,1.04288606599246e-08,8.12983346167471e-08
"RHOG",1325.47873650241,-0.900258351198126,0.202093142700301,-4.45467045130367,8.40221537895804e-06,3.68861000551732e-05
"SLC43A2",145.228586875878,-1.79958592066364,0.471809714498469,-3.81421972749456,0.000136613879758061,0.000460891473303102
"GMPPB",224.820355287721,-0.87318607353089,0.374837400226776,-2.3295062685917,0.0198322613046938,0.0388750479513802
"KMT2D",15905.2888238394,-0.864854846704894,0.231114777546806,-3.74210102826393,0.000182488117605903,0.000601071508881426
"GORAB",2459.22888613413,-1.7230322701847,0.190748032261599,-9.03302775790456,1.66986300106743e-19,6.8285262791055e-18
"TGIF2",1843.83731520109,-1.86880636955191,0.202594681908782,-9.22436044196529,2.85258112601495e-20,1.27696226315321e-18
"NLRC4",236.42467099083,-0.920718798282837,0.372955991020831,-2.46870628291211,0.013560246990523,0.0279872509490046
"MCMBP",2895.64315065275,-0.635744316325007,0.191207550081702,-3.32489128203022,0.000884530193319799,0.00247183207014741
"NT5C3A",1708.93524419206,-0.486821374697741,0.198064338872068,-2.45789513382409,0.0139753975886186,0.0287336897533567
"ZNF24",12048.0156134451,-0.94940807728367,0.169764973347635,-5.59248506074056,2.23842419537516e-08,1.63093077317778e-07
"SYNE1",9554.87840101544,-0.649195376584846,0.191629737798768,-3.38775904012649,0.000704661411354553,0.00200909253543742
"XPO5",3331.55237187465,-0.478732430727663,0.182556752980378,-2.62237590728357,0.00873190603702374,0.0190043582956808
"GAN",1304.5168020395,-0.747592929663101,0.202531809608566,-3.69123710052252,0.000223165985274376,0.000721185565756788
"DDX27",2695.20058044205,-0.789361849097788,0.193672738230599,-4.07575096169665,4.58660857528957e-05,0.000173066858693398
"ARHGAP9",134.769652004075,-2.4015427360032,0.474130462547005,-5.06515173714473,4.08075172929691e-07,2.36403548709955e-06
"ZFPM1",317.351007987368,-1.19925673001559,0.30760759574852,-3.89865772689185,9.67273859836891e-05,0.000338402678376329
"ALYREF",269.342363332819,-1.31185399157017,0.322112953418466,-4.07265208569835,4.64808297299287e-05,0.000175106932020497
"CSRNP1",8971.71094632494,-4.12281786720911,0.217944682569563,-18.9168086993506,8.29260608992693e-80,4.90010093853782e-76
"YAF2",3140.5319472636,-1.59338091912341,0.203633003205573,-7.82476756734198,5.08595710341237e-15,1.09482406280742e-13
"ZKSCAN2",2736.45469511384,-0.909672050700031,0.211617635193921,-4.29865899345501,1.7183461367029e-05,7.07822051012717e-05
"KCTD11",1252.37001507737,-0.707962928768448,0.20879489077556,-3.39071002235136,0.000697118181521607,0.00199046694110228
"SH3BP4",3304.74132819656,-1.00091031290517,0.179074262337935,-5.58935884943828,2.27909536115437e-08,1.65851902574645e-07
"IL13RA2",867.419063394649,-0.573095961458355,0.227167146924946,-2.52279420337,0.0116426514645147,0.024478358834306
"CARS",4240.49542998685,-1.62907258506777,0.193681614835603,-8.41108530848698,4.06234122928459e-17,1.22784523395615e-15
"NSUN5",752.351513135469,-1.34539100966693,0.256835639864899,-5.2383345643721,1.62032130124635e-07,1.0057225387673e-06
"SPAG1",1125.84204524942,-1.4483095508612,0.210048261950556,-6.89512751694241,5.38165067938497e-12,7.36115135751985e-11
"EML5",332.070460119145,-0.832759664906148,0.307061528100574,-2.71202866102259,0.00668728104132271,0.0150763615693155
"WDR74",688.147064836168,-1.24363716123852,0.25544140431519,-4.86858097485243,1.12402463517244e-06,5.9541564941586e-06
"ZNF136",774.601950787624,-0.931784016461993,0.253949902696373,-3.66916469180951,0.000243344281429487,0.000780418648014566
"CSRNP2",3291.89987155373,-0.854142799005851,0.181250540700354,-4.71249793631199,2.44698559804689e-06,1.2059414427739e-05
"SCYL2",9816.29671356367,-0.751962678113567,0.193078145759523,-3.8946027534889,9.83597906088751e-05,0.00034336413828524
"RBM22",4794.9824499272,-1.09183818128057,0.178885659846073,-6.10355342189009,1.03735873505039e-09,9.54790150375815e-09
"LSG1",3832.47822412993,-1.30867641421142,0.185750498983474,-7.04534534966635,1.85002082955043e-12,2.73636372510977e-11
"MPDU1",1493.79076253916,-0.584017590544684,0.206553243048243,-2.82744333580025,0.00469213186058647,0.0110219865490779
"CCDC91",1062.9676392171,-0.93609770929928,0.248146645831985,-3.77235689066332,0.000161712721760578,0.000538495617291213
"HLF",658.396462502254,-4.36405688164424,0.336311002022174,-12.9762536919815,1.66843832266796e-38,5.05579592238203e-36
"UEVLD",2541.13827608613,-0.522378089907769,0.190445923636258,-2.7429208246299,0.00608953663234542,0.0138609676273224
"ZNF543",1377.04779490891,-0.517291609264645,0.203006019084181,-2.54815897379938,0.0108293109181546,0.0229644350315361
"XPC",2593.19719054792,-0.547764436301575,0.194801307429403,-2.81191355196673,0.00492477372877732,0.0115135461773868
"CDC42EP3",4385.62951204667,-0.441791773366256,0.17366133410229,-2.54398467943378,0.0109595891441461,0.0232073865804548
"BAG1",311.943888424616,-1.49903194366128,0.336696076108606,-4.45218121038556,8.50023827299785e-06,3.72610593139053e-05
"HIST1H4E",614.833779291383,-2.61044713460637,0.292739582495761,-8.91730155638987,4.77787364792215e-19,1.82678036196659e-17
"MAK16",2024.03569465348,-0.871278457471763,0.195838829467858,-4.44895662335829,8.62884387859078e-06,3.77511707894098e-05
"FUS",5675.41846172582,-0.429480881892693,0.184181987236826,-2.33182890648507,0.019709693696237,0.0386839034940119
"JMJD6",1874.99195877146,-1.28701734970725,0.218791350070124,-5.88239594158885,4.04369569466147e-09,3.33717847203276e-08
"HIST1H2BC",3378.42036737928,-1.15284643181749,0.185425597878261,-6.21729925646174,5.05784596401029e-10,4.88745900267159e-09
"AFF4",39684.760377141,-0.825147394708593,0.178148361607839,-4.63179895263366,3.62502082418885e-06,1.71567743735725e-05
"MRPL1",896.205105870285,-1.0530927010994,0.240479381599063,-4.37913925966075,1.19148977535126e-05,5.06511732557597e-05
"IPO5",6356.10965335796,-0.661864612497883,0.191072349393262,-3.46394763344666,0.000532310124909729,0.0015672249766276
"KCNV2",100.963796127626,-1.11021311125414,0.475253349557588,-2.33604479018957,0.0194889072692878,0.0383483027153586
"ZEB2",6447.71412778642,-0.634574627550336,0.222282843465023,-2.85480704519684,0.00430629832066463,0.0102254035671317
"FBXO28",3616.57637733572,-1.25148431235822,0.177533831630886,-7.04927224778321,1.7985595222974e-12,2.66692301562242e-11
"LRPPRC",11742.3440910509,-0.41487977287715,0.173533390513906,-2.39077777278778,0.0168127258452034,0.0337798017746709
"ATAD5",1853.30911634309,-0.785918383573682,0.223561536688309,-3.51544543491583,0.000439016964762656,0.00131950724556589
"ZNF644",6579.12001158011,-0.586361253691595,0.174282276630849,-3.36443420998899,0.000767007682880771,0.00216646672951361
"MIA2",1185.77507468497,-0.561813947399645,0.220104416440279,-2.55248829844394,0.010695650223534,0.022717684101676
"TAF3",633.840657750589,-1.10336131847855,0.246580610557451,-4.47464752392392,7.65374672977289e-06,3.38644623184036e-05
"STK35",4519.45593064076,-0.733786689042575,0.17882577882146,-4.10336078991828,4.07191502963752e-05,0.000155241816256201
"NOL10",2624.66797330871,-0.88295863957739,0.190463474327576,-4.63584234559744,3.55486839537291e-06,1.6851758803256e-05
"NDUFS8",418.868483015431,-0.835114866087838,0.321834502481154,-2.59485810144529,0.00946299781691741,0.020411335681754
"RNF19B",1001.29062454582,-1.14767105533124,0.23641147458898,-4.85454886369858,1.20661115932467e-06,6.33484259480187e-06
"DEK",5581.98965337614,-0.569337970865845,0.180200750578978,-3.1594650357259,0.00158059064410516,0.00419008977838377
"EIF2B2",2556.44547469473,-1.50341163022811,0.219830595666023,-6.83895535866248,7.97727369668348e-12,1.05218103289515e-10
"EFHD2",2019.84215229552,-0.461555012981229,0.195798059191088,-2.35730126686688,0.0184083056130483,0.0365383533313747
"CHAF1B",948.856211230272,-0.734909912438105,0.216800073666416,-3.38980471735859,0.000699424282901243,0.0019965691244751
"ZFAND3",6068.64142172165,-1.01459272336275,0.185457057082888,-5.4707690250325,4.4808696195463e-08,3.10950776064581e-07
"INTS12",1433.47565441612,-1.44780564701431,0.230086175352702,-6.29244953459265,3.12494938293554e-10,3.12971625487561e-09
"SLC20A2",2530.04697674924,-0.633234864671004,0.192148782380628,-3.29554450892448,0.000982311414425167,0.00272127433091341
"CCT5",3775.59195289039,-1.29657669096684,0.193769872888533,-6.69132240032329,2.21162800960819e-11,2.70289760264215e-10
"PTP4A1",37524.3427200461,-1.51857878873334,0.201185377403886,-7.54815687068919,4.41461006004149e-14,8.34749787033126e-13
"ZNF622",896.299985223804,-1.80348517215301,0.255057027470973,-7.07090955319101,1.53921443658278e-12,2.31430486151848e-11
"NAALAD2",447.558351378675,-1.01334208898818,0.326420013170143,-3.10441164175798,0.00190657865308106,0.0049618908879348
"CRY1",2429.07879194266,-2.75081151447159,0.190202412615592,-14.4625479595315,2.08918450281155e-47,1.80866956541423e-44
"EEF1E1",183.294302162584,-0.899080998781785,0.367950083164056,-2.4434863312177,0.0145461206056214,0.0297672819596941
"CCT8",9018.84984841286,-0.959977781434708,0.179779276368784,-5.3397577341756,9.30708695358454e-08,6.06345940559328e-07
"SRCAP",14300.6812283919,-1.06641877052957,0.17231129635692,-6.18890805812652,6.05824040648961e-10,5.76459622575637e-09
"RNF169",7549.90485484116,-0.625220804204825,0.184955743946824,-3.38038057571534,0.000723855242742281,0.00205614579970407
"C3orf62",888.015964185721,-1.09880692240007,0.22993157762575,-4.77884305299099,1.76306745704074e-06,8.90044049863627e-06
"WDR53",422.21392436446,-1.0555805137189,0.281112949041724,-3.75500494487084,0.000173338056043247,0.000573471670676417
"TEX30",333.368050637515,-1.54059047286312,0.295361621742702,-5.21594668858222,1.82880772868567e-07,1.12332898844112e-06
"LBH",265.890491246952,-1.40439180981563,0.318072726145153,-4.41531666935422,1.00862229348884e-05,4.35668796215318e-05
"RCC2",2560.31100899261,-0.557920743209587,0.198488983254902,-2.81083984642663,0.00494123747183794,0.0115429026373158
"HIST1H2BL",264.211753603299,-1.59474047078984,0.365452225991955,-4.36374540190911,1.27854367561078e-05,5.40022486003154e-05
"MKI67",9845.97241030445,-1.53420161843752,0.222776910322705,-6.88671737216904,5.70944927253939e-12,7.76458820516347e-11
"CHRM5",42.4585751110066,-1.96718732626863,0.713775710095839,-2.75603007841847,0.00585076164250633,0.0133974619436427
"TRIB3",9282.29006008023,-3.1079447236383,0.218208785095972,-14.2429862403174,4.95630096765881e-46,3.90490432238612e-43
"NEK9",3519.88067496661,-0.438867154292627,0.193914278060174,-2.26320185745394,0.023623248784081,0.0453655434075835
"GOSR2",4007.28032219325,-0.720486887525701,0.186670939715363,-3.85966283034896,0.000113543579058528,0.000389961644089997
"MEX3C",6486.46789962548,-0.607077838176185,0.174083821654641,-3.48727315614973,0.00048797268632091,0.00144968858897449
"FICD",579.467232886713,-2.3627690564224,0.299701499678473,-7.88374118567055,3.17722020792705e-15,7.13847688541481e-14
"TBL2",2756.2977383929,-0.78084974593727,0.207210003292307,-3.76839792254499,0.000164298646244408,0.000546183235250749
"HIST1H2AH",332.887786294382,-3.3190988393297,0.344655986376358,-9.63017899159689,5.96255260166489e-22,3.23235993791173e-20
"FOSB",536.119108491477,-4.17074266801104,0.409424581274084,-10.1868399181899,2.27024037681566e-24,1.58755625876968e-22
"MRPS18A",1768.40172366645,-1.0771583572999,0.238799862064792,-4.51071599449937,6.46091757186847e-06,2.91316231406942e-05
"ZBTB46",1053.53081050286,-1.38018623211425,0.265620601787998,-5.19608126336462,2.0353331470906e-07,1.23776490212658e-06
"DOT1L",2183.33375444737,-1.47991969692657,0.272700564376182,-5.42690368210997,5.73400504084866e-08,3.88112666510593e-07
"SAFB2",577.725206944073,-0.931141897199185,0.272018191286179,-3.42308686340601,0.000619142887889906,0.00179207216485009
"CCDC59",1758.84798231044,-1.22572284768232,0.236208408181638,-5.1891584093813,2.1124663527992e-07,1.27895119658714e-06
"ZNF598",3779.08110817724,-1.31004531899128,0.192748110159655,-6.79667010953392,1.07064872256845e-11,1.37981751399279e-10
"MTIF2",897.136339972376,-0.558635771115506,0.220118220107034,-2.5378897341795,0.011152311620609,0.0235732460619491
"ARIH2",5699.2471003939,-0.859014177374351,0.177278358965437,-4.84556706406466,1.26250555128743e-06,6.60189849783841e-06
"RAB3IL1",309.989502318521,-1.24710322271711,0.328169540760036,-3.80017968708747,0.000144591205476713,0.000486277423541205
"FAM192A",5297.53726129894,-0.392543422520225,0.174328090338899,-2.25175083233637,0.0243380223760979,0.0464588513068528
"ZNF670",468.726124500894,-2.16642945881848,0.286245216655642,-7.56843899133074,3.77735644208663e-14,7.21176065146685e-13
"NSA2",2346.69480697663,-0.73676533013807,0.210731646166971,-3.49622538208761,0.000471889940160204,0.00140757075033147
"SOCS4",3364.97334710844,-0.70894049096293,0.200127417944126,-3.54244559913755,0.000396435182769035,0.0012053179804385
"ERVW-1",76.0131628019662,-1.53075494803374,0.610401341902524,-2.50778437554317,0.012149077862652,0.0254075034827148
"GBF1",6549.01744685359,-0.59931084508859,0.182520518034195,-3.28352588269725,0.00102517230481763,0.00283017134550935
"CWF19L1",771.504803371713,-0.826490160970504,0.240910174035841,-3.43069845131382,0.000602029432319662,0.00174767473130773
"EAF1",4522.09944992216,-1.21737347817519,0.181136691987511,-6.72074478570654,1.80798024052304e-11,2.24912741921066e-10
"SON",40854.6243876969,-0.445320987468416,0.174302879298369,-2.5548687965511,0.0106227830733625,0.0225832074763442
"TIPARP",24258.0139124582,-0.931157827238903,0.164946221074271,-5.6452207342151,1.64969451900607e-08,1.23159127135905e-07
"ZKSCAN5",4436.95613623969,-0.989805100414414,0.191983990635366,-5.15566478818719,2.52732666920711e-07,1.51306720246655e-06
"CBX4",1441.90947594151,-0.486161053465539,0.218289106941153,-2.22714298609778,0.0259377190988994,0.0490294248737672
"MTA2",2596.34792591823,-1.02265190731953,0.191841826141399,-5.33070356912558,9.78329985530356e-08,6.33528973643712e-07
"BRD2",921.695553083196,-1.77453983203685,0.248513405296323,-7.14062016059425,9.29107699372033e-13,1.44286396730338e-11
"SGF29",632.256929292681,-0.675533775779025,0.246861839698679,-2.73648522024945,0.00620993844470372,0.0141105657641816
"B3GNT2",947.505110898849,-1.04015113118858,0.237456005141761,-4.38039514127096,1.18464289759533e-05,5.0378228728973e-05
"TTF1",604.360712504236,-0.805020287973301,0.256442233185613,-3.1391876368142,0.00169416928102126,0.004461485577556
"GOT1",3468.32790437627,-2.27303299732348,0.213652663104493,-10.6389172233804,1.96398322965227e-26,1.78541183138697e-24
"BCS1L",954.588533685173,-0.49176708329853,0.217011434124883,-2.26608835281709,0.0234459742231095,0.0450690506455283
"NFYB",843.135157038613,-0.528193404286258,0.225105121359553,-2.34642997500973,0.0189542274613223,0.0374458475656816
"EIF4E",3357.10278240626,-0.785370902254592,0.185249299336893,-4.23953507552179,2.23983195518015e-05,9.01578135092609e-05
"HGS",3975.84662960122,-0.702679412723774,0.213346409962714,-3.29360785984906,0.000989103843005981,0.00273752440670836
"PSMG3",740.107456061266,-1.28951982273121,0.236118466054105,-5.4613255976164,4.72592373714278e-08,3.25471834064997e-07
"NUP93",1835.71957860234,-0.857836478695351,0.208785758568758,-4.1086924921311,3.97905474383004e-05,0.000152084311004474
"PSME3",6836.09044295809,-0.831420089598503,0.179778493838169,-4.62469159601995,3.75156170398231e-06,1.76707677232615e-05
"MTF2",1570.7069295838,-0.724197809717809,0.201260237965973,-3.59831538030999,0.000320285087627283,0.00099818807109157
"RRAGC",4502.87949583467,-0.435477924274193,0.182712156088429,-2.38340969532115,0.0171530923931203,0.03435269376409
"SF3A1",7348.58298289226,-0.971705793228949,0.174199935299127,-5.57810651054714,2.43150765087756e-08,1.75860204516958e-07
"SLC7A5",15045.0254201532,-0.647465674560327,0.166830843846632,-3.88097104607072,0.00010404022795528,0.00036078269189422
"BARD1",2470.04122819108,-0.673783446771639,0.189449819574757,-3.55652725499569,0.000375789509818906,0.00115203123918024
"C21orf91",8481.55329173009,-1.08982335717737,0.205141502769491,-5.3125444752248,1.08105030888429e-07,6.93585914787974e-07
"SYCE2",101.723895456072,-1.4636428033911,0.4755051627985,-3.07807973056927,0.00208339165649996,0.00536533506134593
"ZNF888",350.785240008139,-0.842558871004876,0.283298581649549,-2.97410197431611,0.00293847403594617,0.00729250024292563
"DPF2",7357.6184697269,-0.776762572421262,0.180045000678069,-4.31426904105024,1.60131841278281e-05,6.64479670023427e-05
"ZNF649",958.240965895647,-1.52079964445543,0.241565341423899,-6.29560364699308,3.06205874285582e-10,3.07454632311556e-09
"ITPR3",5251.22680330702,-0.73559040805458,0.206399522905128,-3.56391525378039,0.000365363958126838,0.0011223995989454
"KBTBD2",3670.25572373519,-0.399953343865034,0.179105012949372,-2.23306616201798,0.0255445816446197,0.0484334775992484
"TCEAL7",944.621937227921,-2.21565320864377,0.277699237675644,-7.9786074574381,1.47993414671971e-15,3.51908687040916e-14
"MYC",4306.89010471883,-2.58606302067029,0.29138091560699,-8.87519697466506,6.98097529716996e-19,2.61079639436565e-17
"MCCC1",1628.91113534361,-0.515368518483676,0.200184250754703,-2.5744708514317,0.0100393545383449,0.0214975705624497
"AAR2",3349.69462984474,-1.14727551510511,0.206509060118673,-5.55556988369333,2.76707478563159e-08,1.98550636409193e-07
"VPS37C",1114.98504920928,-1.02545488459258,0.22162039019996,-4.62707823800574,3.70860443980888e-06,1.75005292437115e-05
"TTPAL",4662.6486295331,-0.511706402601352,0.172632778983191,-2.96413233694846,0.00303537719918866,0.00750776218920293
"MRPL9",2055.18060990312,-1.10944732016325,0.218658089087837,-5.07389104510824,3.8976228179095e-07,2.26238243919718e-06
"SLC7A1",8416.91828197761,-1.41904295061195,0.172767375369211,-8.21360484049376,2.14645147587396e-16,5.96865024514786e-15
"RHPN2",1204.73978548042,-0.765618635520662,0.219253478196927,-3.49193381932581,0.00047953704670196,0.00142785810479309
"RGS3",4095.02152672369,-0.918539836265582,0.182526976370889,-5.03235113257527,4.84500807163368e-07,2.76343172734396e-06
"SLC45A3",114.330058631488,-2.43471712992161,0.468636781024836,-5.19531805548267,2.04370129533138e-07,1.24177182047436e-06
"OTUD4",8774.33496131193,-0.664022563264802,0.1682538133046,-3.9465528312436,7.92844335125821e-05,0.000283419066924288
"NLGN3",144.414407733161,-2.03970065208238,0.485584590544696,-4.20050531215246,2.66319919050553e-05,0.000105722835181036
"PPAT",2338.75941505166,-0.457960774583867,0.188180548350607,-2.43362440272319,0.0149484976497818,0.0304956577291768
"SCAND1",720.596484896461,-0.684532138418896,0.236476389103594,-2.89471663963467,0.00379500938220032,0.00913711953998243
"CDC6",768.386875415605,-2.7690258069125,0.242042783455309,-11.4402328686812,2.63178186026597e-30,3.57498827869232e-28
"CCNE2",368.753800697244,-0.886014778083688,0.286309918140838,-3.0946003681502,0.00197078241479045,0.0051109735742799
"IGHMBP2",878.536647791883,-1.30096889048041,0.265165032641252,-4.90626112169368,9.28289228810496e-07,4.99742436147259e-06
"DCLRE1B",700.572234233196,-0.733757148516065,0.233524603724775,-3.14209782101097,0.00167741983715249,0.00442099635046123
"COL7A1",1009.69086538804,-1.0787981551813,0.301415756638624,-3.57910338600748,0.000344775063161462,0.00106607841351181
"BRIP1",930.620952392666,-1.48567125585346,0.225552917219135,-6.58679689968302,4.49416374129067e-11,5.20196151758797e-10
"COBL",212.757717556395,-2.00837882973538,0.360186730422598,-5.57593786805804,2.46199794571807e-08,1.77847748915013e-07
"GFM1",2536.31461997996,-0.637617887613764,0.184390963344795,-3.45796711534868,0.000544267814069596,0.00159686122807212
"CRYBG1",4991.82057284024,-0.540654699101352,0.190133503926953,-2.84355301898325,0.00446135861092846,0.0105343328799106
"PIEZO1",25619.5284934089,-0.944403905594158,0.177855025180682,-5.30996470093967,1.09646469293148e-07,7.01571182515659e-07
"TOGARAM1",3350.25707417936,-1.20148083899701,0.184601968247738,-6.50849419646822,7.59078415471737e-11,8.43119240041822e-10
"DCAF13",1537.30534772797,-0.671160641545355,0.220103040444769,-3.04930200050449,0.00229373775086985,0.00585093734940208
"CHKA",1748.08075316565,-0.793119908670592,0.193666188819137,-4.09529362614389,4.21633668108652e-05,0.000160220793881288
"RRAS2",989.172669854577,-1.45070722135736,0.221880926829076,-6.53822409203699,6.22536006868806e-11,7.02016271867896e-10
"RAD51AP1",514.333807318333,-1.82434955557871,0.274019250676107,-6.65774229758442,2.78065765124088e-11,3.34641671307176e-10
"PLRG1",2995.9371465834,-0.910258706037865,0.204015985532929,-4.46170285950925,8.13109221936085e-06,3.57755948802705e-05
"AP5B1",1713.30211961391,-0.892104188146131,0.228099410046594,-3.91103242206501,9.19024330472853e-05,0.000323244926712148
"CYREN",2331.51082931361,-0.768478851935772,0.212528182452695,-3.6158915164431,0.000299315714299154,0.00094002474397752
"CAPN15",2182.76014698592,-1.16636146110443,0.254804933255514,-4.5774681290602,4.70637465567343e-06,2.18117394826465e-05
"ASPHD2",157.876329888249,-1.78377724274747,0.420736052154076,-4.23965864968055,2.23859935054863e-05,9.0138899914084e-05
"PHF5A",637.700679691278,-1.02176724972647,0.248533491189583,-4.11118535709564,3.93633027133664e-05,0.000150695015052337
"DHX15",11063.974466994,-1.00971459377003,0.171575033336414,-5.88497390404258,3.98116803594838e-09,3.28787168754983e-08
"RAB38",515.882229798152,-1.24478282885618,0.269332298037923,-4.62173618954868,3.80541746960405e-06,1.79173002612672e-05
"GORASP1",3405.65844730913,-0.715007528399275,0.193828973275519,-3.68885784367708,0.000225263031757372,0.000727167033408529
"OLA1",4325.70544428997,-1.0828588838423,0.19802087171963,-5.46840782205765,4.54096112981372e-08,3.14751194323393e-07
"NOP14",1438.86329352301,-1.29157995260784,0.229139241051095,-5.63665981733717,1.73380130088491e-08,1.29030628298853e-07
"KMT2B",5022.46152354618,-1.66047982336828,0.249867679088875,-6.64543661438368,3.02319544806301e-11,3.62722069088412e-10
"PSMB7",2130.89647193606,-0.731416401750881,0.205772915746101,-3.55448334441331,0.000378722498437779,0.00115891830309106
"BEST1",270.52588114978,-0.998605390435946,0.371433722010982,-2.68851569273083,0.0071770462172894,0.0160155461095027
"THSD1",185.065786352608,-1.40667972533432,0.415236701409633,-3.38765749886502,0.000704922313523155,0.00200935164042852
"PGBD1",523.609372618649,-1.05844175934843,0.275205731743383,-3.8460018715576,0.000120060845654085,0.000411150122845545
"TAF13",430.354415364324,-1.23178530986766,0.27214542195185,-4.52620257593603,6.00530172875373e-06,2.72649465349257e-05
"SF3B6",2371.40243349947,-0.577464387973854,0.237054608187623,-2.43599731044589,0.0148507949473421,0.0303172732229554
"SCAF8",10291.3896859337,-0.622988527283781,0.170288754221648,-3.65842436355425,0.000253770609156445,0.000810899562331994
"POP7",381.405107279952,-0.677839950275352,0.295077767452547,-2.29715697027008,0.0216098168092086,0.0419902688344669
"MRPS10",1352.41625609269,-0.885285748547176,0.21295819912331,-4.15708694096612,3.22331348228219e-05,0.000125886050011933
"LAMB3",963.051641833679,-1.29879626739935,0.239024588842408,-5.43373497132408,5.51865297537477e-08,3.75471737840985e-07
"LRRC47",2061.65732511138,-0.558231570695633,0.198456329472507,-2.81286856498556,0.00491017167556649,0.0114862250320358
"HIST1H2AB",341.733313543899,-2.39049690673686,0.302770707940311,-7.89540349857136,2.89377502403257e-15,6.52645672404902e-14
"EXOSC2",1430.3396451058,-0.788979264959166,0.201814335076354,-3.9094312337162,9.25136856687609e-05,0.000325201290075377
"ABL2",22225.1323546347,-2.81449306311579,0.206901643892404,-13.6030483381728,3.84084956658802e-42,1.97352870338857e-39
"RPS6KA1",715.610957138836,-0.596461692420928,0.235234436619133,-2.53560533480332,0.0112253163493249,0.0237021241051137
"SUV39H2",1045.31024102159,-0.729423870011833,0.211128795663407,-3.4548762887594,0.000550545373958618,0.00161295223092189
"METAP2",5446.77714956397,-1.01076581539192,0.198264715753308,-5.09806201043642,3.43148419478262e-07,2.01256973766456e-06
"SLC19A1",498.817216742403,-0.753261247839286,0.259252546870232,-2.90551146722708,0.00366653413737453,0.00885807602153166
"KTN1",6307.88537540263,-0.503340570063128,0.173852881844316,-2.89520981604358,0.00378905177088728,0.00912553776815688
"RBM25",4935.51013181745,-0.517647789889904,0.175906529992065,-2.94274345536378,0.00325317882187245,0.0079763625138773
"RABEP1",3844.87520358641,-0.6662218232598,0.175973879267263,-3.78591314821198,0.000153145160460857,0.000511985716075364
"SUSD6",2630.97353012391,-0.423934021653656,0.181736091074677,-2.33269032665316,0.0196644042644864,0.0386293101060006
"SLU7",3548.30529683381,-0.768661478587734,0.185610674543361,-4.14125685647549,3.45407895047908e-05,0.000134056830991007
"ZNF777",4698.23018394652,-1.48974521768566,0.209594388997717,-7.10775333638292,1.17947108285814e-12,1.7939497113536e-11
"EMSY",4928.33979168481,-0.593288676844144,0.177434958054204,-3.34369666130224,0.000826700763221363,0.00232286010930815
"CNTROB",1985.58101340229,-0.707606625616063,0.21794527904022,-3.24671692239537,0.00116744443706176,0.00318340063617811
"PSMA6",1455.81213201849,-0.480832410281273,0.21468693939379,-2.23969102004527,0.0251109889576117,0.047703209693145
"GTF2H1",7030.56937750291,-1.10622521711195,0.185272674258417,-5.97079532391806,2.36099787778877e-09,2.04412255822034e-08
"MYEF2",1618.89167598854,-0.663865530300896,0.231298939546179,-2.87016244693312,0.00410260970044601,0.00978894436500524
"ZNF563",424.822610724562,-1.54640706749295,0.306302273514524,-5.04863071941783,4.44987942917342e-07,2.55781493647721e-06
"SLC4A1AP",1350.91275682641,-1.01645814343294,0.213955350846768,-4.75079561885283,2.02617844800292e-06,1.01206157643696e-05
"NDUFAF1",289.439875049542,-0.860667522275556,0.330677258562224,-2.6027417972972,0.0092481574981124,0.0200100192809763
"CCND1",8938.14640727594,-1.72270447521726,0.170499535031731,-10.1038661184423,5.31063305049317e-24,3.54582267744227e-22
"BCL10",1874.0285553986,-1.28289926954594,0.205727739078438,-6.2359080758517,4.49164815145514e-10,4.38696676478487e-09
"HIVEP2",4495.00750284563,-1.80561682471926,0.21353373232423,-8.45588565827908,2.76976921238841e-17,8.56888286701734e-16
"KIDINS220",10472.6970998853,-0.423480869649745,0.173113362561537,-2.44626332354447,0.0144345533598626,0.0295748182397461
"SLC22A1",433.721726457232,-3.59434767112842,0.42849058764068,-8.38839352555987,4.92830128986903e-17,1.47077435968869e-15
"UBE2R2",2724.88881923073,-0.443314008310656,0.184742157581824,-2.39963641278958,0.0164113636856008,0.0330971836239641
"ZSWIM6",2141.03247594889,-0.970475816656741,0.197631294413461,-4.91053716739022,9.08272379245468e-07,4.89688092058528e-06
"TM4SF4",70.2764756649799,-4.18535051744523,0.68899762003913,-6.07455003575706,1.24335863780783e-09,1.12857237954017e-08
"STK17A",7963.02065094756,-0.983471724524468,0.173295533861652,-5.67511292766269,1.38597194139347e-08,1.05333867545904e-07
"DUSP12",536.353168901333,-1.30577988775969,0.265776595364431,-4.91307327482772,8.96597487415144e-07,4.83835119007862e-06
"SF3B1",17581.5274841214,-0.42799237560498,0.166082682078972,-2.57698376644394,0.00996666312530543,0.0213690175643795
"RBM38",3275.19620325516,-0.539171810698698,0.200064296432927,-2.69499266141902,0.00703901813293757,0.0157760508809134
"ATP6V1H",3481.48931015387,-1.30929406943376,0.220988324665344,-5.92472055442974,3.12828894869126e-09,2.64639361457647e-08
"DLGAP5",590.979863440878,-0.911903516827426,0.302779888710219,-3.01177043400059,0.00259728936597592,0.00652941198194075
"NUPR1",1241.21525980823,-1.02346410811866,0.255469610716197,-4.00620686448549,6.17016156921628e-05,0.000226597170369789
"USP31",2570.51403980962,-1.04975930094872,0.183913194271796,-5.70790641261626,1.14374275729017e-08,8.83447836970929e-08
"DDX28",907.863944008245,-1.24590806319772,0.259273639336982,-4.80537885140876,1.54458744375394e-06,7.91241196804683e-06
"RIOK1",526.166206478585,-1.34362875942978,0.256592156012993,-5.23643738884108,1.63705740932284e-07,1.0145120326889e-06
"WDR62",1027.82242550336,-2.86200910035063,0.312476118713141,-9.15912906284529,5.23178413622413e-20,2.27313326918738e-18
"IPPK",1123.2737677379,-1.67016052159894,0.224409036746991,-7.44248335900105,9.88099096383887e-14,1.76334429326986e-12
"DNAJB11",447.777792573209,-0.738799519618092,0.261150874666048,-2.82901414962843,0.00466916345543936,0.0109745771114523
"YOD1",1403.33284189965,-2.02451476379567,0.230906592535035,-8.76767848665254,1.82387763339215e-18,6.37709641166523e-17
"MPHOSPH8",2145.85362324138,-0.638161630445734,0.203378470061034,-3.13780328003363,0.00170219076448382,0.00448044177445324
"CSNK1D",9679.43483249224,-0.628853951798809,0.170504461940964,-3.68819645327841,0.000225849250017225,0.000728860304943629
"CCNG1",3503.38313344328,-0.508384007220707,0.208668852151009,-2.43631956557081,0.0148375698247632,0.0302955079801402
"DNTTIP2",3994.73978990602,-1.80521937358266,0.194276552044263,-9.29200850327717,1.51403832247554e-20,6.96221980350816e-19
"SCYL3",768.611670385061,-0.506483684457517,0.225022539983765,-2.25081311629519,0.0243973764468545,0.0465507217661181
"PAAF1",1163.79082131,-0.52749152323775,0.234012163954148,-2.25412010352209,0.024188613279322,0.0462333869860953
"FANCD2",2195.34596687753,-1.04360129191662,0.206169175289495,-5.06186868357615,4.15166953171091e-07,2.39806600810164e-06
"MRPL10",2642.07141169267,-1.00981145950679,0.209551318339363,-4.81892200683475,1.44335959165019e-06,7.44549264693232e-06
"CTPS1",761.72501874447,-1.7115045571275,0.243587521077812,-7.02624071033908,2.121723046867e-12,3.11098299849555e-11
"STYXL1",3345.34032341145,-0.790019030717081,0.211148304117785,-3.74153623453393,0.000182898800491515,0.000602088586130565
"UBR4",41389.8571242291,-0.586680776671643,0.181734654039654,-3.22822732830928,0.00124559944885266,0.00337858487182481
"ARID1A",9083.09290934102,-0.408357702806918,0.183187638682964,-2.22917717452348,0.0258021186251132,0.0488355922343991
"UBE2D3",18541.7655376938,-0.651520683535187,0.190516825765522,-3.41975403441292,0.000626777800006927,0.00181117263506886
"PDPK1",4291.69636241753,-0.826385567587534,0.178599630587157,-4.62702842593091,3.70949617156011e-06,1.75005292437115e-05
"CENPL",697.594949282391,-2.01216259143861,0.235216460744326,-8.55451436124521,1.18365986629877e-17,3.82199243167181e-16
"SPRY4",5221.97602417968,-0.922184683172982,0.250466000672982,-3.68187570646373,0.000231524285295952,0.000744937109618177
"FBXW10",460.694722826287,-3.42853966004639,1.36581165871942,-2.51025801263183,0.0120642977348593,0.0252391344716884
"WRAP53",972.918015248153,-1.83126812938537,0.225159589060206,-8.13320070901226,4.18101525173818e-16,1.09316898772217e-14
"CHST3",5636.99071929042,-0.967038646460305,0.211173988452936,-4.57934546553222,4.66433254554888e-06,2.16508570397866e-05
"NUP98",11102.435998203,-0.896876301780245,0.172743766587437,-5.19194596423411,2.08107408826322e-07,1.26059116222936e-06
"NOP56",2604.9587295484,-1.51926372294159,0.214322203197911,-7.08869030027031,1.35387118387803e-12,2.04866192715372e-11
"PRDM4",7953.47137024273,-1.80099365410442,0.185102587856177,-9.72970542963869,2.25244276082154e-22,1.26758897844709e-20
"HARBI1",77.8973537212398,-2.09565288202003,0.541065377258046,-3.87319715898319,0.000107416860747738,0.000371293495266677
"SMLR1",65.3906838426338,-1.45932511145635,0.569247033654028,-2.56360600087605,0.0103591063515252,0.0221221392956858
"MELK",774.90993041932,-1.83162460285806,0.235122949516966,-7.7900715630734,6.69712526983257e-15,1.42350047551945e-13
"PPP4R2",6024.54009333373,-0.787663520369483,0.175687439381346,-4.48332290084658,7.34895963376497e-06,3.26626569958008e-05
"SGPP2",113.821641461125,-2.4451881683568,0.505903800949552,-4.83330657679844,1.34283746149229e-06,6.96648512726775e-06
"DDRGK1",439.897642919072,-0.734001577145057,0.285011370978265,-2.57534137892706,0.0100141193995831,0.0214551963495782
"RECQL",1014.77420467123,-0.763409449010006,0.2149475528645,-3.55160800314507,0.000382884818057935,0.00117135200098594
"COPS3",3334.80363097174,-1.45152688919402,0.19492357125228,-7.4466462925378,9.57428591703382e-14,1.71958831257607e-12
"STAP2",160.460600081043,-1.08180291497378,0.400189906779727,-2.70322388607674,0.00686704749706387,0.0154374676279819
"RAB14",10690.9842949925,-0.613860363098715,0.167326811454315,-3.66863121195801,0.000243852534394784,0.000781836476255442
"LARP4B",5537.72955087543,-0.574433607548967,0.17079172489293,-3.36335737524217,0.000770006125182137,0.0021738968914005
"NOM1",2978.63334303372,-1.1784782599999,0.183189966057154,-6.43309393720954,1.25032323308824e-10,1.33360288525603e-09
"ATP6V1FNB",395.027985084974,-1.23699971339909,0.278195937501958,-4.44650531027393,8.72785105783064e-06,3.81033408945115e-05
"HIST1H2AM",230.61711885595,-2.00653517246135,0.348015850347957,-5.76564306038117,8.13470637031829e-09,6.42620052703353e-08
"SMC3",1881.21167691503,-0.88030108862331,0.200028402687377,-4.40088045895726,1.07812511434342e-05,4.62646427062835e-05
"CCT4",5343.41359400445,-1.01133903793273,0.189672874902482,-5.33201723468733,9.71277177983603e-08,6.29306671568543e-07
"KLF15",130.354207930864,-2.39166074822079,0.479771847501069,-4.98499601566443,6.19630897675448e-07,3.4705203548476e-06
"CFAP69",1215.11620682937,-0.625967303111401,0.21804097396117,-2.87087005593213,0.00409343757810543,0.00977100490770551
"PRPF19",2884.37286779754,-0.55044379959954,0.187768305218644,-2.93150539415363,0.00337323508058023,0.00823314584516669
"ERN1",3022.57803226507,-0.954304945620835,0.230798016182965,-4.13480566862546,3.55255122020002e-05,0.000137292512492884
"TICAM1",1586.43999272112,-2.31349573868093,0.237949450833497,-9.72263533526613,2.4145007618153e-22,1.35234928924802e-20
"PCLAF",132.762613269678,-1.46183122850441,0.444776341991376,-3.28666588236105,0.00101381043310525,0.00280196718859632
"MTHFD1L",1641.40007742889,-0.959174668555021,0.195168062762149,-4.91460874786654,8.8959935553718e-07,4.8027798920687e-06
"MAP3K10",381.183726810693,-1.54829929067799,0.362019360514324,-4.2768411293758,1.89563983775243e-05,7.73039047707323e-05
"PPM1E",830.47031065937,-0.741956852622639,0.264987460526025,-2.79996967082814,0.00511074081942622,0.0118848356953914
"ATG3",4386.16421928239,-0.919001786843,0.196505611715979,-4.67672031764307,2.91499393317315e-06,1.4083973140736e-05
"ARMCX4",509.739484189504,-1.10457597567722,0.26697124288666,-4.13743429342373,3.51210976733101e-05,0.000135913984423316
"HIST1H4B",2059.04160158386,-2.81280259144568,0.252441736790643,-11.1423832968572,7.80035246633045e-29,9.03770249481306e-27
"ZNF620",373.843380891654,-1.00223984736468,0.286087224312332,-3.50326670397032,0.000459589046680734,0.00137678665492343
"MTMR14",1669.55976111331,-0.70758672243134,0.201572729008279,-3.51032962599956,0.000447551513003978,0.00134379161094538
"SEC23IP",3435.65707422077,-0.917814624405939,0.184489720080989,-4.97488219941485,6.52873302540069e-07,3.63946070255591e-06
"ARFIP2",1337.24357694119,-0.594938583434581,0.211981916930092,-2.80655346479757,0.00500746019685904,0.0116791325451905
"AFTPH",4284.95669532359,-1.15552810083256,0.1745052931637,-6.62173668135431,3.55003034683567e-11,4.22289477082096e-10
"SS18L1",2974.63987826109,-0.68785470689562,0.192399539668511,-3.57513696800282,0.000350044590660484,0.00108039356814458
"TOMM40",1001.0610589232,-1.54293395176482,0.249854572240796,-6.1753280635498,6.60262251735407e-10,6.25238725241109e-09
"CNST",1680.64025957689,-0.767831709707382,0.196644644229833,-3.90466627105268,9.43555018618784e-05,0.000331084715262375
"SNAPC1",545.750145119752,-0.952266927761947,0.26589911908462,-3.58130907330647,0.000341876928937008,0.00105850184599884
"NKIRAS1",2115.41075510614,-0.424685248966336,0.188267464572109,-2.25575486413201,0.0240859874928932,0.0460894106526897
"OPTN",2645.88916923662,-0.73001024337459,0.190966907283663,-3.82270548210863,0.000131995401959206,0.000447225246661093
"SEMA4A",723.889655564132,-1.89576479112592,0.359234357849667,-5.27723685026604,1.3114633466834e-07,8.26606604325567e-07
"DUSP16",2975.56914306589,-0.55385033610195,0.205998334596831,-2.68861560063539,0.00717489880219104,0.0160137779120479
"NUBP1",442.844806235407,-0.64541471287648,0.269017499884717,-2.39915512244765,0.0164329515080002,0.0331294133267735
"ZNF768",3547.75020104204,-1.32388780754275,0.188080651058486,-7.03893675448344,1.93712264287921e-12,2.85447822862177e-11
"LARS2",1723.94040459639,-0.708113785847564,0.201037215397651,-3.52230199989051,0.000427816484174487,0.00129142661812876
"RARA",1813.27010965728,-1.46264950395363,0.210010782334771,-6.96464004225305,3.29244482598529e-12,4.71637732769627e-11
"TRA2B",9830.25671874214,-1.3411173101889,0.195303727064886,-6.86682906846596,6.56446458835323e-12,8.82580688340825e-11
"FAM111A",4022.25364917138,-1.26187162862856,0.181264083909537,-6.9615094254321,3.36646031128867e-12,4.81656512818517e-11
"TBC1D22B",977.079133786772,-1.49685502443966,0.22283697517202,-6.7172650467193,1.85166986718108e-11,2.30105515145594e-10
"RIOX2",1191.2826742201,-0.613560751699541,0.212814897601299,-2.88307237235348,0.0039381694947724,0.00944425468531254
"PAK3",3350.96657093123,-1.72223257403186,0.240351829466796,-7.16546480154747,7.7523074030472e-13,1.21993034472985e-11
"E2F2",152.805710645072,-1.62643311423618,0.409367023174433,-3.97304380217053,7.09599938570416e-05,0.000256689686991894
"SLC6A20",80.9490932194271,-2.47650288336306,0.542136028307903,-4.56804704732988,4.92289548899491e-06,2.2690631391943e-05
"ZNF254",1590.5761874938,-0.632425025766222,0.217665334245856,-2.90549263601107,0.00366675477215543,0.00885807602153166
"ZMPSTE24",4336.43815824654,-0.809993909765509,0.184618437814196,-4.38739445179742,1.14716631944272e-05,4.89606773679093e-05
"CHMP4B",5193.44022353265,-0.992189792581791,0.188261399514252,-5.27027736509883,1.36217759454015e-07,8.56288021929548e-07
"ECSIT",426.005436454701,-0.706941992904355,0.307882345131382,-2.29614332904565,0.0216676875649544,0.0420819608286986
"CXCL8",26032.0174354588,-5.40861555586075,0.660433339557297,-8.1894950359203,2.62324446967125e-16,7.11043650059056e-15
"RPL4",7822.01785498924,-0.536832635640166,0.209465108760682,-2.56287378273347,0.0103809779271882,0.022148835014174
"ADAT3",158.239872331419,-1.62674500472566,0.423186088355958,-3.84404178087569,0.000121024387317175,0.000413850176306244
"LSMEM1",593.967524798099,-2.23083761601109,0.272321586747027,-8.19192353665091,2.57083951442464e-16,6.9844095129817e-15
"DCAF5",4032.35920913575,-0.482838987760732,0.17845797611534,-2.70561730145738,0.00681775650070266,0.0153441718387553
"PI4KB",4719.83840920344,-0.694543433260058,0.179664575461069,-3.86577838996734,0.000110735455061279,0.000381759512227011
"SLC2A6",560.46582100961,-1.6381797796585,0.254723098068719,-6.43121802490229,1.26585434635716e-10,1.34773573560801e-09
"REXO4",344.47686312017,-1.28485244601816,0.342321023623414,-3.75335535170523,0.000174483233729254,0.000576956590993934
"RPAP1",1862.80416475583,-0.898428516719962,0.221493270688423,-4.05623391594498,4.98703161363394e-05,0.000186982041909663
"PSMC3IP",133.337989105148,-1.18634186271384,0.485481447973948,-2.4436399530091,0.0145399289537076,0.0297597645263105
"ZNF530",280.335977915033,-1.33995019211284,0.325782691773801,-4.11301835839457,3.90519316702214e-05,0.000149599911986605
"TXNDC9",765.993328273712,-0.758321884784153,0.255227027965848,-2.97116606665038,0.00296671311758451,0.00735177513600624
"EXOC5",3518.62998640049,-0.550391894017087,0.217957297675904,-2.52522810608297,0.0115623213061896,0.0243354431338467
"ZNF714",2245.37513825802,-0.719287353251443,0.210711207114238,-3.41361697416255,0.000641066322612453,0.00184828538683434
"UQCRFS1",1732.43835024096,-1.1440450191571,0.205208229919861,-5.57504452722913,2.47466560510499e-08,1.78653623220102e-07
"FAM53C",7085.08288323727,-1.36836253751771,0.180833264321262,-7.56698466210688,3.81986980899287e-14,7.2694398394006e-13
"EZH2",3799.2750844928,-1.54912170446204,0.204452765213287,-7.57691735225971,3.53862040329963e-14,6.82209068942822e-13
"ODC1",30971.7381638849,-1.97696404017141,0.183678479607216,-10.7631772889182,5.13679497530439e-27,4.89569701759252e-25
"ILF2",7247.40545430737,-1.27259994476251,0.189699347635586,-6.70850986376179,1.9662188199937e-11,2.43317005389377e-10
"SETD1A",3859.98150598916,-0.807161389995229,0.19702130727147,-4.09682283187302,4.18859218139445e-05,0.000159268926640025
"RAD54L2",6967.33590594878,-1.24968892908462,0.188940943982348,-6.61417743949335,3.736233749797e-11,4.41990094645655e-10
"DDX46",2489.8295350459,-0.560215445079151,0.19297461618108,-2.90305251626187,0.00369544662726042,0.00892009563745172
"PBK",1595.2379117925,-1.22820043062013,0.213708657974028,-5.74707848649442,9.07985894067475e-09,7.12048924757095e-08
"SLC22A5",1446.91715485057,-0.528764297916074,0.227466387389405,-2.32458212391121,0.020094315577884,0.0393169903144756
"CAMK2N2",170.266154763352,-1.06119999994812,0.40439035375222,-2.62419711573622,0.00868535036035028,0.0189204554025105
"THAP10",546.599980309332,-1.49640005966191,0.258322842641922,-5.792751598573,6.92424827735139e-09,5.54033623166816e-08
"TRIP6",9134.53117409404,-0.670557019723857,0.173498536423523,-3.8649145609331,0.00011112809285575,0.000382889738008528
"FBXL18",3915.0863561976,-1.56124342402232,0.198514308869322,-7.86463924396532,3.70162638499494e-15,8.23838429715071e-14
"PPP2R5B",1218.37212873191,-0.75328758354912,0.212203862566282,-3.54982974597755,0.000385480364210613,0.00117776808279241
"RUVBL1",1192.93195293185,-1.18560912188722,0.222538386069961,-5.32766118612223,9.94854806466924e-08,6.43172543918277e-07
"SNRNP48",2208.82750829016,-0.827552484021062,0.188169060880294,-4.39792004142233,1.09293225959748e-05,4.68320284406203e-05
"KPNA4",18179.7188097834,-0.721652054495082,0.174642705831036,-4.13216258337907,3.59366075863653e-05,0.00013874512527137
"ELF1",4083.5864756494,-0.762365772058239,0.184597109663522,-4.12989008033688,3.62936716696766e-05,0.000139986492099294
"ATP2A1",282.950184201989,-1.12286532999459,0.36484418842847,-3.07765716327078,0.00208634790286183,0.00537177767233576
"PI4K2A",3974.58483369235,-1.67682117150678,0.19040665800105,-8.80652593302453,1.29084247171161e-18,4.59493262972526e-17
"RHOB",2235.96297498338,-1.7156899664776,0.250252541878382,-6.85583432479735,7.08975056047103e-12,9.44607352014054e-11
"THOP1",1255.89188711265,-1.81096652560279,0.230636489765744,-7.85203818980324,4.09329798664285e-15,9.02511112054948e-14
"HIST1H3B",2675.49337217157,-2.76527445617792,0.231085493213684,-11.9664563003134,5.32549455447612e-33,8.86432318940828e-31
"HIST1H4F",64.4460376543037,-2.97863674152371,0.682968239125766,-4.36131077681814,1.29285578054916e-05,5.45482670993571e-05
"NXT1",457.448537897767,-1.55795724135252,0.277623502149673,-5.61176279849892,2.00275844132843e-08,1.47744065291008e-07
"UIMC1",1584.74333189483,-1.49411869583046,0.205861622701611,-7.25787874506425,3.93207783201747e-13,6.42728849499065e-12
"TEX2",4659.56963538221,-0.74654852905859,0.181638845725759,-4.11007087209605,3.95537700453544e-05,0.000151277169707443
"ZC3H4",4786.55783869011,-1.20926507754002,0.194324141221436,-6.22292768123979,4.87962339524732e-10,4.73848720501502e-09
"ACTA2",117.16724969787,-1.07485122802914,0.44686111389737,-2.40533623222359,0.0161575920939203,0.0326410980112735
"NIFK",779.267820336746,-1.57431016960672,0.241748000199364,-6.5121952128184,7.40603819805762e-11,8.24148393829048e-10
"CDC25A",1049.85217863978,-2.74174919254838,0.25200179199063,-10.879879745658,1.43752483760115e-27,1.4520229513479e-25
"SLC4A2",5746.73353256786,-0.897094420606441,0.185788622924711,-4.82857564948948,1.37513093816731e-06,7.12463718862836e-06
"LTO1",538.342756390363,-1.61846060637992,0.317272116483495,-5.10117505540111,3.37551165886029e-07,1.98170873245956e-06
"ZNF669",262.579270430624,-1.79068190888922,0.325822606014538,-5.49587989241396,3.88767052495293e-08,2.71860889135466e-07
"GPATCH8",9268.08474864502,-0.927304760392877,0.188166064371438,-4.92811901811574,8.30250388734423e-07,4.50087114406578e-06
"CDK5R1",225.256251392225,-1.82529068771985,0.347754519478063,-5.24879070000122,1.53100898485081e-07,9.54800220737037e-07
"EIF4G1",21910.0556684061,-0.915461173213743,0.171514316417626,-5.33752046088476,9.42262723933618e-08,6.12522600189631e-07
"ZBTB1",2621.07755660231,-0.553625544375895,0.183548796196614,-3.01623086529459,0.00255938311113139,0.00644234070444107
"GDF15",130.034226403635,-1.06038024070193,0.457968116993552,-2.31540188357011,0.0205909485425347,0.0401822704550321
"TOP3A",3564.95381658817,-1.06953096116943,0.192765413611143,-5.54835507642955,2.88369771035851e-08,2.06043165302399e-07
"CYP27B1",142.311299684817,-2.01226847788249,0.452512249298499,-4.44688178276275,8.71257529776574e-06,3.80647744432516e-05
"PAXBP1",4653.50962240218,-0.457858412752947,0.177929457383145,-2.57325807365902,0.0100746053496146,0.0215652392721871
"SAMD4A",2024.43637804901,-0.892439664956102,0.187302247041435,-4.76470346219966,1.89131588881262e-06,9.50094889917294e-06
"C19orf48",1214.4974273835,-1.74505876122391,0.219357851184699,-7.95530568793988,1.78689761874451e-15,4.16519843359421e-14
"STOML2",840.361848410387,-0.764928397777474,0.2318362646132,-3.29943375793125,0.000968800890412645,0.00268510528210522
"LAS1L",895.418559477069,-0.76592459028758,0.242119155047222,-3.16342005298257,0.0015592717170448,0.00413914491285611
"WNT4",223.504992988218,-3.11967820712891,0.438796352300028,-7.10962657455234,1.16357346721005e-12,1.77433693361141e-11
"CDC20",1690.71319059525,-2.5712743664812,0.197939732146589,-12.9901881678661,1.39084681064873e-38,4.44243989412073e-36
"PHGDH",1157.97225887997,-0.743711024098688,0.219878586488907,-3.38237131670941,0.000718629374615752,0.00204349421299542
"RNF219",512.052931702065,-0.828016218254556,0.259591973950351,-3.18968343147974,0.00142428718475751,0.0038107824200734
"MED8",1444.0214892449,-0.467527912725105,0.203889757635424,-2.29304266259952,0.0218455488942329,0.0423716883033062
"ARHGAP45",104.992073802561,-1.11339001415205,0.464157202598666,-2.39873475606656,0.016451827048652,0.0331618100052822
"ZNF207",21354.8425875656,-1.10038456999604,0.178304279553443,-6.17138619864827,6.76938464405887e-10,6.40004701787902e-09
"TUT1",951.644613373624,-1.2198097131611,0.239503943618863,-5.09306734047877,3.52316489606674e-07,2.06224679255655e-06
"EIF6",4538.69576569459,-1.42996284954923,0.224115483601872,-6.38047325676735,1.7654155539875e-10,1.83904593881371e-09
"ZFR",12057.4697710876,-0.733739165632566,0.165912803127831,-4.42243848455289,9.7593140559955e-06,4.2293939682345e-05
"LACTB2",186.920723470099,-1.25890436081276,0.36445054073575,-3.45425296467194,0.0005518195083412,0.00161580846124289
"FEN1",567.788805053513,-0.640257715181719,0.247279717515968,-2.58920432946699,0.00961979945598162,0.0207117489471289
"PNPT1",1011.53318467049,-0.714301159866619,0.21487169177106,-3.32431486892973,0.00088636060439663,0.00247636161294548
"URB2",629.076151826848,-1.42173327815734,0.243668222078755,-5.8347094505324,5.38843810407172e-09,4.38571360288703e-08
"SENP1",7551.85642456828,-1.4361890780875,0.197139958050496,-7.28512419445494,3.21374109276606e-13,5.37960229947724e-12
"MRPL46",208.297547454056,-0.896245128653031,0.362230038755666,-2.47424297480081,0.0133518855595146,0.0276150828740538
"ORC1",358.164509603952,-2.57662163461963,0.30884216268415,-8.3428428690765,7.25255072612777e-17,2.11631220941674e-15
"ZNHIT6",1401.75765569119,-0.475501442696755,0.199669542360174,-2.38144204206679,0.0172450042244079,0.0345172930498924
"TUBG1",1477.57269022387,-0.850399242078273,0.206201669771255,-4.12411423739509,3.72164160854481e-05,0.000143078596388362
"FNBP4",4999.4659223065,-0.939683257260173,0.190256109846996,-4.93904378690318,7.85065842947122e-07,4.27957040774527e-06
"ADPRM",317.333380605498,-1.66759900082783,0.347093562461152,-4.8044653695197,1.55165553172111e-06,7.93486156377329e-06
"NGFR",2159.1608146106,-4.38082340792877,0.882249183406755,-4.96551710142986,6.8518254517307e-07,3.79566206839674e-06
"IRAK1",3790.29069662444,-0.727045618612755,0.177183599205452,-4.10334603130911,4.07217490602659e-05,0.000155241816256201
"MRPS21",1039.18201491261,-0.653662882751422,0.209376357274852,-3.12195173924699,0.00179656386771907,0.00470041881529865
"ARHGAP26",1318.80157405009,-0.945365462834582,0.213844707557415,-4.42080364593902,9.83344988525599e-06,4.25839907453116e-05
"ASH1L",17310.8920612195,-0.556093001751842,0.170513436038609,-3.26128553075387,0.0011090829718136,0.00304110036215619
"FBF1",937.638351333373,-1.16130293634929,0.252251868916226,-4.60374363662281,4.14963227504187e-06,1.94065509404214e-05
"SART1",415.859061304195,-1.22777379178027,0.314819180255623,-3.89993325941372,9.62192082517445e-05,0.000336724490115225
"RPP38",619.392286759034,-1.54406369066444,0.244581272323685,-6.31309043409093,2.73517553541676e-10,2.76986327999616e-09
"EIF3K",1643.16644272875,-0.55115422416666,0.223927902891994,-2.46130212916117,0.013843373496152,0.0284919867602794
"ZNF48",1146.22100221612,-1.29421043380721,0.227720843467147,-5.68332004265531,1.32104720997114e-08,1.00984061626384e-07
"SUV39H1",523.956713192447,-1.50538056539821,0.28248396541545,-5.32908323905835,9.87097517248975e-08,6.38506757462966e-07
"PITPNC1",195.189950311948,-1.02742908584299,0.381531329097387,-2.6929088320837,0.00708316345532413,0.0158509421918236
"GARS",23526.8597836249,-1.28024784890441,0.18647097039304,-6.86566839978324,6.6180642525837e-12,8.88114116946311e-11
"S1PR3",924.657222377051,-0.983750631461149,0.227083908662695,-4.33210189684725,1.47692555259033e-05,6.18070332171125e-05
"TIFA",1670.49967071175,-2.45760160889759,0.20289789657063,-12.1125041236792,9.06827263970784e-34,1.55317168197199e-31
"CBR3",303.642278527339,-0.775833981013178,0.297036138263657,-2.61191781427123,0.00900358955910031,0.0195448530940298
"C17orf80",1743.58304162853,-0.472054715408252,0.19385467874588,-2.43509580713839,0.0148878471946453,0.0303771716412843
"ZFYVE27",1128.32839148267,-0.581004482106966,0.211592910162023,-2.7458598762221,0.00603525347391209,0.0137533022666203
"AATK",64.42912226131,-1.52710504468597,0.646230955710449,-2.36309485206741,0.0181230304542019,0.0360447616808749
"ZNF579",425.885266504152,-1.18551648220567,0.301932145702498,-3.92643346884235,8.62147251529488e-05,0.000305146936764765
"SNW1",1891.78757618246,-0.920923431058012,0.20654091686009,-4.45879414625549,8.24220306525377e-06,3.62374835659111e-05
"UCHL5",1320.87259316934,-0.490063022513712,0.206765004179605,-2.37014491140881,0.0177811146034696,0.0354542285108493
"HIST1H1B",7390.27953745553,-2.49164160468111,0.198819775379277,-12.5321618532561,4.97867833976409e-36,1.33722774134846e-33
"ZNF3",2878.67698252801,-0.758143888352391,0.202610478810617,-3.74187896303743,0.000182649486101309,0.000601435393353378
"REXO1",2396.28201055033,-1.91401083431938,0.239360773313627,-7.9963429588837,1.28169061767194e-15,3.09122851421368e-14
"SAAL1",589.855263106987,-1.25051664698607,0.262542850505859,-4.76309541309778,1.90645640471736e-06,9.55492018276071e-06
"PORCN",1024.71482473676,-0.537849016645144,0.23189668051936,-2.31934763119752,0.0203761947271726,0.0397960451637292
"RRP1B",2074.2344205633,-0.705603204988121,0.195927457352492,-3.60134926733967,0.000316569946082273,0.000987651431573468
"C2orf42",1482.91872797108,-0.671810077490228,0.21085453582949,-3.18613054657499,0.00144189518191691,0.00385353171865537
"SMG9",1556.30857894781,-0.779635802283285,0.221085990888944,-3.52639169559555,0.000421263424269846,0.00127294583176196
"MAP3K7CL",927.932633415074,-0.594565422660832,0.218602426362118,-2.71984823112588,0.00653118851809836,0.0147570875364185
"CREB3",514.090186436825,-0.969021690263549,0.268995130142562,-3.60237633205473,0.000315321422671938,0.000984015995019002
"HNRNPL",7974.37143988719,-1.17746053998598,0.172993250510461,-6.80639583632064,1.00074126891803e-11,1.29537352859511e-10
"SET",17949.2503267258,-0.424087859372091,0.165372327567737,-2.56444270700842,0.0103341638988447,0.0220728626344744
"ZWILCH",1170.51963802143,-1.59648110257723,0.208458768393371,-7.65849820029924,1.88119876541883e-14,3.76176091535021e-13
"CCDC174",1519.90065779121,-1.60234938173648,0.220679613098885,-7.26097603324361,3.84307043669143e-13,6.29922419151447e-12
"SPATA2",3092.80027579304,-0.950156420055301,0.182415579776122,-5.20874599209906,1.90121171821161e-07,1.16356913960771e-06
"CRY2",1671.14951221953,-0.718277641252159,0.20512349457535,-3.50168391358167,0.00046232775889827,0.00138358811209414
"SRRT",4091.39997948559,-1.60823938027342,0.276312181872724,-5.82037089126318,5.87171847137666e-09,4.75287458183078e-08
"MICAL3",2288.43141903068,-0.490412440352439,0.19792788424353,-2.47773294918383,0.0132220066264831,0.0274136270722416
"RSL24D1",1646.4187475571,-0.670124158854595,0.207269227286942,-3.23310974632467,0.00122450511866412,0.00332367734254088
"MTERF3",1886.60410854858,-0.482944446886931,0.205683377262261,-2.34799940235882,0.0188745515897954,0.037313390881265
"SAP25",189.161395087638,-1.41103521461454,0.476193543061976,-2.96315486669859,0.00304503325355765,0.00752691968009711
"FANCA",1373.40647057945,-1.62300955773872,0.239281969668057,-6.78283265550777,1.17842111413733e-11,1.5039504024703e-10
"FAM160A2",1120.9057194096,-0.669393946536329,0.25461621306797,-2.62903111498887,0.00856285257609119,0.0186777024260328
"NAA10",177.496869132522,-1.41513166391293,0.386479041970593,-3.66160000991878,0.000250644979595388,0.000801873949339006
"PSMD13",1971.24035995727,-0.519209362796759,0.215160541716963,-2.41312537444604,0.0158163779457001,0.0320229492140284
"ACTR3B",452.198417141625,-0.660065322531613,0.269903446080015,-2.44556092972571,0.0144627008988634,0.0296222182361815
"DNAJC8",4480.32320924058,-0.67617535214227,0.178133047887401,-3.79590064932636,0.000147108406983149,0.000494180543981481
"GABPB1",1532.36257328834,-0.988630103037649,0.220894849376022,-4.47556883209502,7.62081414514088e-06,3.37566647553504e-05
"NRIP1",2798.42505046545,-0.448160975795636,0.184362040616537,-2.43087445928083,0.0150624325429878,0.0306698531690265
"GINS1",1275.95365074926,-1.51549155551505,0.206144797513663,-7.35158768881664,1.95866202702273e-13,3.35470548338474e-12
"ZNF75A",1931.76705457396,-0.90668929124498,0.209674089541554,-4.32427913829233,1.5303142998763e-05,6.38378199644834e-05
"DOK3",135.122962737137,-1.36927879559815,0.413448359301561,-3.31184962956747,0.000926813480485771,0.00258266486969602
"NOL8",3659.5022881417,-0.870799115340195,0.178241534267285,-4.88550055922641,1.03166413123874e-06,5.50935684725684e-06
"CNOT10",1681.69851655186,-0.56667173154658,0.218847639784347,-2.58934358216054,0.00961590976753061,0.0207071467989571
"PDIA2",69.8600296651014,-5.81805834316676,0.900875311669233,-6.45822820073343,1.05935916694945e-10,1.14437903427867e-09
"SMURF1",12144.1800582743,-1.75233428939037,0.18666735832899,-9.38747033802228,6.14585409537034e-21,2.92869772980188e-19
"KLHL18",1799.68959323264,-1.33865540049016,0.211162257318649,-6.33946339411452,2.3056678646854e-10,2.36121168326274e-09
"ZNF385A",856.416211946995,-1.71768322681002,0.241943784520438,-7.09951375777096,1.25196582901839e-12,1.90176506006932e-11
"CCDC93",4803.69636876196,-0.81187903542018,0.18573692264298,-4.37112354327502,1.23608824085412e-05,5.23587484961073e-05
"PDXDC1",134.828393557864,-1.70924090975084,0.68953688472628,-2.47882448004118,0.0131816153975758,0.0273442743142971
"PXDC1",990.338507785723,-1.56746526138328,0.270713628179025,-5.79012320852463,7.03348111852095e-09,5.61632972018112e-08
"GMIP",933.511035036367,-1.08922691848765,0.256840804504727,-4.24086398805686,2.22661037585656e-05,8.97172909030781e-05
"DDX21",4081.40199795871,-1.7620732508967,0.177130959033259,-9.94785587180071,2.57674974358411e-23,1.57782530930969e-21
"CENPE",2289.83538905969,-1.73899292770761,0.279199179392017,-6.2285030045376,4.70913060277302e-10,4.58422615021183e-09
"RAD52",1296.78737446064,-0.765309775129016,0.215851751687442,-3.5455342342424,0.000391818088615542,0.00119404491265046
"C7orf31",1367.59654693763,-0.984345531048761,0.208161679464514,-4.72875475246425,2.25901053602284e-06,1.12030996704649e-05
"FKBP4",5075.09389162523,-1.04488794719643,0.197092688476719,-5.30150537430949,1.1485166650267e-07,7.31707274786283e-07
"HNRNPA2B1",12154.0890619151,-0.469604759986639,0.16876027375258,-2.78267360880871,0.0053913012598778,0.0124563828522455
"ICMT",3110.02930592679,-1.60788383969361,0.23855051954083,-6.74022359200274,1.5814307975104e-11,1.99672533813867e-10
"MIER3",2369.88895870252,-0.677632193762432,0.187986818569574,-3.60467930102045,0.00031253861782219,0.000977137932651493
"RRP12",2382.93447595003,-1.61734244297035,0.233284909522042,-6.93290640309305,4.1228100075249e-12,5.76607913241767e-11
"CSTF2",851.426232205229,-0.758133457884015,0.223313723936941,-3.39492550891362,0.000686472753199959,0.00196386710174706
"KIF18B",1151.49605260431,-1.63085951209927,0.296280672363526,-5.50444110677007,3.70341233030217e-08,2.60053041708325e-07
"UBTD1",999.967748509,-0.781841609224567,0.214149615408052,-3.65091297378613,0.000261309777980083,0.000832245100578598
"DDX18",5013.75789200074,-0.465044392883092,0.177309624638415,-2.62278144139919,0.00872152008383454,0.0189852503869509
"KIF20B",1783.7517726996,-1.564410265551,0.223723823841031,-6.99259577586429,2.69846171323057e-12,3.91774207947898e-11
"SRD5A1",1696.5922427239,-0.896277580701028,0.20820385138652,-4.30480788291056,1.67130709688291e-05,6.89888483093335e-05
"UHRF1BP1L",6978.12345722779,-0.7511478336545,0.168623507171406,-4.45458552164355,8.40554191677668e-06,3.68870012523085e-05
"SLC25A34",93.9723251179192,-1.82018685495485,0.514702837542336,-3.5363839524299,0.000405644673874278,0.00123173400715473
"CCNF",1182.26627273672,-0.995420064349032,0.253385450907093,-3.92848153193301,8.54839140403779e-05,0.000302832402916423
"BCL7B",4706.8316775099,-1.62561699064386,0.207274324108206,-7.84282856855543,4.40509193185901e-15,9.62280525891124e-14
"BBC3",40.5928249265118,-2.81354792315808,0.955697468533918,-2.9439733972239,0.00324027850471874,0.00794956770462067
"PPP1R37",1177.08755748554,-1.6072295731088,0.232622819007667,-6.9091655752647,4.87512687769417e-12,6.71494748724821e-11
"DDX42",8227.76336845015,-0.685483632923465,0.168491690656149,-4.06835274934935,4.73466669332823e-05,0.000178141645914527
"ATP5F1B",9602.73436884905,-0.43116127967128,0.175021201497026,-2.4634802868646,0.0137595461629667,0.0283589669609245
"NEK2",597.198600458011,-1.34912229813118,0.27559500138062,-4.89530757587265,9.81520917861004e-07,5.26298285266849e-06
"NBR1",11170.5719072722,-0.594330094162502,0.170326650088081,-3.48935468322284,0.000484188235678884,0.00144025586943193
"TSR1",3105.21998472784,-0.458213283074984,0.181561016022353,-2.5237426685174,0.0116112889902115,0.0244298047509916
"FOSL2",4195.65155507564,-0.424929064189327,0.18126203845942,-2.34428051124702,0.019063827484157,0.0376372056812174
"ZNF614",2139.72183325263,-0.78143566766823,0.186596098653629,-4.18784569080823,2.81614877259799e-05,0.000111383019392781
"C11orf58",9319.43895487022,-0.591197573924245,0.186518454472725,-3.16964654031431,0.00152624475394724,0.00406059443992538
"SSBP1",1701.73074771645,-0.505809143037597,0.219343144645755,-2.3060175591742,0.0211096512083147,0.041085944990096
"PATL1",15067.4517245111,-1.03551241707325,0.169876194924071,-6.09568878992188,1.08967224814199e-09,1.00111065843878e-08
"L3MBTL4",1178.5241713641,-0.709534691834789,0.204882229211604,-3.46313438000509,0.00053392167031066,0.00157001400839298
"DNMT1",4795.10541814223,-1.52803034881339,0.197369881963447,-7.74196312837836,9.7893382043692e-15,2.02965612103922e-13
"LRRN3",1871.92341080587,-1.27538881878246,0.235161611590746,-5.42345670347773,5.8457379734898e-08,3.94996748831918e-07
"HMGB2",3065.96397233315,-0.511178824870806,0.187920753924221,-2.72018291857715,0.00652458129520408,0.0147461277006544
"PPP1R10",6013.78168914021,-1.2095660549844,0.190680913383003,-6.34340392818895,2.24743145385492e-10,2.30556813556055e-09
"PRELID1",1552.88304515509,-0.530948725888172,0.210951863565582,-2.51691886913863,0.0118386086292421,0.0248329209762838
"ARL4A",1119.84467008955,-1.00411475848987,0.221593624389243,-4.53133415393795,5.86123416612053e-06,2.66620728926915e-05
"RHEB",4853.70299756737,-0.537202902069818,0.202582884523475,-2.65176845187811,0.00800714321892431,0.0176151188684377
"DENND2A",3619.82902716052,-0.639048417230964,0.17621290979704,-3.62656980108333,0.000287211206349974,0.00090585582062506
"JUNB",5295.03268906467,-1.58089552417764,0.232435923169191,-6.80142510943499,1.0358924606543e-11,1.33648221615858e-10
"STAT5A",384.662985937311,-0.823968515622874,0.284088387426571,-2.90039491964749,0.00372692774811446,0.00898690718776101
"STRIP2",715.194956848791,-0.980058563121066,0.229635420330117,-4.26788934264655,1.9733116574263e-05,8.01946257478131e-05
"C10orf88",620.499151608121,-1.19964801900954,0.247601572542047,-4.84507431311171,1.26564297423648e-06,6.60953100730302e-06
"KAT6A",16239.0088966583,-0.476598567483493,0.170801581722877,-2.79036389871826,0.00526488302993775,0.01218573984485
"C7orf43",782.676549149747,-1.8468303963413,0.280625664468627,-6.58111723258928,4.66926227879928e-11,5.39407053869501e-10
"PRPF3",2924.24123271526,-1.37702313706541,0.212482546620607,-6.48064115837298,9.13336592210131e-11,1.00128124737842e-09
"PDCD11",1647.8016301667,-1.18156690239215,0.217115377758758,-5.44211522274122,5.26515997022438e-08,3.60090628056202e-07
"ADAM32",96.9567150476236,-1.72131941423049,0.499532487046324,-3.44586079757984,0.000569243506509026,0.00166340476845164
"SNRNP40",1531.918841887,-1.19080340309591,0.210583389903068,-5.65478314146257,1.56043163641302e-08,1.17459752096364e-07
"ME2",4569.90438421464,-0.546034348229839,0.187509231702196,-2.91203981410929,0.00359076863574107,0.00869940626018614
"AXIN1",1313.94501226637,-1.30292016934708,0.225680060676211,-5.77330653600101,7.7730844006476e-09,6.15286747802099e-08
"PDGFC",900.755806930179,-1.06665770633217,0.259259433933272,-4.11424838105104,3.88443005493534e-05,0.00014885277039308
"JARID2",1891.89819117304,-1.39724825455802,0.212413507116305,-6.57796330151912,4.76935898382721e-11,5.4989545825239e-10
"DHX9",10554.4824879962,-1.1032156843978,0.16957745471036,-6.50567427304594,7.73456575426689e-11,8.55871704905675e-10
"C16orf72",6542.05216671434,-0.413971538320337,0.172886793717112,-2.39446593588694,0.0166445894604273,0.0334875311956639
"AK9",882.958887928013,-1.14590718123287,0.227104539817626,-5.04572555948496,4.51803533150874e-07,2.5919486188238e-06
"RND1",118.352305126619,-3.39606571790129,0.493036415031692,-6.88806265493188,5.65573026541294e-12,7.70097538208512e-11
"DHX30",4082.76564333586,-1.14117831529181,0.203503282355972,-5.60766540018572,2.05074000185468e-08,1.50906882577326e-07
"MAD2L1",530.409664779426,-0.973863775378437,0.250330440646641,-3.89031303129895,0.000100114990112638,0.000348808653641262
"ZBTB43",3577.41746639606,-0.920846544375574,0.188907638110038,-4.87458608655721,1.09036829779115e-06,5.79405240256105e-06
"ATP6V1C1",9950.88408767732,-0.527502581310016,0.175285438086621,-3.00939192136052,0.00261771195645483,0.00657935344563656
"ZNF410",2389.90261705087,-1.77837487631437,0.218960047139787,-8.12191493171826,4.58884940087594e-16,1.18927680306035e-14
"HNRNPD",4735.8852112863,-0.419807869826635,0.175681716794664,-2.38959339358748,0.01686703481465,0.0338428892087494
"SF1",10332.0567768356,-0.946385253768659,0.174436304342967,-5.42539156245783,5.78276285629028e-08,3.9118884622575e-07
"NT5C",124.654781811922,-0.982825939904651,0.441138548268193,-2.22793030389884,0.0258851630090445,0.0489535696016783
"CASZ1",95.8618915755946,-1.67276619976616,0.550720411539383,-3.03741456593267,0.00238617034584481,0.00606055472752932
"CREB5",9610.86230744743,-0.912713528578498,0.19941765991454,-4.57689418765438,4.719300100459e-06,2.18537918463776e-05
"NCAPG",1992.59581718816,-2.2496240136312,0.205177207754057,-10.9642978294538,5.67392644148949e-28,5.93402324650644e-26
"ZNF431",2309.37944183064,-1.1468167848055,0.184578637417753,-6.21316096407156,5.19292053486066e-10,4.99755170040581e-09
"MCM6",1138.69680604346,-0.535261416931313,0.208588669068815,-2.56610974757563,0.0102846282073367,0.0219829510136201
"ITPA",498.414749892946,-0.941349101968991,0.254463907969408,-3.69934231333963,0.000216158891937215,0.000700648871342295
"OTUD5",2148.76161975685,-0.475964283667681,0.188258497682012,-2.52824860247018,0.0114633149747336,0.024152871522803
"SEC61A2",1290.19445943562,-1.21745871394972,0.216031917681733,-5.63555018635409,1.74500314800514e-08,1.29700925805816e-07
"MOB2",597.127857695866,-1.14059136435144,0.251814386200113,-4.52949246293273,5.91255433170149e-06,2.68645009965583e-05
"IPO13",2984.30814087257,-1.00640109442741,0.192635980771904,-5.22436717374758,1.7475171519109e-07,1.07619373117681e-06
"PSKH1",2457.60464489476,-0.69162481662666,0.20163078082336,-3.43015492873859,0.000603236708081167,0.00175031952273588
"EIF3J",2831.86560789927,-1.39135647192409,0.205090259483555,-6.78411776077382,1.16798032202637e-11,1.49223691304947e-10
"AMBRA1",2773.61618173853,-1.21093670033975,0.228310706841151,-5.30389799538518,1.13355669996658e-07,7.22962965358845e-07
"ASB1",2018.39539408543,-1.32336735063964,0.22371059372394,-5.91553278103891,3.30803013772046e-09,2.78269092064474e-08
"NAA60",4196.00729167755,-1.18925156260992,0.191666583028709,-6.2047934690409,5.4768780536389e-10,5.24945213608309e-09
"HIST1H4L",168.672846299471,-2.55720492880602,0.417334756847055,-6.12746694793789,8.92891397621333e-10,8.29574727758562e-09
"CDK11B",564.418679782475,-0.963330405271701,0.308200101934903,-3.12566543367066,0.00177403255316796,0.00464764280943005
"DEDD",1390.72540931685,-0.746418507132056,0.207180951093667,-3.60273713964465,0.000314883911912663,0.000982910214205982
"FAM214A",3171.46451379892,-0.847283784049789,0.190448026765471,-4.44889767796431,8.6312120048219e-06,3.77511707894098e-05
"MIS18A",391.983692458946,-1.5443255032789,0.278218810235681,-5.55075877856962,2.84432331952182e-08,2.03846046028556e-07
"ZFAT",869.671231728727,-0.733098539844231,0.230177034282201,-3.18493346710446,0.00144787291973451,0.00386775817482424
"BRAT1",3120.03793810992,-0.447025249815334,0.19185987357687,-2.32995697058161,0.0198084254649395,0.0388347664473548
"TTK",1292.25805133963,-0.997046509057055,0.245258999753981,-4.06528001034494,4.7974828203003e-05,0.000180332862500983
"KLHL29",95.0549302360399,-1.26265785547044,0.492370192923526,-2.56444820100342,0.0103340002980371,0.0220728626344744
"TPX2",12077.8430035938,-2.05234023332661,0.188624776988457,-10.8805442534848,1.42708328677979e-27,1.4520229513479e-25
"PISD",859.577974661653,-0.899289671618373,0.222418041424564,-4.04324067354661,5.27174578490001e-05,0.000196410755630354
"H2AFX",1417.67494458032,-1.23228509204208,0.210143528595491,-5.86401637146833,4.51802903740009e-09,3.70021255467736e-08
"FAM207A",197.964155173032,-1.173144748307,0.353094267569529,-3.32246897232903,0.000892245938700977,0.00249221519819621
"HDGF",4644.82884621438,-0.84204825026067,0.190798088574666,-4.41329499970934,1.01809119578771e-05,4.38956649099568e-05
"ZNF14",767.148473206227,-0.757920986590081,0.229448355502622,-3.30323128675211,0.000955775218043848,0.00265460670431074
"CSTF3",1252.90705298937,-1.04355247550957,0.213490992068959,-4.88803984372555,1.01844921513346e-06,5.448634144159e-06
"GDAP1",853.986156086056,-2.13324598030824,0.301666585703223,-7.07153553428986,1.53228553478478e-12,2.30682171338682e-11
"CLCN5",670.637098859485,-0.747024709133706,0.260704948401187,-2.86540287675761,0.0041647900740044,0.00992328409164999
"TMEM265",638.113092834371,-0.989609175749148,0.239404409636823,-4.1336296906577,3.57078648312102e-05,0.000137907041364458
"MICU2",1531.49744642548,-0.584598800938633,0.208958847648946,-2.79767431490036,0.00514719846065658,0.0119578516626773
"HIST1H2BI",202.244300243994,-1.19114301556177,0.38294851919778,-3.1104520734459,0.00186801206946338,0.00487332596841461
"EIF3G",1008.87235444598,-0.746821287736016,0.249503008650227,-2.99323559974769,0.00276036569395969,0.00690967701291184
"ZNF7",1863.77710035787,-0.644640226688172,0.220394179131716,-2.92494216148472,0.00344520250235084,0.00839492848923344
"TRIM23",1055.91075745531,-0.702788049474731,0.217582246504947,-3.22998801953611,0.00123795405440474,0.00335861823116511
"TFIP11",1029.49143121158,-0.853125031068963,0.225054770378365,-3.79074404703654,0.000150196671950082,0.000502982224172873
"RBM10",2507.32635546368,-1.15200968901352,0.202982315808089,-5.67541898626627,1.3834960784691e-08,1.05213363290527e-07
"GDF9",178.792553329486,-1.15435678545222,0.366176964243442,-3.15245604768512,0.00161903193353851,0.00428334886737364
"RAB3IP",533.440413495459,-1.26706051593371,0.273932970492742,-4.6254399886752,3.73804027997775e-06,1.76167449598659e-05
"C12orf4",3122.98001636738,-1.32550218760285,0.233057331765032,-5.68745114158958,1.28949478470286e-08,9.87637677616225e-08
"PER1",15393.6577956642,-2.63797878285403,0.239549331866939,-11.0122569004673,3.33542029396637e-28,3.58345427582678e-26
"ZSCAN31",418.849465224217,-0.962030440695537,0.296512400497542,-3.24448636576841,0.00117662650137051,0.00320547994310666
"ZC3HC1",1999.12773498489,-1.16938201216035,0.236630044282446,-4.94181546433115,7.73984565566887e-07,4.22491898192585e-06
"SERTAD1",554.973257767608,-2.91104964760792,0.339290450890313,-8.57981602479293,9.50250012154333e-18,3.08517984715382e-16
"CCNL1",11299.38866418,-1.71421974851261,0.184894491420126,-9.27134029438157,1.83821299451232e-20,8.3553850650564e-19
"ZNF281",2821.63262181824,-0.993411789994237,0.183036293256945,-5.42740334344344,5.71798136580894e-08,3.87249878401892e-07
"INO80C",1183.90488951943,-0.615250137662498,0.232490219856398,-2.64634847023896,0.00813659498571966,0.0178467482444757
"INTS11",2394.08371457937,-0.556574879560528,0.194613040292935,-2.85990537285046,0.00423767434260813,0.0100766268372118
"DHX34",2126.89241674146,-1.19142302810392,0.229796293497358,-5.18469210260615,2.16372020937628e-07,1.3079716334736e-06
"IMPG2",133.689092951592,-2.37532356295575,0.432181758872069,-5.49612174552438,3.88234531444633e-08,2.71649241717743e-07
"ANKRD33B",2695.72160529671,-1.45977140942506,0.19374062955203,-7.53466845235489,4.8957712927613e-14,9.16929083008765e-13
"PHF19",265.649737261027,-0.927989409598273,0.320957587048091,-2.89131476259269,0.00383633674867058,0.00922437999914322
"NSUN2",1872.04651821614,-1.45807303043455,0.197675989549037,-7.37607553532872,1.63023545915926e-13,2.80847269042917e-12
"SAP130",8990.7958555733,-1.2421927824674,0.18381702550811,-6.75776783480046,1.40133836774479e-11,1.78075449785032e-10
"HIST1H2AC",3303.84383581807,-1.20845776883102,0.214452414799434,-5.63508585324734,1.7497114719466e-08,1.29969140009207e-07
"ZNF764",1504.16880293618,-1.44578935458953,0.227339154451028,-6.35961437474676,2.02260879159911e-10,2.08397477760404e-09
"CDC27",10059.6931434943,-0.525164460607578,0.179131275581453,-2.93172958715844,0.00337080110632584,0.00823314584516669
"DNAH10",47.9912685597376,-2.71247565086905,0.714845910371585,-3.79448998940076,0.000147947250508621,0.00049618743787335
"POLR2D",1766.4603474874,-0.582837305649206,0.195806120259894,-2.97660412695785,0.00291460088335614,0.00723933443453192
"ZC3H11A",10391.5326471853,-0.438708623872588,0.188127529696381,-2.33197461626493,0.0197020265646041,0.0386774999901149
"UCN2",133.745785113023,-1.57623499716753,0.438833692787175,-3.5918732382565,0.000328309545421048,0.00102077406150643
"GCC1",1909.08066941047,-0.446200321013286,0.200564710262348,-2.22471999400909,0.0261000411889082,0.0492857206999325
"SUPT7L",3654.83881059705,-0.644420539062509,0.199783962560258,-3.22558693302593,0.00125714650447713,0.00340677766335948
"FRMD6",8440.36724961934,-1.88026108547904,0.168889442221752,-11.1330883727489,8.65826997483498e-29,9.83879178486537e-27
"HLX",71.3143210134531,-1.92431979034222,0.556074030452087,-3.46054605135534,0.000539081019840936,0.00158315353699772
"TRAPPC3",1544.25606673822,-0.554903269998799,0.203064424578247,-2.73264640594384,0.00628277415457333,0.0142596168539942
"URGCP",7308.36151362421,-1.5352762358602,0.179787242489722,-8.53940588108171,1.34913698598141e-17,4.3092164595482e-16
"DDIT3",2913.33853292153,-1.86133401529841,0.224841502752364,-8.27842721434061,1.24812749537238e-16,3.56289148316686e-15
"DTYMK",810.7028354392,-0.945869127388322,0.223874882632677,-4.22498994199477,2.38951450055078e-05,9.58238288683715e-05
"ADCY1",1553.99127014427,-0.741582965823306,0.195057696351508,-3.80186467744867,0.000143611163087945,0.000483118908446723
"EXOC3",2762.58406891097,-0.645122372182278,0.210554626767525,-3.06391924075153,0.0021845787409386,0.00559422569023019
"PSMD14",2069.27349787075,-1.16975765671562,0.216684227037906,-5.39844396016414,6.72213578203769e-08,4.49588006067467e-07
"DTL",1431.60265580778,-2.9295845717789,0.218907992966601,-13.3827208960153,7.63021555372282e-41,3.33977360792208e-38
"C12orf66",2044.90308085379,-1.35562386511731,0.218742332325151,-6.19735490020393,5.74199310100958e-10,5.49020019965463e-09
"NEMF",2679.58458569705,-0.46970453024911,0.186495403574596,-2.51858502272005,0.0117827432508943,0.0247332965788755
"KCMF1",5101.02951703689,-0.987247340777774,0.181778065178933,-5.43105869130018,5.60207046649782e-08,3.80271503578813e-07
"ZFAND2A",4358.16742797149,-1.19240621252837,0.208063805907002,-5.73096414982112,9.98613730452057e-09,7.8053022926471e-08
"ZNF416",652.974295059613,-1.16168317547867,0.244787819499754,-4.74567393856716,2.07813244030082e-06,1.0358232467092e-05
"PI4K2B",1042.95959297528,-1.02868886170112,0.212814029614774,-4.83374551745109,1.33987849130504e-06,6.95724253525616e-06
"SQSTM1",107619.091987995,-0.997191999242176,0.186810976871334,-5.33797326015265,9.39913165545022e-08,6.11668160264926e-07
"GPCPD1",5427.63748699987,-0.657591270328452,0.192284418663696,-3.4198884906976,0.000626468096835968,0.0018110567437396
"RECQL4",773.431233201419,-1.72234875086896,0.328612772324535,-5.24127147793263,1.59473888688074e-07,9.90884551270065e-07
"CEBPG",4894.93088645664,-1.41492951622656,0.190798106418817,-7.41584674389103,1.20850182749326e-13,2.11273292859694e-12
"ZBTB6",3804.28497639549,-0.709492401050998,0.189242625808082,-3.74911517963463,0.000177459574333087,0.000586142327967699
"PPP2CB",6566.79675910249,-0.54845835477482,0.180640321997628,-3.03619008596554,0.0023958826785785,0.00607999602650649
"CCT6A",10253.119244828,-1.12394743048516,0.188366025330978,-5.96682670619752,2.41912094400518e-09,2.08985170440448e-08
"RAD18",4619.17140551204,-1.34406039778532,0.180059979668396,-7.46451488143334,8.36070653971127e-14,1.51777004433653e-12
"MAD2L1BP",778.405461303081,-2.11489375683947,0.272110809279485,-7.77217840937462,7.7147682180424e-15,1.62518949734091e-13
"PPP1R13B",441.637838807869,-1.6018704175675,0.282329287215218,-5.67376637885394,1.3969160790645e-08,1.060292499832e-07
"ZHX2",161.505672270162,-2.0416266795752,0.439287330259012,-4.64758835264248,3.35838263205289e-06,1.60102323298108e-05
"CDT1",398.90831964285,-1.63749229276163,0.274498764715889,-5.96539038875626,2.44049834559139e-09,2.10370601372714e-08
"NSRP1",1032.5077513414,-1.09240223257062,0.219240681601296,-4.98266208895131,6.27154166579909e-07,3.50933141128853e-06
"SUZ12",6835.54675868581,-0.573802282018384,0.175143660291048,-3.2761807139628,0.00105221210370286,0.00289793582884184
"CDK11A",539.506891987522,-0.619915054032718,0.269183600449042,-2.30294510140513,0.0212819321176786,0.0413871768581085
"SPAG5",1794.68791559811,-1.33608424411161,0.241647063164518,-5.52907296540153,3.21927435031714e-08,2.28363651092725e-07
"TSC22D2",4014.34704555541,-1.31080134949095,0.199223054510483,-6.5795665703036,4.71821628748956e-11,5.44530078960465e-10
"PPTC7",6230.42409523993,-1.2265949139128,0.17854965804772,-6.86976904534297,6.43059285320197e-12,8.66553550047216e-11
"NOTCH2NLA",1165.73390289633,-0.783035211747916,0.218883052295362,-3.57741361670744,0.000347010843675009,0.00107215010471928
"ESCO2",1646.55212977577,-2.98590584481214,0.210617093065395,-14.176939778981,1.27276963279121e-45,9.40099470020408e-43
"KDM2A",7553.81240659195,-0.799727518900737,0.169628676554516,-4.71457736477544,2.42212963922967e-06,1.19618587866345e-05
"ATIC",2801.68601053476,-0.782370827603002,0.187776654367802,-4.16649678969441,3.0931624664296e-05,0.000121283988149519
"ZNF592",3365.52472882814,-0.671016801774774,0.186486690328038,-3.59820210543941,0.000320424585351946,0.000998359543814736
"COTL1",8331.27729518238,-1.11941153119186,0.191765019437626,-5.83741255039461,5.30177053451946e-09,4.31814777236051e-08
"MYB",45.3191881961704,-8.65753080814379,1.5978471279874,-5.41824725062937,6.01861460730138e-08,4.05750070901812e-07
"FIBP",3201.63214268907,-0.549123680637516,0.212057817406869,-2.58949982298426,0.0096115472258797,0.020701524533524
"HIST1H2BB",190.577863140791,-1.64471205259146,0.360537966572361,-4.56182761618079,5.07102740564068e-06,2.33097634694133e-05
"PRKRA",3198.46635437881,-0.625469588216108,0.202006253495397,-3.09628824550405,0.00195959769041199,0.00508643213382141
"TRPM4",1116.06730950852,-1.48010248408028,0.241400461372778,-6.13131588756434,8.71551569963062e-10,8.123025594498e-09
"STK10",1807.30553880057,-1.31420898128173,0.197684269317338,-6.6480200261765,2.97061896543229e-11,3.56776168023158e-10
"OVGP1",93.340642872774,-3.07672363124029,0.591656791611439,-5.20018307042587,1.99092330335834e-07,1.21469961791889e-06
"BSN",1355.03303847013,-1.3348206822961,0.209797717737541,-6.36241755482762,1.98602647533777e-10,2.05524175880401e-09
"TRAF3IP2",1508.40066505612,-0.694372011183855,0.203893778098482,-3.40555762740572,0.000660290763011245,0.00189907915241346
"USP12",3399.99787925928,-0.595967967679209,0.182439591756286,-3.26665918259311,0.00108824607104066,0.00299020973437771
"TAF7",2100.3847951306,-0.464864731929317,0.194448356258085,-2.39068481151015,0.0168169829684179,0.0337826117152411
"RAB35",1623.57694271952,-0.862640502966262,0.228989621362794,-3.76715982948222,0.000165115298658178,0.000548589945986939
"TBRG4",3572.16649471938,-1.34899238316583,0.206814987217011,-6.52270128639341,6.90523004460274e-11,7.73516669830476e-10
"RAP1GDS1",1791.31056033743,-0.451857781966781,0.20342491044208,-2.22125098143,0.0263339669155778,0.0496910140520995
"PRC1",1275.45547227493,-1.56049638506007,0.220981450997669,-7.06166231606713,1.64522412223092e-12,2.46117198437025e-11
"ERF",3818.67779156323,-1.42792252675508,0.196636357603197,-7.26174215267229,3.82136134871588e-13,6.27959145557314e-12
"NVL",1016.81042108719,-1.04988135022765,0.237473926992007,-4.42103839998815,9.82277140003854e-06,4.25533403246538e-05
"TRIM28",7653.97239647627,-0.628697097941747,0.169965792916164,-3.69896252154605,0.000216482561423076,0.000701505596626794
"STK32A",1381.88163394956,-1.23919914713401,0.308019727471844,-4.0231161728019,5.74331487891097e-05,0.000212373264202033
"THUMPD2",1231.71647329783,-2.48827993739892,0.265775028303314,-9.36235414321616,7.79795228906521e-21,3.64253755542184e-19
"WARS",7920.69129820065,-1.08398649891715,0.191732078799007,-5.65365225113683,1.57073847261954e-08,1.18160326348935e-07
"UTP3",1327.82553292332,-1.49388439301808,0.217861812400977,-6.85702728970498,7.0308204300624e-12,9.37813045626157e-11
"ZNF551",550.036202683604,-0.741547854797426,0.255067190069009,-2.90726476657699,0.00364604451990635,0.0088242789547928
"HES1",348.779503818298,-2.31453996746784,0.310990338169414,-7.44248191468568,9.88109903192638e-14,1.76334429326986e-12
"UBN1",7915.94223819928,-0.551959237694731,0.199658841762758,-2.76451186845303,0.00570080332679097,0.0130788015294966
"RNF114",6951.69736553715,-0.78375473089347,0.184073506800194,-4.25783560338323,2.06415648244065e-05,8.35131849006629e-05
"NFKBIA",7639.68490640354,-1.70651019315028,0.197933124317606,-8.62165036313979,6.59959517931703e-18,2.17253525986542e-16
"NXF1",4768.54504718966,-1.33881191793767,0.211356017483812,-6.33439224430984,2.38278627361807e-10,2.43175891032973e-09
"DR1",10626.3716822344,-0.603307238120368,0.214039789431954,-2.81866862101435,0.00482232747203831,0.011312081394313
"TNKS2",10039.2009282095,-0.394070233894703,0.170747911525937,-2.30790661140732,0.0210043312670616,0.0408951459710333
"SURF6",225.545559007751,-2.04232351588438,0.401408776094364,-5.0878895468002,3.6207013085543e-07,2.11305916367875e-06
"FBXO46",863.53281334743,-0.625179467773859,0.23251341206143,-2.68878884117311,0.00717117654647779,0.0160084934692623
"SARNP",1132.81881214194,-1.12577354384207,0.227539575408607,-4.94759446492084,7.51362427156632e-07,4.11283055309731e-06
"ZNF778",553.076563378918,-0.972195482683334,0.254432376898319,-3.82103682925487,0.000132891802948094,0.000450004391759476
"TUFT1",1112.94843561017,-2.53258483743062,0.238871535452752,-10.6022880986234,2.90777540484264e-26,2.58376614544589e-24
"PPP1R15A",28414.8960595535,-4.42411046947899,0.243867425101744,-18.1414572595467,1.5000061043302e-73,5.90902404699144e-70
"JPT1",1622.98076561145,-0.758371683899672,0.217252052086026,-3.49074577946623,0.000481674345011311,0.00143349972534467
"MARK2",2171.46360299578,-1.4418324951147,0.18921994434588,-7.61987590736807,2.53919704182769e-14,5.01809876928422e-13
"WDR20",1279.83457211253,-0.953892082271585,0.217712360856017,-4.38143281585392,1.17901400054896e-05,5.01749638404306e-05
"SOCS1",133.48856741787,-1.01724760394357,0.443854411548949,-2.29184970899266,0.0219143171112231,0.0424911238097513
"CHD2",11255.8868345296,-0.760819532612432,0.209798286598861,-3.62643348974119,0.000287362791633385,0.00090585582062506
"HIST1H2AL",108.298525399999,-3.7317048862931,0.582354612982482,-6.40795969174431,1.47479884470085e-10,1.55478793458293e-09
"CLIP4",6476.48338092127,-0.384640426195734,0.170525417771968,-2.25561931600185,0.0240944824551125,0.0460982019838951
"CTHRC1",129.229755733355,-1.18399445604004,0.420439182402776,-2.81608971189033,0.00486120901462751,0.0113852096977543
"MRPS2",714.956383487402,-0.830473738816148,0.241583153293392,-3.43763100818365,0.000586826770281362,0.00170731629029668
"NUDT15",693.994700502638,-0.904829262344417,0.25654126566674,-3.5270320351496,0.000420245913583369,0.00127052090220728
"SLBP",1845.86970025862,-0.549340134258396,0.195712737635865,-2.80686960334934,0.00500254872123673,0.0116699804160236
"SNRPC",2684.72870950275,-0.627854670389059,0.20556108490513,-3.05434596572024,0.00225551807533876,0.00576192089162643
"PDHX",2129.72557481499,-0.494040489791172,0.18675849325373,-2.64534416177779,0.00816078674430583,0.0178898493311457
"HIST1H2BN",1154.64982462236,-0.954648438159033,0.225577378078374,-4.2320220506657,2.3159969598826e-05,9.30018758813881e-05
"TBC1D10A",375.598965696619,-0.808514312531406,0.299527575540744,-2.69929842376542,0.00694858362310099,0.0155970296785959
"PTX3",2097.81257992713,-0.648057061868142,0.206724847197779,-3.13487745016026,0.00171925918142402,0.00452219118764057
"IRF1",7691.74003176752,-2.38293982876521,0.248560636861565,-9.58695575797217,9.07222808926722e-22,4.76513740262044e-20
"POLR2H",1386.32737618344,-1.86377170968451,0.23028527958918,-8.09331674612203,5.8061620905947e-16,1.47247260915554e-14
"PEA15",11327.1520827836,-0.959741104517572,0.171850803150501,-5.5847344727104,2.34057541027842e-08,1.69907372227705e-07
"STAG1",4207.1018889223,-0.832547307621663,0.189608458410047,-4.39087641238661,1.12894697445182e-05,4.82353410848574e-05
"CHMP2B",2790.83431160904,-0.72719956140844,0.204352014932217,-3.55856320599359,0.000372889062605689,0.00114373292028913
"ERCC6L2",5814.32647499775,-0.394186401076385,0.172220991760188,-2.28884061720697,0.0220886145653184,0.0428009914630157
"C2CD2L",438.100254758079,-0.997562308075728,0.301224729756849,-3.31168795098917,0.000927349230658518,0.00258354861101423
"CDK1",809.634566604114,-1.06495406104466,0.241249537239655,-4.41432581894136,1.01325258514193e-05,4.3734912531802e-05
"HIVEP1",7098.42885352276,-0.738190546006645,0.171288882264233,-4.30962322976632,1.63532914781242e-05,6.7692889207871e-05
"RBBP5",1567.7171462467,-0.559916999606832,0.202284394906854,-2.76796932291618,0.00564067648642039,0.0129515280195291
"FARSB",3259.73747877096,-0.8782946459701,0.182411423886533,-4.81491031239596,1.47266016706988e-06,7.57349776084936e-06
"MRPL12",238.471148882833,-1.19616600479419,0.363046483400562,-3.294801243053,0.000984913154677011,0.00272720329474529
"APBA3",837.41158104771,-2.09365714575016,0.239821261725092,-8.73007309981602,2.54508072991692e-18,8.74353606574364e-17
"PPIG",2788.60342134427,-1.03318945902703,0.185065818131867,-5.58282166559162,2.36647370402707e-08,1.71681929000564e-07
"PLEKHA4",1203.36617531783,-0.588038691896473,0.23489804288395,-2.50337842187553,0.0123013936410333,0.0256942152792031
"DIAPH3",1981.50484903104,-2.06791908074481,0.191510864466711,-10.7979204548171,3.52087447428053e-27,3.3829019948819e-25
"RAPGEF1",4159.22988417669,-0.502209355344842,0.203140158820035,-2.47223079012041,0.0134272801470194,0.0277564451246241
"SLC39A3",289.498576805491,-0.737674102849787,0.31186161022435,-2.36538925813636,0.0180111289897891,0.0358523702882479
"OTUD3",509.201660002726,-0.649866909580327,0.266100424822443,-2.44218666698467,0.0145985960400317,0.0298488249136843
"POLR1C",1122.41686622315,-1.08575391845299,0.235313978686834,-4.61406468290588,3.94869447466579e-06,1.85254749113141e-05
"HIST1H2AE",1119.32356758448,-1.82301846099589,0.229837509383815,-7.93177086665849,2.1604277490377e-15,4.95765730837428e-14
"PIAS4",1838.50830222009,-1.09850664458879,0.228641633330083,-4.8044908907859,1.55145763877117e-06,7.93486156377329e-06
"LRRC46",163.004873473886,-1.86829939285425,0.404906598004699,-4.61414904588088,3.94709111458959e-06,1.85253069071564e-05
"SETD4",929.310764268785,-0.649250419622755,0.262808759593922,-2.47042914637222,0.0134951049635001,0.0278722737606857
"PRPF40A",7667.09831901477,-0.706269379969742,0.177695938453947,-3.97459495199876,7.04991326409795e-05,0.000255178790061591
"OGFR",1789.07013188271,-0.791306885905248,0.230032361032808,-3.43998071554979,0.000581755636925388,0.00169297909805078
"CHCHD4",633.580020224288,-0.797654121332647,0.240966552129043,-3.31022755766322,0.000932201516914945,0.00259584296109821
"NABP2",2344.48029914312,-0.67446024320823,0.204130085781998,-3.30407073814942,0.000952917845497618,0.00264916092639164
"TRMT13",1871.51094635748,-1.01268942681094,0.203461625667972,-4.97729939730033,6.44775488577718e-07,3.59601544313897e-06
"ZNF827",3670.28249115169,-0.924388244948467,0.203472135010512,-4.54307045483507,5.54407114148825e-06,2.53167823609382e-05
"ZNF529",2298.65597897894,-0.514742045886244,0.194204907178787,-2.65050998640507,0.00803703512801268,0.0176677234268701
"UBQLN1",16381.1498266418,-0.440820318226029,0.173827751423603,-2.53596053918794,0.0112139369518736,0.0236865606608119
"GTF2B",651.032826003492,-0.63140358895967,0.242337140513123,-2.60547593993533,0.00917467170208473,0.0198692083883521
"LIMK1",9994.04226488672,-0.474403058488242,0.171171789026887,-2.77150260089718,0.00557982265430705,0.0128467453981299
"CCT2",5701.57872410025,-1.43116940112079,0.188924589565318,-7.57534741461477,3.58167851754751e-14,6.89385614338379e-13
"COIL",1593.61539288526,-0.598340527172174,0.200745866461708,-2.98058703632788,0.00287696470192363,0.00715939541952695
"ZNF710",654.250002868763,-0.882508757801664,0.254797523301926,-3.46356882266835,0.000533060212716665,0.0015682612879974
"POLR3K",377.420690947446,-0.731275719981721,0.274546779835833,-2.66357420188644,0.0077315358166227,0.0171043224037527
"RMDN3",500.806711093382,-0.830053363179125,0.265540363174171,-3.12590279404974,0.00177260133624456,0.00464595311415795
"MTFR2",248.657496261312,-2.72006762450379,0.347356113927631,-7.83077514815387,4.84871157117627e-15,1.04756989667571e-13
"BTF3",10950.6881677138,-0.538023219942848,0.179402986703367,-2.99896467628178,0.00270898712336724,0.00678999147909948
"ZNF480",3095.74719544983,-0.536065879964785,0.178488560096134,-3.00336267868406,0.00267014019117452,0.00669830540846963
"ZYX",18656.3824985161,-1.34701560570909,0.188986043121238,-7.12759304053449,1.02139231031568e-12,1.57172061501442e-11
"SLCO5A1",127.817702431724,-2.1507800853182,0.45657554533272,-4.71067736172961,2.46894829017874e-06,1.21524493516586e-05
"KIFC3",1254.37885456508,-1.79653271564103,0.291953404129901,-6.1534912428755,7.57955639383212e-10,7.10914265573873e-09
"UGCG",6850.08976994174,-1.32532815080305,0.171458730749868,-7.72972099470689,1.07782546502066e-14,2.22299150883319e-13
"PPP1R16A",1383.85931517628,-0.817305708660382,0.209392981064376,-3.90321444637683,9.49235274437766e-05,0.000332584123133873
"CKAP5",15301.9919019716,-0.64845152486388,0.171894458911873,-3.77238177989395,0.00016169658638777,0.000538495617291213
"ZNF205",838.849536495411,-1.54849175481268,0.24383888622251,-6.35047091463352,2.14656795057924e-10,2.20784508615713e-09
"SLTM",2017.60230977217,-0.792573679813549,0.194864086179207,-4.06731530347084,4.75578752386676e-05,0.000178879366508776
"MAP3K11",1933.27907117347,-0.792182364519659,0.224688697411702,-3.52568853549463,0.00042238340786737,0.00127600386354207
"S100A16",3758.17050733671,-1.01584162173429,0.182932671169883,-5.55309019016573,2.80663171699237e-08,2.01266830287717e-07
"C16orf87",1577.53678820319,-0.959237464410635,0.214907809822313,-4.4634835058053,8.06378085165521e-06,3.55191062634593e-05
"CRAMP1",4078.44892842249,-1.24073553265593,0.201037267690832,-6.17166929747579,6.75727232425603e-10,6.39371051465635e-09
"YTHDF2",7325.03503363461,-0.792515625425411,0.173109511745569,-4.57811715505399,4.69179912257606e-06,2.17698005616819e-05
"KLHL26",829.3641772957,-1.99994804653165,0.252378462258578,-7.92440063479971,2.29249382413865e-15,5.23024942348852e-14
"BMP2K",3488.58570184911,-0.574169136378765,0.186336245141704,-3.08136045106052,0.00206057038930845,0.00531003507650399
"PUM1",9134.27043929744,-0.467697802103821,0.170101935803358,-2.74951487115638,0.00596835545676953,0.01363503282198
"SLC31A2",768.134071943402,-0.76921659666478,0.242735505236603,-3.16894965948635,0.00152990890995687,0.00406681170581879
"EXOSC6",941.034393843888,-1.19740406867508,0.219059424179393,-5.46611529342147,4.60005201372583e-08,3.18100729656009e-07
"SLC25A3",12254.0297089533,-0.424790733363878,0.186603788299851,-2.27643145529976,0.0228201987997945,0.0440236874658785
"RPL7L1",5881.67847317799,-0.886821839022716,0.185151203676477,-4.78971684446784,1.67016824429962e-06,8.47113939097647e-06
"FAM129B",20789.4059947506,-0.46634340947872,0.180261119206363,-2.5870437925377,0.00968032882746339,0.0208306857397965
"DNA2",280.158927101851,-1.00970216139815,0.316424878898721,-3.19096957518732,0.00141796211333093,0.00379815871607998
"ERC2",265.952899568021,-2.11588038695694,0.387113001301433,-5.46579520668016,4.60836145909006e-08,3.18302838828325e-07
"WDR75",3682.07801125025,-1.08461136488083,0.18299026044929,-5.92715351198377,3.08230806879432e-09,2.61123417612984e-08
"NCL",14558.8447545651,-0.849735557334728,0.168443490806801,-5.04463279206998,4.54393169229534e-07,2.60427666050176e-06
"CES3",50.9120697576964,-1.70228550577563,0.646923744093926,-2.63135419176773,0.00850453514344179,0.0185607749446344
"DCUN1D1",4982.35440994583,-0.674299976153337,0.176094315957438,-3.82919785052186,0.000128561620230689,0.000436341535866249
"MRPL47",1544.17176535704,-1.58476259660452,0.214346443832582,-7.39346344295928,1.43052792733113e-13,2.48252262044043e-12
"SUPT20H",5782.71832862211,-0.822532860119805,0.180972639483096,-4.54506748903684,5.49176549961912e-06,2.50973258602083e-05
"SORL1",3100.96244031829,-0.682728286716807,0.223045872893926,-3.06093216547205,0.0022064907794386,0.00564788997864532
"SLC4A11",314.664938613582,-1.04673081509478,0.306881528614104,-3.41086288191369,0.00064757648579866,0.0018643261654491
"SAFB",1129.55799602672,-0.993422375595027,0.251200271550827,-3.95470263412523,7.66299015573339e-05,0.000274927801033568
"ASAH2",197.833840554851,-0.824269850255569,0.362921396069158,-2.27120764767062,0.0231344106870267,0.0445353421565861
"POLDIP2",6564.30259844144,-0.638219185254709,0.18265857513792,-3.49405542429534,0.000475742241131522,0.00141691577764423
"IFFO2",1227.64933098394,-1.0736980986935,0.213462813485404,-5.0299069948636,4.90717809278484e-07,2.79484485303765e-06
"TXNL1",6354.86584177593,-0.92285369060734,0.192228144295861,-4.80082505081548,1.58013268468908e-06,8.05121557992703e-06
"PHF8",3081.14522086256,-0.75096646783729,0.185532818273234,-4.04762065723241,5.17409118520998e-05,0.000192894036677639
"GAR1",378.918968391874,-0.653039596151094,0.284254974234749,-2.2973726243812,0.0215975220674966,0.0419732800186934
"PLK2",2808.90374904002,-2.57411056727401,0.210517603811229,-12.2275311929838,2.21570827851134e-34,4.51469662680121e-32
"AKAP8L",1881.24297411547,-1.53027185813934,0.228863851907903,-6.68638513851079,2.28750531334036e-11,2.78985942136804e-10
"AP3B2",314.884142506868,-2.1769631743825,0.323734765220887,-6.72452701487632,1.76163735195464e-11,2.19610023474683e-10
"BTBD11",529.358492265406,-1.5430975772604,0.287091459569538,-5.37493375656002,7.66108426476366e-08,5.05802758888139e-07
"ZNF324",767.516381167748,-1.18634834524926,0.271141929753231,-4.37537767149834,1.2122240940086e-05,5.14585644504082e-05
"ZNF550",1605.64876565006,-0.714197994787134,0.203112013896754,-3.51627646777298,0.000437645006383354,0.00131638805941422
"PPP6R3",9308.02725380911,-0.695685392259285,0.174653990108771,-3.98322072015661,6.79875573979495e-05,0.00024737590927616
"INTS7",1494.50140486106,-0.629067804350864,0.203922486472549,-3.08483784810826,0.00203663155353736,0.00525751675397653
"NFKB2",4180.53231440167,-2.94934549117505,0.198214243679849,-14.879584011827,4.47271796969225e-50,4.40488174715192e-47
"JMJD1C",11973.0009637464,-0.596160440480777,0.165832746394863,-3.59495005323777,0.000324453816929576,0.00100958272998255
"KIF23",1512.01281355228,-1.29524567699789,0.224528414321912,-5.76873836173298,7.98671880048572e-09,6.31351456750102e-08
"PCGF2",76.1587058100271,-1.41551167207411,0.634672257831575,-2.23030336462217,0.0257273099658849,0.0487096041616194
"CD226",48.7656457586973,-3.15252201451801,0.721700170841711,-4.36818798427227,1.25281638799654e-05,5.30103260771325e-05
"NR1D1",26928.0018522543,-4.55257163986799,0.251867407095168,-18.0752710022055,4.99095403145999e-73,1.47457736859486e-69
"ADNP2",7532.32931990255,-1.27147325753965,0.169363915743599,-7.50734447746559,6.03388011123504e-14,1.11593732636269e-12
"POLR2C",4954.70889221129,-0.420276138256529,0.177753216426011,-2.36437993475897,0.0180602803601304,0.0359320527434379
"SIPA1L3",3277.63171141725,-0.526337330915184,0.181077953857629,-2.90668918939195,0.00365275939018964,0.00883329455151652
"PALB2",2554.31528193212,-0.905526801684326,0.182859540342366,-4.95203476935858,7.34414778863279e-07,4.02710844944986e-06
"ZNF609",3186.18680854536,-0.588176725534386,0.201383453469456,-2.9206804998187,0.00349267809517327,0.00849834666023423
"TBCE",679.808337616299,-0.641421351595655,0.238072625017534,-2.69422556057595,0.00705524012636245,0.0158004221742186
"PCNX3",4573.29526062379,-0.634684040992495,0.178821467514938,-3.5492608902758,0.000386314131973857,0.00118001044499019
"CCAR1",3852.6836006286,-0.701678514237452,0.180828289002786,-3.88035809057864,0.000104302787456354,0.00036148103875636
"PFDN2",134.074612596047,-1.63609532113718,0.415756660295208,-3.93522335872015,8.31193577032946e-05,0.000295562889628371
"CIP2A",1621.39806646326,-1.646240885025,0.206555838203451,-7.9699557240474,1.58731227231085e-15,3.73682399087044e-14
"DOHH",200.86827297401,-2.25448110632067,0.401998960900076,-5.60817645218008,2.04469508806976e-08,1.50555804054881e-07
"VPS26A",3634.3612040957,-0.496430325142586,0.19257430052838,-2.57786383635041,0.00994131630103281,0.0213340250672972
"OTUD7B",3355.73910897547,-0.897567404756208,0.189120238480076,-4.74601455650538,2.07463788316911e-06,1.03451774275496e-05
"CCDC9",113.775926582437,-1.17450980157996,0.49629331149988,-2.36656383304946,0.0179540778537275,0.0357568742964866
"GATAD2A",5682.56349299348,-1.32479348116359,0.187142778121198,-7.07905212514064,1.45143788183734e-12,2.19068874681401e-11
"ZBTB34",1958.70029226337,-0.515583230211227,0.197221043974663,-2.61424044726923,0.00894260776150167,0.0194235873048018
"KNSTRN",376.516394770703,-1.30173155578673,0.284403694664234,-4.57705571414446,4.71565900985996e-06,2.1846200775588e-05
"ITPKC",885.441786993819,-1.15524821479665,0.269927380347659,-4.27984820698338,1.87020823013404e-05,7.63458406346256e-05
"KDM5B",7765.69007805372,-0.445484722882677,0.177348251984561,-2.51192057377289,0.0120076110647727,0.0251383432353382
"UVRAG",2362.20731317718,-1.4322626989892,0.203132017503832,-7.0508958488643,1.77769523114638e-12,2.63929676403115e-11
"TLR9",93.30291799516,-1.54678626983291,0.610442871615808,-2.53387555454396,0.0112808786221415,0.0238109347305711
"USP49",1529.11893069708,-0.620895166324066,0.203333974799638,-3.05357315193335,0.00226133581890984,0.00577326997361774
"HELLS",448.152966335551,-1.63839649323458,0.268783135618457,-6.09560748469098,1.09022627975182e-09,1.00111065843878e-08
"SSB",1601.00991497379,-0.526787756480368,0.194367272021262,-2.71026984636972,0.00672284880441145,0.0151478793461458
"BCL2L1",2233.94235826978,-0.893952387851261,0.191715478187738,-4.66291191666774,3.11766218069955e-06,1.49592089531089e-05
"QTRT2",2014.25931290805,-1.3416999983108,0.196617644392639,-6.82390434721852,8.85988866533902e-12,1.15953670262433e-10
"ADAT1",2819.34724839385,-0.459778672259732,0.185863498347272,-2.4737437762022,0.0133705550580774,0.0276440202372916
"VCPKMT",389.261557098914,-1.55872619205558,0.277160544488597,-5.62391084536101,1.86682023442593e-08,1.38320260378969e-07
"ERAL1",2159.17442917119,-0.690102736218048,0.205755646171228,-3.35399173271654,0.000796547426573908,0.00224186651280077
"C4orf46",1172.73817899873,-0.713093083257286,0.244676909328016,-2.91442737778459,0.00356341705905621,0.00865087567870302
"CDCA5",761.695861597142,-2.68188392968035,0.251132554578182,-10.6791568069899,1.27423755185411e-26,1.19515391966761e-24
"TBCC",1300.42680846921,-1.55514610912287,0.235487686307038,-6.60393812309664,4.00376692782786e-11,4.68944673469471e-10
"FBXL19",1623.69363344592,-0.870956122025994,0.221708636923663,-3.92838156470139,8.55194490773218e-05,0.000302867500508178
"ZCCHC8",2530.40946230988,-1.07724246726969,0.183791458861768,-5.86122159289187,4.59474329367331e-09,3.75783226606444e-08
"LARP4",8509.77410407751,-1.02270663137517,0.178468749537779,-5.73045216052619,1.00163274417636e-08,7.81855731220361e-08
"POLQ",2076.4851506716,-1.87759391186259,0.198868199823277,-9.44139844143559,3.67836882783629e-21,1.8419899494648e-19
"CREBRF",8777.89842501029,-1.27012229700013,0.174820354759274,-7.26529984880234,3.72211683212138e-13,6.13500372691918e-12
"ZNF330",931.785645096538,-1.31442752263613,0.228063704839048,-5.76342265229694,8.24250366688549e-09,6.50266410782729e-08
"MCM8",1555.53473702768,-1.52640727947062,0.197490629060199,-7.72901117756499,1.08385158437454e-14,2.22994329990032e-13
"ZNF93",1036.11116721482,-1.19584152439249,0.217300453655199,-5.5031708598731,3.73020591543688e-08,2.61778940075018e-07
"PIP4P1",547.384241222339,-0.787799785813644,0.258168828351192,-3.05149072738551,0.00227708081601724,0.00581095683085549
"MRPL28",450.331896063227,-0.729104534556117,0.277705432318262,-2.62546010882687,0.00865319477804836,0.0188573586367279
"MICALL2",1009.36250425096,-1.1368954147571,0.274773190419685,-4.13757766185493,3.50991666145241e-05,0.000135911517382191
"C19orf47",659.847637949304,-0.840047501276724,0.261984806398592,-3.20647411895577,0.00134372391708869,0.00361404853257946
"EIF3A",7187.27305148592,-0.82263224070803,0.194278328107357,-4.23429750874451,2.29267260035502e-05,9.2159199969373e-05
"MALT1",8653.55878596513,-0.618355473572914,0.167370825671831,-3.69452364885468,0.000220299390722697,0.000713091810342601
"ZNF143",936.86332277404,-0.651510339937868,0.240772626672494,-2.70591532327332,0.00681164122598191,0.0153333287635532
"IER2",3927.00715342876,-3.69912872614497,0.271449760215414,-13.6273051897687,2.75569417484254e-42,1.48030880719496e-39
"HIST1H1E",3070.55116758819,-1.704032679207,0.210190492771988,-8.10708732223922,5.18476006682867e-16,1.32626611406453e-14
"CTNNAL1",4663.21600756568,-1.84031531523718,0.205145335141098,-8.97078802192317,2.94400548656355e-19,1.15588893156837e-17
"ZNF844",3421.53339029505,-2.39050927665881,0.193082722238007,-12.3807518816319,3.32215801020754e-35,7.69828693424171e-33
"SPTBN5",58.5886248731562,-1.89141585170897,0.683042039900354,-2.7691060596869,0.00562103339908377,0.0129193219062592
"ZRANB1",2499.93713556486,-0.525152345565748,0.184425500733265,-2.84750397031741,0.0044063544558404,0.0104239396990769
"ARID3A",162.46818007039,-1.37158474800798,0.406632152074097,-3.37303565645751,0.000743443245498422,0.00210746276692261
"GNA13",18954.5045959383,-0.787114803166378,0.164296297275385,-4.79082496817964,1.66096974008413e-06,8.43547072982995e-06
"GPN2",1674.88398291598,-1.1483868431338,0.215629155446021,-5.32574939023625,1.00537668656874e-07,6.49264572779745e-07
"SLC16A3",111.389362208458,-1.42022801264333,0.466428795929648,-3.0448977958418,0.00232759392627854,0.00592706421477264
"DCAF1",4372.11982499195,-0.428564916004221,0.174976117592499,-2.44927663215333,0.0143143463230078,0.0293488800911357
"CENPU",998.802572479275,-2.52455478513511,0.229046415646583,-11.022022667364,2.99257882831508e-28,3.274657091947e-26
"BYSL",665.898781499932,-2.12578899007852,0.275010187081745,-7.729855437852,1.07668780541238e-14,2.22299150883319e-13
"TOLLIP",2597.18519446315,-0.862853815501494,0.194290984665198,-4.44103887263922,8.95256191479786e-06,3.89848385161242e-05
"SNRPB",1411.38635898957,-1.55825761461669,0.220727300885327,-7.05965056595442,1.66921823162822e-12,2.49390911016211e-11
"ETS1",5101.01129771022,-1.58154667609445,0.181035405352918,-8.73611807044772,2.41257812647618e-18,8.33679774815656e-17
"ASPSCR1",536.117367045426,-0.612316696381614,0.262515370521775,-2.33249845586022,0.0196744840556968,0.0386426878129009
"CENPF",4805.36465788951,-0.871152209782521,0.228764236884108,-3.80807866495255,0.000140050724623834,0.000471812845953384
"GTF3C4",5979.25376034502,-0.486796565066061,0.181787953154578,-2.67782631697342,0.00741016321152371,0.0164623329317519
"CTU1",187.339130978115,-0.871102963399132,0.376419259671758,-2.3141827656713,0.0206576989236351,0.0402792750172445
"RAI1",5144.81989734697,-0.775222486196475,0.187740045351226,-4.12923350873907,3.63974602195246e-05,0.000140295233161886
"FANCB",447.575051557425,-0.944126783776182,0.272793212640288,-3.46096141703177,0.000538249948964997,0.00158116775959939
"TIMM9",598.980404056759,-1.34977399434187,0.26554094204223,-5.08311066444591,3.71303222083291e-07,2.16373840166683e-06
"CNOT9",5879.61555470304,-0.45988109393164,0.171938355676672,-2.67468589031083,0.00747992955881248,0.0165942946360139
"SCAF1",2159.99043419207,-1.3534182100202,0.223062012642834,-6.06745269615805,1.29954875878039e-09,1.17686338936909e-08
"TOPORS",2771.69409474594,-0.887872023819808,0.190831577161178,-4.65264730831156,3.27700476345152e-06,1.56475322401899e-05
"MRPL3",3172.17286158177,-0.762592837414466,0.198262457984108,-3.84638042506057,0.000119875591580757,0.000410634707623591
"NBPF8",10097.9569940888,-1.05184045010729,0.225508455047556,-4.66430604513465,3.09660238117488e-06,1.48702344334518e-05
"UBC",36930.3636992435,-1.09472666186715,0.202693533062306,-5.40089585162366,6.63089165319908e-08,4.44239668693349e-07
"CPSF3",1511.26811864486,-0.74334947804576,0.205053394959049,-3.62515079642653,0.000288792888879141,0.000909878528598692
"GSK3A",3442.31193098844,-0.462333027165986,0.177756304784887,-2.60093743355817,0.00929694079841111,0.0200898237987973
"ABCF3",2106.37972661627,-0.567312057935256,0.198715556670178,-2.85489504416035,0.00430510535013257,0.0102246252065649
"CEP83",629.631539206394,-0.798808439331926,0.236576347792901,-3.3765355107739,0.000734048958816016,0.00208183119637333
"ARID5A",494.715851720087,-1.07894541216212,0.256190708920555,-4.2114931361414,2.53688263713685e-05,0.000101115949428949
"RIPOR1",12756.4022447744,-1.03472376497029,0.179211281870842,-5.7737646545937,7.7519692475384e-09,6.14026625786922e-08
"UBE2E2",2424.68675859101,-0.638064569398582,0.184664901678298,-3.45525632429136,0.00054976989011072,0.00161168740858289
"TMEM183A",2975.08083555093,-0.874047550131341,0.206837981377252,-4.225759429247,2.38136295115542e-05,9.55293528742525e-05
"TOX4",3292.16151963583,-0.540136378928629,0.185222649167302,-2.9161464937301,0.00354384063350384,0.00860688627347891
"AFG3L2",1988.10470331156,-0.523476184698906,0.197952752561238,-2.64445014239933,0.00818237600121241,0.0179238775870859
"SELENOO",539.775106113658,-0.797798674022269,0.296391533014969,-2.6917053463264,0.00710877204209305,0.0158962096487144
"NOB1",5863.75546048645,-1.2020866835538,0.190387606000493,-6.31389148068117,2.72104779297636e-10,2.75791962413332e-09
"SEC23B",5690.4284419014,-1.19849953934781,0.200865544729704,-5.96667557375547,2.4213617064993e-09,2.09025950675009e-08
"NOL12",203.517387257888,-0.896963213629064,0.3671795782577,-2.44284613508527,0.0145719484383174,0.0298098124708387
"FUBP1",4867.39185971942,-0.565186154032255,0.215247150382858,-2.62575440848793,0.00864571726367432,0.0188480145032472
"NOL6",1767.46825881036,-1.33670771897054,0.21086056542782,-6.33929685362677,2.30816132795558e-10,2.36171866439646e-09
"TRAF4",1620.52105933146,-1.76980140930818,0.248115565354823,-7.13297211634924,9.82244612975162e-13,1.5154264799139e-11
"RIPOR3",272.558770194538,-0.749482192685196,0.30798695721229,-2.43348679265204,0.0149541809741751,0.0305019866677254
"BAX",518.580872578522,-1.093390080765,0.292877246316381,-3.73327083109716,0.000189009167263702,0.000619099317827724
"DDN",39.6938638915301,-4.0220638557359,0.940252282412594,-4.27764327826537,1.88882383563332e-05,7.7052537416343e-05
"BTBD1",5462.43489594043,-0.645489971229924,0.192058386650516,-3.36090489193011,0.000776875717326765,0.0021917205126206
"SERPINB8",1723.60494774818,-1.76566563616981,0.214275001437557,-8.2401849227585,1.71944691488536e-16,4.82670395252142e-15
"DDX23",3221.1523645802,-0.726788064083241,0.184771661705294,-3.93343902076526,8.37390900113703e-05,0.000297543164688627
"PITPNM2",444.454776369315,-0.671582645773483,0.283816890135158,-2.36625327496776,0.0179691467818883,0.0357808553779876
"PPP1R3F",352.601965599031,-0.889649640963215,0.295030560864522,-3.01544910586989,0.00256598998430004,0.00645622091429804
"TMX2",1452.39057469842,-0.483197050287615,0.196726576987894,-2.45618592915054,0.0140420484927514,0.0288456334238372
"WDR43",5341.50136199533,-1.68752367141778,0.185894740464359,-9.07784516765992,1.10745555700685e-19,4.64110275627904e-18
"METTL22",1080.05276906089,-0.66931248360376,0.24857727727159,-2.6925730740565,0.00709029959879227,0.0158639077354273
"AMZ1",493.901416296851,-0.709262823275424,0.291047213817932,-2.43693390488566,0.0148123865214716,0.0302535492789754
"C15orf39",1272.58752029089,-1.20727803988393,0.204306979215726,-5.9091375366535,3.43903487468834e-09,2.87632796525597e-08
"G2E3",2766.60979256756,-0.537214893646721,0.195337750290846,-2.75018470749684,0.00595616802482012,0.0136124528557966
"NFKBID",327.186433313525,-2.07245749689949,0.322497197293041,-6.42628064459218,1.30763888678425e-10,1.38971909748348e-09
"NPM3",117.141958191995,-1.62438507373821,0.461604077325802,-3.5190007054286,0.000433175555929833,0.001303940071314
"ZNF585A",3185.06395998381,-1.12103642357617,0.2080056181016,-5.38945262059509,7.06726082356551e-08,4.70805458922758e-07
"KLHL21",5379.89317987048,-1.36451209835692,0.210779288013201,-6.47365360808822,9.56610671048966e-11,1.04357004542525e-09
"CTDP1",377.480912470952,-0.983473267328816,0.287841498595146,-3.41671813178019,0.000633808651755909,0.00182959224388161
"PRMT5",1022.79482695445,-1.06785153752288,0.256968186311631,-4.15557876190898,3.24465143424514e-05,0.00012667753766075
"KIF15",967.769797501178,-1.2164552688018,0.2597002136772,-4.68407496311812,2.81227079013585e-06,1.36266569076775e-05
"CENPK",427.831442030607,-1.30098516111358,0.280109705632977,-4.64455581135141,3.40808910553645e-06,1.623409796422e-05
"PVR",2045.46973966045,-1.16285169624696,0.229133619656755,-5.07499378741944,3.87508662203955e-07,2.25151296456556e-06
"MRPS15",1206.13135725175,-0.573316676310704,0.231300875014478,-2.47866194312849,0.013187623024581,0.027351935574675
"BCAT1",1390.15367060232,-0.845664070546897,0.300320756152885,-2.81586954355027,0.00486454154026196,0.0113907572662603
"UBLCP1",1882.53583613874,-0.709648620723374,0.230713136960676,-3.0758916898795,0.00209874067554626,0.00540015617322135
"UBE2B",4566.09388687471,-0.492631138210141,0.1912075495687,-2.57642095890749,0.00998290266361328,0.0213960724843275
"PLK4",1215.17648777113,-1.62883206290548,0.224671193488234,-7.24984826766757,4.17238780534757e-13,6.80127987359967e-12
"CENPX",356.04312241506,-1.11572847586656,0.286347544830483,-3.89641362745774,9.76276015955415e-05,0.000341451019726579
"FBXO42",4138.96483882958,-0.579042990230333,0.173966433327398,-3.32847537973373,0.000873227228347012,0.00244313432400686
"SPAG9",16231.4185539266,-0.531332884784488,0.167074157805062,-3.18022183541057,0.00147162348657036,0.00392587954047145
"SH3RF1",2099.64873609868,-1.19588980592033,0.201386455074851,-5.93828321510423,2.88022175988876e-09,2.4488101265011e-08
"CACTIN",708.283481391471,-2.14364468982546,0.283891821253775,-7.55092091191038,4.32191243447812e-14,8.18531428696513e-13
"MTHFD2L",974.192002200038,-1.00520744937566,0.214736761985956,-4.68111486863811,2.85319003385903e-06,1.3807944234294e-05
"NKAPD1",1989.80680227606,-0.981846639750058,0.195621418553852,-5.01911624508422,5.19097324499129e-07,2.94371025956368e-06
"SMOX",1186.1776945409,-1.31702536965841,0.251828382000549,-5.22985280370637,1.69645059478174e-07,1.04692705635147e-06
"POLD1",674.643550455618,-1.36820431108476,0.293364184914886,-4.66384235513178,3.10359172215746e-06,1.48977445054658e-05
"CDK7",164.613537195406,-1.23642765186018,0.40311016402513,-3.06722023457363,0.00216059604873028,0.00554121616837988
"PARP8",2946.99016751952,-0.975731714245424,0.194055149499902,-5.02811554735844,4.95323392107946e-07,2.8170028142116e-06
"MVK",927.64104853905,-1.0970331533092,0.254804479842037,-4.30539193812169,1.66690345464092e-05,6.88311146993236e-05
"FHL2",2678.85482665992,-2.21315562785109,0.190250565012067,-11.6328465448222,2.80582197785025e-31,4.14490051677929e-29
"WDR66",512.578958747557,-2.51746856066579,0.309368585548207,-8.13744083357654,4.03720574044574e-16,1.06262132384383e-14
"GDPD2",44.6500607286538,-2.54219593865288,0.733735739357077,-3.46472960534869,0.000530764842471232,0.00156355423561244
"TMEM38B",5034.65685250435,-0.77918554299668,0.247382972374787,-3.14971372328815,0.00163430520942948,0.00431795639728092
"POLR1E",799.180233249301,-0.83240438980525,0.247342933546521,-3.36538577379122,0.000764367082920811,0.00216179327295566
"AVEN",208.004200610904,-0.871861893389384,0.352841182677703,-2.47097543085205,0.0134745075877537,0.0278443312942951
"CEP128",304.101227912164,-0.903321071055316,0.296007854207094,-3.05167940045041,0.0022756501520341,0.00580856015048359
"CYC1",3838.56671656886,-0.740370737809817,0.202562835110936,-3.65501765121101,0.000257164283969658,0.000820509586380511
"CCNK",2821.61238912734,-0.465990184348683,0.182741426043822,-2.54999752621464,0.0107723683451119,0.022868304131944
"WASHC2A",1953.94609199234,-0.843791256095694,0.218543968470131,-3.86096794161134,0.000112938722674539,0.000388335706886153
"RNF8",855.392020036302,-0.680084678903683,0.237606778000798,-2.86222760405176,0.00420674691968727,0.0100111427903472
"TAOK2",3463.76755781119,-1.0858747123981,0.202725916182996,-5.35636850405405,8.49112445007477e-08,5.56561889911169e-07
"PSMD6",2644.13294597581,-0.867817703602739,0.21022648576364,-4.12801317802762,3.65911149322864e-05,0.000140903811101258
"METTL2A",1926.61372542796,-0.736453670936322,0.201663885773625,-3.65188674269135,0.000260320695265115,0.00082968445972037
"NDUFA8",284.685578456547,-0.768560433816402,0.343068546917101,-2.24025326927483,0.0250744851593766,0.0476415218028155
"SLC25A10",416.942687034818,-0.932007625311688,0.266956324201755,-3.49123635897577,0.000480790711779275,0.00143123038584571
"DRG1",1946.41301200363,-1.07524586255299,0.216969631766732,-4.95574359322786,7.20541862209054e-07,3.96147774326e-06
"PPP6R1",3438.31021617549,-0.713847971611137,0.182387074875011,-3.91391754103372,9.08106580779443e-05,0.000320167170991989
"RAPGEF2",2912.38519873171,-0.498998349730985,0.186831616937552,-2.67084532002833,0.0075660503258165,0.0167727598481522
"SIRT7",271.662248893347,-1.21649512173591,0.404995092457809,-3.00372805594587,0.00266693588136546,0.00669168752568514
"FERMT3",181.441508789391,-3.67254979513846,0.459703564761014,-7.98895217844942,1.3609046861172e-15,3.25570274909576e-14
"LACTB",599.492300504409,-1.02871401547577,0.244769497856046,-4.2027868034471,2.63648881107725e-05,0.000104803312375751
"MMD",785.806690600649,-1.82353423213546,0.278375058138597,-6.55063799296115,5.7291788128686e-11,6.4853865144139e-10
"HELZ2",5579.09599774732,-1.01300797253278,0.188225699520191,-5.38187917545294,7.37122376952708e-08,4.87482498647292e-07
"ZNF578",1503.04070041427,-0.722846457254611,0.222049826421604,-3.25533448462215,0.00113258891023905,0.00309764770682829
"NECAP1",1435.19937916805,-0.562602633028061,0.200786550374554,-2.80199361948578,0.00507878780927533,0.0118198334639653
"MYSM1",8684.96796901466,-0.844142737914849,0.169350643493635,-4.98458535793268,6.20948291087377e-07,3.47625149411209e-06
"PRCC",2999.76381794258,-0.704248955253499,0.193095404938135,-3.64715543323846,0.000265159536776174,0.000842154099871225
"CCNB1",4000.10759769246,-1.044019487979,0.191726749085231,-5.44535122490857,5.17032626865556e-08,3.5421980198824e-07
"AQR",4600.70669676356,-0.486994700760255,0.175411345180812,-2.77630104403035,0.00549812737604274,0.0126808878473991
"BUD31",1546.12159963074,-1.19588474463327,0.27088581952033,-4.41471889060444,1.01141331820939e-05,4.36714745874992e-05
"TBC1D10B",4792.22251955802,-0.965290742688637,0.177221876230957,-5.44679225396905,5.12863045802813e-08,3.51771066471134e-07
"XPO1",36954.022097475,-0.569929004594868,0.167303470225448,-3.40655817734603,0.000657875280800106,0.001892592519108
"STX3",2195.38273983237,-2.30344572427001,0.207706290535213,-11.0899179718368,1.40416463311089e-28,1.56551109755703e-26
"WDR24",1390.17154746295,-0.644211502355853,0.238389494359356,-2.70234854135286,0.00688515452178378,0.0154693452734678
"METTL1",674.679903365176,-0.697557743223402,0.270978095734418,-2.5742218806758,0.0100465821923221,0.0215091500631998
"CHRNB2",164.298620137634,-1.09782300448323,0.398582570359881,-2.75431763986067,0.00588146560281226,0.0134625528750795
"ATP6V0D1",2191.21468588175,-1.06205280980284,0.214237663041419,-4.95735807945921,7.14582041183645e-07,3.93519597516697e-06
"SMTN",541.700976264355,-1.58911903779179,0.275445534873671,-5.76926773752429,7.96167265233784e-09,6.29792820651463e-08
"ZSCAN12",930.352765543409,-1.06860255315173,0.222716737557276,-4.79803433218356,1.60230318988244e-06,8.15856057648889e-06
"FARSA",1371.30619784995,-0.916980025659726,0.203764170575374,-4.50020247951553,6.78887643715058e-06,3.04366243301387e-05
"FBXW9",306.54513521856,-0.934669642661184,0.358839263418513,-2.60470282364581,0.00919539778444259,0.0199104454042768
"TBL3",1613.38440926372,-0.842219755969554,0.217825838447691,-3.86648233272751,0.000110416458834281,0.00038088199372549
"MED10",1252.68786737827,-1.01742532022929,0.228615081272723,-4.45038583878712,8.57161495569683e-06,3.75182761283056e-05
"RPS24",599.965890536487,-1.37058060322675,0.251890764797554,-5.44117051821369,5.29316177097651e-08,3.61378312012712e-07
"CENPI",975.392265802485,-0.864650815054497,0.241093157240094,-3.58637642375486,0.000335304849664735,0.00103951540223973
"ZC3H7A",5696.11244129912,-0.610196551588141,0.17196689881683,-3.54833724272768,0.000387671506325265,0.00118354478474605
"NDOR1",1697.14629446009,-2.476132858645,0.241233631093782,-10.2644595922132,1.01889845472331e-24,7.87015812935957e-23
"EIF1",18071.1519352442,-0.531677858770887,0.174355127911199,-3.04939616712435,0.00229301882030823,0.00585036623886068
"SRGAP1",7045.6219607892,-1.23931329488444,0.185711706413465,-6.67331811665797,2.50083477546014e-11,3.03126824373209e-10
"DAZAP1",1225.56483808653,-0.477930095986206,0.209366548700487,-2.28274334631134,0.0224454908769388,0.0434000018297878
"RRP8",1724.17057908572,-1.26278333657135,0.235597798310955,-5.35991144919216,8.32627539778526e-08,5.46970109233053e-07
"CWC25",276.739004950578,-1.64653166990726,0.333442924026045,-4.93797154255597,7.89393582320258e-07,4.29514427065415e-06
"ZNF211",625.837536339185,-0.944316135685991,0.24560907343426,-3.8447933640316,0.000120654065326868,0.000412942294825637
"FOXK2",5348.05728418352,-0.529362896560084,0.178973276795333,-2.95777618893038,0.00309867018181802,0.00764192074472567
"NFKBIE",1338.56316576785,-3.73653328945433,0.295652050091901,-12.6382796543872,1.29864288395165e-36,3.56915386105595e-34
"MON1A",579.111509105952,-1.1432086458674,0.244826103452353,-4.66947204463386,3.01974786525107e-06,1.45247782952939e-05
"UBE2C",3807.71755812979,-1.19262880698511,0.175487526192603,-6.79608877542761,1.07497552547285e-11,1.38388461438324e-10
"DAB2IP",2875.66851945397,-0.716424820717528,0.187758069019311,-3.81568059609647,0.000135808084866058,0.000458959092635709
"FAM126B",3490.20437775129,-0.674679974860351,0.191278973989307,-3.52720406633961,0.000419972944411269,0.00127002053660501
"TRIM8",1630.65554495017,-0.519407476566059,0.221174791105087,-2.34840269983243,0.0188541245597235,0.0372809689379138
"TMEM128",1217.94197605311,-0.772944887939991,0.207576019445974,-3.7236714048328,0.000196346448390012,0.000640646694387953
"NT5C3B",1939.89668011465,-1.04099971892483,0.19218672788531,-5.4166056646017,6.07411004019111e-08,4.09257881727358e-07
"PA2G4",5639.31236122884,-1.15882050226644,0.184524876135275,-6.28002319544658,3.3852251997627e-10,3.36755819956192e-09
"RIT1",1484.11060384538,-0.543021023692115,0.206343756135906,-2.63163293070259,0.0084975617280944,0.0185558360130487
"NACC2",1026.75530134501,-1.14392265547263,0.234624444103561,-4.87554764314204,1.08507003098746e-06,5.77108804059849e-06
"ALG2",3363.56633461845,-0.453444388777787,0.178825303108,-2.53568360235874,0.0112228080740692,0.0237010625123927
"ITSN2",4564.04077550156,-0.445178936672616,0.173953646478555,-2.55918140081931,0.0104918977558706,0.0223491794662724
"MAPRE1",8994.26872285275,-0.672450729436115,0.19910224146989,-3.37741415903552,0.000731707874688556,0.0020761881543984
"SLC25A33",287.486209954916,-1.2480532012096,0.32327868119233,-3.86061090266291,0.000113103890386569,0.00038856446993851
"PELI1",1562.7674849506,-0.703658236443147,0.223142816042472,-3.15339856744129,0.00161381301316521,0.00427145401782451
"TTI2",833.383448023937,-0.677409202102863,0.237932508388865,-2.84706451711819,0.0044124418868019,0.010431333910427
"MAP2K3",3090.07031529383,-2.41035941185568,0.203557103578067,-11.841195268979,2.39021970891027e-32,3.7663488693202e-30
"EIF5",16676.4014047198,-1.52534255575731,0.188800531358577,-8.07912215490708,6.52346563735957e-16,1.64380206614745e-14
"ZMYM4",10821.1655876395,-0.523145368411045,0.170435694648581,-3.06945895042533,0.00214446873761982,0.00550460317267193
"WNT2B",81.725933024982,-1.8057408120185,0.563243770740574,-3.20596676931596,0.00134609532626942,0.00361960285912447
"ELF4",2543.74341840755,-0.770984560114293,0.188541724374158,-4.08919862525648,4.3286607558337e-05,0.000164014468779874
"PIP5K1A",6403.00646674415,-1.17008125571344,0.18082752084085,-6.47070340992649,9.75477389119561e-11,1.06152778863858e-09
"MYLK3",103.916513130767,-1.64051987169557,0.519785816786763,-3.15614589454752,0.00159868873459755,0.00423237084800043
"KBTBD8",289.496844036543,-4.26146274179462,0.420551955159935,-10.1330232555309,3.94267058235885e-24,2.67784373231706e-22
"ASF1B",535.664186299881,-1.43144744777854,0.249565235044216,-5.73576462893532,9.70733938837408e-09,7.6024742804377e-08
"HIST1H2BJ",648.736345018964,-2.04848896907737,0.275572299988359,-7.43358083945267,1.05696545679879e-13,1.86994277970781e-12
"ACD",2075.63239701703,-0.629639762572441,0.201672944174555,-3.1220834562095,0.00179576025103896,0.00469935665340532
"SCYL1",2589.55366818059,-0.924720817290486,0.206066902555514,-4.48747860924133,7.20710456384916e-06,3.20925251452786e-05
"FIP1L1",3626.64641754736,-0.487072556435315,0.183124371337708,-2.65979100912288,0.00781891514246313,0.0172717643277812
"LTV1",1227.6813822578,-1.35059498261426,0.209702976122253,-6.44051413856374,1.19069462767815e-10,1.2746040860417e-09
"CCNT2",3804.23243382733,-0.702519778136537,0.189725222682122,-3.70282753239185,0.000213209832018866,0.000692229064505209
"ZRSR2",340.004316317104,-1.22310094664174,0.30713288377706,-3.98231844014971,6.82462557106698e-05,0.000248088049827344
"ZNFX1",16747.4632131676,-0.570930490531634,0.170542881776918,-3.34772395413402,0.000814781254096672,0.00229154803924666
"FOXK1",11797.9555717621,-0.695776568409339,0.207420747694512,-3.35442127242775,0.000795311807286705,0.00223998926084706
"NASP",753.451572032996,-0.812561474633196,0.26453920793266,-3.07161074905781,0.0021290716636983,0.00547343243889198
"NDUFA9",2043.60112392217,-0.915979256139266,0.204660779003941,-4.47559742808184,7.61979413952111e-06,3.37566647553504e-05
"LRCH4",2406.2222612921,-1.49083737357178,0.214975486817961,-6.93491800222881,4.06456848885261e-12,5.69811036788377e-11
"DPF1",291.925842326834,-2.86161161393301,0.378131595091589,-7.56776648944104,3.79695706030883e-14,7.2374900868919e-13
"NOC3L",1872.83310127374,-1.14778920265131,0.197695779916186,-5.80583562854967,6.40457701362353e-09,5.14893137054442e-08
"SNX8",1916.05008286907,-1.60039846815444,0.228361678611962,-7.00817439196478,2.41447748538786e-12,3.51840874504484e-11
"RNF113A",217.986759229824,-1.02170799541508,0.367034081452791,-2.78368698451915,0.00537448737579646,0.012419963200462
"KAT7",8591.60853026442,-0.560423978606559,0.168800795518493,-3.32003162002374,0.000900072529193856,0.00251229502834506
"NAA35",2584.88226368018,-0.43856339340152,0.181845528184636,-2.41173592652895,0.0158767761864964,0.0321342252050034
"POC5",1035.06761473965,-0.69095400170463,0.225483107578066,-3.06432712022745,0.00218160222043676,0.00558781426985731
"UTP15",2690.53456243804,-1.23295722549891,0.198043161140967,-6.22569958182645,4.79411925612423e-10,4.66311945422849e-09
"SYNJ2",6606.01310865723,-0.890085599052508,0.251062447899746,-3.54527571326771,0.000392202607374339,0.00119490858828305
"ATP6V1D",1383.11087303767,-0.867814871724721,0.246275149850503,-3.5237614199058,0.000425467159694273,0.00128499128373803
"CHFR",905.507415370714,-0.995669687759851,0.241163159864459,-4.12861437177822,3.6495589347144e-05,0.000140627608381007
"ZC3H12C",2808.35307881871,-0.863173279231226,0.181395386269105,-4.75851837791885,1.95019139243534e-06,9.75756218281151e-06
"TSC22D1",18124.5657781732,-0.588239886044176,0.167634850623968,-3.50905485258369,0.000449702148407888,0.00134956322749731
"TOP3B",364.496234551924,-0.744475277181252,0.330165463393035,-2.25485509456516,0.024142425747625,0.0461525699588212
"INKA2",145.806249034092,-1.07844999492951,0.422686118932977,-2.55142041960577,0.0107284822005564,0.0227833248241107
"ANKRD13A",5383.2401213737,-0.966024580598558,0.194866315782209,-4.95737078376454,7.14535332546857e-07,3.93519597516697e-06
"RPF2",2601.12101410606,-1.1305653021851,0.204826940862003,-5.51961230015536,3.39748413337648e-08,2.39853449750557e-07
"NUP35",931.313935955507,-1.1665144240874,0.22033330822338,-5.29431720284774,1.19461917449403e-07,7.58217476056416e-07
"ACVR1",4021.37134334451,-0.91239335809943,0.179323569582328,-5.08797231855542,3.61912179752953e-07,2.11305916367875e-06
"PPP1R14B",664.743346955035,-0.861066607718245,0.235977548405925,-3.64893445810807,0.000263330270444607,0.000837695056827554
"MRM2",1109.16267673912,-1.25865541242259,0.2162442473469,-5.8205266862126,5.86624754529964e-09,4.75170071900967e-08
"NUDC",1304.31923976252,-1.06750863723779,0.21629018095543,-4.9355390638735,7.99296795586538e-07,4.34302966907665e-06
"ACRBP",97.1474884797484,-1.67888244283034,0.493861907829643,-3.39949774666457,0.000675097361126193,0.00193789181777735
"PICALM",10528.6828805801,-0.993872857846391,0.171974711626254,-5.77918025532928,7.50654683955953e-09,5.96185285953727e-08
"KIF4A",1550.09917135704,-1.61781636323335,0.216802519165187,-7.46216588932112,8.51116304171929e-14,1.54035106932678e-12
"ZNF512B",2614.33230416943,-1.02605689003615,0.212592368521273,-4.82640509239858,1.39019596270811e-06,7.19638015211761e-06
"BRF2",285.816545220543,-1.30877597354084,0.364689426494732,-3.58874120952818,0.000332278476290126,0.00103121508214199
"FH",913.342000073729,-1.09429557957464,0.226848141598822,-4.82391247229122,1.40769211076255e-06,7.27738642388094e-06
"ZBTB2",5120.56833332026,-2.78794905794064,0.204513646405368,-13.632093050723,2.58071031832363e-42,1.45232545437851e-39
"ADK",924.875790811731,-0.555233445479446,0.229258296564558,-2.4218684941816,0.0154409371776779,0.0313702932036785
"DHX37",1534.02289350156,-1.24144250067411,0.237287554019315,-5.23180621842922,1.67861673681096e-07,1.03754668387196e-06
"NTMT1",199.027239871276,-2.01451209842677,0.374075939146313,-5.38530252179312,7.23229013390555e-08,4.8017530787919e-07
"CCNYL1",2453.74734886098,-0.723165718482438,0.193933049094821,-3.72894523062366,0.000192282934557693,0.000629125061074978
"SLC3A2",37411.539999349,-2.39172282039342,0.194186824174279,-12.3166071156655,7.37315874114911e-35,1.6260511897708e-32
"NBPF14",1549.37178177539,-1.63828184077104,0.21605787835732,-7.5826063517185,3.38681254964808e-14,6.55079389717528e-13
"PTBP2",4089.66701057192,-1.40868729253742,0.179787140465039,-7.83530617870495,4.67701598462936e-15,1.01604733283731e-13
"EIF5A",14134.197983475,-0.574564015772802,0.172635644204141,-3.32818878987345,0.000874126080768864,0.00244507030118969
"RFX1",1293.31262807598,-0.620188218101891,0.226234917747033,-2.7413461382445,0.00611880106034367,0.0139222161977554
"F3",338.266479337783,-1.64809117143855,0.309178095779588,-5.33055605793454,9.79125032554755e-08,6.336965845965e-07
"SLC38A1",10910.9299611115,-0.761411886664887,0.201831098721682,-3.77252014921075,0.000161606910931086,0.000538495617291213
"CPSF2",3356.11645350303,-0.706651626163913,0.185110861456538,-3.81745090808637,0.000134837605924959,0.000456070643051278
"ZNF282",3819.42165390519,-1.36759483350477,0.197415346483399,-6.9275001050629,4.28342225173362e-12,5.98362697056595e-11
"PSMD8",2390.43886909265,-0.669476613069473,0.212407452348562,-3.15185086807058,0.0016223911184888,0.00429031511262041
"SRSF6",12235.4793600529,-1.54829055285282,0.175418357005051,-8.8262743950352,1.08220325474057e-18,3.91115537141408e-17
"MLH1",5004.40065115922,-0.634617341344379,0.178764113402048,-3.55002650849222,0.000385192362452979,0.00117719248499336
"DDX51",548.260018659936,-0.786508827091221,0.286551188497134,-2.7447411096642,0.0060558650664033,0.0137922939592897
"DHX38",2468.65101388783,-0.706107918674192,0.222995270379972,-3.16647038060952,0.0015430105916707,0.00409874110415023
"UBE2I",10310.1031239424,-0.459256536273601,0.182492463181693,-2.51657810008491,0.0118500633529035,0.0248437198340631
"ETV3",1913.53735765635,-0.704503543166575,0.191692142699063,-3.67518216055716,0.000237679770131669,0.000763702969933677
"IQGAP2",116.376979926731,-1.64993553940758,0.464163465666687,-3.55464326999055,0.000378492237690402,0.00115851366615519
"ZNF468",1294.53286639825,-0.805140024033873,0.202476676963078,-3.97645810920086,6.99493141440668e-05,0.000253499231694137
"DAPK3",712.563456786428,-1.21862706118385,0.250655801049394,-4.86175486895555,1.16349649971523e-06,6.13640886009755e-06
"GART",3849.2471786774,-0.739315675970935,0.18427030345638,-4.01212600241875,6.01743652770543e-05,0.000221459039357173
"SERAC1",1494.39979429788,-0.582250217958795,0.196771149238839,-2.95902229677006,0.00308616771021298,0.00761585508442202
"PGBD5",75.7856398268611,-2.69053760988979,0.584727478003182,-4.60135312791842,4.19755090656438e-06,1.96228863187412e-05
"CTNNBL1",1464.42746787667,-0.79368866454518,0.206008853487667,-3.85269201351434,0.000116826298788329,0.000400770159384753
"PRPF38A",2720.13274835499,-0.485206661338158,0.189428193613002,-2.56142790618289,0.0104242874130147,0.0222292004054507
"DNAJC9",522.693830013921,-0.828531434175285,0.256913658258352,-3.22494117203421,0.00125998556773767,0.00341368854642911
"ZNF555",1466.60684520164,-0.652407307107091,0.216240630508582,-3.01704312262074,0.00255253497383714,0.00642784110820526
"BIRC5",1165.7483346668,-2.08972515857946,0.249996418529322,-8.35902038466347,6.32411838901324e-17,1.85916495326762e-15
"TUBA8",80.5298334132184,-1.18329606817922,0.511269683791534,-2.31442642834599,0.0206443425918655,0.040266519351488
"TTN",1290.93537208685,-3.86194617039319,0.329314631863903,-11.7272231377476,9.24417725816687e-32,1.40061136970533e-29
"CYCS",7883.65495531515,-1.47134934980439,0.198075094395653,-7.42824005356971,1.10052100410894e-13,1.93829466863778e-12
"LRRC9",126.987532826863,-0.940697806605866,0.418497219985871,-2.2477994158184,0.0245889831483152,0.0468773355132746
"AGO2",18585.5131808466,-0.734309470854257,0.195012220790837,-3.76545361042706,0.000166246988798755,0.000551728984449223
"NAIF1",798.006046230255,-1.29241622490986,0.257530782910401,-5.01849219850163,5.20786079256958e-07,2.95045536177312e-06
"DOP1B",1707.49888489799,-0.590243078393493,0.192253842122872,-3.07012370663708,0.00213970124849842,0.00549597682128978
"TDG",1533.36705692049,-0.961991822695679,0.197489023094912,-4.87111540489697,1.10969996316403e-06,5.88355054494058e-06
"EIF3M",2968.0025384424,-0.925246822621539,0.195069026725044,-4.74317649580373,2.10392811391017e-06,1.04823872049707e-05
"SLC7A6",3352.99500892195,-0.582444652638238,0.194735125233552,-2.9909583694246,0.0027810340408884,0.00695423051050126
"PLEKHO2",974.175558455094,-2.08551910692399,0.257806136176994,-8.08948591313669,5.9917083239661e-16,1.51627428206919e-14
"ABCE1",8596.28287251032,-0.516861487551144,0.190268860857546,-2.71647964475973,0.00659802523144027,0.0148893378241667
"NDUFAF2",267.084622084847,-0.800397486637501,0.34300934469932,-2.33345679645878,0.019624183317095,0.0385819525841351
"MSX1",750.39248290335,-0.890344488661318,0.226252110570231,-3.93518754992981,8.31317519990444e-05,0.000295562889628371
"NUDT1",180.077374390011,-1.0022960060143,0.369545732698257,-2.71223807320404,0.00668305747687094,0.0150697144174129
"CLUH",2698.33365573066,-1.42344296674198,0.207197653856308,-6.86997627747822,6.42125815015072e-12,8.66283434000927e-11
"PQLC2",1040.54071116203,-1.82776631057136,0.231994021863906,-7.87850607479696,3.31318391807605e-15,7.4298306534768e-14
"SDAD1",4756.14366042891,-0.618815125824735,0.172995107483743,-3.57706720626702,0.000347470860847623,0.00107329080854606
"MAEA",2079.63868161869,-0.656119184346735,0.191031573665687,-3.43461120984623,0.000593404528217977,0.00172517951155721
"ZGPAT",233.158374494238,-1.76103644259896,0.377476841476832,-4.66528340045742,3.08191982516399e-06,1.48057432901577e-05
"FAM193A",4829.68119601178,-0.851327177045899,0.186860045330558,-4.55596152478659,5.214648173473e-06,2.39327037336326e-05
"SLMAP",5638.98687732416,-0.824803970821014,0.17234358716236,-4.7858117868,1.70297590725125e-06,8.62656205396282e-06
"TCERG1",5417.59337246141,-0.896893305154742,0.180518637951849,-4.96842495229759,6.74989137253422e-07,3.7450805746765e-06
"DYRK3",633.668628672597,-1.3780271709959,0.242623198441554,-5.67970078643514,1.34930572159908e-08,1.02944448146274e-07
"SIX4",2557.7935685917,-1.10544698760099,0.186123919671223,-5.93930640163659,2.86230465386786e-09,2.43851997175906e-08
"EDC3",2211.93898268857,-0.779578019129346,0.193593291923625,-4.02688549475618,5.65205398348251e-05,0.000209326148470061
"NCR3LG1",131.894854053993,-1.13602652633169,0.447307564320039,-2.53969889388878,0.011094794142257,0.0234684584165373
"THAP4",1327.65290919781,-0.780640890550849,0.221116821825388,-3.53044550887814,0.000414860461350829,0.00125681131305924
"STARD8",88.3113895017721,-1.90130485068325,0.512055308113111,-3.71308493547197,0.000204748134582469,0.000666955196939255
"ZNF486",1109.46594878975,-1.38586959493237,0.222303742833547,-6.23412623317845,4.54306640145589e-10,4.43352260383202e-09
"SERBP1",12138.6575217912,-0.523041847427255,0.199715744999606,-2.61893145895076,0.0088205668252453,0.019185340143237
"HAUS2",1935.51714050289,-1.11486745755733,0.197483977539452,-5.64535650662906,1.64839307764522e-08,1.2313975595203e-07
"ZNF625",1154.67143966968,-2.06098321964854,0.244307645788389,-8.43601604443316,3.28337738698032e-17,1.0026603090267e-15
"MED13",23427.6838888491,-1.00470355372413,0.163681519759303,-6.13816119988113,8.3482128584328e-10,7.7929841675323e-09
"YJU2",360.06402268647,-1.20936957555945,0.323302763708424,-3.74067193762111,0.000183528946025027,0.000603322693775734
"MRFAP1",6245.28985863751,-0.492845086546773,0.185854850777234,-2.65177413710605,0.00800700840578753,0.0176151188684377
"EXOSC4",193.987287977881,-0.888588920743751,0.366671514208471,-2.42339229067722,0.0153763122441954,0.0312497434397078
"TJP2",3585.18130752871,-1.22384100344616,0.182253922779993,-6.71503243814133,1.88024387631934e-11,2.3341094674729e-10
"MCM2",1748.85411766945,-0.645153945013488,0.195909073870004,-3.29312947210184,0.00099078838168703,0.00274154462532834
"ZSCAN20",729.423496904579,-0.832644118745087,0.248440267969441,-3.35148615621163,0.000803790576902484,0.00226117520538766
"KCTD10",4801.83972262767,-0.798699400832937,0.198405523046205,-4.02559056103965,5.68325024785914e-05,0.000210283817874763
"SCAF4",8010.70325674159,-0.843602253577994,0.173805099163666,-4.85372556753128,1.21163380342651e-06,6.35838733965119e-06
"BEND7",281.249260917431,-1.45828828399836,0.332731018193815,-4.38278430401372,1.17172107986688e-05,4.9936529830028e-05
"PCGF6",768.631571134355,-1.32367837976626,0.231811427630763,-5.71015153694086,1.12875623913536e-08,8.7244219974504e-08
"GYG1",2014.69113793779,-0.634389307041004,0.220272547985152,-2.88001983380955,0.0039765015441132,0.00952458355255974
"TMED6",74.6211717208151,-1.66472909657762,0.549590899255351,-3.02903322968627,0.00245337696081245,0.00620590944410992
"SRPK1",3576.99117075165,-0.529103407782085,0.176933152816514,-2.99041417258179,0.00278599409963331,0.00696086221341786
"MKKS",2445.71702867425,-0.479837793345959,0.186172184330713,-2.57738713799255,0.00995503851589153,0.0213518412306363
"MGME1",1641.74461801773,-0.526354893006164,0.19843846806615,-2.6524841586194,0.00799018771815243,0.0175843647026304
"NOTCH2NLB",1003.32926280715,-0.721004706242007,0.22086850442251,-3.26440706486047,0.00109693442640796,0.00301128247416708
"ZNF202",714.957952487191,-1.54846059624349,0.260114731478216,-5.95299077235527,2.63286148076254e-09,2.25963376758545e-08
"NEK10",1008.01896028611,-2.55024246339561,0.284340340512462,-8.96897872035795,2.9927636823305e-19,1.16727660718752e-17
"TRIM4",4600.32626802917,-0.43496629774193,0.182653246328054,-2.38137731732788,0.0172480349319628,0.0345172930498924
"AP4E1",1829.35931835024,-1.14179582240031,0.192650600396055,-5.92677012193568,3.08950989114146e-09,2.61546045082448e-08
"CWC22",3143.91910049092,-1.02360508951675,0.183737957138059,-5.5710050631924,2.53273966917362e-08,1.82623047042671e-07
"DDX31",1151.43481980955,-1.05857269632028,0.22423555726444,-4.72080658943805,2.34911232091895e-06,1.16206820463039e-05
"HIST1H2AK",430.423509006638,-2.80759021359126,0.322367906570547,-8.70927333759526,3.05828990929451e-18,1.0385882226449e-16
"TRMT44",912.47542396814,-1.34493479263988,0.25316748654808,-5.31243095619412,1.08172416185459e-07,6.936416790449e-07
"POGLUT1",2044.82638694803,-0.522951922466092,0.208297101527889,-2.51060585399492,0.0120524181549655,0.0252187460615053
"TRIM16",2775.04426362387,-0.531006522397725,0.190153984011745,-2.79250800427577,0.00523011736125912,0.0121143712511275
"ETF1",5778.08736919733,-1.04376820867441,0.186577686336196,-5.59428208791076,2.21536516908058e-08,1.61812024525304e-07
"CBL",6911.26257002656,-0.600760505960175,0.176432213228454,-3.40504999040214,0.000661519428212553,0.00190126952767559
"GTF2H3",2628.14528727319,-0.458001811209699,0.188822852592643,-2.42556345760632,0.0152846433433347,0.0310848244762571
"UAP1L1",3770.58522304465,-1.58509427062625,0.219078205764682,-7.23528963136043,4.64536686333298e-13,7.49985595503678e-12
"RARG",2039.75679758274,-0.507174443062347,0.19786931596297,-2.56317883646629,0.0103718608919165,0.0221373762002293
"MFSD12",1250.62453072149,-0.577428791620928,0.202646839753265,-2.84943398240991,0.00437970940179153,0.0103747054941616
"COG4",3041.83672539204,-0.474116339334136,0.198578232787638,-2.38755442970006,0.0169608910177006,0.0340138825805508
"IFRD2",1121.08462861237,-1.79926551402763,0.21509881310201,-8.36483236741217,6.02004543602747e-17,1.77418695668261e-15
"KLF2",543.512585266199,-0.729859921867476,0.302378404359352,-2.41373031719586,0.0157901447515124,0.0319807936029774
"TNFRSF10B",11660.1485633427,-1.67130455860123,0.177271780378413,-9.42792222785593,4.18292534464071e-21,2.07705091272958e-19
"EIF2B5",1727.73638679166,-0.859862783874463,0.224218047387446,-3.83494011250856,0.000125594892428911,0.000427623289750755
"SIK3",5486.06277245606,-0.47595912422778,0.184255595980042,-2.58314610037318,0.00979038536459661,0.0210368680434187
"CEP295",2745.59639329369,-0.701436181629015,0.195874409971321,-3.58105064225447,0.000342215308525201,0.00105899463633172
"MSANTD3",2449.53640526768,-1.71107875310671,0.193698202978243,-8.8337358158088,1.01236585866069e-18,3.70406802404088e-17
"GAPVD1",11301.1077521015,-0.407365827099568,0.171643355445118,-2.37332710050533,0.0176286443691921,0.0351798917857333
"MORC3",4767.97885639021,-0.650470421429255,0.174484691851957,-3.72795122898891,0.000193042723135563,0.000631261456008876
"DNAL4",246.401357031804,-0.736684702589663,0.328067332578299,-2.24552897967627,0.0247341939850988,0.0470933952820843
"SLC6A4",167.2426816385,-1.35128473682605,0.415608807025032,-3.25133807076582,0.00114863185636936,0.0031378944240807
"MED17",1368.47881815651,-0.548709978862748,0.200642776425526,-2.73476069579019,0.0062425641205892,0.0141792471222609
"DND1",363.715340350569,-0.89280124087179,0.306463656684015,-2.91323692516118,0.00357703092810033,0.00867635035435094
"AKIRIN1",3297.31016911894,-1.36090248351625,0.178323172115985,-7.63166372248632,2.3174328617621e-14,4.59520495978263e-13
"NSD2",6829.33048193875,-0.459862442006129,0.180544822639971,-2.54708185636069,0.0108627949189559,0.0230271767447929
"GPR89A",1514.37057945222,-0.764826626494151,0.204311382472801,-3.74343620623275,0.000181520703827134,0.000598051764100662
"SNX11",860.057235443045,-1.43542133376268,0.224084682262951,-6.4057093026925,1.49671901001017e-10,1.57508684419414e-09
"C1orf52",1510.17815613611,-0.954253706439313,0.201709449665461,-4.73083292836286,2.23600491216143e-06,1.10936633299428e-05
"BLOC1S2",639.385053006793,-0.732730185660842,0.245283330661639,-2.98728080576997,0.00281471056315229,0.00702073647854239
"MAGOH",387.397167465968,-0.829506723156398,0.281178081016529,-2.95011161665776,0.00317659147492957,0.00781230690651505
"ZC3H12A",2534.15335305158,-3.62561298455383,0.236379511803164,-15.3381016692044,4.25455731396827e-53,4.57094166695246e-50
"DLK2",143.296735549456,-1.10322951387629,0.431730742931068,-2.55536473123582,0.0106076581777918,0.0225591693980822
"PTDSS1",2625.80267701964,-0.547762809972436,0.183168547181091,-2.99048509366013,0.00278534723496156,0.00696071761953387
"BRD1",1250.37175014233,-0.947023763322507,0.223169226469294,-4.24352308024337,2.20037730371173e-05,8.87207743953097e-05
"FAM167A",621.56281782002,-1.14598115381345,0.244153584387352,-4.69368965722552,2.68320994764434e-06,1.30709708001899e-05
"UNC119B",3438.55487937294,-0.511085150798557,0.186025851944632,-2.74738777140864,0.00600720639630852,0.0136999546876832
"DBF4",3102.72773485438,-1.22261794362604,0.180991260938192,-6.75512142016383,1.42715687200022e-11,1.80967166451702e-10
"PANK2",2284.29249265664,-0.628514702883107,0.199084319272728,-3.1570276613403,0.00159386225901541,0.00422243088478909
"BCL2L14",81.6547660307407,-1.89126775198765,0.556409079755985,-3.39905982989542,0.000676179229431643,0.00194052601588712
"WIZ",4362.00610269326,-0.404510053592919,0.173545571535243,-2.33085782607119,0.0197608577472233,0.0387736704062237
"SLC36A1",749.834374206261,-1.4181967080842,0.231663953758748,-6.12178409749967,9.25333520309258e-10,8.57693454354102e-09
"RTCB",883.970698181031,-1.32186713365218,0.231012474563257,-5.72205953878139,1.05240411432869e-08,8.19862348262129e-08
"SPOCK1",91.6430371892831,-1.13813009558874,0.497435556311095,-2.28799506016203,0.0221378087936511,0.042884813105637
"PKD1L1",245.980140788829,-3.53588721862798,0.394544988273832,-8.96193672133004,3.19024923605168e-19,1.24020939051509e-17
"HPS5",2105.74651123206,-0.79405956956861,0.215711878523947,-3.68111193042371,0.00023221902723696,0.000746969097410559
"ZNF653",222.855709850881,-0.956209142391894,0.362768961712766,-2.63586261039886,0.00839237038988883,0.018346473042491
"FTSJ3",1397.63277140845,-0.693858131283254,0.235836338643679,-2.94211712780867,0.00325976606057431,0.0079891985283839
"RFC5",1126.50289107669,-0.71267003296519,0.21749318748466,-3.27674646368156,0.00105010618093595,0.00289381431479524
"EXO1",315.702546262502,-2.18813676648631,0.30231820828524,-7.23785966745932,4.55820711609027e-13,7.37930023259655e-12
"RBBP8",2031.02983204904,-1.04887361254887,0.19480851714444,-5.38412605323199,7.27974761774552e-08,4.82783711259913e-07
"PLEKHM1",1174.68080658715,-1.05879998179351,0.225157216112331,-4.70249188578204,2.57005436413923e-06,1.25871953897213e-05
"HEATR3",597.357787820444,-0.707057364348414,0.256979282480289,-2.75141777004008,0.00593379151897822,0.0135691850176634
"CDCA2",2227.41185116787,-1.62637587898617,0.214133168765316,-7.59516093823203,3.07410132956559e-14,5.96547282640495e-13
"BRSK1",1025.05345009804,-2.0765472219287,0.286979106695622,-7.23588293879228,4.62510139063591e-13,7.47735269966281e-12
"C5orf56",298.372139061373,-1.1049800634842,0.316180996888282,-3.49477063567686,0.000474469305426404,0.00141383717890299
"INPP4B",912.283824667624,-0.951186191467193,0.254328715572042,-3.73998739909398,0.000184029480308161,0.000604463701579166
"HIST1H4A",49.3384752961208,-1.91222362747557,0.655254936179442,-2.91828954181568,0.00351957371518997,0.00855498193461848
"UBE2Z",7246.23723839488,-0.624667731536748,0.173673511395955,-3.59679335389598,0.000322164217772439,0.00100325078409346
"USP15",6393.92151551089,-1.13534776221292,0.176541907519599,-6.43103826261127,1.26735250251605e-10,1.34811628035415e-09
"MYBL1",1997.28245464789,-1.92005254011185,0.20580645659418,-9.3294086681542,1.06463207304165e-20,4.93404778008088e-19
"AJM1",701.646147245466,-0.508781909452254,0.229216936196988,-2.21965234285747,0.0264423762208997,0.0498637310002542
"INTS13",1935.3672387826,-0.88370149415224,0.213161049626278,-4.14569873671375,3.38779014458604e-05,0.000131743678607166
"BTG3",2255.40558409069,-0.976008928352912,0.185411991207469,-5.26400111447373,1.40953594088098e-07,8.84646614409529e-07
"CS",7186.6611350553,-0.507263567617773,0.182547224215608,-2.77880734586597,0.00545588726259116,0.012591378033491
"NUP62",3293.75046079926,-0.595533136419233,0.185551008646165,-3.20953866413564,0.00132948164820759,0.00357900093815883
"TEX10",8981.2022503827,-1.7610597606657,0.199425781075589,-8.83065244206413,1.04066888197578e-18,3.79587186641658e-17
"SRSF4",3683.06384768417,-0.434640849580516,0.176326547721555,-2.46497680126351,0.0137022122721891,0.0282555827312389
"NAA15",4889.66917730071,-1.00317178866872,0.177052764872318,-5.66594816744129,1.46213722738934e-08,1.106244414423e-07
"MRPS7",798.028306752722,-0.59458098081324,0.246090013458203,-2.41611178144872,0.0156872446363807,0.0318160043097215
"SULF2",1033.30146599202,-1.12301626837705,0.322882554977426,-3.47809521160276,0.000504990517686197,0.00149528592615306
"QSOX2",1546.0667173471,-0.669572508028091,0.198686652388203,-3.36999239747544,0.000751702575616036,0.00212883322277266
"ADPRHL2",738.060846657282,-0.795933239779475,0.239006551665036,-3.33017331213148,0.000867919435380109,0.00242885907821978
"UTP6",1727.07991252096,-0.502301537673715,0.20279871034089,-2.47684779074473,0.0132548415169152,0.0274720654238695
"INSYN1",140.014200496526,-1.0835058364435,0.404868073066435,-2.67619481140393,0.00744633484046418,0.0165321783100894
"YARS",4646.70517933018,-1.731367386353,0.197032485437033,-8.78721791745505,1.53309217318935e-18,5.42457583914723e-17
"CPEB2",10378.2963533584,-0.785186905035947,0.189725975979307,-4.13853137918018,3.49536072142235e-05,0.00013548105282312
"MAP7D1",4112.23007649027,-1.24880724587695,0.194446607124404,-6.42236583268324,1.34172493103647e-10,1.42248283060591e-09
"NCEH1",7329.04323805728,-1.39033792003409,0.169610109548174,-8.19725854630846,2.45931124332731e-16,6.71227258051782e-15
"SIRT6",340.094512334403,-1.10346153142983,0.294242305339784,-3.75017973759951,0.000176707863705165,0.000583822626018349
"FAF2",9066.49606830629,-0.417765044372152,0.166659750084965,-2.50669429276818,0.0121866060863719,0.0254769698794876
"CLCN7",2356.58927466727,-0.568268868014097,0.192469504153658,-2.95251380478655,0.00315197976201754,0.00776043683906736
"METTL18",364.293501029467,-0.869523404824973,0.314081269489506,-2.76846628338665,0.00563208128305255,0.0129368195535695
"RAD9B",260.479223229753,-1.71005945007858,0.355131022832492,-4.81529165331518,1.46985051937681e-06,7.56233932868748e-06
"ZUP1",559.784246173733,-1.02485885895014,0.260236287290972,-3.93818582957354,8.21000013877676e-05,0.000292510647090937
"ZNF501",652.791444699447,-0.616346185918135,0.236206590630396,-2.60935219577578,0.00907138246352514,0.0196743618928134
"SH2D4A",599.017966701689,-1.6746347496432,0.294869097098057,-5.67924806676608,1.35288153473129e-08,1.03150670822286e-07
"AARS",19436.6968950851,-1.44869464470077,0.177839584442818,-8.14607529161526,3.75926116922309e-16,9.9167295754193e-15
"MED18",872.786493741977,-1.20040881446055,0.231408023019857,-5.18741225474947,2.13236339852243e-07,1.28967608207462e-06
"ZNF629",4106.04617270351,-0.833562400317254,0.209000493458229,-3.98832742700605,6.65407817875447e-05,0.000242843652918597
"ATP6V0B",2030.47423040594,-1.09790148525414,0.208816837238763,-5.25772490270403,1.45848474124907e-07,9.12943467800925e-07
"IL11",330.451912565073,-5.17655743700475,0.424125873349437,-12.2052384970624,2.91453245951987e-34,5.74540608149306e-32
"ATAD2B",2983.6833329057,-0.981987253878787,0.190862526601386,-5.14499766593603,2.67524137076514e-07,1.59838233163308e-06
"SLC25A38",1997.35888996152,-0.665151243915055,0.204628640578483,-3.25052857720541,0.00115190690915978,0.0031461141327595
"CREBBP",19561.6502927897,-0.826074038327608,0.166641102689865,-4.95720458514375,7.15146610776435e-07,3.9364707248048e-06
"RYR3",168.131227333545,-1.50678184533652,0.468280422363419,-3.21769130926245,0.00129226815017248,0.00349474256264036
"ARHGEF28",1422.40863789209,-0.478223791831777,0.19854162690712,-2.40868274971623,0.016010208441243,0.0323821056578145
"SNRPG",679.747456967912,-0.565643539728096,0.249760424784842,-2.26474446548277,0.0235283651148619,0.0452048581030997
"EIF1B",2064.81332758674,-0.830804221284119,0.196992613799678,-4.21743843720437,2.47093249495117e-05,9.86536494099087e-05
"OGFOD1",5163.44798679878,-0.687254596021363,0.179359700821752,-3.83171132017197,0.000127255004360603,0.000432403577209202
"ATAD3A",342.484369153562,-1.67619509518576,0.312356743084958,-5.36628432807627,8.03752050627109e-08,5.2888317006187e-07
"PARL",2015.10728744612,-0.572337973530323,0.193101004391161,-2.96393058821666,0.00303736790733146,0.00751111402570478
"EIF5AL1",549.459100392338,-0.637003862520652,0.278445282007294,-2.28771648752147,0.0221540369128947,0.0429017997763331
"ASNSD1",2412.21145590191,-0.92397493291473,0.204112184642525,-4.5267994879039,5.9883710368347e-06,2.71985276377066e-05
"GDNF",37.2279677536983,-2.34581016109899,0.770387102212076,-3.04497590154777,0.00232698954404421,0.00592680224817123
"ZNF107",5625.32183496438,-0.423074554056741,0.177042126909307,-2.38968296101339,0.016862922380748,0.0338405793939407
"FNIP2",1122.13350055153,-0.882088836962719,0.220250972116752,-4.00492596461792,6.20369077396466e-05,0.000227687011076753
"C16orf91",382.634170092832,-1.32738430953772,0.300289388320224,-4.420350372562,9.85409975398532e-06,4.26577842097431e-05
"ACTN1",5566.04509165336,-0.505457263428338,0.179389461181569,-2.81765305553117,0.00483760517668683,0.0113434162654931
"NUFIP2",23193.385286502,-0.590804042650517,0.172489720395432,-3.42515508342236,0.000614448574029451,0.00178110209661026
"MFSD2A",479.801625971186,-4.55476334298599,0.343756540331992,-13.2499685346702,4.51392480685765e-40,1.88474101723785e-37
"EXOSC9",855.915273082716,-1.1364093515635,0.244431494755618,-4.64919364298645,3.33235245232502e-06,1.58989670091147e-05
"CAD",4308.52987689284,-1.21950913500948,0.19078129957566,-6.39218381320362,1.6353314082477e-10,1.71484885383064e-09
"SP140L",1717.81533970449,-0.849312186411078,0.192162736280221,-4.4197548538889,9.88129288468846e-06,4.27441871563866e-05
"BCOR",2791.06243608997,-0.471024343981769,0.197745871743229,-2.3819680270918,0.0172203925227223,0.0344757917725786
"APLF",874.295383915327,-1.10060766015832,0.261544248231151,-4.20811265245492,2.57512487745117e-05,0.000102536475073173
"PDE12",4134.40552394205,-0.686787960254801,0.188579028689764,-3.64191058266958,0.000270622079232118,0.000858119595483007
"NOP2",3708.42673001165,-2.11171008929249,0.209057725993358,-10.1010860959981,5.46337206466693e-24,3.60704642794602e-22
"FGFR1OP2",1367.85691574677,-0.627697315730435,0.232180307441837,-2.70349075960147,0.00686153557654133,0.0154280113096586
"SIPA1L2",825.311249587412,-0.961280120468489,0.308781269601001,-3.11314258701841,0.00185106563716673,0.00483231581622187
"SKA3",1400.05193242738,-0.901754674482552,0.22500406612293,-4.00772612700199,6.1306153402209e-05,0.000225284863466202
"SEPHS2",2567.2629442089,-0.886609413955794,0.202731908805437,-4.37330965401544,1.22376948737366e-05,5.19113704299422e-05
"ACOT9",1231.08528055784,-0.534809208189724,0.21318426058305,-2.50867116890826,0.0121186238568815,0.0253483003080754
"E4F1",461.968878825135,-1.26082787356525,0.312511266635385,-4.03450373850453,5.47178189735112e-05,0.000203159027530303
"CCDC137",618.955690841457,-1.98255162539118,0.281458300180112,-7.04385560533302,1.86991925952671e-12,2.75888961411818e-11
"PILRA",118.042030807472,-1.24797860665758,0.445150807735627,-2.80349621964238,0.00505518249012507,0.011769532440563
"RNASEH1",4868.84309328635,-1.03426563990965,0.174879752009787,-5.91415317109877,3.33587349084454e-09,2.7979668498794e-08
"PHLPP2",3838.30323091873,-0.655836723126144,0.185000971231405,-3.54504475712079,0.000392546424965263,0.00119564784799986
"PKP4",1838.44881726466,-1.00714672893197,0.194440430153808,-5.17971868368777,2.22220765295177e-07,1.34195452440389e-06
"CDKN3",1930.46653863889,-1.28631285276221,0.196939153565645,-6.53152422701689,6.51036882685542e-11,7.32060312043552e-10
"PLAGL2",4385.50233949685,-0.674662852242248,0.176012983760204,-3.83302889269459,0.000126575080430403,0.000430588457261516
"ZNF726",294.97957815103,-1.10669441751886,0.303569295482615,-3.64560722704001,0.00026676115374015,0.000846558355236599
"FRMD5",1103.33656305842,-0.584555838979999,0.227243872615609,-2.57237228116067,0.0101004215595104,0.0216165849312376
"AIFM1",1677.68594535766,-0.857201045541202,0.199428026578339,-4.29829778817211,1.72114823110299e-05,7.08729261155927e-05
"IRAK2",4861.47252681944,-1.28018824560314,0.243819803537141,-5.25055072242368,1.51645138786147e-07,9.4722106246019e-07
"JUN",8290.42100847653,-1.00188662221073,0.204754773132481,-4.89310508801906,9.92573715753488e-07,5.31742346907286e-06
"MTSS1L",5196.28366650164,-0.445814580567923,0.191913200700036,-2.32300112207883,0.0201790921598218,0.0394697966144943
"GSS",2394.35701814933,-0.44084743729037,0.196589214704007,-2.24248028028459,0.0249303483980475,0.0474210296745735
"DUSP7",2659.3607888071,-0.892463806315077,0.183094942847777,-4.87432253689858,1.09182482267455e-06,5.79918460870463e-06
"NUDCD1",1731.06265802112,-0.583841410790687,0.20128784494,-2.90052989024111,0.00372532306788718,0.0089848710237328
"TUBB6",4609.9778961185,-0.659501723658043,0.201118376840131,-3.27917186892515,0.00104112207698429,0.0028723460890887
"GPATCH2",2712.39702852988,-1.35999741671975,0.195011275972077,-6.97394245507361,3.08180180965648e-12,4.42536255000246e-11
"CPEB4",6871.60119201779,-1.68722201331446,0.175315863027759,-9.62389816971275,6.33825461474492e-22,3.40479513804797e-20
"PNN",3711.60307794526,-1.25219387067389,0.186940009638152,-6.69837277262196,2.10753094793498e-11,2.5836930231012e-10
"DDX5",19121.2510394888,-0.679186578960598,0.175673841835779,-3.86617934612886,0.000110553652764703,0.000381243965092867
"PTRH2",1206.13328274022,-0.669984486461166,0.216126069698519,-3.09997071336997,0.00193539778336518,0.00502914050215693
"ZNF709",1198.01402949751,-1.45056796875879,0.20724891194744,-6.99915842803877,2.57504551138361e-12,3.74315963758075e-11
"MAD1L1",628.488325202557,-1.69035937587728,0.283247930173076,-5.96777309138464,2.4051352336907e-09,2.08081172706857e-08
"CIR1",1817.08595220693,-1.01849384042842,0.212645454620919,-4.78963372268682,1.6708602064957e-06,8.47113939097647e-06
"MRNIP",377.190426507115,-1.36078765840966,0.344012336930324,-3.95563621512002,7.63312404252285e-05,0.000273939447113681
"RPS19BP1",312.579436846055,-1.12875473079249,0.325876491090697,-3.4637501067186,0.000532701127175166,0.00156759509983967
"SYF2",1167.62653752315,-0.894679497866643,0.217653260087582,-4.11057246515229,3.94679389696013e-05,0.000151046665395968
"PHF21A",5213.09041403382,-0.444783592000513,0.174786036503342,-2.54473183841553,0.0109361687476167,0.0231660946871006
"FDX2",180.383998067503,-1.64654703241542,0.384012187191722,-4.28774681464306,1.80494654210779e-05,7.39884087222679e-05
"AURKB",565.500358536423,-1.85528391164157,0.270967817533925,-6.84687919224685,7.54784043067023e-12,1.00112657923301e-10
"CLSPN",512.740304264107,-2.4554367781525,0.266224454731466,-9.22318267354231,2.88409903655786e-20,1.2861993363789e-18
"INPP1",554.001028316095,-0.759890263178143,0.269664119291498,-2.81791387439545,0.00483367736283574,0.0113364554621934
"TFEB",574.823194089457,-1.38417685959607,0.283236067666553,-4.88700775646141,1.02380061933838e-06,5.47478539336697e-06
"RTL9",149.119239335177,-1.49622333345916,0.451555014579198,-3.31349068253286,0.000921391770007906,0.00256998063203999
"ZNF687",2920.83588558472,-0.624193045809916,0.195647877629416,-3.19039006900051,0.00142080882990567,0.00380405952692008
"USP36",11502.1869708803,-1.88087382930252,0.20614783217153,-9.12390787470176,7.24631634992431e-20,3.09158724272222e-18
"ATMIN",5967.81003319422,-0.48570783092056,0.18327043733351,-2.65022465154423,0.00804382647055807,0.0176727907099935
"BCL2L12",402.215350132432,-1.22623358211237,0.288027472509432,-4.25734938208791,2.06864937153363e-05,8.36663185242451e-05
"PUF60",248.990610412809,-1.77827807074501,0.426393003096796,-4.17051419190694,3.03913127009475e-05,0.00011948254607445
"MASTL",1157.40791818236,-1.25209841503236,0.207170441121563,-6.04380822019711,1.50518414545211e-09,1.35066562118094e-08
"MRPL37",2504.11038738447,-0.489492670036742,0.19774757700183,-2.4753409243149,0.0133109044609784,0.0275447853125272
"C1orf35",205.864340038019,-0.898477703220352,0.348478572975916,-2.57828679550535,0.00992915513046001,0.0213195413030117
"COQ10B",1977.20937137648,-0.947485587632591,0.190847662551346,-4.96461719764411,6.88367081434461e-07,3.8103616713782e-06
"CLINT1",6073.41825505007,-0.631130318912932,0.182392875030845,-3.46027945886703,0.000539615052487214,0.00158399669406207
"SBNO2",636.770257422702,-1.9977715185432,0.353571355143632,-5.65026405414443,1.60201558613815e-08,1.20130838813329e-07
"MLLT1",3519.1201801666,-0.745777823255468,0.189772712911721,-3.92984750975442,8.49997499220138e-05,0.000301297853802747
"ZNF212",739.062296431367,-1.29859480646839,0.230904588059982,-5.62394544594783,1.86644615200832e-08,1.38320260378969e-07
"RAD54B",1446.69959229425,-0.999327222440497,0.20748387948389,-4.8164089900685,1.46164783754015e-06,7.52997129208782e-06
"CDKL4",32.5839176498294,-3.45135683381315,0.904431553464238,-3.81605088919493,0.000135604548809579,0.000458402333475858
"PIM1",598.513063907687,-1.13169891339467,0.252840536143814,-4.47593938319672,7.60760686794086e-06,3.37234425976463e-05
"PTCD3",4221.38630870671,-0.463197028861118,0.178123968917679,-2.60041942516555,0.00931098817992661,0.020116500605187
"ROR1",2525.00335066656,-0.87495986486258,0.199965642248545,-4.37555099478067,1.21126119493282e-05,5.14361652954224e-05
"CCT3",4828.7077535759,-0.946557492477309,0.188214189093486,-5.02915054936243,4.926574740515e-07,2.8045404760793e-06
"STOML1",148.56428617952,-1.2803441734546,0.404716365236292,-3.16355918226109,0.00155852660528869,0.00413809647748859
"DCAF15",1107.31498613674,-1.3330683468757,0.24427449442849,-5.4572555763326,4.83550108185569e-08,3.32630685595871e-07
"GPHN",527.38932563269,-0.897180440669334,0.290475121849192,-3.08866533890338,0.00201057782532594,0.00519658003041075
"REL",7732.41661644799,-1.19301338227093,0.170800898900526,-6.98481910780657,2.85223239874096e-12,4.1157121475361e-11
"BRD9",713.206512590026,-0.661912027506905,0.24613901848873,-2.68917960090595,0.00716278702491987,0.0159958082124911
"ZNF121",1417.14481598031,-0.942681436865657,0.228653894565821,-4.12274384678935,3.74385949464793e-05,0.000143885956122762
"SRSF3",14929.7549618385,-2.26186445266432,0.192781286736741,-11.7328008903327,8.6546601794775e-32,1.32832174027357e-29
"HIST2H2BF",1611.17134547227,-1.68374764143327,0.200622004606988,-8.3926369130429,4.75357925152641e-17,1.42583247701876e-15
"HIST1H2AJ",51.2531697080871,-2.66853265259163,0.670079194795338,-3.98241383006478,6.82188619088786e-05,0.000248064772319732
"NDUFS1",5142.79085986868,-0.553488458192238,0.174222832611719,-3.17689966289188,0.00148858527096237,0.00396665179982712
"TSEN15",1002.17339479139,-0.675404999147654,0.230244053355246,-2.93343080659531,0.00335238368833129,0.008194951460481
"CKAP2L",1904.81661805489,-1.0441824012694,0.22377811626782,-4.66615064370151,3.06894739423392e-06,1.47494185868469e-05
"HIST1H2BE",605.903480974518,-1.16812713625186,0.247846570634734,-4.71310590766008,2.43969313736557e-06,1.20284912379584e-05
"EXOC8",1120.24991945955,-0.754036495334693,0.214478192955118,-3.51567907648534,0.000438630838990062,0.0013189339514158
"PPIH",678.94951329228,-0.778184964241583,0.235658497274491,-3.30217230968407,0.000959391144910342,0.00266402362559925
"RPL8",5410.97917978117,-0.582078229618453,0.197212398105445,-2.95152959555428,0.00316204242066125,0.00778359036187767
"ZNF668",663.850595100914,-0.868257170688245,0.240352639370548,-3.61243035633848,0.000303340590421443,0.000951906292512111
"KLHL11",3861.26684155542,-1.55503366078281,0.201738851418621,-7.70815165174117,1.27653006237635e-14,2.59210176583569e-13
"TET3",6999.37389352868,-2.35884366370248,0.17426114150536,-13.5362573854707,9.55336694966707e-42,4.51606762444662e-39
"STAC3",173.485638186372,-1.00190393459352,0.424225619062728,-2.36172425608593,0.0181901664602277,0.0361539500886262
"HOMER3",1001.41529037004,-1.63106853561168,0.259976715145252,-6.27390239429859,3.52109289050199e-10,3.48511522445164e-09
"NUAK2",249.655504366461,-2.32512411852092,0.357008577750621,-6.51279622795248,7.37645490209956e-11,8.22405132386911e-10
"BCAR1",6120.51356135061,-1.85065836228642,0.206962207993,-8.94201110547204,3.82151179552542e-19,1.47590282351371e-17
"DCUN1D5",1572.00355703614,-0.97964380698884,0.195191688306475,-5.01888074993583,5.1973398504222e-07,2.94590706725609e-06
"RBL1",3523.01223952688,-0.510488907078698,0.185610588300354,-2.75032212199354,0.00595367059130312,0.0136093769918801
"ABRAXAS2",1200.17581312075,-0.501596687260084,0.211199525846878,-2.37498964663277,0.0175494424359669,0.0350514298983027
"XRCC1",775.104778789153,-1.39370410591604,0.263233538572809,-5.29455370114453,1.19307426286482e-07,7.5764382797079e-07
"TGFA",150.243802235166,-2.02846644002398,0.516897810899383,-3.92430843631263,8.69792392532923e-05,0.000307668557167138
"PNO1",1067.48141955571,-1.50361491577873,0.215588285558846,-6.97447410874422,3.07017077708311e-12,4.41402411722241e-11
"VPS37A",6038.10235996598,-0.50814690890775,0.188764246599771,-2.69196586780098,0.00710322145063515,0.0158868037667688
"MIDN",4576.41285889176,-1.24801138038262,0.203610359669067,-6.12941002810978,8.82055380371867e-10,8.20797676002735e-09
"HIST1H1C",9129.80179762787,-1.31524231583241,0.179669084474452,-7.32035964717923,2.47307251080828e-13,4.18721646600748e-12
"EEF2KMT",315.011807387113,-0.991296230615731,0.301818803993328,-3.28440845136224,0.00102196694170063,0.0028225298707684
"GRM2",178.567759897905,-5.29160171471187,0.599287196391416,-8.82982607767201,1.04838614961065e-18,3.81225462033805e-17
"RARRES1",189.338404347518,-1.02949181292798,0.364794368071019,-2.82211542456587,0.00477080031021645,0.0111978784639797
"HIST2H2AB",255.604222069348,-1.58975294943045,0.353644188069728,-4.49534589584996,6.94569461374696e-06,3.10454685874665e-05
"MCL1",13224.5837114343,-0.570147447457368,0.174174366807578,-3.27342913832577,0.00106251028234151,0.00292289257837802
"IDH3A",2479.93708126718,-1.04824313154607,0.186738166397871,-5.61343806553526,1.98345615154329e-08,1.46411522791622e-07
"CDCA8",1249.12056609069,-1.76728340686736,0.231040159835669,-7.6492476811147,2.02158527898801e-14,4.02206983620881e-13
"OXTR",795.831415311742,-3.21570289026119,0.251976434463198,-12.7619191735601,2.6752756922011e-37,7.71131905620307e-35
"MTF1",3332.83086985817,-0.778171356070575,0.178742676262915,-4.35358456268133,1.33929399622989e-05,5.64270105078245e-05
"AHRR",6921.19147890386,-0.537560667105231,0.23467007333423,-2.29070822481743,0.0219802946147807,0.0425980849061131
"PLK1",3137.38456331362,-1.84236668623036,0.229990732699652,-8.0106127086274,1.14138358023447e-15,2.7805509118369e-14
"HIST1H1D",2450.69118331533,-1.54032165108117,0.251941626450033,-6.113803712332,9.72839552264428e-10,8.97503343377128e-09
"CCDC66",1296.90768380539,-0.973365555375705,0.207096497162945,-4.70005803434645,2.60087567137463e-06,1.27121398453706e-05
"U2SURP",12301.8761073494,-0.436829806816173,0.165287021215061,-2.64285606700963,0.00822099744136351,0.018001806144531
"UTP4",777.897032408368,-1.89244708511554,0.24995665092203,-7.57110114147698,3.70073773479326e-14,7.09572249503049e-13
"ATG4D",708.554477841737,-1.9796776928722,0.271529228800238,-7.29084563610141,3.0801551970819e-13,5.17799062860796e-12
"STK17B",2513.63812077191,-0.541068176681187,0.224754277463137,-2.40737654823913,0.016067593511051,0.0324870522007872
"MAPK6",4945.78546968851,-0.490027820370745,0.174094663760423,-2.81472050771808,0.00488196721103191,0.0114247699999951
"NCKAP5L",3013.5620632062,-1.47488362492174,0.22665742518651,-6.50710482441992,7.66129543093881e-11,8.50152013172158e-10
"SMIM29",734.25694473166,-0.848118161928277,0.237024576548193,-3.57818659262886,0.000345986420144385,0.00106954420959099
"RPL22L1",292.59194341551,-0.899436661755123,0.304041212750475,-2.95827218165087,0.00309368825644905,0.00763122684506676
"NCAPD3",2023.60432114167,-1.04973042890129,0.189307105701343,-5.54511900127712,2.93754314997437e-08,2.09636986391287e-07
"ZNF200",1358.73925677044,-1.55379889057015,0.21377122343056,-7.26851287855813,3.63466506284124e-13,5.99922789282931e-12
"BAHD1",2061.11347897303,-1.45540435611221,0.233910830644272,-6.22204774402076,4.90707650395077e-10,4.75732814796474e-09
"GADD45A",2569.02034313946,-3.06640271174612,0.232773358099155,-13.1733405265388,1.24944582629166e-39,4.61435961722339e-37
"SEC24A",13677.4092705091,-0.477500164515083,0.165036449384795,-2.89330124524041,0.0038121547644132,0.00917183326666026
"NBPF20",806.070295557384,-1.04299553083049,0.227181986385249,-4.59101334320496,4.41099132708153e-06,2.05475346879974e-05
"MTREX",3696.70515342506,-0.479126421368455,0.185851992919367,-2.57799991187788,0.00993740233042846,0.0213294988632407
"TRMT10C",1598.54638865828,-0.877565885814086,0.217561063568337,-4.03365322553886,5.49163428631336e-05,0.000203832079132071
"TPPP",257.047476073267,-1.24522725904408,0.326823745521905,-3.81008808602806,0.000138917287433995,0.000468127887908454
"MSANTD4",2210.09103713805,-0.69356699769094,0.187790343313303,-3.69330491362816,0.000221358339791469,0.000716323346017409
"TEAD4",638.01619124733,-0.791047246102383,0.278810636971192,-2.83722046868721,0.00455081760503264,0.0107220020845845
"PAXX",221.842019744975,-1.12176441110411,0.339861643303283,-3.30065022990275,0.0009646105549306,0.00267663008644514
"ZNF562",3407.84621691899,-0.583538993047638,0.178872553418509,-3.26231711850352,0.00110505449020487,0.00303146099471709
"SF3B3",20189.6136994833,-0.66265428770732,0.173716962252975,-3.81456294833392,0.000136424160111134,0.000460514345670773
"RCE1",790.574284845155,-1.13995443834079,0.243786201368097,-4.67604167891174,2.92465190463263e-06,1.41248615484056e-05
"RAE1",4652.3178104257,-1.19331804707109,0.204540277741549,-5.83414699660732,5.40664412778548e-09,4.39750311783681e-08
"BAZ1B",19141.6938735908,-0.683115568395201,0.165022454631599,-4.13953101061433,3.48016556783585e-05,0.000134936340815893
"C1orf159",556.048892730178,-0.850407187859761,0.265281003179018,-3.20568445410275,0.00134741657061138,0.00362233144483286
"SPOUT1",836.585711715908,-0.628901695345186,0.242069840343326,-2.59801755746696,0.00937636995621229,0.0202429558170473
"STRAP",3274.55549616235,-0.537617730510592,0.183444101890418,-2.93068964861973,0.00338210481610016,0.00824968312005607
"LIN37",1200.91207455189,-1.56641915056498,0.233556444600529,-6.7068119368068,1.98922356839665e-11,2.45906319365185e-10
"ZNF319",2579.84272676759,-2.30263625412909,0.227799723481649,-10.1081608833234,5.08294625667966e-24,3.41308288985456e-22
"OPA3",1776.13530491473,-0.535141620092843,0.196138589095223,-2.72838518193397,0.0063645242523171,0.0144230005012241
"IST1",8184.63509610927,-0.615227563654731,0.175626852524557,-3.50303814485719,0.00045998358661953,0.00137761936813725
"C2CD3",3249.1438056191,-0.908902212313947,0.180209702125534,-5.04358090376736,4.56899451074121e-07,2.61483666479127e-06
"FAS",1386.6761492425,-0.960069417739459,0.19955858133696,-4.81096533813475,1.50203066658427e-06,7.71447128104864e-06
"CFAP157",209.150898073046,-1.51309823705093,0.388711854077016,-3.89259607388031,9.91772038778125e-05,0.000345852100896765
"TRIM16L",2782.96985673103,-1.08699914881826,0.227371105032507,-4.78072685912688,1.74662536568268e-06,8.82875045835666e-06
"PTTG1",1837.25928180165,-0.76297236448667,0.219703360053404,-3.47273871597235,0.000515176633472039,0.00152399435653881
"STX18",738.752242743932,-1.12834640320879,0.23936764354455,-4.7138635218205,2.43063494494056e-06,1.19988486964526e-05
"EGR3",581.190491770924,-1.8027199169393,0.301546441562356,-5.97824967722766,2.25547862197097e-09,1.95706654584824e-08
"SLC44A2",17058.2406470242,-0.676764644672099,0.260366101687416,-2.59928093667352,0.00934192834728386,0.0201759702500367
"SYT1",1463.64258176585,-0.740528106161162,0.23505111129246,-3.15049821330038,0.00162992253599597,0.0043073400112702
"RTL6",3940.59680710811,-1.18149440126257,0.179034455952057,-6.59925708143555,4.13223221870531e-11,4.82080161507003e-10
"SESN2",6354.45655870898,-3.5665243612726,0.22214634744032,-16.0548413348581,5.28739544861114e-58,8.92663420166949e-55
"NOC2L",1266.27704056266,-1.20339886130543,0.224448839035855,-5.36157311605959,8.25003168874927e-08,5.42564688356365e-07
"PSMD3",3271.94781532589,-0.505658693711073,0.190818538113403,-2.64994532874244,0.00805047969455065,0.0176775490580081
"FIGNL1",465.238801284649,-1.29437055836228,0.265953250391149,-4.86691009212557,1.13356565730683e-06,5.99931882581824e-06
"POLA2",927.013163645498,-1.32858550438524,0.217112205393624,-6.11934967901282,9.39580171637089e-10,8.68854340250948e-09
"IDH3B",1362.98240908764,-0.538286355100728,0.238659530619095,-2.25545719336826,0.0241046462845978,0.0461070697151926
"ZNF274",1625.59111972109,-1.95018977630754,0.228870523011339,-8.52093030875331,1.58276759263325e-17,5.02826543272575e-16
"TRAF2",1000.19004860293,-1.66942408060838,0.259940736226979,-6.42232573793534,1.34207848715991e-10,1.42248283060591e-09
"DDX58",1144.12923762689,-0.563184622038636,0.22599048436357,-2.4920722818249,0.0127000189126887,0.0264380524062278
"CEP135",589.979958293354,-1.24272205274264,0.279090351627357,-4.45275892017194,8.47739193161661e-06,3.71747005001281e-05
"MBD3",3526.03166588971,-0.934555921887095,0.198948002482808,-4.69748833978794,2.63380215528679e-06,1.28620966409832e-05
"DNAJC25",1057.92985174097,-1.0488965258799,0.220905729267281,-4.74816352368482,2.05272042454227e-06,1.02445312403887e-05
"LIMA1",12164.8702929909,-1.35494676086755,0.165860865383475,-8.16917696489089,3.10500415519635e-16,8.28328196526197e-15
"ENTR1",1200.74900769637,-0.805572835756676,0.217490820573759,-3.70393947492363,0.000212276926726274,0.000689389590560898
"ARRDC4",352.876804015062,-2.33083707025389,0.393702585601734,-5.92029911790252,3.21356601084337e-09,2.7127087940105e-08
"TOE1",497.4683448015,-2.09010567289133,0.288620619011475,-7.24170601549512,4.43075472524271e-13,7.18280649422748e-12
"DDIAS",838.932428358675,-2.38571891431184,0.233256567708039,-10.2278745578473,1.48748100743578e-24,1.0784693586427e-22
"SPECC1L",1446.49410121057,-0.629601158925929,0.197940353300966,-3.18076202465208,0.00146888237416576,0.00391945177193293
"HJURP",1873.08603470689,-1.88938670862914,0.236414857863272,-7.99182727221757,1.32953230275104e-15,3.1871019784811e-14
"ZIC5",746.799323531936,-0.784695809705445,0.228658695844998,-3.43173395092471,0.000599735594945606,0.00174187153135099
"RCHY1",1064.81132757431,-0.584291974470631,0.228076901759407,-2.56182002633036,0.0104125260680673,0.0222081272464212
"VCPIP1",9299.21874561551,-0.488231890072296,0.181643674192363,-2.68785517713791,0.00719125782429776,0.0160412013906287
"EDAR",40.248063810513,-3.62491285010244,0.822761630355389,-4.40578743145408,1.05400286081543e-05,4.53117708589189e-05
"RNF31",2846.7683860115,-1.27385783910419,0.206622375962143,-6.16514950606117,7.04165770880414e-10,6.63622893163056e-09
"SIRT1",2110.16933208916,-0.504287258104719,0.187201329303671,-2.69382306194356,0.00706376524461078,0.0158135210571719
"DMPK",1299.58648262504,-0.93304846845874,0.268767037397074,-3.47158817351647,0.000517389388978876,0.00152939164556087
"FCF1",2618.65639419023,-0.59250473910752,0.204723175160461,-2.89417521315366,0.00380155965970019,0.00915006762898917
"TUBE1",1155.77258571679,-1.02900185525071,0.206855709967357,-4.97449094063248,6.54193234290953e-07,3.64509931298938e-06
"DNAJB2",1972.10263235524,-0.661504431820769,0.207963220997994,-3.18087221695393,0.0014683237973262,0.00391884612393881
"ERCC4",4160.35936590617,-0.8773428558596,0.184343740045124,-4.75927664071934,1.94287994164289e-06,9.7250974800236e-06
"PLD6",1190.97183399031,-2.28759964568393,0.23985269259138,-9.5375191371362,1.46289908810246e-21,7.54958140750868e-20
"MARS2",540.397392488658,-1.44228920589469,0.292204436882876,-4.93589084847744,7.97857229052601e-07,4.33720180908171e-06
"VAV2",1558.54746386087,-0.524799939824283,0.225672476334395,-2.32549377907587,0.0200455721745711,0.0392346094665586
"MMADHC",4012.82825064315,-0.934967196421466,0.224596121064718,-4.16288220824638,3.14255502445222e-05,0.000123098161348944
"RANBP10",2152.57691189244,-0.852305983297179,0.190977287432182,-4.4628656881507,8.08707480566467e-06,3.56084389170436e-05
"ZNF597",1467.39448951354,-1.24631162992024,0.208912142920753,-5.96572134341184,2.43555633455238e-09,2.10097844976204e-08
"CEP72",293.778384756728,-1.79225704958729,0.450549131188781,-3.97793919801463,6.95151409596889e-05,0.000252312633864129
"ZNHIT2",294.536611725612,-2.66640914430043,0.366582261148993,-7.27369932179207,3.49774063101581e-13,5.80565994063831e-12
"SOX7",88.9989432000489,-1.71093181010486,0.554217264649076,-3.08711387976735,0.00202110152187752,0.00521917716162875
"CTSS",1723.39962797701,-1.70573120883234,0.197993478792283,-8.61508782631086,6.98880015004337e-18,2.29426778258924e-16
"SPATA5L1",801.227100183268,-1.78388244304838,0.239439382542631,-7.45024658894936,9.31659306980481e-14,1.67585231200842e-12
"PAQR4",191.006736058179,-0.899649197610685,0.360771225085718,-2.4936833512621,0.0126425270861038,0.0263276449521719
"TIMM23",1124.69861748897,-1.19382862397071,0.214042939824413,-5.5775192816453,2.43972749206721e-08,1.76346785940369e-07
"NAV2",1887.5979474522,-1.16349803340658,0.258203713854864,-4.50612431570439,6.60224165895865e-06,2.96706653582793e-05
"RRP1",939.175874927476,-1.66033491424599,0.263881276696785,-6.29197696414745,3.13448007844283e-10,3.13660335029952e-09
"TXLNG",3045.40103060111,-0.64026147950483,0.180058899098078,-3.55584468588849,0.000376766619200276,0.00115465140298055
"SDC1",518.758952199943,-1.12752321721706,0.250708144332845,-4.49735376653794,6.88044524756075e-06,3.07887549926819e-05
"GNPDA1",5898.95712214376,-0.666288158420259,0.170695625909055,-3.90336984250112,9.48625748350774e-05,0.000332469130901822
"HSPA4",4617.2095303511,-0.973035890740073,0.180174162306616,-5.40052956696525,6.64444584926233e-08,4.44895530008964e-07
"LHFPL4",135.031372915736,-1.18427154616938,0.425319837187759,-2.78442584291355,0.00536225813307219,0.0123972788978688
"UQCC2",488.609698080847,-0.972857900012116,0.274344152631195,-3.54612223618247,0.00039094481807657,0.00119199841590013
"C16orf46",225.026407724814,-1.05714906157753,0.335738790502893,-3.14872481667685,0.00163984533909198,0.00432968995026564
"RAD54L",482.001845573253,-1.469752645915,0.273622405847163,-5.37146306189544,7.81003678111787e-08,5.14774203453714e-07
"ARPC2",4234.42094977481,-0.58130674760982,0.18969598054234,-3.06441257188406,0.00218097910396866,0.00558742923275561
"IPO4",1516.36876200829,-0.841743379255364,0.222206806822256,-3.78810798504781,0.000151798874316032,0.000507772175677006
"NACC1",4389.44400475447,-1.31281352408214,0.195158055999346,-6.72692458099983,1.73286498003699e-11,2.16938541674546e-10
"IP6K1",6693.17702721934,-1.45651352391084,0.202283169441319,-7.20036930375149,6.00496924575234e-13,9.55137638577404e-12
"RNF150",1765.42178595789,-1.20593496251929,0.257067724231068,-4.69111774388031,2.71716538055663e-06,1.32091569179014e-05
"SMC4",10590.0034133763,-1.56190371164528,0.174478380128396,-8.95184670155637,3.49584209714433e-19,1.35455284931317e-17
"PDP2",4574.5480369031,-1.22617118131702,0.177269732365113,-6.91697993198035,4.61373414241304e-12,6.38467331323622e-11
"KDM5C",14880.4118632435,-0.866942311904738,0.174941530630695,-4.95561179086098,7.2103051495619e-07,3.96147774326e-06
"MFHAS1",1011.99301048659,-0.630331137020534,0.233138753196786,-2.70367379244106,0.00685775757309006,0.0154224508085211
"MUL1",1436.44057107778,-1.3678366717345,0.217429840127443,-6.2909335302494,3.15562445239186e-10,3.15509050578401e-09
"RPS27A",1642.80529638348,-0.754703593275088,0.222992808985293,-3.38443018279062,0.000713261560128265,0.00202969542923088
"PRPF38B",2520.01104443567,-1.11062419492506,0.203187558568612,-5.46600492052287,4.60291564988166e-08,3.18112614914044e-07
"IL12RB2",162.297895194143,-3.25772766839525,0.46112476824265,-7.06474232735421,1.60914303493729e-12,2.4163726031625e-11
"KRCC1",893.645824281315,-0.909325048087431,0.223069278510529,-4.07642439227466,4.57335166871878e-05,0.000172621750306351
"PPP1R12C",1089.63914405417,-0.708267076748096,0.226813012144512,-3.12269155129791,0.00179205449170754,0.00469152553707781
"C18orf25",7149.97448792946,-0.861578474673396,0.177467072997549,-4.8548638354186,1.20469492876435e-06,6.3275931858387e-06
"MARCH7",12628.8725723745,-0.822543205966686,0.180531390882258,-4.55623369402359,5.20789930172976e-06,2.39110155197523e-05
"ZC3H15",3627.29199531245,-0.935253886980048,0.181741328233258,-5.14607159566747,2.65997936019909e-07,1.59006758112457e-06
"LCT",75.2880792202056,-1.90349950622375,0.58839121963207,-3.23509162392675,0.00121603701552603,0.00330446664738714
"PRIM2",693.526645673742,-1.00302965956164,0.253458348868107,-3.95737470886623,7.57780112206081e-05,0.000272450421845192
"MAFF",1221.81467990538,-2.30340133762305,0.258172878466117,-8.92193382708618,4.58215993415036e-19,1.75818071759055e-17
"MKRN2",3584.8652479647,-0.498642443169236,0.182924984192022,-2.72593951762103,0.00641187464336674,0.014524733474278
"MAPKAPK2",2889.31727068764,-0.649389758719306,0.188591277951496,-3.44337111330421,0.000574510359863639,0.00167602158303345
"LAMA1",85.618326149402,-1.61624371725359,0.55651218615548,-2.90423778213912,0.00368148442411252,0.00888820897327105
"CDC25C",331.724067804995,-1.63568655679461,0.302703528013396,-5.40359264237656,6.53191945981154e-08,4.3835448140859e-07
"SLC25A13",4037.28629676424,-0.933772033114779,0.191422384030274,-4.87807127596478,1.07128215770063e-06,5.71060556594768e-06
"MIS12",1187.52741972002,-1.32449806582801,0.22704598949716,-5.83361136993163,5.42403740658197e-09,4.40861582331401e-08
"MPV17L2",325.427389546526,-1.12355925441393,0.319731245158556,-3.51407399629258,0.000441289866163999,0.00132566437171483
"LARP1",17435.6037120802,-0.378979153449333,0.166777394868986,-2.27236523119362,0.0230644598961093,0.0444296311413561
"FANCM",386.711665234507,-1.0756207737883,0.300867918108643,-3.57505971573843,0.000350147966996802,0.00108043046317708
"HDX",873.678710688623,-0.901452633768532,0.232683932780799,-3.87415075461077,0.000106997165349306,0.000370167593705531
"PSMA5",3090.10841604455,-0.79591114030553,0.197948841311169,-4.02079211494037,5.80027746660549e-05,0.000214278459207076
"TRMO",346.461807605664,-0.923694342029573,0.317228323109111,-2.91176504347585,0.00359392858978014,0.00870527732609586
"TIMM50",1599.15897031018,-0.979178120022277,0.208703640323297,-4.69171557575834,2.70923597021311e-06,1.31760290929953e-05
"GADD45B",996.276506049975,-3.46162412331539,0.282672224414916,-12.2460709766598,1.76333866265516e-34,3.65598882723836e-32
"REV1",3010.66420065729,-0.493383617293682,0.184844908681285,-2.66917612615659,0.0076037566113466,0.0168437105216296
"EBNA1BP2",1008.65332261415,-1.04898679196066,0.233414946315298,-4.49408578379418,6.98694604815018e-06,3.12062465597274e-05
"RPP30",1066.81270162473,-0.48235435083635,0.210212627785626,-2.29460216504335,0.0217559340884683,0.0422147219061927
"ARL6IP1",13044.250086457,-0.403914488356588,0.181735399405156,-2.22254161643056,0.0262467248198389,0.0495343011690923
"ARL4D",935.531945357633,-2.58435294510013,0.256848191040266,-10.0617914988352,8.15015392121802e-24,5.17841500220186e-22
"DRD2",735.074412634185,-1.04567041181895,0.227500296593953,-4.59634746624214,4.2996146773138e-06,2.00603419883516e-05
"SREK1",4664.20079674191,-0.47008245971395,0.175630976492447,-2.67653502304684,0.00743877906679724,0.0165185063907196
"SSRP1",5348.85817732586,-0.768925637213867,0.185555196698464,-4.14391863388988,3.41420926110042e-05,0.000132640121787261
"RSPH4A",96.8639812335196,-1.40769662701201,0.47599933148782,-2.95735000848006,0.0031029567301028,0.00765089560533171
"DNAJA2",6792.79574717459,-1.33738504909054,0.200802805812085,-6.6601910450499,2.7347186898274e-11,3.29784749758981e-10
"ARID4B",4135.35143970832,-1.02170186909899,0.184477340536002,-5.53835970385533,3.05317684316295e-08,2.16972001999397e-07
"PPP1R15B",3816.32233380359,-1.19419809041584,0.175427240427005,-6.80736975346053,9.93992293392939e-12,1.28804834685502e-10
"CCDC85B",2843.8836426221,-2.63774583495114,0.255240812358625,-10.3343419517291,4.92782607828932e-25,3.88246990621488e-23
"INHBA",4914.7727394598,-2.10759149507118,0.193166012166832,-10.9107780992596,1.02376294562941e-27,1.06130092030249e-25
"ZNF697",704.265276372872,-1.48911036714131,0.264776243439481,-5.62403313755628,1.86549840477573e-08,1.38320260378969e-07
"HNRNPLL",2493.81774509415,-0.740310431791063,0.189512559469479,-3.90639245157939,9.36843117932654e-05,0.000328924895060253
"MRRF",3353.84559916197,-1.17958357570734,0.195298043021715,-6.03991498049053,1.54195452982085e-09,1.3784280358111e-08
"PARD3",1489.99041679416,-0.50159376932942,0.213103295966929,-2.35375885226694,0.018584663249548,0.0368450847648311
"PRPF6",4951.81623027782,-0.469070521065818,0.187961913234644,-2.49556153687503,0.0125757940358569,0.0261979083228903
"PIK3IP1",60.7034239391696,-1.65994139788286,0.589422397840492,-2.81621703546472,0.00485928275440212,0.0113852096977543
"POLRMT",1299.5853525371,-0.518268736820075,0.211574376988637,-2.4495817697618,0.0143022231370773,0.0293291121002915
"ATF4",10451.8159560619,-0.960324190429381,0.187442730716185,-5.1232938549292,3.00243871809425e-07,1.78485013935804e-06
"IWS1",1862.59872641546,-1.20078583532885,0.202404121308296,-5.93261553948228,2.98146437167029e-09,2.53124611669536e-08
"ZFX",12245.3223823448,-0.524475284850748,0.17237418232286,-3.04265567954019,0.00234500484357581,0.00596882774959701
"WNT16",316.804762611735,-1.80720847353433,0.302057540644764,-5.98299406688115,2.19072750840153e-09,1.9050785647012e-08
"SNRPF",143.234512308174,-0.963635884062332,0.427559672430504,-2.25380443058264,0.0242084739690893,0.0462638656802551
"POLR1B",2255.24355972558,-0.943600946484537,0.195206959995397,-4.8338488879023,1.33918256716056e-06,6.95668552910041e-06
"NRBF2",740.223717923567,-0.882030825236771,0.233939564282804,-3.77033627441703,0.000163027727710588,0.000542416015226276
"TRMT61A",492.664453870124,-1.08243922164224,0.300731664413381,-3.59935234539963,0.000319010707176552,0.000994478643474674
"MCM7",4109.03874129272,-1.97262414585554,0.22715576827792,-8.68401520599766,3.82037689016076e-18,1.28997754536914e-16
"ATAD3B",339.809609237059,-1.94653278714086,0.328639622351154,-5.92300092488841,3.16119065560022e-09,2.6723141035682e-08
"ATP13A1",3370.37379700059,-0.867788066929417,0.206474478438978,-4.20288295914444,2.63536868970777e-05,0.000104794034909039
"AP5Z1",2970.12861554698,-2.07826657881067,0.254343438403256,-8.17110357498438,3.05581140202444e-16,8.18902021522105e-15
"ZNF681",639.285855679251,-1.04101771686099,0.263579211843923,-3.94954408421792,7.83001896581448e-05,0.00028015490202239
"STIP1",7711.94677425019,-0.635057062638296,0.182720414835791,-3.47556710184253,0.000509774442623702,0.00150839117749797
"DLX2",1482.76958041308,-1.63736215688274,0.233119820421121,-7.02369345482898,2.16078613908914e-12,3.16308409435598e-11
"IQCB1",1447.8150030178,-0.671745867887468,0.217315271392452,-3.09111211367356,0.00199408326540118,0.00516086328932315
"MRPS30",2416.25926008368,-0.664785438353213,0.186233994690243,-3.56962454389129,0.000357493228382412,0.0010994082198105
"HDAC2",4251.38953979444,-0.429419358560124,0.184993852903838,-2.32126285181672,0.0202726618504969,0.0396200293946043
"DNAH2",81.5545478108947,-1.61074766939881,0.543230881059457,-2.96512537405345,0.00302559597281898,0.00748670293274177
"IARS",25363.5052440867,-1.1232077756829,0.1645584596104,-6.82558513456036,8.7567651880867e-12,1.14800272883934e-10
"VEPH1",322.414964250406,-0.686826214549143,0.305255561651118,-2.25000393386486,0.0244486955921927,0.0466174063421318
"SUPT6H",7374.47971914074,-1.00469809075367,0.183529165530681,-5.47432386481217,4.39185217727054e-08,3.05262106477637e-07
"VBP1",2140.49182415572,-0.934867066922471,0.201749640088554,-4.63379794140962,3.5901743023783e-06,1.70123014857685e-05
"PEX5L",127.54050880021,-1.05189592305467,0.444014909016816,-2.36905541163897,0.0178335813912647,0.03554085411163
"TLK2",4439.59361567986,-0.853126147542332,0.177659358806894,-4.80203324649861,1.57062607144257e-06,8.01799521050032e-06
"TYW1B",326.56952950251,-0.885641582160009,0.319615230071585,-2.77096176537536,0.00558909892896763,0.0128655962490338
"DUSP6",1830.2884984054,-1.23470136947604,0.207114409843128,-5.96144599697929,2.50015545845707e-09,2.15042483319109e-08
"HBEGF",790.832307995314,-3.31062617067145,0.271379881259271,-12.1992321439206,3.13768787707205e-34,5.94493604632014e-32
"RPS7",1090.76668818399,-0.514454905999393,0.216416999027089,-2.37714647329991,0.0174471584500922,0.0348648154486287
"ESS2",487.140715804502,-1.12719005168605,0.276357440751651,-4.07873965188079,4.52805099742161e-05,0.000171240021400092
"EXOSC8",1136.96595957319,-1.02305395239663,0.219173651346784,-4.6677780203512,3.04474593909264e-06,1.46390591978018e-05
"NOP53",864.568426235659,-0.629847483277043,0.22089296756697,-2.85136955791084,0.00435313430379872,0.010320028325435
"ADO",1974.48016597219,-1.01791879597067,0.196872167265749,-5.1704555809386,2.3352397835352e-07,1.40661894810494e-06
"POMK",1312.75192328076,-0.723008765451129,0.234647912081528,-3.08124951565697,0.00206133831410892,0.00531085593986032
"RAB11FIP5",2610.18152083221,-1.02691683932975,0.207610421358318,-4.94636460256193,7.56122769996403e-07,4.13697171102662e-06
"BOP1",807.327564259302,-1.5473181896536,0.244776150992253,-6.32136008096054,2.5927107612707e-10,2.63688948164347e-09
"HMGXB3",5134.67285747228,-1.57872127507574,0.197951878997095,-7.97527804774669,1.52038149756758e-15,3.60800573057303e-14
"AEN",477.486546031233,-3.2026619367512,0.307490110917865,-10.415495728273,2.10697012437278e-25,1.71725330550604e-23
"SUSD1",420.872299747024,-0.889638429949669,0.288603630601103,-3.08256146361268,0.00205227344110959,0.00529096150240687
"FBXO5",1478.85393384316,-1.21705906035156,0.209383645701413,-5.8125793744518,6.15174983148076e-09,4.96594122325407e-08
"DUSP1",1647.26915681669,-1.23548919815741,0.235539167119396,-5.24536625168217,1.55972173787782e-07,9.70146920960002e-07
"HCCS",2813.10273700928,-1.9933931338456,0.224199759921772,-8.8911474951674,6.04810314031261e-19,2.29091291385303e-17
"PSMD4",3252.16321840805,-0.705300475467032,0.207815648871928,-3.39387567440454,0.000689109693486278,0.00197093377483563
"RRP7A",924.17099818416,-0.986188949039177,0.232627970507053,-4.23933952090802,2.24178385712266e-05,9.02056575535431e-05
"NUF2",560.022379732465,-1.07899366927721,0.307764046974977,-3.50591201240912,0.000455045619551202,0.00136455953612182
"PHIP",14745.072846872,-0.473844826178206,0.17074015950404,-2.7752394489651,0.00551610785318576,0.0127173941882461
"KANSL2",2223.75595956474,-1.15006295561394,0.190320290097774,-6.04277639038444,1.51484535507109e-09,1.35830367270335e-08
"LARP1B",2106.80563472241,-0.450979678173077,0.201780259064463,-2.23500396056585,0.0254170887311002,0.0482439126555869
"DNAJB6",3403.83729925835,-0.917790165160656,0.18878302835279,-4.86161374340033,1.16432646347282e-06,6.13738186678047e-06
"REXO5",513.353175584656,-0.89582607009574,0.255951884778281,-3.49997840755013,0.00046529584620984,0.00139000665078561
"TBP",977.363891517382,-0.813251421482287,0.22028250563361,-3.69185659634245,0.000222622984354098,0.000720021463901679
"HNRNPDL",6332.63480507426,-0.704834315383684,0.173525089155737,-4.06185825238853,4.86836358385958e-05,0.00018276467863422
"DUSP5",799.898039692595,-2.42884033564578,0.267708524360307,-9.07270450744715,1.16098810418322e-19,4.8482535036174e-18
"ZNF730",319.893994514369,-2.33879517927299,0.350163666873458,-6.67914863970792,2.40334309548221e-11,2.91908619757541e-10
"INAFM2",578.375086887222,-0.946397058495309,0.247163288754941,-3.82903570859039,0.000128646341641802,0.000436503722515883
"OSBPL6",1629.57822460295,-0.56122490006,0.215202256398373,-2.60789505394909,0.00911008800172979,0.0197474358041898
"MRTO4",655.673359442439,-1.34860113919496,0.237370547378924,-5.68141732024629,1.33583087567682e-08,1.02048153127011e-07
"C5orf51",14005.0002379041,-0.927098271602677,0.177496028976107,-5.22320570747798,1.75851848680877e-07,1.08184130541936e-06
"HSPD1",4359.42645318233,-0.559008114729929,0.17389977552256,-3.21454189949433,0.00130652845571644,0.00353007619790968
"OSCP1",890.362168970456,-0.545286463703514,0.245287049578005,-2.22305443618662,0.0262121295283595,0.0494848157773407
"TNK2",1547.13385197436,-0.659120698516889,0.272642595554828,-2.4175264953577,0.0156263963119893,0.0317034766721184
"GTPBP1",3901.73336543885,-0.776877662786487,0.210687234155586,-3.68735042680747,0.000226601206518485,0.000731087376094855
"FADD",1176.88334408163,-1.02701638537273,0.215123724514377,-4.77407309533678,1.80536806447389e-06,9.1023207277954e-06
"IFRD1",6244.48689873277,-1.5107067178729,0.192902838015376,-7.83143852840819,4.8231915809656e-15,1.04396480043684e-13
"DYRK1A",13062.2883271515,-0.906370257535872,0.166053648051301,-5.45829777407753,4.80720964213081e-08,3.30877131920221e-07
"GFER",634.046061251467,-1.59162591370595,0.270779470249705,-5.87794160405955,4.15399395905934e-09,3.42103836990685e-08
"MRM3",1004.82839513756,-1.48438924847528,0.25376947153152,-5.84936099490956,4.93465072275223e-09,4.03024894550697e-08
"BIN3",807.756589280586,-0.588834346672751,0.230546272330621,-2.55408313793215,0.0106467831596799,0.0226301588814923
"ZNF776",3653.9388766665,-1.40610899541446,0.189715643502313,-7.41166605692864,1.24722498286689e-13,2.17720898781698e-12
"USP16",5416.57116251452,-0.651200296355084,0.190250389365193,-3.42285920427253,0.00061966164783156,0.00179313451373001
"DEF8",1615.41084758672,-0.506268137921633,0.204109191831314,-2.48037892551178,0.0131242827048923,0.027239686161998
"PIDD1",735.132025175506,-1.53265934448484,0.345518634284524,-4.43582253576153,9.17213875841586e-06,3.98955965575851e-05
"FAM169A",3761.44551088632,-1.73305915080181,0.21736616852646,-7.9729939693483,1.54875735581405e-15,3.66797884388988e-14
"CEBPB",2417.47859078121,-1.18671484886485,0.196858025560885,-6.02827771681482,1.65716115412312e-09,1.47472368369179e-08
"ZNF526",964.32729020296,-0.527405095844133,0.229309062000531,-2.29997493881385,0.0214496399026035,0.0416995960468775
"RAB3GAP1",4996.17559114999,-0.959946539466474,0.174526718535467,-5.50028412567325,3.79179734190521e-08,2.65628103062453e-07
"CD2BP2",1516.13178522219,-0.875503892131354,0.252379962599729,-3.46899129040561,0.0005224163897585,0.0015415522831875
"LIN54",1651.47701736955,-0.643092345767995,0.197942186810313,-3.2488897699421,0.00115856364225905,0.00316137269088373
"ZNF367",361.583058629568,-1.95500168787689,0.288695515909009,-6.77184639228363,1.27149101291606e-11,1.62097958906602e-10
"ACTL6A",2005.98177811026,-0.783627042243431,0.19151267087271,-4.09177647971018,4.28081168469773e-05,0.000162357613895243
"TRAPPC13",1200.96199392245,-1.01545299407124,0.208866448914036,-4.86173341554333,1.16362263119636e-06,6.13640886009755e-06
"FAM110A",241.002820736975,-2.81157039433195,0.369763494790089,-7.60369921300116,2.87783696238121e-14,5.62153342502828e-13
"TUT7",6047.92641545184,-0.97629899172869,0.179782359791507,-5.43044931027105,5.62123447150554e-08,3.81150382944425e-07
"ADSL",1377.26669042466,-1.19134689429144,0.227683243985495,-5.23247505366419,1.67255231359469e-07,1.03433925913459e-06
"KIF18A",1853.79610706467,-1.40457098995025,0.208719431361244,-6.7294692247377,1.70283096760598e-11,2.14313699416054e-10
"C1orf112",1199.99530879359,-1.00035206772974,0.204044471843934,-4.90261783957995,9.45678503181264e-07,5.08232312441845e-06
"CMC2",579.098779499094,-0.731446937911378,0.244867630442052,-2.98711159409236,0.00281626900818422,0.0070216597339074
"FSD1L",2376.01750007855,-0.530746617200786,0.188817555661255,-2.81089655748411,0.00494036664503206,0.0115429026373158
"DUS3L",674.580920163714,-1.82732516324806,0.252269709983894,-7.24353773334389,4.37129551807925e-13,7.09614978470613e-12
"FBXL6",287.960960318025,-1.94268889782485,0.328770237304069,-5.90895609576763,3.44282436685341e-09,2.8774609877987e-08
"DYNC1LI1",4255.11530146849,-1.13893545167925,0.181797186065803,-6.26486843018025,3.73140325645588e-10,3.68710064254144e-09
"EGR1",9474.21514531703,-2.81816408571414,0.258528305620148,-10.9007950945798,1.14254487741479e-27,1.17413872706852e-25
"NETO2",656.09269874873,-1.41324557678272,0.235485688108757,-6.0014075085957,1.95614359901365e-09,1.71115507425191e-08
"C17orf53",1040.55983798539,-3.08293662117132,0.235169931468153,-13.1093996665506,2.90891878472112e-39,1.04174552114649e-36
"IL17RE",186.009254152972,-1.56233709232036,0.479752143108484,-3.25655052252071,0.00112774858617309,0.00308726726694316
"MTMR6",3822.97652017188,-0.666419360945326,0.199774884738206,-3.33585156021304,0.000850385567711231,0.00238430762496117
"RRP9",790.43113790661,-1.88281821501035,0.247787168716971,-7.59852991887949,2.99513616844791e-14,5.83138702450039e-13
"GPR3",164.54912031658,-2.181116178117,0.434381191377185,-5.02120308478798,5.13488322066241e-07,2.91469980315986e-06
"JPH1",107.966572948899,-2.42310909034767,0.505189252242784,-4.7964383240346,1.61511655726467e-06,8.21672297621775e-06
"UTP18",1731.37122427749,-1.16878257613013,0.201505658354409,-5.80024692941608,6.62173377851974e-09,5.3198946155368e-08
"LIMK2",440.38457517986,-1.17013701258191,0.273216822348185,-4.28281466172205,1.84543884078894e-05,7.54650388250648e-05
"MIIP",581.619392584213,-0.624814654323229,0.254204121598779,-2.45792495571492,0.0139742371588008,0.0287336897533567
"EMC7",1503.95960734396,-0.844515569953524,0.228237660947891,-3.70015871371174,0.000215464669631629,0.00069859025122266
"BRPF1",3047.4343753688,-1.72578442519782,0.202917728729136,-8.50484793027367,1.81833777810005e-17,5.73043089642305e-16
"E2F7",6384.54886424856,-1.45102847874854,0.198057110121436,-7.32631349543002,2.36570033272556e-13,4.01693197301015e-12
"ARFRP1",269.941481515616,-0.844922864768905,0.317968688441291,-2.65725178447849,0.00787805802914027,0.0173764258656924
"KIF14",1194.59574296996,-1.14647818499411,0.27855963393306,-4.11573697454533,3.85944232442422e-05,0.000148019751767913
"TG",96.7457001296076,-2.25191085719295,0.503378731848271,-4.47359158167954,7.6916592229649e-06,3.4006744742611e-05
"MXD1",2487.25233979081,-1.16591809832615,0.19766896213933,-5.8983367227088,3.67184064032942e-09,3.05160426775057e-08
"TSEN54",480.699986001303,-0.619045537581123,0.26305809826544,-2.35326546364854,0.0186093433209143,0.0368878261265625
"DEPDC1",4315.29059901423,-1.40882686044962,0.203948076196615,-6.90777224636063,4.92323533437208e-12,6.76544130018711e-11
"MIER2",895.042825434581,-0.591169075527985,0.259917612145594,-2.27444793235804,0.0229390682980752,0.04422412873518
"SGTA",3757.02066390859,-0.846240407903932,0.175944792166821,-4.80969284445528,1.51162397886372e-06,7.7570005133354e-06
"POMP",1568.35064052432,-0.714566968543647,0.210585213421129,-3.39324379397263,0.000690701365705518,0.00197453041603963
"IRF2BP1",901.409425934835,-0.610518040069381,0.223976613867434,-2.72581154580153,0.00641436100393998,0.0145275811315758
"UTP14A",1572.57540355827,-1.78311498821931,0.224935325512303,-7.92723412455629,2.24080589704707e-15,5.12221355731185e-14
"SLC10A4",40.7955029824351,-1.96630283450161,0.745548110981186,-2.63739228299276,0.00835461545918367,0.018267316465612
"DDAH1",874.410216742457,-1.14931607495904,0.268451499601872,-4.28128014432231,1.85821252030946e-05,7.5961105378821e-05
"RBM28",1695.94803051697,-0.699483560998656,0.198179897403822,-3.52953841515696,0.000416285263825816,0.00126015861882518
"NACA",4510.29869443166,-0.497602976069315,0.178195515969201,-2.79245509272703,0.00523097279527023,0.0121143712511275
"ZNF71",641.630797049379,-0.640683397658722,0.242495707851325,-2.64204015541392,0.00824082848982409,0.018038546229439
"WDR35",2561.19656648335,-1.21113728451845,0.197847525960005,-6.12156901453131,9.26583692382476e-10,8.58179159606278e-09
"GRPEL2",3743.04091811521,-0.957057304565315,0.184190638677594,-5.19601490844788,2.03605937530383e-07,1.23776490212658e-06
"H2AFZ",1822.95083947086,-0.648378087952842,0.20044264659098,-3.23473122601455,0.00121757287703552,0.00330787960018524
"PARD6B",922.007537355369,-0.670257922798091,0.235224887120243,-2.84943456027876,0.00437970144585997,0.0103747054941616
"ZC3H18",2066.68148431957,-0.939170101257665,0.203012328526942,-4.62617274562725,3.72484662307194e-06,1.75659367084853e-05
"BRD4",13915.1116944457,-0.918125554266261,0.177886616940004,-5.16129639238637,2.45245530631621e-07,1.4719713971582e-06
"SPON1",468.162816731715,-2.10848588938324,0.309815001177064,-6.80562878289487,1.00608831983032e-11,1.30086999603444e-10
"PLK3",1333.72333523394,-1.07458373440267,0.261149613714827,-4.1148203097712,3.8748114717175e-05,0.000148532345030027
"IFT57",2917.33808395251,-0.43256262415862,0.181248773035736,-2.38656856492669,0.0170064358306002,0.0340936486252813
"XRCC2",1852.44479288149,-1.41651102895571,0.20964654082694,-6.7566630165628,1.41206090291838e-11,1.79245281962293e-10
"PPIF",2469.6359294216,-0.822878931742245,0.209365602263826,-3.93034444457269,8.48242575202369e-05,0.000300856265118295
"DNAJC6",534.498050088001,-1.58568209839099,0.31688457827344,-5.00397370875745,5.61604199335752e-07,3.16955034754056e-06
"TPST1",1648.56963518889,-1.85702956508885,0.232749938382421,-7.97864686020946,1.47946186506694e-15,3.51908687040916e-14
"PGGT1B",1114.59041002146,-0.698436917899652,0.223865180930587,-3.11989973159879,0.00180912610649011,0.00473014432002214
"C17orf51",2131.94131093818,-0.494299456725698,0.198276576897576,-2.49297957660949,0.0126676132403349,0.0263752384204154
"DLG3",1243.23186705813,-1.53595639250997,0.228408825215688,-6.72459302331929,1.76083898078777e-11,2.19610023474683e-10
"SLC27A4",968.411053066542,-0.947935639955386,0.22967831472317,-4.12723178110187,3.67156284038974e-05,0.000141245213697025
"BUB3",3398.3458990822,-0.56635721104544,0.201523392420521,-2.81037950107358,0.00494831144512448,0.0115548596440389
"ATP6V0A2",2219.53347996165,-1.16575573363377,0.187372574502486,-6.22159212322883,4.92135056315415e-10,4.76725581601276e-09
"NTN1",345.760073124747,-1.18737468592934,0.359410080894888,-3.30367663303411,0.000954258336156376,0.00265192743751402
"PLEKHM2",3811.822359897,-1.60338371620339,0.234229523249674,-6.84535277175238,7.62876420428783e-12,1.00959390107809e-10
"WDR1",9458.81216374905,-0.672771458145837,0.179453696621996,-3.74899748965871,0.000177542862466086,0.000586253576033585
"TIMELESS",1094.27208297115,-0.883588889091739,0.209417269306715,-4.21927423663243,2.45090008578541e-05,9.79862557977403e-05
"ZZEF1",9716.22151466145,-0.443474777001306,0.190303124581472,-2.33035993484934,0.0197871354674221,0.0388187860149394
"RPRD2",8819.68943414104,-0.512798060530867,0.16861341965879,-3.04126481491554,0.00235586530828657,0.00599130970805481
"VIRMA",7196.34990481587,-0.409281642617012,0.168835295685966,-2.42414739734443,0.0153443761242751,0.0311955680434687
"LMNB2",2903.58956544543,-0.83352231679942,0.18982146693412,-4.39108563568685,1.12786105853509e-05,4.82063724765559e-05
"BZW1",8730.81198689029,-0.815642527661893,0.175754860550029,-4.64079642013496,3.47068924996229e-06,1.64990368286623e-05
"RANBP1",1260.38536551399,-0.815856593693262,0.217479161645624,-3.75142421701385,0.00017583290244303,0.000581256850649433
"TOPBP1",4485.92987408875,-0.421679997796993,0.174993391277677,-2.40969098728921,0.0159660370520798,0.0322982926876889
"COPS5",1997.89413609593,-1.15345270207517,0.229031998576492,-5.03620764453984,4.74845449602895e-07,2.71359938269198e-06
"AMOTL2",6283.49735901311,-2.96892963655755,0.250762121356227,-11.839625620091,2.4353763844435e-32,3.78701027780965e-30
"GPBP1",7823.65577485069,-0.385254179711939,0.167884984965178,-2.29475065796888,0.0217474178389028,0.0422090629036218
"MIGA2",744.831189685186,-1.40313977894739,0.274324856331083,-5.11488385600002,3.13934061220976e-07,1.86061822242201e-06
"UBE2D1",836.203757657769,-1.01146899300218,0.253366065904116,-3.99212494930145,6.54838510230439e-05,0.000239297511252422
"PLAC8L1",94.7203290743512,-1.95063289015434,0.521479377270219,-3.74057532316098,0.000183599512825101,0.00060338683052476
"LIF",2134.52060072072,-2.25181840789391,0.285893442605052,-7.87642552195468,3.36879575093622e-15,7.54023261071292e-14
"C1QBP",1222.37355436731,-0.79653360232046,0.208368687040789,-3.82271258523857,0.000131991598361924,0.000447225246661093
"RPL35",1672.81303926579,-0.748958294158597,0.225525568335749,-3.32094626647207,0.000897128075841294,0.00250525982993677
"TOR3A",656.94599462522,-0.932308105926212,0.243093987620642,-3.83517550167104,0.000125474666835719,0.000427337064168453
"CRKL",3365.63457332046,-0.443474751819089,0.178384592826636,-2.48605972518088,0.0129166285925647,0.0268558614896076
"GLRX2",409.944494823532,-1.19696603522733,0.293525485854794,-4.07789474137679,4.54453308894909e-05,0.000171643630697348
"ZNRF3",1222.09279197558,-0.580323199303638,0.2025416642265,-2.86520406317324,0.00416740593761456,0.00992751529343456
"UBAP1",3765.45008372446,-1.66551180976874,0.189393607627035,-8.79391776014198,1.44433310882964e-18,5.12586446851313e-17
"C6orf106",5066.28439883635,-0.689234703817787,0.176557396442028,-3.90374301902495,9.47163509119519e-05,0.00033215366026037
"CUL9",2247.05296137485,-0.528467855164408,0.220488534918318,-2.39680423909653,0.0165387570497086,0.0333029529414647
"DNAH17",287.906901044263,-1.38339177555678,0.404531507193497,-3.41973802029484,0.000626814696008771,0.00181117263506886
"KIF22",1445.52656102503,-1.41880226261649,0.214266802654624,-6.62166161551145,3.55183398391947e-11,4.22289477082096e-10
"TUBB1",234.352122866042,-1.4110156206223,0.337678883703489,-4.17857227300389,2.93344780946016e-05,0.000115751206050752
"PCNA",1454.0182948064,-0.886191893300508,0.209970876839195,-4.22054670933814,2.43710551537622e-05,9.75007209909145e-05
"GAK",3147.96238094576,-0.903053486344524,0.225872710783808,-3.99806370238711,6.38627658766376e-05,0.000233879816278309
"PITPNB",3951.79995379359,-0.638916652329227,0.182472316200491,-3.50144430471973,0.000462743680256618,0.00138448223120828
"TWNK",298.394599851235,-1.45128876065245,0.314918727450353,-4.60845492550531,4.05672293985485e-06,1.90171962329253e-05
"UBR5",14223.7939668893,-0.806122865683665,0.174281429106271,-4.62540885633959,3.73860182428022e-06,1.76167449598659e-05
"CLK3",1940.32058260853,-0.491921580521474,0.218417748776657,-2.25220515858575,0.024309310185638,0.0464190382572096
"CHAF1A",616.976769860919,-2.00026865235059,0.242424826600915,-8.25108830806129,1.56958509468904e-16,4.44828696619546e-15
"TYMS",651.542941246575,-0.895588553089806,0.244887797169285,-3.65713834434432,0.000255046741792401,0.000814412967982328
"SERTAD2",16813.4627380239,-0.435633152134085,0.175341954712172,-2.48447756185442,0.0129741684255504,0.0269660081697422
"SHMT2",8033.73603388472,-1.42815694226876,0.178680879751132,-7.99277988925234,1.31929552550462e-15,3.17544491250787e-14
"UQCC1",3618.7601052248,-0.493510128357272,0.194756348463084,-2.53398737577388,0.0112772794431925,0.0238075899356285
"FBXW5",1670.46651732201,-1.00639895693853,0.204872903761898,-4.91230874585623,9.00101672276316e-07,4.85504407255203e-06
"RABGGTB",1597.82958920661,-0.796903908922376,0.200533508632441,-3.97391894430484,7.06996316933901e-05,0.000255826162692126
"RBM5",5987.42748095981,-0.632848092410288,0.179782770289354,-3.52007086881431,0.0004314315064003,0.00130112700279995
"SGO1",1379.05910973423,-1.89913895093346,0.213958108145998,-8.87621865509086,6.91717977914646e-19,2.59515017872866e-17
"UPP1",1121.59359244341,-2.79972130928086,0.243134478046517,-11.5151143177037,1.1071262205691e-30,1.53929619702184e-28
"PPARGC1B",529.646343820781,-1.61321320902835,0.269836879972958,-5.97847562271703,2.25235309448437e-09,1.95579051216872e-08
"KEAP1",1728.92092554685,-0.501243299668019,0.221616861230302,-2.26175615377537,0.023712473210192,0.0454851498779499
"ZSCAN22",1350.17535772889,-0.610929945860378,0.209644577052813,-2.91412234196011,0.00356690091226096,0.00865755493553091
"TRAPPC10",3390.9981653694,-1.13106220526205,0.179876035611785,-6.28800941390072,3.21562417548398e-10,3.20645915839711e-09
"SNAPC4",1542.7727875621,-2.34341252447351,0.282085218051783,-8.30746304488498,9.7769816933833e-17,2.8044749915632e-15
"ACSM4",268.859401194214,-2.33000220379042,0.370276208853346,-6.29260575775545,3.12180493680222e-10,3.12921889254695e-09
"AIMP1",2681.30251567709,-0.704548392780509,0.189843062367825,-3.71121485290536,0.00020626693367716,0.000671162616243577
"HSPA4L",3648.21545493339,-1.08836117855516,0.224623564633517,-4.84526714875558,1.26441426711583e-06,6.60603351404723e-06
"GALE",978.5728150605,-0.985053989114798,0.250706100419183,-3.92911854744571,8.52578036569023e-05,0.000302121956107128
"DNAJC7",2185.3732879689,-1.3073769051763,0.201631434292605,-6.48399347930569,8.93260838662482e-11,9.81092620010521e-10
"BMS1",1782.39090909835,-1.00477111029048,0.203516884515871,-4.93704054423125,7.93169861890343e-07,4.31370521298669e-06
"POLB",961.025253293087,-0.69783511726419,0.230904422363844,-3.02218168937703,0.00250959867838876,0.00632645844308839
"KCND1",553.3985180007,-0.857133875776666,0.299202303664877,-2.86473020186604,0.00417364671688473,0.00994037825476495
"PHF23",2706.14869743535,-1.33078142834703,0.234464528764373,-5.67583265306798,1.38015654560745e-08,1.05026980399155e-07
"PRTG",3674.52933253917,-0.72371476062612,0.235218462104033,-3.07677702741732,0.00209251761800782,0.00538531646550879
"CDK4",4618.06401597765,-0.67395843874468,0.183443963782514,-3.6739199527094,0.000238857589186869,0.000767278877143359
"ZNF16",920.759111169024,-1.57019295357793,0.277658233307154,-5.65512837446077,1.55729832156784e-08,1.17298607802988e-07
"GTF2IRD1",2943.19890826175,-0.96136709926316,0.190867418542239,-5.03683188364812,4.73300127860416e-07,2.70607688004567e-06
"SHB",2041.04326671146,-1.32084469791073,0.202597587040875,-6.51954802227848,7.05195600594657e-11,7.88458051828539e-10
"KIAA1549L",261.740243052816,-0.772136988481955,0.34049571338025,-2.26768490215813,0.0233484187166129,0.0448961295790647
"ZNF23",1166.30740435092,-0.839572081500838,0.211204006440115,-3.97517118946743,7.03286495249116e-05,0.000254717738303832
"UCP3",86.8128561260645,-1.50049498000045,0.504817729675473,-2.97235000237622,0.00295529574935105,0.0073265544715399
"GPN1",2409.07545299173,-0.875123069925684,0.185910861613965,-4.70721862256136,2.51119549880859e-06,1.23347083977223e-05
"CAPN10",216.566772312848,-1.26129850872037,0.389231559059995,-3.24048366418807,0.00119327109188175,0.0032470821468705
"WAC",13167.5311734603,-0.802351497857333,0.165651054645699,-4.84362444642103,1.27491806441634e-06,6.65502724614502e-06
"ZBTB49",514.521276940978,-0.899623581167909,0.25979140419467,-3.46286892730982,0.000534448675494263,0.00157117274800776
"ORC5",2764.71691992499,-0.607871886222806,0.194290560475548,-3.12867431508238,0.00175596821166991,0.00460644446737292
"HCFC2",4401.36825577648,-0.482866361147518,0.195058385449378,-2.47549655471148,0.0133051045438573,0.0275376051662532
"NOSIP",667.867573965564,-1.12623049991865,0.291375760430273,-3.86521685350749,0.000110990542117208,0.000382527333549479
"PAK1IP1",967.616473951937,-1.26559294974822,0.222232118844244,-5.6949146519871,1.2343365125004e-08,9.50318495422134e-08
"HIST1H3D",2548.3688004979,-2.17422837888145,0.219160307007745,-9.9207215419926,3.38301635409898e-23,2.03982077922152e-21
"CGRRF1",897.184643533348,-1.42923050460508,0.24215896785174,-5.90203417731826,3.59046758423797e-09,2.9923939288099e-08
"IMPDH2",4032.14763902524,-0.612567948631024,0.18310827900029,-3.34538641275774,0.00082168007237989,0.00230930204408693
"SLC25A5",3940.12508210258,-1.38700212341551,0.245237110250798,-5.65575953001999,1.55158578111085e-08,1.16942861997245e-07
"PTDSS2",185.309741373678,-1.38887248449223,0.523410365758227,-2.65350588248338,0.00796603820639237,0.0175410172392668
"CTTNBP2NL",5761.98417027073,-1.18632141826219,0.182478331091188,-6.50116324041434,7.97012866455149e-11,8.81113008023101e-10
"SMARCB1",229.613224614194,-1.95121666418695,0.390028024850406,-5.00276016046625,5.65152358342294e-07,3.18653176092044e-06
"TIGD6",1195.25274808748,-1.37584102144677,0.221222127547795,-6.21927397904405,4.99460518117795e-10,4.83425422040631e-09
"ZWINT",388.833366621253,-2.26269415514272,0.289865675340838,-7.80600929200096,5.90272305777764e-15,1.26145354605454e-13
"CCDC138",440.899852517454,-1.45559663905568,0.320700696847345,-4.53880098598149,5.65749989617561e-06,2.57948818568686e-05
"CPSF4",1097.14780107132,-0.528615665151768,0.226274774606981,-2.3361670167164,0.0194825386075805,0.0383421550814965
"BECN1",473.257333500474,-0.82857309730426,0.272590692795132,-3.0396235792503,0.0023687400039232,0.00602016545513212
"RCL1",253.577052644341,-1.59787993264418,0.351023621829768,-4.55205813305375,5.31236510311737e-06,2.43528048055241e-05
"GSKIP",1511.10257227682,-1.42751041899222,0.24248730736212,-5.88694903053394,3.93389967365235e-09,3.25566010806887e-08
"ATG101",849.466730846081,-1.48092524681239,0.263425845870285,-5.62179174909671,1.88987002011746e-08,1.39852748263921e-07
"C19orf54",979.150250938796,-0.519514136782096,0.221112977020085,-2.34954159535786,0.018796543824672,0.0371902820893979
"HSPBAP1",606.333129951381,-1.95319817463204,0.262856618777802,-7.43066004468054,1.08057102827957e-13,1.90599827047881e-12
"C9orf85",367.456876176661,-0.90332875155529,0.301345682477947,-2.99764955690513,0.00272070328426044,0.00681646627377356
"CBX6",2809.06532904461,-1.65246738888231,0.238308339399323,-6.93415678631932,4.08651236743643e-12,5.72208568227058e-11
"MET",12377.0225283331,-1.88966998444318,0.194426180142941,-9.71921570980776,2.4969729209122e-22,1.391944621667e-20
"CENPP",169.179376257013,-1.49099511749855,0.382057464808423,-3.90254151491631,9.51879053154087e-05,0.000333411578250593
"NBPF26",3028.20909602083,-0.986830980269999,0.194156485094429,-5.08265783545704,3.72189807802227e-07,2.16676805350084e-06
"PDRG1",521.115516629548,-1.89233678312429,0.281821047022268,-6.71467515687273,1.8848564325659e-11,2.33738020147574e-10
"IK",1559.65330918483,-0.776667269132171,0.213366272526981,-3.64006578890747,0.000272568390004494,0.000864059343635492
"WHAMM",1205.17067481915,-1.2607747646185,0.232930192505909,-5.41267214462341,6.20911143467504e-08,4.17639606915137e-07
"EIF3B",7966.56970305377,-0.622978804029101,0.183323190700856,-3.39825420694137,0.00067817372267031,0.00194530511031983
"KDM4D",221.0577933948,-0.838149919907187,0.349489172825184,-2.3982142655001,0.0164752248129611,0.0332033094883312
"C5orf34",2054.44971304536,-2.77902920858039,0.20668520343944,-13.4457095250878,3.2626123091754e-41,1.48298277960903e-38
"RCC1",1409.29871442578,-1.60685535642613,0.202312371935636,-7.94244732070727,1.9823055447152e-15,4.57556385301644e-14
"DIABLO",1494.64474058326,-1.10678849762611,0.211888694750681,-5.223442897359,1.75626641250805e-07,1.0810185657823e-06
"ECD",2642.49473784931,-1.04191758811947,0.200173069465204,-5.20508373530531,1.93909149059502e-07,1.18552422327222e-06
"TAS2R5",130.96730804375,-1.76957022346757,0.443134674650486,-3.99330118967396,6.51597146064554e-05,0.000238197483568306
"COQ9",2014.27547999152,-0.763604282492737,0.202408410883102,-3.77259165842543,0.000161560585029991,0.000538495617291213
"NDUFB9",1825.64419200846,-0.838086208567452,0.206977516945279,-4.04916544046195,5.14006004140728e-05,0.000191706127733055
"HIST1H4J",118.722632493664,-2.44598992989243,0.476920421035112,-5.12871712346398,2.91723306177867e-07,1.7368191599043e-06
"CTH",626.889257633467,-2.17958448094986,0.284413645383532,-7.66343147147769,1.81029882210167e-14,3.6261205897623e-13
"NRF1",641.71120798152,-0.65108386466505,0.242137918666389,-2.68889675871913,0.00716885870044173,0.0160063427398111
"LRRC8D",844.58972211795,-1.52780910179242,0.317950490200582,-4.80517926180453,1.5461291254585e-06,7.91687781831393e-06
"DGKE",1135.08366460091,-0.520399705017135,0.206556878827826,-2.51940147416204,0.0117554534580801,0.0246891681122428
"MRPS12",604.216197173915,-0.90164986156273,0.279786637769358,-3.2226337496003,0.00127017849715808,0.00343815150696614
"NPIPB5",3774.55937177214,-0.667828842121239,0.192986802313053,-3.4604897024923,0.00053919385567912,0.00158315353699772
"RNF126",1271.68439276128,-1.53233413631855,0.260750155531943,-5.87663747771317,4.18683713658754e-09,3.44568532591863e-08
"EIF4A2",10512.2362685302,-0.433514139450231,0.179165119978566,-2.41963468950928,0.0155361059689095,0.0315381341315835
"ABCA9",152.424862505732,-1.71446575411784,0.396133647204226,-4.32799830617253,1.50470626522997e-05,6.28583196977298e-05
"ARID3B",238.654751997977,-1.37932435152291,0.336946596851769,-4.09359929558722,4.24728064021806e-05,0.000161189346840389
"BUD13",811.530223915788,-0.835671799379845,0.225356179908072,-3.70822668240442,0.000208715777281676,0.000678670194460831
"SYNPO",1682.50124240032,-1.21395499100298,0.21982643132519,-5.52233406913281,3.34525669131915e-08,2.36448825227331e-07
"NCAPG2",5116.74565268587,-1.06185524925455,0.182370130289873,-5.8225283250429,5.79639720302961e-09,4.69834171093306e-08
"LRFN4",822.148949211313,-1.00767669054372,0.233288171273071,-4.31945042496046,1.56418240545725e-05,6.50211314375442e-05
"ZNF394",468.298726241703,-1.10024422730649,0.268758911229913,-4.09379626622046,4.24367228248976e-05,0.000161104140810999
"TJAP1",2049.06111842469,-1.53579583704976,0.196316363766365,-7.82306582897743,5.15521286586605e-15,1.10570427674782e-13
"CDC34",1237.19016238091,-0.906617849658499,0.230634934705009,-3.93096497205898,8.46055990882802e-05,0.000300170810574991
"TAB2",18077.1979347795,-0.889145281411104,0.165503988036674,-5.3723495847972,7.7717251624274e-08,5.12534865901602e-07
"PARP6",3480.09009811826,-0.433945122079738,0.186852728121613,-2.32239114966148,0.0202118834777942,0.0395143157883493
"ATG2A",2792.39396898295,-1.05719102129323,0.218621995723834,-4.8357029117449,1.32675954053624e-06,6.9012518706238e-06
"ARNTL2",2334.89542515352,-1.43889771750455,0.210800362209855,-6.82587877184058,8.73887036309316e-12,1.14751077723372e-10
"R3HDM1",3985.98274047188,-0.504197122803072,0.185254166979952,-2.7216506436675,0.00649567717707737,0.0146892294065634
"ZNF574",1755.24622359943,-1.76282905412971,0.206165493235766,-8.55055337565043,1.22499767258663e-17,3.94469277782802e-16
"SYNCRIP",9162.39864988347,-0.52837052563288,0.167225200535024,-3.15963457626243,0.00157967128343882,0.00418859215339465
"PITPNM3",1112.35447207448,-1.63739270571871,0.233238188114212,-7.02025992809083,2.21455868842266e-12,3.23506237080086e-11
"ZNF66",156.666623161002,-1.84221552925471,0.413810102242946,-4.45183797898959,8.51383969228511e-06,3.73016134676968e-05
"GGA3",3810.77221446632,-0.665171501788064,0.183163761587801,-3.63156716165828,0.00028170532169826,0.000890396761655532
"RANGAP1",2719.82635659562,-2.3668867738003,0.231438015609764,-10.2268711886607,1.50296862448067e-24,1.0830538539093e-22
"TICRR",1047.36149430457,-1.11465195685451,0.243674737712869,-4.57434351757851,4.7771549203337e-06,2.20878000189764e-05
"ELOF1",452.407100218881,-0.729762962756427,0.281518669638739,-2.59223647118289,0.0095354203995009,0.0205562930100879
"SRPRB",1846.52308484137,-0.601620822379746,0.199982444667809,-3.00836817641217,0.00262654723051787,0.0065973507269416
"SMNDC1",1719.91929490489,-0.918385000768745,0.209648719146661,-4.3805896096426,1.18358604877189e-05,5.03514036155011e-05
"SF3B2",7945.83445800596,-0.689229151213003,0.189977297127141,-3.62795534853694,0.000285674650669618,0.000901283565347657
"ARAP2",998.643052790072,-0.721828450790707,0.237382701600622,-3.04077949203361,0.00235966574226364,0.00599839314735893
"ARMC8",4062.83629777045,-0.502890933972017,0.175452557455938,-2.86625023461576,0.0041536577711872,0.00989875530144995
"CDK8",1009.19474393873,-1.30354913281855,0.2451236000686,-5.31792586455868,1.04956814036587e-07,6.74868550551554e-07
"CHTOP",3515.39875964631,-0.835241129693074,0.18548319698853,-4.50305549642174,6.69833831834273e-06,3.00649305910271e-05
"DDX39A",1335.27054861825,-2.65787735948015,0.274725044621241,-9.67468169181488,3.86291848571571e-22,2.13326965720506e-20
"TNIP1",2129.01843669474,-0.445380798008619,0.189968137876855,-2.34450262547361,0.0190524763856112,0.0376248081791948
"PPID",731.701679808494,-0.842307330812301,0.255851241597633,-3.2921760533684,0.00099415356387545,0.00275021227010301
"PLEKHA3",2685.46800058476,-0.588207866940645,0.18249884103235,-3.22307727333116,0.00126821336164008,0.00343361867304981
"WASHC1",312.608666923874,-1.63935718119656,0.395794233411352,-4.14194306740382,3.44375837951951e-05,0.000133700185706838
"AURKA",1696.02715496937,-1.01726445303588,0.229089325053969,-4.4404707761753,8.97622943631028e-06,3.90722208023259e-05
"MARK1",298.442243280201,-1.05021007992223,0.300294062915573,-3.49727220620242,0.000470041948791869,0.00140276660374301
"LYAR",576.84147918334,-1.40583487843961,0.263109182019264,-5.34316160177444,9.13392638533678e-08,5.95721534337252e-07
"SERTAD3",1357.20067477615,-0.878336034105284,0.228062261496695,-3.85129932651314,0.000117492785350909,0.000402822668197575
"HDAC9",21921.1380471202,-2.04061727433426,0.185731054253514,-10.9869471345859,4.41611551853511e-28,4.70177055838269e-26
"TRIM47",3460.68914112164,-0.743484898707132,0.208162915850421,-3.57164913678177,0.00035474044965224,0.00109260428303106
"DONSON",2025.05239705274,-0.845701336966158,0.194594133652556,-4.34597549829607,1.38658047557545e-05,5.82531392120536e-05
"FASTKD3",573.986201107482,-0.595040935003603,0.24162810076659,-2.46263134592282,0.0137921645596278,0.0284063786625447
"KIF1C",4253.63471350995,-0.842532653971853,0.186397802132161,-4.52007826451985,6.18167741711489e-06,2.80334089468395e-05
"EPHX3",147.452970870228,-4.32653456468473,0.4870356750997,-8.88340379541819,6.48450592308612e-19,2.44056977703923e-17
"UCK2",418.348297816371,-0.833663412173458,0.288275269578613,-2.89190055529934,0.00382919128781278,0.00920907257618468
"AJUBA",984.679235794825,-1.20316767562105,0.261511726910576,-4.60081729349167,4.20836442239594e-06,1.96578856695159e-05
"PITPNM1",2386.21068359744,-0.543148151180297,0.214416607269684,-2.53314404185655,0.0113044489207072,0.0238564245258782
"ZNF90",598.593138955615,-1.07514880792736,0.242531464695921,-4.43302814039138,9.29187328289911e-06,4.03718229622432e-05
"AZIN1",12481.5573317565,-0.618083048638479,0.172209946288936,-3.58912514612513,0.000331789545596457,0.00102996817700523
"SLC5A6",1100.67613401436,-0.728248805476241,0.212204484912761,-3.4318257023438,0.000599532740136992,0.00174171040386897
"LRRC37B",1762.6456244837,-1.03999128592063,0.216069281665579,-4.81323063558048,1.48509729206693e-06,7.63081730332479e-06
"POLR3A",2953.79627309444,-1.13438056708454,0.187678424151697,-6.04427798353443,1.50080558479322e-09,1.3483271600597e-08
"LINS1",1325.08807704467,-1.39679961368436,0.209277212293899,-6.67439898675049,2.48247395330844e-11,3.01210237989725e-10
"NOL11",4294.36976035604,-0.966357901238249,0.181679481605652,-5.31902608207458,1.04324181069515e-07,6.71515888823273e-07
"SRM",3729.71934826454,-0.57369491996986,0.194841765042412,-2.94441450910169,0.00323566324461441,0.00794040472065052
"ARL13B",942.95441653427,-0.93828655966518,0.24459856848169,-3.83602637370063,0.000125040986025095,0.000425982811428241
"FCGR1A",243.418883440061,-1.50250014035592,0.326102884253061,-4.6074420463879,4.07652770024437e-06,1.91024600957526e-05
"HIST1H3J",2914.14204348085,-2.68357693450805,0.2206996879152,-12.1594052074018,5.11296009391645e-34,9.15529733180373e-32
"H2AFY",2258.32817307816,-0.680737489214878,0.193569767398137,-3.51675521629742,0.000436856454929523,0.00131435070884855
"AKAP12",2190.56408193037,-0.954863978597932,0.232301524157875,-4.11045076892821,3.94887470008991e-05,0.000151077375220662
"ZNF44",1153.38331710079,-1.97576430625632,0.217372543118853,-9.08930023041608,9.96785165885771e-20,4.20714538944216e-18
"RBM15",2975.30113982016,-0.96439523305861,0.193114409387242,-4.99390613118237,5.91701649968226e-07,3.32512130257941e-06
"ALDH8A1",76.0973359293999,-3.1046196279813,0.616695081658896,-5.03428634395778,4.79632283197061e-07,2.73830643614631e-06
"TMEM192",1610.01243421939,-0.99981916473047,0.227614326653453,-4.39260208015251,1.12002012378267e-05,4.79232361436045e-05
"PRPF39",1364.56672977832,-0.850765450452114,0.20087162668694,-4.23536894923463,2.28176747735114e-05,9.17527916078971e-05
"AP1AR",2023.52776989288,-0.59224161918406,0.20503945632254,-2.88842757294687,0.00387173181299708,0.0093028127913851
"MTO1",1608.16424705508,-1.10775277167703,0.219479448362612,-5.04718223023258,4.48373649176106e-07,2.57389360329814e-06
"SNIP1",1491.07864561745,-0.809689433762373,0.201503355902894,-4.01824292272615,5.86337326648031e-05,0.000216341005319691
"FZD8",1874.60422856678,-2.52699331678824,0.202850317580204,-12.4574284474024,1.27413162397281e-35,3.01153750642214e-33
"ARHGEF18",1189.32600965311,-0.78846302716634,0.213012699324832,-3.70148366583524,0.000214342456841949,0.000695524205095593
"SLC16A6",2684.99201078993,-2.07166650074554,0.243480620944925,-8.5085477961474,1.76125295805151e-17,5.56537097814245e-16
"TWISTNB",4969.15019404771,-0.851853426151491,0.183905239656747,-4.63202368644552,3.62108712844516e-06,1.71519068873607e-05
"CEL",57.4464986190992,-2.30414910592981,0.665033290766465,-3.46471242556027,0.000530798747104173,0.00156355423561244
"SRA1",1395.98597127044,-1.44176070991928,0.217971676833092,-6.6144406046997,3.72959363275069e-11,4.41646668856189e-10
"TAF4B",464.706707098771,-1.62076632540011,0.289085304010244,-5.60653309911139,2.06419515183415e-08,1.51613786851311e-07
"CYB5R4",910.492558414281,-0.846653473146415,0.227617863338426,-3.71962666167197,0.000199517473695574,0.000650454483899114
"KIAA0753",2699.56642444355,-0.962725083839765,0.222750047251046,-4.32199721490853,1.54623141224491e-05,6.43654907710827e-05
"SMCHD1",9844.10265755487,-0.584124113862631,0.169072984222798,-3.4548636882927,0.000550571103362574,0.00161295223092189
"PSMC3",673.026863258355,-1.51762535034335,0.28694085501583,-5.28898316086644,1.22998212870903e-07,7.78571440657915e-07
"CAMK1G",29.3647006274969,-4.23460813610019,1.03628641577476,-4.08632987139397,4.38250572443242e-05,0.000165948262259988
"C19orf24",619.638713153792,-1.07553373090489,0.250619663986705,-4.29149777713351,1.77471979906261e-05,7.28251339768121e-05
"ICAM1",1985.92449836043,-4.93746005507219,0.225775790118096,-21.8688640287321,5.14218203736078e-106,6.07703073175297e-102
"GPS2",3945.29218257919,-0.605549140364691,0.196438110411748,-3.08264592392697,0.00205169111947431,0.0052906143683062
"PLXNA1",31804.6039352543,-0.827379450160771,0.204334580591622,-4.04914061910231,5.14060516826918e-05,0.000191706127733055
"ZBTB17",1171.13528382415,-1.54150681085076,0.221967932837197,-6.94472751602991,3.79191503426526e-12,5.3603889802568e-11
"WDR90",1310.8549585041,-1.05738798939646,0.283112827602902,-3.73486428838034,0.000187816441705857,0.000615533751547372
"ZNF335",4211.87443613935,-1.43032719328247,0.270546293542389,-5.28681126824739,1.24466938331102e-07,7.87025295450487e-07
"TEF",1289.96596214241,-1.81331301290537,0.223996559466901,-8.09527171855206,5.71366687307722e-16,1.45213150765649e-14
"RNF166",607.393934547231,-0.801156651671636,0.269509930494411,-2.97264241878556,0.00295248199218477,0.00732265103539131
"RBM34",587.631663044311,-0.997974374755829,0.256716849170407,-3.88745178970851,0.000101302099416835,0.000352394592913263
"NFRKB",1576.50224206042,-0.666747219918778,0.208016167659675,-3.20526633780509,0.00134937556656957,0.00362594825959964
"RAN",9384.55169576125,-0.906469204195391,0.189146988396607,-4.79240622269222,1.64792806490131e-06,8.37283485425783e-06
"HIST3H2A",31.1508419216055,-1.97954850493277,0.819489116163595,-2.41558852446991,0.0157098032150057,0.0318398995703889
"C12orf49",4413.43493204195,-0.605790919266264,0.176099897727117,-3.44004128954687,0.000581625447333243,0.00169297909805078
"COPS2",5601.38299381251,-0.641573766465379,0.189156160609245,-3.39176775632876,0.000694432746655273,0.00198471733977558
"KLF10",11204.1141145227,-2.9728705792646,0.244900815051248,-12.1390799726105,6.55590222098153e-34,1.15638287235164e-31
"ZNF195",818.823906714523,-1.07841288797922,0.23298953864912,-4.62858931019776,3.68165081236862e-06,1.73830400721424e-05
"TRIT1",1084.96132031388,-0.605432633924869,0.213432848565213,-2.83664224131781,0.00455906655695884,0.0107392961072632
"GTSE1",708.041683053729,-1.51935811928187,0.27217377430275,-5.5823090346384,2.3734615524105e-08,1.72083243106671e-07
"MOCS3",2109.14888210678,-0.769271231044874,0.201538022431684,-3.81700297424342,0.000135082542384756,0.000456768379371399
"DHX36",3152.33762187736,-0.497640092735267,0.181026660233018,-2.74898786783506,0.00597795988271063,0.0136506222572019
"TRAPPC2B",213.24587403948,-0.804581437935067,0.347947489416227,-2.31236454467588,0.0207576025087308,0.0404540478971274
"ATP5PB",2749.7499186024,-0.675285286724463,0.226776132469254,-2.97776172197494,0.00290361622203489,0.00721508337090166
"IL4R",1163.22804200583,-1.82949978198955,0.228921209861545,-7.99183170094224,1.32948453133695e-15,3.1871019784811e-14
"CPSF7",7429.96644270811,-1.04209475532823,0.177582561714103,-5.86822684203608,4.40480344440128e-09,3.62254468378109e-08
"LSM10",596.198381149147,-0.675013827856119,0.250004921243065,-2.70000216195681,0.0069339025469908,0.015567032731827
"INCENP",1674.51636247409,-0.96710450136126,0.247717614434632,-3.90406028884337,9.45922006653439e-05,0.00033181674902435
"RBM27",6211.8662478999,-0.439718953664015,0.17055918270593,-2.57810190391307,0.0099344696109803,0.0213270775408838
"SAP30BP",1265.06454662691,-1.09393393006562,0.246806608698239,-4.43235266606306,9.32103939025508e-06,4.04687889471104e-05
"UNK",4288.34211805861,-0.464006767827401,0.19758543614742,-2.34838547250619,0.0188549967288806,0.0372809689379138
"PPA1",1228.02903928369,-1.01088420613397,0.207359619648315,-4.87502922627098,1.08792347077501e-06,5.78366152839367e-06
"SPDYA",257.516522703501,-1.7721515276049,0.350197742603124,-5.06043104227906,4.18309728084644e-07,2.41385955395719e-06
"DDX56",5620.49903749665,-0.954868228837404,0.198898831020775,-4.80077345822947,1.58053986676516e-06,8.05121557992703e-06
"ZBTB40",3947.9653086853,-1.03085039023758,0.199935925028445,-5.15590377312591,2.52410501860384e-07,1.51190436441258e-06
"YDJC",352.642952901791,-0.751640037503702,0.316697841453108,-2.37336646835022,0.0176267653112966,0.0351798917857333
"COA7",507.247138983623,-1.75389254366974,0.271946434071054,-6.44940445592121,1.12290524069842e-10,1.20531281876239e-09
"R3HCC1",1338.14573204342,-0.940320920938995,0.218490530848529,-4.30371475270423,1.67957885907277e-05,6.92818951362023e-05
"GCNA",492.631806227157,-2.72499151540411,0.315469653014167,-8.63788795330415,5.72617354394802e-18,1.89557195917024e-16
"ZNF513",429.452799149634,-1.1825203878414,0.311608187685861,-3.7948951105018,0.000147705886963955,0.000495624126104491
"HIRIP3",502.301478869628,-1.14451293237725,0.270341214002225,-4.23358656800227,2.29993591058693e-05,9.23883160819728e-05
"CTU2",370.62469505317,-1.20258560274147,0.288461434874837,-4.16896491991474,3.05986075145323e-05,0.00012017758179021
"PQBP1",337.860926716493,-1.53781111649576,0.292725134993562,-5.25343037771449,1.49292125826108e-07,9.33510234398384e-07
"RANBP6",1746.62757172526,-0.621812819942883,0.217661092707023,-2.8567936152919,0.00427943996632306,0.0101657128687449
"USP8",3980.86732852596,-0.499492996762093,0.18070445881789,-2.76414317626479,0.00570724905409129,0.0130891265905785
"ABL1",14020.9954199496,-0.782062131322947,0.179856906433928,-4.34824631886041,1.37230429320361e-05,5.76738696197732e-05
"BRCA1",1956.9934102906,-1.10932004345922,0.202874665492607,-5.46800676548571,4.55124515045689e-08,3.15279104267875e-07
"DERL2",2093.03971020064,-0.470248108029962,0.189705041583131,-2.4788382222509,0.0131811075742562,0.0273442743142971
"MARK3",1702.04249118119,-0.601926897061324,0.204431160443161,-2.94439896421113,0.00323582578563656,0.00794040472065052
"DNAJC1",325.177424993757,-1.04096802862144,0.30916967754545,-3.36697970152139,0.000759962818980514,0.00215068021904016
"GINS2",256.835785490149,-1.45806696239792,0.338770003573226,-4.30400255931383,1.67739723848715e-05,6.9216063423328e-05
"CMYA5",543.8108314326,-0.866234710327678,0.264582632769588,-3.27396662910237,0.00106049134471128,0.00291801786072128
"ABCF2",4854.51500510799,-1.31009499692824,0.203311433943055,-6.44378415674931,1.16530780243694e-10,1.24855916674521e-09
"NFKBIZ",4032.11065453794,-1.25239543465963,0.23387013553693,-5.35508918992296,8.55142249237259e-08,5.60203497865074e-07
"RBMX",9243.93420836065,-0.791175111098318,0.184145541605106,-4.29646628531994,1.73542348054373e-05,7.13612898158172e-05
"FAM111B",299.846237475314,-2.35709445275197,0.323938404510878,-7.2763661854512,3.42931944023863e-13,5.71617731237519e-12
"ZNF79",520.796939789025,-1.41012897499439,0.269440707074817,-5.2335409534196,1.66293140750831e-07,1.02892792533681e-06
"IMPA1",2142.16585720755,-1.33987489041067,0.205506380318278,-6.5198700319452,7.03683373979174e-11,7.87512321371769e-10
"MRPS31",618.042642773835,-1.04768947319624,0.243554398894151,-4.3016651637303,1.69519345341961e-05,6.9877210437785e-05
"MTG2",2548.63654330233,-1.90918095210556,0.218780135301092,-8.72648218028608,2.62716724395557e-18,8.97337066158004e-17
"ARHGEF40",3749.29123809192,-0.801717396015258,0.196742977836487,-4.07494795916714,4.6024638225723e-05,0.000173554299474025
"YARS2",840.119718011738,-0.676820056323459,0.220820108105411,-3.06502909599324,0.00217648822109439,0.00557713308692401
"DUSP15",4644.59969841328,-2.46371932858014,0.773639465210828,-3.18458330962827,0.00144962577963554,0.00387156552852719
"C1orf162",179.249782461785,-3.25955832134796,0.401484245020114,-8.11877019279962,4.70931281647645e-16,1.21516722412923e-14
"TMEM104",1644.60419526907,-0.577318080062136,0.193155680336721,-2.98887446155205,0.00280007153089039,0.00698970230967214
"ASXL3",435.285413037013,-1.34216675308887,0.310011356109203,-4.32941157360727,1.49508287407665e-05,6.25004931228787e-05
"HIST1H4H",1207.15529480731,-2.72709502016974,0.245192600129148,-11.1222566208496,9.77673322842635e-29,1.10039460279564e-26
"ST7L",1496.47375632759,-1.34072135059462,0.202913727547041,-6.60734671233026,3.91268968893371e-11,4.59643804610522e-10
"DPM1",1751.67008430895,-0.711567206698942,0.201509166985056,-3.53119025474267,0.000413694070201939,0.00125359910811449
"RFLNB",257.763253210119,-1.50921894912033,0.329752815369974,-4.57681899524354,4.72099598779845e-06,2.18537918463776e-05
"ZSCAN25",3297.21762628596,-0.493015258890811,0.179182806697254,-2.75146521018507,0.00593293213347624,0.0135691850176634
"GTF2A2",1650.26215111631,-0.972799769911476,0.220943790112839,-4.4029287694153,1.067992387214e-05,4.58631323840663e-05
"ZIC2",7625.0116054678,-0.5573532162948,0.170655678180758,-3.26595178218713,0.0010909682426498,0.00299687649613658
"NR4A3",953.564001795791,-2.37439147243361,0.23539308651846,-10.0869210202884,6.3118293663881e-24,4.07851885288753e-22
"NELFA",1122.22971084428,-0.741483836618163,0.228181112122159,-3.24954081309413,0.00115591490045428,0.00315487350890732
"CYTH2",1486.64994917593,-0.773404409954813,0.210824214848653,-3.6684799728059,0.000243996802908784,0.000782086850224034
"MAP2K4",6321.84474848796,-0.548925964382742,0.171403946977131,-3.20252814514231,0.00136226987677115,0.00365810165955043
"IMP4",2075.40045017188,-1.10157794031483,0.206778000505245,-5.32734593439928,9.96582476122541e-08,6.43937217212476e-07
"NEB",390.986700012492,-0.991859741315093,0.294776782711647,-3.36478243703928,0.000766040367966497,0.00216475561672792
"CCNB2",1192.59467537984,-0.970221329998762,0.224234637048131,-4.32681294366895,1.51282329314474e-05,6.31750730684965e-05
"WDR4",428.472933457477,-1.90442496268575,0.293439928896595,-6.4899994007184,8.58367156076039e-11,9.46285732323379e-10
"POLR2L",1120.66440366348,-0.633640886272526,0.267605659782587,-2.36781571356644,0.01789344618457,0.0356481367176749
"RAVER1",3631.52204056491,-0.480469808920788,0.186789631001609,-2.57225096673941,0.0101039618217506,0.0216202463895434
"BANP",940.930061122818,-0.771131924751582,0.220650004768953,-3.49481943387696,0.000474382570105845,0.00141383717890299
"FZD6",80.8480200145212,-1.8389239150342,0.620642465937561,-2.96293601543405,0.00304719903634723,0.00753041810418495
"USP4",4802.72070215969,-0.437060281687653,0.173282557503915,-2.52224048388585,0.0116609957856855,0.0245038492523526
"GJB7",97.6631784178894,-1.54676878020543,0.507972244334688,-3.04498680283466,0.00232690520127731,0.00592680224817123
"ZNF746",3254.66030639316,-1.19838610309257,0.194589118713044,-6.15854633094772,7.34157071827247e-10,6.90236139606555e-09
"HASPIN",903.668057769811,-3.03980962098838,0.233104009288338,-13.040572018769,7.19154626137057e-39,2.36082482546882e-36
"FAM133B",2134.58468510649,-1.41288192918088,0.189039682419014,-7.47399652338164,7.77951968996611e-14,1.42099480210231e-12
"KDM5A",8215.51074975925,-0.457436018092948,0.168134340743562,-2.72065787435196,0.00651521528842275,0.014730593892975
"USP7",7560.28665185626,-0.772072158708677,0.171757193001903,-4.49513726449943,6.95250830733724e-06,3.10641751138418e-05
"PSMA7",6427.68779256414,-0.738123068203349,0.216767009493012,-3.40514486004912,0.000661289647942435,0.00190126952767559
"ATF5",795.904038343561,-1.00312702541158,0.23528794392701,-4.26340172245613,2.01338074580207e-05,8.17106238114315e-05
"TMCC3",545.132105289657,-1.01995277591604,0.28150106644373,-3.62326434070514,0.000290908249415882,0.000916054807246709
"HNRNPK",19427.2830694641,-0.646831420139268,0.171702685793994,-3.76715959420299,0.000165115454211841,0.000548589945986939
"EMD",1771.67084742113,-0.505586494379961,0.206265188439686,-2.45114795281027,0.0142401407739482,0.0292119395359346
"ZSCAN18",1948.88767973971,-0.47627679157459,0.200417770467532,-2.37641996746864,0.0174815532717812,0.034927641008607
"IL20RB",212.584052499494,-1.68998396982997,0.345889370152249,-4.88590895142598,1.0295277004235e-06,5.50043325660261e-06
"CDC14A",1259.50370918435,-1.85501580034944,0.229825771495312,-8.07140029719112,6.94964602167715e-16,1.74746631242937e-14
"DNMBP",3850.94144771319,-0.539614851908208,0.191615029994726,-2.81614052886697,0.0048604401290027,0.0113852096977543
"ZNF34",499.080568216903,-0.885416303447209,0.271846780082181,-3.25704171732158,0.00112579885977748,0.00308264386581331
"CHMP1A",2620.11732136159,-0.476056672741216,0.204316404418732,-2.32999731027751,0.0198062932785988,0.0388347664473548
"NR1H3",749.260145232821,-0.666072781608925,0.234702597283136,-2.83794380343137,0.00454051759653785,0.0107020017861756
"NDST1",11262.9608229154,-0.674247732862745,0.170433742236369,-3.95606952012856,7.61929964620427e-05,0.000273609490181836
"TNFAIP8",188.990266365375,-1.91569987221448,0.402127786295685,-4.76390823390121,1.89878882983257e-06,9.52456977545049e-06
"TXNL4B",1245.6171603301,-1.21740272990859,0.227446052332011,-5.35249004072185,8.67520792893605e-08,5.67369160510051e-07
"TMEM132A",527.823957886024,-1.35487688363162,0.251154408546548,-5.3945972578081,6.86774197061014e-08,4.58807092191468e-07
"ENO3",318.982871299904,-2.66698245803435,0.374776574343569,-7.11619306170788,1.10948857817269e-12,1.69624010567204e-11
"ACSF3",985.795060744612,-0.768205488182835,0.222698965541873,-3.44952427737431,0.000561575232512681,0.00164193372039457
"ZNF316",4854.70077813046,-2.11417637809327,0.223993698037631,-9.43855294419081,3.77962894433337e-21,1.88471117570176e-19
"RAB39A",142.579754747107,-1.0154183579196,0.447254687426683,-2.27033586559348,0.0231872125289364,0.0446297194897346
"UBE2D2",5146.46564162636,-0.745185996532657,0.186926552983958,-3.9865176168771,6.70501514437953e-05,0.000244265933958931
"PHYH",3176.87284590377,-0.850558341752062,0.282705282587703,-3.00863971824862,0.00262420107768852,0.00659426075613925
"TACO1",1145.31382928948,-1.3018585104643,0.243197814546261,-5.35308474253029,8.64673288058154e-08,5.6613345807597e-07
"CD163L1",803.863988987184,-2.76294149173317,0.245367968329412,-11.2604000862242,2.05822149885928e-29,2.56042754458094e-27
"XBP1",3276.6136800427,-0.608398430416298,0.210899432405573,-2.8847798378438,0.003916874756197,0.00939890880583475
"MYH9",18022.2042977038,-0.657064935656632,0.171180205687205,-3.83843992369818,0.000123818499609364,0.000422305058696525
"TSSC4",687.510076574402,-1.77342237819919,0.250750433365976,-7.0724598733229,1.52211007018632e-12,2.29442561345178e-11
"EIF5B",4609.1437649827,-0.590504063272965,0.173632124526435,-3.4008917697892,0.000671664148373261,0.00192850507907561
"TMEM79",254.104133375556,-0.980086130793606,0.336497079538352,-2.91261407718073,0.00358417257749662,0.00868520638114723
"SSU72",2550.36147775544,-0.65595383767696,0.193409398814737,-3.3915303066801,0.000695034759011206,0.00198595763587873
"ZNF613",286.603260843183,-0.933611682739369,0.343200448402687,-2.72031020671609,0.00652207001843182,0.0147432715145041
"LRRC14",1233.63176441358,-0.516838071610966,0.229664241859574,-2.25040723547631,0.0244231061261064,0.0465761284812531
"THG1L",353.880758727163,-0.687855434625594,0.289651557063871,-2.37476864132277,0.0175599528850268,0.035066495977568
"TEDC1",40.6308079694208,-2.56254360256626,0.782046705071052,-3.27671427543888,0.00105022589238084,0.00289381431479524
"ZNF451",12414.5764529304,-0.756624173492808,0.167565147800593,-4.51540301443359,6.31964645485103e-06,2.85713778896058e-05
"C6orf52",124.845950191445,-1.45542683932684,0.448974786896849,-3.2416671978091,0.00118832704568526,0.00323511841186556
"XRCC6",4769.11554655085,-0.643249801182924,0.186907367235615,-3.44154332007708,0.000578405847803006,0.00168572140797433
"FBL",1234.21822595119,-0.495514392677536,0.212052273723192,-2.33675585730511,0.0194518823075692,0.0382945768966938
"MTRR",2253.31047469968,-0.590171198859044,0.184787734720909,-3.19377906629138,0.00140423540548972,0.00376224303379675
"HMGA1",25796.8360550747,-1.51049377813878,0.237089986316329,-6.37097248014287,1.87833347522018e-10,1.95062785677962e-09
"RAP1B",6000.9832713254,-0.457948725181829,0.20519791988738,-2.23174155680119,0.025632048960192,0.048567475914454
"ZNF425",529.372604322877,-1.1818864194795,0.254476157260752,-4.64438960491086,3.41083369420231e-06,1.62406255431438e-05
"ZSWIM3",640.291734394751,-0.914245266918388,0.248106830110113,-3.68488552496775,0.000228805454131165,0.000737192709084545
"UCK1",603.125633919875,-0.85940621563819,0.248261414200856,-3.4616987033792,0.000536777712939188,0.00157723496059556
"GBA2",1060.52514904032,-0.515787043453951,0.225747585531109,-2.28479539322857,0.0223248279186797,0.0431878893997311
"CCDC150",149.329672803496,-0.944013123760282,0.393475991995552,-2.39916320935523,0.0164325885714668,0.0331294133267735
"RELB",5608.53920962865,-3.86533256984092,0.223490701465984,-17.2952724408055,5.10610409093725e-67,1.00573230244494e-63
"ERCC6L",614.821963570071,-1.15350646157148,0.269571656310906,-4.27903466320324,1.87705631858337e-05,7.65989349897039e-05
"HIST2H2AC",1417.3128389094,-2.1362269373369,0.241689726533752,-8.83871634915595,9.68245943160155e-19,3.55364302989649e-17
"ATAD2",6629.93124891627,-1.59299119095752,0.17001946197886,-9.36946378030295,7.29019472557184e-21,3.41886989154e-19
"NCLN",1398.66914466803,-0.707495151046534,0.219703839231888,-3.22022206585021,0.00128091331509733,0.00346482800590989
"MYL12A",2184.9236968189,-0.704824233248577,0.252096892223763,-2.79584657720799,0.00517639672735861,0.0120155629477625
"SELPLG",175.004735815564,-4.28199914715465,0.487349277555563,-8.7863044932214,1.54560309344528e-18,5.45251861442875e-17
"TBX2",2838.14557305184,-2.28851212977974,0.272347921402778,-8.40289919597087,4.35588581287796e-17,1.31321067695387e-15
"DOLPP1",581.777047755468,-0.637083898161755,0.248834959777228,-2.56026684808321,0.0104591818123312,0.0222835065185019
"TAF2",8226.94876278658,-0.671526081138497,0.175249248629765,-3.8318342953765,0.00012719139852279,0.000432326779411124
"GIGYF2",5617.27953312152,-0.418856835397298,0.182474566643034,-2.29542583990177,0.0217087319123868,0.0421408991032502
"RBM15B",2514.74195714011,-0.824455203164301,0.201617726915983,-4.08919997152761,4.32863563500563e-05,0.000164014468779874
"TRAPPC8",3788.83166694641,-0.496807024697893,0.177124165751728,-2.80485174109026,0.00503397287105692,0.0117270828681551
"MAP3K14",1860.36740188008,-1.65459569943769,0.242810416796456,-6.81435220641587,9.46894624434858e-12,1.23378177194831e-10
"SLC25A25",1256.33812858246,-1.74214567601693,0.218240161271144,-7.98269972799584,1.43166884713879e-15,3.41807321929016e-14
"TTF2",1230.05485778621,-0.925113914880994,0.212604436873066,-4.35133870434382,1.35308842128374e-05,5.69878794110165e-05
"NAA25",6770.76551925243,-0.67169663504177,0.171719154861876,-3.91159993526673,9.1686702318177e-05,0.000322870514897561
"JAGN1",2825.17016733499,-0.488328867526811,0.193327913199214,-2.52590978429284,0.0115399110836867,0.0242926022777004
"STAB1",37.369346780487,-2.08150594203473,0.783185245824512,-2.65774406902084,0.00786656066296779,0.0173575455405066
"BAG5",2919.11336412068,-0.518478105114608,0.180648203550327,-2.87009831775141,0.00410344187251651,0.00978895358284218
"CCNT1",7652.29896381424,-0.945640981011195,0.17020363461998,-5.55593882071064,2.76123580042706e-08,1.98252033350225e-07
"TCP1",5598.51153906269,-0.869803050100591,0.175170750409465,-4.96545826325119,6.85390324416876e-07,3.79566206839674e-06
"CRTC3",2773.29352019329,-0.479102640127032,0.193504135927535,-2.47592971504469,0.0132889736086737,0.0275090366276591
"MTSS1",908.608817018128,-0.678886982698176,0.226301704259954,-2.99991988535064,0.00270050626056489,0.00677160682948353
"XRN2",4888.04520901313,-0.633548551148124,0.176452941815564,-3.59046749025208,0.000330085400713788,0.00102575578901802
"TACC3",1242.71045995811,-1.85160644443971,0.249497279822131,-7.42134922577006,1.15933180027322e-13,2.03278682724464e-12
"GINS3",477.117207805299,-1.3905602950698,0.280425425521552,-4.95875255420779,7.09472637641792e-07,3.91618291996763e-06
"SGK1",341.468992856045,-1.30642085588505,0.302867684325713,-4.31350363045033,1.60687499953389e-05,6.66524820923602e-05
"UTP25",2177.58919256588,-0.518983557404757,0.192506149118337,-2.6959323625851,0.00701919178578606,0.015740570877499
"KAT5",604.923526293342,-1.09267060636693,0.263145955552782,-4.15233669114005,3.29097593923347e-05,0.000128358922936835
"STK11",870.843184216212,-1.11970965540276,0.2561210143115,-4.37179923878071,1.23226811117129e-05,5.22156491137408e-05
"TEPSIN",447.00126025938,-1.5408611346185,0.29291264979675,-5.26047999527399,1.43679835964252e-07,9.00322535220325e-07
"CASKIN2",1849.62502568951,-1.37647217178104,0.215906876538752,-6.37530491778467,1.82599286938217e-10,1.89961124386958e-09
"ARMC5",803.280217052436,-0.587142705957149,0.257089414941477,-2.28380739086751,0.0223828531234723,0.0432859692706915
"ZXDB",2564.01464698131,-0.734126399278789,0.187449358031206,-3.91639857820465,8.98816027892651e-05,0.000317080830377175
"BCCIP",1568.42451641343,-0.68700533149753,0.201442819409649,-3.41042353115826,0.00064862069857046,0.00186687759759028
"DSN1",946.657774716148,-0.829134693488352,0.231592542840929,-3.58014417613545,0.000343404678581592,0.00106239698729771
"CHIC2",974.736824213009,-1.23542557597578,0.240321089582651,-5.14072892279767,2.73674656468554e-07,1.63347832835625e-06
"KIF5B",9097.5646872012,-0.525445643224077,0.173180783802138,-3.03408745293825,0.00241264480808841,0.00611465501651059
"MNAT1",560.382134025163,-1.10771171472045,0.270909853615516,-4.08885723401022,4.33503543252287e-05,0.000164203361351139
"POLR3C",2734.16013219027,-1.37330680334752,0.208334033511558,-6.59185050181125,4.34377889143869e-11,5.04320482406342e-10
"PRR14",3245.09980441941,-1.11157243352207,0.200592921389332,-5.54143399389758,3.00004658872678e-08,2.13710371221055e-07
"THRAP3",8100.42178347682,-0.572847578839086,0.177136638183345,-3.23393051101129,0.00122099159596602,0.00331640512092079
"ELL",1609.9899683392,-2.24803478629882,0.230112632693361,-9.76928019981617,1.52531878694587e-22,8.79327679225673e-21
"ESAM",73.4873812118431,-3.63912228032146,0.616503447067059,-5.90284174019488,3.57292986205817e-09,2.97987897740321e-08
"TYW5",1624.04797219376,-1.12781348819793,0.197463181950567,-5.71151278459731,1.11976283421992e-08,8.66057406728468e-08
"POLE3",4131.24608185793,-0.698274363253118,0.186793740722605,-3.73821071601151,0.000185334584583007,0.000608243299250759
"ITGA1",513.634379558802,-1.40093391919514,0.255232702301146,-5.48884961278275,4.04559874845689e-08,2.82570248281699e-07
"TMEM216",204.407033916674,-0.798556807213992,0.347695436386695,-2.29671351316175,0.0216351180646169,0.0420256123089485
"TMEM158",1580.01509564425,-2.32360034307477,0.250442028448866,-9.27799681813068,1.7269466929503e-20,7.91048682840569e-19
"ZNF791",1383.32988217776,-0.500377421501526,0.204969992919501,-2.44122280717472,0.0146376206974001,0.0299234390939066
"TNIP2",836.950309159173,-1.56707877430151,0.225231992747197,-6.95762069672057,3.46067433357144e-12,4.93344382076566e-11
"PEX16",328.540666653403,-1.27002000383936,0.320076011138567,-3.96787000475817,7.25178697878785e-05,0.000261764259362599
"SYDE2",558.72641204894,-0.859135764947762,0.247853354363289,-3.46630678916893,0.000527660823406996,0.00155508618728775
"HIST1H4C",511.827198800502,-3.16648632725537,0.309261944134668,-10.2388489347287,1.32806962294524e-24,9.74852596519677e-23
"WDR5",2260.60564791418,-0.602860832120162,0.185262860183263,-3.25408358439359,0.0011375880336392,0.00310988095802638
"UTP20",4890.83670063659,-0.709178079839454,0.181778086655768,-3.90133977580268,9.56617688745439e-05,0.000334872862724929
"NOP16",947.08249104244,-1.30838036449085,0.243067404666284,-5.38278822817555,7.3340805911807e-08,4.85841728848506e-07
"FEM1A",1711.25264520695,-1.35952237136504,0.223256886539102,-6.08949803269305,1.1326525680912e-09,1.03684647945018e-08
"MYBBP1A",2820.13418259978,-1.1046614725839,0.231110810315477,-4.77979143890323,1.75477132343174e-06,8.86234508560527e-06
"POLR3F",1929.85261398324,-0.914167952217021,0.20106307146119,-4.54667257181275,5.45006848732839e-06,2.49260485229283e-05
"NUP155",4742.17323360907,-0.543959498070866,0.176432386883373,-3.0831045687232,0.00204853158443991,0.00528592713207661
"MAPKAPK5",2540.74639650546,-0.549079418319353,0.183398727215559,-2.99391073567261,0.00275426512106346,0.00689616635608643
"CCNE1",119.17829109597,-1.34776728029031,0.479230926949276,-2.81235455497422,0.00491802596315537,0.0115023215579993
"ARC",398.629207443899,-4.20013108944122,0.958283424845638,-4.38297374299027,1.17070227367431e-05,4.99111092001551e-05
"NOP58",3655.31813568765,-1.59441686964971,0.203180419000989,-7.84729590326292,4.25103432338868e-15,9.32072794690305e-14
"BUB1",3107.94859253006,-1.49545564233014,0.215587039204544,-6.93666765798149,4.01456745228846e-12,5.64139811547503e-11
"WWC2",2651.2432585497,-0.810078713150076,0.182000591225276,-4.45096748145932,8.54842871292393e-06,3.74306522894905e-05
"CHTF18",466.906252712348,-1.20852212718541,0.398302806254141,-3.03417929326439,0.00241191042357615,0.00611465501651059
"KIAA0513",1120.65912696293,-0.820174542702344,0.24302559707623,-3.37484838045714,0.000738563692279592,0.00209413284917472
"ARFGEF2",11359.845759795,-0.443736163577773,0.174168052228021,-2.5477471780923,0.0108421014297869,0.0229874335660606
"ZNF606",831.9687622027,-0.788115220039171,0.223010791749095,-3.53397794724599,0.000409355231978241,0.00124204367946569
"NUP107",1676.04413577894,-0.844720954335645,0.193747428656138,-4.35990794920355,1.30117167356896e-05,5.4879539037252e-05
"RNF103",2534.94573937243,-0.66142408557806,0.192832124435561,-3.43005133358416,0.000603467069795089,0.00175055813226273
"CLEC4A",115.11558701568,-1.26801173666403,0.497358951142672,-2.54949012931364,0.0107880564920058,0.0228892731817817
"RPUSD1",1257.86085346682,-0.989395553858799,0.230001042442226,-4.30170030254243,1.69492459007897e-05,6.9877210437785e-05
"WDR89",430.358031636418,-0.726751167777557,0.278321407938697,-2.61119391842697,0.00902267153603198,0.0195794954485542
"TTC27",2160.85795524374,-1.01629211968117,0.205000544588099,-4.95750936527108,7.14026014929086e-07,3.93519597516697e-06
"TP53BP2",4255.94775262335,-1.0206940885617,0.175227558583617,-5.82496324671803,5.71251699247972e-09,4.63352956878005e-08
"VPS25",1389.18545212419,-0.64520964995166,0.22810855013392,-2.828520235532,0.00467637446101991,0.0109893405011599
"KIAA0040",267.570849510257,-0.820068719873579,0.334752542721057,-2.44977592465049,0.0142945140354233,0.0293183906405123
"FZR1",4359.88018620104,-1.1316555352515,0.181373421469032,-6.23936807325833,4.39342107044646e-10,4.29626044926877e-09
"PSD",53.5192071705532,-2.78679917053823,0.683787846254468,-4.07553188580825,4.59092907275308e-05,0.000173174592345343
"EDA2R",132.348098588934,-1.71480690428312,0.421298257118468,-4.07029194948917,4.69542577852178e-05,0.000176777769514401
"SLC39A14",9606.54164412997,-0.829344700716506,0.179945855586564,-4.60885691428189,4.04888846742958e-06,1.89880015508265e-05
"RLF",9453.35437425674,-0.863449827025058,0.166741768362525,-5.17836553794831,2.23838318502636e-07,1.3510323023821e-06
"NPIPB4",906.76347634368,-0.896758031455797,0.24265364199627,-3.69562980418642,0.000219342380397194,0.00071057791982841
"ANLN",7563.3739160173,-1.4384706534732,0.181232300666689,-7.93716488827638,2.06854979278562e-15,4.76532581893577e-14
"UBIAD1",1016.80467346338,-1.12936330228565,0.213758355212627,-5.28336448492161,1.26832692910736e-07,8.0069912650592e-07
"MTHFD2",1483.13564586609,-0.869224482267314,0.237570082135502,-3.65881290461287,0.000253386234517734,0.000809986075069132
"MAP2K7",1464.95278622663,-0.789587693934078,0.219021911887109,-3.60506255803783,0.000312077744775518,0.000975955223010603
"SSTR2",571.618146476396,-3.47220694391858,0.277471542478486,-12.5137407350082,6.27958584088055e-36,1.5460863639068e-33
"INTS6",6534.5051308203,-1.04782307117726,0.186455135701803,-5.61970614128346,1.91282525278419e-08,1.41462883838571e-07
"ADGRE5",1845.34997672337,-0.876310928257347,0.191002124735069,-4.58796429344878,4.47589168619772e-06,2.08252314753877e-05
"MPP3",625.329596514474,-0.578693686365707,0.256072658222921,-2.25988081032038,0.0238286492055938,0.045663527859852
"MYO16",109.554979150305,-2.04254338033832,0.558318269510604,-3.65838535451959,0.000253809230078359,0.000810899562331994
"FBXO6",404.760567988717,-0.834070036351556,0.313981478638655,-2.65643069128751,0.00789726825526719,0.0174090498490482
"FLJ45513",75.0279785298905,-1.39726538448316,0.614426858030082,-2.27409555136138,0.0229602421211505,0.0442505122941548
"AKAP17A",267.969642530338,-1.8832452063438,0.34798553425636,-5.41184911714296,6.23772388454522e-08,4.19325488438881e-07
"MCOLN1",565.893014341002,-0.743558550339595,0.26610046081851,-2.79427757491457,0.00520158097123683,0.012064335397173
"HIST1H2BG",772.384408869856,-1.61384970767811,0.239795188611754,-6.73011713463129,1.69526557927197e-11,2.13589004433221e-10
"BRPF3",4296.88223081078,-1.52358474784694,0.181423393611366,-8.39795087898461,4.54337165116501e-17,1.36624850314168e-15
"CHEK1",574.909259280696,-0.617122253507781,0.24715078556582,-2.49694635643159,0.0125267905072287,0.0261050273698516
"DPP9",5381.64266604717,-0.917446953831363,0.191714091548726,-4.78549566398559,1.70565868845533e-06,8.63645003434667e-06
"TRIM25",4667.1065157643,-0.790744326058989,0.177757615249586,-4.44844135059262,8.64956594615625e-06,3.78174511104975e-05
"TGFBRAP1",1438.10546970901,-0.653965789826076,0.198148058684265,-3.30038958831348,0.00096550696176084,0.00267848856199287
"PRPSAP2",2094.62762579916,-0.482306362878019,0.198367991501534,-2.43137191251084,0.0150417657074479,0.0306383293916958
"DUSP10",1816.07578153028,-1.93048658941953,0.196971564977043,-9.80083896700789,1.11654367382252e-22,6.53233323625475e-21
"CLTB",617.39630740467,-1.77184299487441,0.269475406769525,-6.57515658336059,4.86019938068934e-11,5.5819082877538e-10
"TRPM7",7980.0675444239,-0.474651875231146,0.168664310669355,-2.8141808622551,0.00489017066085657,0.0114417020134633
"TGFBR1",3978.8702958356,-1.06276717715325,0.206227118732367,-5.15338226944083,2.55829710269161e-07,1.53005845949441e-06
"TOM1L2",5861.76887412962,-0.43885919532453,0.171517152532565,-2.55868983856414,0.0105067436233982,0.0223767698939123
"TMPO",4141.41249145579,-0.823960979993853,0.189763254355936,-4.34204705642517,1.41161288822981e-05,5.92416232709514e-05
"UPF1",3267.05817554269,-1.36473847596079,0.19089080331479,-7.14931496050261,8.72120205918533e-13,1.36152134657136e-11
"PER2",3878.31856788723,-1.02175690478077,0.210138043991218,-4.86231281768032,1.1602207566278e-06,6.12393430184337e-06
"CYLD",18164.7113333035,-2.50763199229214,0.173408818259422,-14.4608101102488,2.14261075611772e-47,1.80866956541423e-44
"PLAU",164.665907068401,-3.70103675826439,0.500709613178028,-7.39158318685701,1.45090744316585e-13,2.51051598291859e-12
"RCAN1",3603.09632443979,-1.7709853506296,0.182597700842956,-9.69883707436568,3.04954522974988e-22,1.69199650352977e-20
"TMEM150C",237.57113942771,-1.64186115947202,0.353691101156532,-4.6420765297835,3.44925049916189e-06,1.64037192752898e-05
"RABGEF1",5316.79379426071,-0.654122261297427,0.174382771490777,-3.75107159787298,0.000176080405297693,0.000581912256657757
"UMPS",2047.94678653961,-0.783877607462378,0.190972105350718,-4.10467071105905,4.04891191691766e-05,0.000154504491553545
"SUGP1",1186.58082962216,-1.29456668172129,0.23206271143116,-5.57852088229744,2.42572359006654e-08,1.75549304270707e-07
"ZNF823",450.442087218275,-1.33554733710305,0.307597976219473,-4.34185996123112,1.41281576532846e-05,5.92710568500241e-05
"CHRM4",41.2625411351595,-1.90472064638456,0.719230912052445,-2.64827416962533,0.00809038825556947,0.0177552847547484
"TAF5",367.217002655219,-0.896052106866663,0.279322224623523,-3.20795134749618,0.00133684111577318,0.00359717402236053
"RBM42",1962.33367531531,-0.934688149943716,0.222855224962949,-4.19414958791796,2.73897196718104e-05,0.000108512137808064
"MCF2L2",220.126655353235,-0.906249449049879,0.359782505585489,-2.51888136577153,0.0117728315302934,0.0247168809779726
"DDX50",1791.17051013264,-0.802143160796661,0.211335469031755,-3.79559174080775,0.000147291714390988,0.000494515193372924
"ARNTL",1747.42719046788,-1.20814536353984,0.205084015113703,-5.89097771891204,3.83917321981705e-09,3.18172153659172e-08
"AMMECR1L",2061.37905398146,-0.942585377065482,0.19324857391068,-4.87757998928959,1.07395301771063e-06,5.72226184098477e-06
"SUPT5H",3240.65938319791,-0.508079535938235,0.211926021642346,-2.39743818149755,0.0165101666273666,0.0332567153915491
"MRPS9",307.253170103371,-1.10161971811055,0.298431053334613,-3.69137094079606,0.000223048566319516,0.000721003270449683
"SCO1",1185.44616769245,-0.733115588809061,0.215778009197216,-3.39754542891815,0.000679932976352577,0.00194987816416762
"ZNF628",1515.74235652218,-2.28830510593276,0.237288789617009,-9.6435449379052,5.23482971408111e-22,2.87745197958189e-20
"IRF5",1238.85316797788,-1.42462723012136,0.261797346496981,-5.44171760785127,5.27692805384369e-08,3.60683312525639e-07
"MOK",695.187908963156,-1.13879466011161,0.24642701428682,-4.62122492295487,3.81480905432945e-06,1.79543661505637e-05
"NIP7",794.847906976302,-0.662283035871438,0.230129984785421,-2.87786503131684,0.00400376397618825,0.00957823535841957
"POLD3",1181.34708134234,-0.534109995962013,0.219828258014323,-2.42966941914817,0.0151125999847306,0.030756105841148
"HIST1H2BM",274.072775930049,-2.36735388051022,0.348934858733873,-6.78451527915633,1.16476908719908e-11,1.48974470481805e-10
"RIPK2",2392.86717315586,-1.34238770421395,0.195309218255242,-6.87314053174713,6.28036398585414e-12,8.48243903826562e-11
"BORA",900.934963383512,-0.84593729209797,0.223179641665246,-3.79038735695623,0.000150412533473976,0.00050341980192451
"PSPC1",2242.97434351867,-1.45361730799641,0.202108928733331,-7.19224685968403,6.37336602428288e-13,1.01237150100773e-11
"GZF1",3637.78947228088,-1.30836541985307,0.19951033911684,-6.55788279266496,5.45770770675415e-11,6.21379476670719e-10
"HIST1H3A",1058.22182416841,-1.42972831392625,0.222757333994981,-6.41832207400395,1.37784517081362e-10,1.45777746004256e-09
"SRRM2",69612.4715719163,-0.855419324530844,0.194321292464155,-4.4020874587824,1.07214318885148e-05,4.60246574858219e-05
"YY1AP1",10266.4662352908,-1.78119530093764,0.18087780455988,-9.84750619497912,7.02657605546118e-23,4.17286813183117e-21
"ABHD17C",280.855616816615,-0.926315097174793,0.32083576414758,-2.88719401228817,0.00388694471123899,0.00933277379061811
"RMC1",3036.13499824365,-0.682883856720877,0.193173676275522,-3.53507719005609,0.000407656055810284,0.00123720576979094
"SMG1",30827.0204730474,-0.432226332259827,0.174078198017029,-2.48294351149904,0.0130301748802602,0.0270776519667514
"CLCN2",800.050931889613,-1.07447846149759,0.226201873815185,-4.75008647530251,2.03329680743558e-06,1.01518807225491e-05
"HNRNPAB",2982.46123714377,-1.02800672109128,0.183733575799426,-5.59509450909241,2.20501621696994e-08,1.61155730687388e-07
"ZFP91",10587.7887631925,-1.09613070295616,0.166938065560708,-6.56609203703483,5.16528972143964e-11,5.90933145478931e-10
"TOP1",6249.6752562455,-1.2117883643145,0.1763015032195,-6.8733864555074,6.26954155788445e-12,8.47751054131332e-11
"PKD1L3",281.662553462546,-2.11671681794069,0.337078114114877,-6.27960324122173,3.39438132672958e-10,3.37382662062996e-09
"FAM124A",161.511945635583,-0.929073109955581,0.386828680699813,-2.40176893883564,0.0163160107256783,0.0329329828789183
"RB1CC1",8594.76623249571,-0.450366617732499,0.169181221802751,-2.66203667838256,0.00776694145656675,0.0171697931413591
"GSTCD",715.943417610365,-0.924315523079218,0.234226497936444,-3.94624660840049,7.93858506100822e-05,0.000283695791505882
"MLXIP",3336.20259614963,-0.745093574690642,0.190658964956715,-3.90799129146537,9.30666599987408e-05,0.000326950590923044
"WDR78",567.887226167963,-0.72749750430816,0.248412933569783,-2.92858143033762,0.00340512626421702,0.00830241018991473
"PLAA",2697.31946890574,-0.610993762096697,0.227904475260547,-2.68092042246292,0.0073419973135298,0.0163342854388733
"FOXP4",2346.9141661463,-0.594397160477667,0.190696498130581,-3.11697994616896,0.00182714000576289,0.00477407485918766
"ZNF747",1122.21089079802,-0.578820127918484,0.214736988107305,-2.69548405712595,0.0070286441241048,0.0157587775106565
"SRSF7",3604.99657122511,-1.6217078801586,0.217903264259008,-7.44232944684564,9.89251367776203e-14,1.76334429326986e-12
"ZNF554",335.486738977884,-1.99483116391468,0.327885139998764,-6.08393281843209,1.17269758135124e-09,1.06853816626129e-08
"NEDD4",9932.75385860596,-0.951443794526032,0.181538879768367,-5.24099187865441,1.5971574555346e-07,9.91865833395053e-07
"LIN9",572.427607381632,-1.56856140637585,0.259030071312609,-6.05551856750577,1.39966028156608e-09,1.26211847009514e-08
"KHDRBS3",1064.87947374278,-0.919542111593534,0.21091431803269,-4.35978989084568,1.30187384099941e-05,5.48895649408884e-05
"TRIM11",838.212636718065,-2.3536710698377,0.259904235560909,-9.05591655618138,1.3542559533748e-19,5.61564801999416e-18
"ZNF134",3944.60364473421,-1.2567667121735,0.201241606208313,-6.24506400963908,4.23626594938876e-10,4.15470464646277e-09
"AOC3",79.6381629902455,-4.37568518561533,0.661324985111756,-6.61654297678756,3.67696012206053e-11,4.36288300426821e-10
"TCHP",760.037882421573,-1.24630892807077,0.23070206229291,-5.40224441725362,6.5812190717831e-08,4.41161922803929e-07
"GTPBP2",3544.88054591143,-0.648778497926059,0.189454091158772,-3.42446285513228,0.000616016049623979,0.00178520786524183
"GMNN",723.234732294572,-0.645694891043556,0.233087179360422,-2.77018621451126,0.00560242526549193,0.0128862323448002
"NPIPB3",2077.24213645205,-0.560138287090177,0.215356987336105,-2.60097568237235,0.00929590431494886,0.0200898237987973
"SMARCA4",3944.39269173132,-0.640347465533871,0.197041586724721,-3.2498087138756,0.00115482658359687,0.00315263122313416
"OSER1",9240.27329408234,-1.36601570578521,0.199305107564964,-6.85389211784225,7.18672884011849e-12,9.5537414434781e-11
"GMEB2",3176.55661084597,-1.55136490833826,0.213336004990976,-7.27193193855805,3.54382150896412e-13,5.8656698309437e-12
"POLE",3113.79718267335,-0.819127606792394,0.225248270095136,-3.63655448473112,0.000276309219644479,0.000874510540374519
"AGAP6",606.038543286528,-1.69962697081495,0.288581368537394,-5.88959356395426,3.8714657041499e-09,3.20623557755035e-08
"OSBP2",2075.42352252192,-0.611283354263943,0.199154300117487,-3.06939570927332,0.00214492279659454,0.00550460317267193
"NFX1",2558.14824146639,-0.76464045844538,0.193126641886586,-3.95926968426457,7.5179305645356e-05,0.00027062319355634
"CIAPIN1",2818.03126466621,-0.871126405998113,0.19921578627271,-4.37277799263163,1.22675457677479e-05,5.20006656683089e-05
"PRKCD",1396.84463175445,-0.665199229766008,0.222766516626558,-2.98608264760514,0.0028257626144316,0.00704235819851383
"LGALSL",1489.98935965474,-0.91521346647532,0.205362938635855,-4.45656588552308,8.32830129819203e-06,3.65752005730336e-05
"CLCF1",1548.3593897874,-1.23661643137556,0.219017561442942,-5.64619760729881,1.64035293287565e-08,1.22694246586863e-07
"PARS2",603.202847675292,-0.680539535500268,0.245809322494001,-2.7685668248684,0.00563034380078792,0.0129353427367247
"TAF1C",1708.73623139938,-0.764308682418437,0.241641592950669,-3.16298478703734,0.00156160491807187,0.00414354126999161
"CLN5",3029.01439688315,-0.550941658488595,0.217998943002828,-2.52726756790489,0.0114953886653965,0.0242161324862132
"CSE1L",17724.8265189481,-0.953080841048867,0.188405819929034,-5.05865923572775,4.22214594572653e-07,2.43401564812664e-06
"B3GAT3",700.37784752543,-0.945285435282366,0.257415231850878,-3.67222028193721,0.000240452276947056,0.000771772137142941
"ARMC6",492.946300034704,-1.66605982012894,0.266736434382718,-6.24609016756387,4.20854284059924e-10,4.13437733085634e-09
"ZNF584",921.127458751071,-0.901989407416425,0.275366186844109,-3.27559973050381,0.00105437879812142,0.00290322661607619
"RSRC2",5965.12956886911,-2.33569387059298,0.178943216785109,-13.0527097509256,6.13266782143498e-39,2.07073909467767e-36
"AP3D1",12473.3763752494,-1.03995306626568,0.178019633839018,-5.84178859285882,5.16433180057947e-09,4.21473872380949e-08
"ARL14EP",2365.44688717412,-1.64106387356184,0.205846760592468,-7.97225989293459,1.55798731111298e-15,3.68245880854664e-14
"KPNB1",9432.80423128211,-0.448021996562695,0.168620032259834,-2.65699152442527,0.00788414251516557,0.0173833575082512
"PRICKLE1",79.5596951655467,-1.95613224356891,0.535204819302496,-3.65492270065548,0.000257259477951651,0.000820591770697061
"MRPL32",1010.92509490279,-1.15062293420662,0.220742196089595,-5.21251919474246,1.86293285200646e-07,1.14310178842224e-06
"WDR34",1243.23095844304,-0.590872989923925,0.201973141843934,-2.92550278977438,0.00343900092555896,0.00838154525433198
"C3orf35",512.345015883634,-1.96865833186313,0.270207280524265,-7.28573385603628,3.19923996589882e-13,5.36292452723294e-12
"TMEM88",85.8754200511568,-2.47609952725087,0.524107404652481,-4.72441241102612,2.30781654786077e-06,1.14259639558519e-05
"ERI1",1649.2678483961,-0.727514398523805,0.197900675446437,-3.6761592494954,0.000236771751826773,0.000761199282668336
"ANAPC7",2446.50866745854,-1.18741074775088,0.183304084839556,-6.47781935023545,9.30576703014617e-11,1.01923591067903e-09
"CSNK2A2",2861.26158176029,-0.997375215247998,0.197739670459075,-5.04388023370565,4.5618489840513e-07,2.61327829828009e-06
"MRPL36",378.006909084152,-0.6303298534768,0.281315993051928,-2.24064706253813,0.0250489456597278,0.0476006495910377
"NOC4L",287.420537436949,-1.20354084739334,0.317182659296457,-3.79447240294572,0.000147957736593813,0.00049618743787335
"ARHGAP39",1388.06480556101,-1.80840656705302,0.241601416238253,-7.4850826423537,7.15021289397593e-14,1.3121306829349e-12
"COX5A",841.599810082712,-0.821784157726762,0.250609239083097,-3.27914549652447,0.00104121938108445,0.0028723460890887
"RRNAD1",873.799876331854,-1.14067603522158,0.2468506335507,-4.62091597179274,3.82049502116488e-06,1.79739690127892e-05
"CSTF1",4346.3982908723,-0.447972108430371,0.182420279635924,-2.45571440480432,0.0140604850189996,0.0288734686280689
"MND1",130.248210629775,-2.15691697627226,0.447914984231396,-4.81546063919572,1.46860711211631e-06,7.5592329490377e-06
"PLAUR",1552.09259969622,-0.545094202696436,0.223828538815916,-2.43532038219997,0.014878609434693,0.0303635652390265
"SPRED3",1443.63495572197,-0.932572766833362,0.225477100894439,-4.13599768284214,3.53415755999637e-05,0.000136626346234992
"CGN",141.262413106047,-1.32080057751173,0.411294812268248,-3.21132321175571,0.0013212523831803,0.00356009135075805
"ISG20L2",1075.93465333221,-1.13727125183357,0.223375809616078,-5.09129101216566,3.55633707970614e-07,2.08063324791917e-06
"ARMCX5",568.899837917083,-0.732011701777617,0.257876631521916,-2.8386120039551,0.00453102144739507,0.0106838809787141
"RELT",439.099137260979,-1.23591959509164,0.313465744555021,-3.94275807344142,8.0549898878005e-05,0.000287594774906424
"GOLGA7",8906.5333166001,-0.4670697984665,0.168858469190083,-2.76604306971848,0.00567410402530988,0.0130232203090138
"GPRIN1",765.817450774787,-0.70252353091028,0.240396390460159,-2.92235473904384,0.00347395624923036,0.00845801708970012
"LSM4",882.015326694903,-0.789110057640862,0.236492176506455,-3.33672795987534,0.00084770878253736,0.00237849534473564
"EFL1",1253.90264309397,-1.77801661508868,0.215528844264885,-8.24955295961916,1.58988139858768e-16,4.48430032661318e-15
"EIF2B3",605.725915666455,-0.990263919772182,0.248298187810102,-3.98820437839658,6.65752973723912e-05,0.000242843652918597
"TGIF1",3468.97958844509,-0.854135358199685,0.206089461445599,-4.14448828294477,3.40573368711656e-05,0.00013235435946841
"HIST1H2AI",209.448774108717,-2.53978589468629,0.364029179729928,-6.97687448179442,3.01819127598373e-12,4.34987615848484e-11
"FNIP1",14227.2845471958,-0.719985764472602,0.18306429005622,-3.93296674218381,8.39038501372869e-05,0.000297949429363719
"DHRS7B",739.490116860288,-1.67716264358445,0.241548137904161,-6.94338883394702,3.82803865372738e-12,5.40498934405617e-11
"DUS1L",495.686827359546,-0.683694570548856,0.288310700210351,-2.37138118720545,0.0177217434205161,0.0353468626740268
"ZNF350",629.517442412959,-0.78712443794936,0.254896412090042,-3.08801693792107,0.00201496986004018,0.00520614643768142
"ZNF26",756.03892648231,-0.885497558840729,0.24016621225186,-3.68701971246528,0.000226895786957422,0.000731837994067363
"MOSPD1",973.468593451068,-1.01711737176171,0.264560974768868,-3.84454802016929,0.000120774834171274,0.000413116350285417
"MRPL21",1104.85762656564,-0.711523590643658,0.248922239537411,-2.85841711839782,0.00425760316408099,0.0101179075393342
"NOTCH2NLC",437.765864181304,-0.822067859475387,0.288237552113348,-2.85204982296031,0.00434382916127865,0.0103041696162166
"SRSF2",7263.40579224397,-1.05946760399964,0.17638173646482,-6.00667407654736,1.89367643906758e-09,1.66390097820822e-08
"CRCP",6456.70057822021,-1.11869617309625,0.18271684525189,-6.12256725182638,9.20795311425749e-10,8.54156906627119e-09
"ATP6V1B2",10461.1340654826,-0.497433498772648,0.186392182243193,-2.66874657931536,0.00761348708075669,0.0168621046327554
"RSF1",5116.67518552662,-0.486633405639454,0.192717362300192,-2.52511449840952,0.0115660599190491,0.0243389772299362
"ATXN7L3",1267.14600675521,-0.941326397496106,0.234374431906726,-4.01633569770412,5.91100403849992e-05,0.000218028232606093
"PYGM",343.772026656216,-3.97913841956049,1.01114984452937,-3.93526087264794,8.31063750910246e-05,0.000295562889628371
"MRTFA",1022.34177588752,-1.38762993693509,0.215055279851467,-6.45243370864223,1.10068035662374e-10,1.18468492300359e-09
"MARCH5",1424.47427534006,-0.928562100785978,0.21719369056534,-4.27527198588962,1.90904092663897e-05,7.77698920062715e-05
"SLC29A1",774.525116591653,-0.807411829652607,0.287259780917224,-2.8107374693197,0.00494280987532663,0.011544293894587
"CCDC17",228.035842463011,-1.67001406185205,0.357190297248342,-4.67541832663767,2.93355011826932e-06,1.41620487327234e-05
"EMC9",236.484047432809,-2.52291750712304,0.358441227111296,-7.03858071086135,1.94207798271392e-12,2.85821638850724e-11
"TMEM18",1233.69248826573,-0.594005914402626,0.209785258388726,-2.83149502002638,0.00463309550461717,0.0108941350325439
"LARP6",3439.81199587831,-0.856740068534473,0.189626616680646,-4.51803699043645,6.24155821119397e-06,2.82507602220951e-05
"HSPH1",8359.32022529405,-0.994742050885896,0.176008724880612,-5.65166329999059,1.58902623231577e-08,1.19308208472095e-07
"MRPL4",446.551503051515,-0.612146594190137,0.267959167172869,-2.2844771486964,0.0223435040680718,0.0432169445297008
"KPNA2",11398.4341092675,-1.777384175814,0.169653911278273,-10.4765293203212,1.1073314237293e-25,9.28116508200915e-24
"RIOK3",7382.81933142462,-1.84171358160483,0.196413714826503,-9.3767056095429,6.80662241137118e-21,3.21762654630338e-19
"MAPK8IP1",1341.61222297121,-0.807427686088281,0.22423664807237,-3.6007837836913,0.000317259334880241,0.000989540992244573
"MEPCE",3343.46019623037,-1.25379167144809,0.189658127039903,-6.61079855114411,3.82252368927619e-11,4.51267455691607e-10
"KNL1",1732.80790668106,-1.04604873823672,0.236451156350628,-4.42395272825632,9.69112340990359e-06,4.20138284879826e-05
"TMEM201",1149.15637937565,-0.763905136394857,0.238807399059036,-3.1988336182415,0.00137984778042727,0.00370109874468667
"SASS6",964.677926695545,-0.600457457219313,0.218615744163694,-2.74663409772402,0.00602102663044827,0.0137288235999687
"NUP205",8315.20987218418,-0.731250294542005,0.172908572162425,-4.22911533764267,2.34612050875491e-05,9.4179525042342e-05
"TFB2M",503.505682949166,-0.582437291012347,0.259917210085897,-2.24085696680055,0.0250353415029339,0.0475824486783006
"PTBP1",7010.28175108409,-1.2323718649775,0.189807772679044,-6.49273655964226,8.42910128093801e-11,9.30982419982481e-10
"ITGB1BP2",74.5842297124138,-1.38538235850404,0.610797556127907,-2.26815308051744,0.0233198780564619,0.0448485466023216
"BAZ1A",3465.73459080658,-1.27169450070158,0.19302246450817,-6.58832381993422,4.44819664507603e-11,5.15886044666423e-10
"INIP",3203.68418336338,-0.446925327879653,0.196039148809825,-2.27977590493014,0.0226209827655017,0.0436892914402188
"PPARGC1A",1482.75069055428,-1.0268272598448,0.201187768182522,-5.10382549158378,3.32855235602911e-07,1.95803045015192e-06
"CDC7",252.791527305668,-1.30746401927336,0.31930574115189,-4.09470877209006,4.22699375600482e-05,0.000160574131174751
"LIG4",2613.37852478583,-1.56375785049904,0.185165495327014,-8.44519032953382,3.03550477539333e-17,9.31781699625932e-16
"ZNF398",5457.71995556681,-1.47888170505501,0.188158976616274,-7.85974568766387,3.84914138054722e-15,8.53455025052665e-14
"TEDC2",92.3254626318486,-1.99007440992203,0.501817330095368,-3.96573472172398,7.31702064077312e-05,0.000263877174039233
"MB21D2",92.8087445564868,-3.42537162174232,0.606314322388176,-5.64949811551593,1.60916949412438e-08,1.20590774137996e-07
"DLST",1709.39511759262,-0.531141122329241,0.195072236624662,-2.72279198475182,0.00647328024937578,0.0146524176770305
"TMEM199",944.88046928243,-1.16147691989155,0.243381882004165,-4.77224068746283,1.82187597642228e-06,9.17771964593288e-06
"FAM86C1",534.832121901551,-0.914885875811222,0.281128286040908,-3.25433590726652,0.00113657800604943,0.00310783870326057
"KHDC4",2455.66844863737,-0.803508261620948,0.185851205967191,-4.32339546810794,1.5364595460023e-05,6.4026371349278e-05
"GPR37L1",68.931611332965,-2.08287257794107,0.687337372679019,-3.03034966631119,0.0024427075809742,0.00618156706465805
"ORC6",460.072520969133,-1.79570210175152,0.266860468259321,-6.72899254604676,1.70841805613633e-11,2.14788133908714e-10
"TECTA",114.342667141226,-1.33787914197296,0.458610618223453,-2.91724414745473,0.00353139234142866,0.00857841617492372
"STK40",5540.00619990232,-0.931218404242817,0.208605110254893,-4.46402488944286,8.04342147564633e-06,3.54690876862643e-05
"ZNF81",1192.65581012614,-0.721513356272097,0.205006116863714,-3.51947233238778,0.000432406133973993,0.00130322361435633
"TAF1D",2198.95554500664,-1.34552887092532,0.205981917174148,-6.53226695519944,6.47815517019681e-11,7.29131788584628e-10
"SAE1",3296.16553341823,-1.16342023114556,0.179640265958045,-6.47638893730693,9.39437061171529e-11,1.02703674273128e-09
"PRMT1",3046.67771232911,-0.557461002204978,0.195770466066943,-2.84752349731015,0.00440608413908338,0.0104239396990769
"TELO2",407.070686706623,-1.34215028333165,0.310416781144895,-4.32370401619869,1.53431116307132e-05,6.39819665673143e-05
"RPS26",497.798684265,-0.817992580876995,0.299242544521131,-2.73354372850293,0.00626568028429073,0.0142262842650812
"SBDS",3692.48945535532,-0.611751915993653,0.199461609998765,-3.06701583325954,0.00216207404519761,0.00554380365939365
"RNF34",1835.56674962743,-0.567750194907783,0.190872795671764,-2.97449509716471,0.00293471145568057,0.00728622268555315
"SRFBP1",1104.01166110702,-0.953928291807201,0.212287919651529,-4.49355899936783,7.00426039943112e-06,3.12717602570748e-05
"GPR176",1585.9757308366,-1.94770944539243,0.219649805198855,-8.86733973485258,7.49140837617726e-19,2.79285375992627e-17
"COPS7B",1160.13071468544,-0.643159443615877,0.220376427707453,-2.91845843181405,0.00351766772263602,0.00855210803252674
"WDR25",275.024277146201,-0.766698791219549,0.315370538334352,-2.43110467854389,0.0150528649114313,0.030655653545286
"YAP1",6030.98896923983,-0.444897604301458,0.175806142150902,-2.53061468079758,0.0113862855998525,0.0239991302334683
"POC1A",338.941076651908,-1.89712941838073,0.318665557390229,-5.95335571850822,2.62699453979609e-09,2.25623702553126e-08
"CDC45",170.709596304948,-2.58789596272503,0.408655223455083,-6.33271230658692,2.40888479568306e-10,2.45415521684331e-09
"POLR3D",1613.46650561108,-0.61721893750272,0.213579431608718,-2.88988004534761,0.00385388853393702,0.00926281364532596
"TIMM17B",1656.71085945486,-0.490587663985468,0.218347670702561,-2.24681885731567,0.0246516061056865,0.0469722170186365
"CDC42EP2",929.570079406771,-2.98992491319423,0.29831037149077,-10.022866111736,1.20943834833418e-23,7.56250920667371e-22
"WTAP",10454.0868251587,-0.76181806455475,0.172149725666745,-4.42532255920936,9.62982837402378e-06,4.1778748797435e-05
"BCAS2",1917.45899562313,-0.910719438555,0.221610513085336,-4.1095497947081,3.96431228102695e-05,0.00015156985615392
"ATXN7L2",451.081792939163,-1.16854970896822,0.285229117193518,-4.09688085307014,4.18754291658511e-05,0.000159268926640025
"DAGLB",2127.65025756342,-1.64365567811114,0.23618543655604,-6.95917454555307,3.42272238768008e-12,4.88523347555594e-11
"C12orf45",358.143916944028,-0.91186834304265,0.291434201710021,-3.12889955157002,0.0017546227923382,0.00460393698042914
"TPRKB",560.322749523983,-1.17191766293714,0.281089688129317,-4.1691947888106,3.056776606113e-05,0.000120134256897611
"C18orf54",2129.18612903986,-1.30570018780362,0.21118350354846,-6.18277548134342,6.29842644622545e-10,5.98350512391418e-09
"MCM4",4561.76997831465,-1.61104492216851,0.174081332529515,-9.25455302276801,2.15128606501045e-20,9.70377813598987e-19
"NFKB1",5186.95170793698,-2.38820427897692,0.196220235912987,-12.171039688465,4.43398441892277e-34,8.18762935356708e-32
"AKIRIN2",4957.07116935358,-0.848422964892642,0.182138106961586,-4.65812991606186,3.1909482351517e-06,1.52798323513058e-05
"SH2B3",7617.99976344753,-0.781992126121487,0.186910590377084,-4.18377644917738,2.86706058689819e-05,0.000113207223574884
"UBALD2",880.426144081654,-1.94879675793114,0.246653641745593,-7.90094459639558,2.76797675689375e-15,6.25467482083562e-14
"CDR2",895.897920550011,-0.95019979736385,0.266641734023189,-3.56358242585242,0.000365827750373319,0.00112294866335374
"BOD1",955.525810110652,-0.502688425271847,0.226405124290821,-2.22030498137549,0.0263980720204084,0.0497957456952198
"DDB2",1018.47759981454,-1.74115879986749,0.219579456385445,-7.92951594165119,2.20001719116359e-15,5.03872154363786e-14
"BRAP",3651.6299540325,-1.50194811375209,0.196468633244475,-7.64472215716562,2.09396985076274e-14,4.15908162963263e-13
"HIST2H3D",1000.05880557357,-2.83898914332042,0.238995572943579,-11.8788356970555,1.5247631767634e-32,2.46844537301231e-30
"USP38",3796.4174288649,-0.600835240469917,0.1943135686612,-3.09209101870553,0.00198751898100001,0.0051498573377457
"CDYL2",134.226966007408,-2.25913174927291,0.500581521881407,-4.51301466498821,6.39126009820747e-06,2.88289739849679e-05
"TRA2A",9991.37888215837,-1.81767203734418,0.211110944399289,-8.61003223928691,7.30400320915584e-18,2.3910999979447e-16
"TMEM8A",3036.66551281988,-1.21691860726691,0.201426824199419,-6.04149229926855,1.52695296734822e-09,1.36708561879706e-08
"NOL9",4130.68233172133,-0.929306258269989,0.174848812685653,-5.31491317553707,1.06708194480595e-07,6.85368175201999e-07
"PAPPA",953.479614896849,-1.34297707330706,0.245714671507392,-5.46559578664257,4.61354575412975e-08,3.18474788097578e-07
"PUM3",1490.27953051094,-0.727241621770287,0.201654087136161,-3.60638176046112,0.000310496241269082,0.000971780873760066
"PPP3CC",1347.28688702114,-1.15870940768325,0.215221578077535,-5.38379756357803,7.29305231571445e-08,4.83394796786951e-07
"ERI2",1213.33845199372,-0.941538656728767,0.213319646105896,-4.41374563438648,1.01597323194001e-05,4.38203345075441e-05
"HNRNPH1",9547.00722821928,-0.627143073754354,0.169892726144823,-3.69140626550282,0.000223017585395996,0.000721003270449683
"MAP6D1",303.47571420028,-0.728674044710057,0.326913192485368,-2.22895270505999,0.0258170517677477,0.0488560316719362
"CHD1",8694.90944501956,-0.512601109022407,0.169006818643757,-3.03302028365435,0.0024211932530746,0.00613500468800078
"RUVBL2",2075.79674553848,-0.514106213607211,0.198453618629782,-2.59056104472594,0.00958196255945417,0.0206490943704649
"TARS",6809.33502085951,-1.91673177775156,0.181942824612698,-10.5348027977015,5.97082892152708e-26,5.07649325141058e-24
"MRPS11",844.550574635421,-0.747275662441485,0.226206907325179,-3.30350505772689,0.00095484246990665,0.00265263947093483
"CEBPZ",2637.58352465093,-0.77438312979929,0.181430157785259,-4.26821615134046,1.97042350571818e-05,8.01047987291965e-05
"MARS",3830.40869477749,-1.47141883048987,0.193407762815356,-7.60785818041141,2.7867538007939e-14,5.45262523473218e-13
"ZNF721",1423.49544346027,-0.804406931008708,0.222251479709861,-3.61935467002885,0.00029533862126426,0.000929015657732506
"DCAF4L1",100.55570438122,-2.43677728308976,0.494041786097111,-4.93233032440454,8.12543537223019e-07,4.41297772192171e-06
"SURF2",270.618723737853,-1.20289090216349,0.340561222245693,-3.53208417045108,0.000412298099784089,0.00124968939298496
"BMP8A",115.920290759325,-2.24610046232842,0.467811089718873,-4.80129802753969,1.57640452638739e-06,8.03707881486032e-06
"THOC1",2309.12210558963,-0.539568021796919,0.192637871053506,-2.80094468884082,0.00509532514740422,0.0118536520850439
"PER3",3405.4321671063,-0.992688499033134,0.23118182225845,-4.29397298340938,1.75503840402845e-05,7.20760820951025e-05
"PSMG2",4453.19184237446,-0.456924322087901,0.187503572631752,-2.43688328534027,0.014814460118246,0.0302535492789754
"RIN1",1964.23529725924,-1.70693049363617,0.238383717699486,-7.16043239072218,8.04229866879002e-13,1.26220299691581e-11
"LARS",4862.43795903848,-0.44611426649182,0.174568107544771,-2.55553132107712,0.0106025818602884,0.0225524320419165
"GRK6",1031.49123080555,-0.718871580359193,0.257634952539516,-2.79027194591903,0.00526637865914016,0.0121868147628194
"FURIN",2200.78999084626,-0.527028917047727,0.200728325838289,-2.62558318486805,0.00865006698056507,0.0188540191029727
"MRPL39",1076.43292230772,-0.710536430865551,0.224641435797649,-3.16298027718085,0.00156162910953991,0.00414354126999161
"ASCC2",1463.58450582814,-0.851875250254629,0.212826234991745,-4.00267969918121,6.26290653530034e-05,0.000229575153331822
"SHCBP1",875.999083245037,-1.67520219136858,0.244211804712634,-6.85962823680783,6.90399792200592e-12,9.21937259234644e-11
"FAM129A",5008.82676817149,-1.08708146155842,0.207807477832093,-5.23119510856472,1.68417633916993e-07,1.04043889055464e-06
"MRPL27",503.312941687131,-0.577322173456043,0.259271828227368,-2.2267061462218,0.0259669193958451,0.0490712123269557
"RNPS1",7748.28593198026,-0.452084882258207,0.174369164089544,-2.59268824633493,0.00952290496353148,0.0205330579928873
"TMEM140",966.586950475761,-0.697905330386272,0.248729372622297,-2.8058822447402,0.00501790261825204,0.0116988702194718
"ZBTB38",14559.7193733055,-0.630413675788611,0.174944528640693,-3.6035060981151,0.000313953378033763,0.000980264470700928
"TRAFD1",1756.08596440885,-1.40689190683482,0.22762728495131,-6.18068219341875,6.38251888553647e-10,6.05366036832023e-09
"NUP88",3376.91055219169,-1.11534540789752,0.196565481689304,-5.67416719513585,1.39364968075446e-08,1.05849305444449e-07
"RPF1",1534.40117356463,-0.744039430171488,0.215302978063521,-3.45577862816172,0.000548705759856187,0.00160908304466015
"TIGAR",583.907808520277,-2.10416640076305,0.251059497267452,-8.38114639623251,5.24146580938203e-17,1.56029327292889e-15
"NOTCH1",3176.37630480611,-0.631311098109227,0.217771015002309,-2.89896751458193,0.00374393682491757,0.00902423932222636
"PARP2",377.103459400638,-0.912898109766307,0.279186720320463,-3.26984789505189,0.00107605328280928,0.00295877098563053
"PCBP1",8199.45814409683,-0.479698247641302,0.172639359597316,-2.77861461465221,0.0054591250423822,0.0125958492289873
"RPAP3",2520.44887195478,-0.444536194034442,0.191194672463469,-2.32504487864001,0.0200695605912443,0.039275056643041
"SYT14",1611.44215896955,-0.739122052341496,0.228361478472424,-3.23663192796656,0.0012094930458106,0.00328819618481473
"KLF4",1990.18911587343,-1.51514864462623,0.19689634655327,-7.69515875306656,1.41318603596642e-14,2.84845627145366e-13
"KCNJ2",1039.79932739865,-0.627182069065534,0.209115695745602,-2.99921087620571,0.0027067989024929,0.00678594599695823
"EIF3I",6046.95192798555,-0.763760636067103,0.196384726261811,-3.88910405918683,0.000100614973207133,0.000350447318998495
"LATS2",2640.83539508687,-0.506932198532471,0.183002027124558,-2.77009061865438,0.0056040698778494,0.0128874824619016
"ODR4",1422.66632934487,-0.841566514521945,0.200374813992134,-4.19996155083134,2.66960310217176e-05,0.000105941468977387
"HIST1H2BH",562.914190938062,-1.11696852242722,0.244066960271705,-4.57648393368672,4.72856005452743e-06,2.18802359923278e-05
"BCAR3",1387.26672505593,-0.710878682883129,0.208401972338294,-3.4110938342233,0.000647028204481516,0.00186320158883103
"FIZ1",843.459066013634,-0.896867518268133,0.227783484326437,-3.937368509926,8.23800463233759e-05,0.000293331541864916
"AGAP5",261.414831607877,-1.0824175093531,0.379711246434934,-2.85063326281692,0.00436322622546326,0.0103418787670527
"MYBL2",1215.85794535889,-1.54726860832588,0.207437959526638,-7.45894633680671,8.72171178328592e-14,1.57604265833139e-12
"PPP4R3A",3581.56636978852,-0.784137322996878,0.183031922864685,-4.28415606810068,1.83434122182936e-05,7.50644474676903e-05
"VWCE",167.282648225147,-2.62913351887358,0.582488755157009,-4.51362107095939,6.37300407954015e-06,2.875760298282e-05
"RPL5",7732.02081692624,-0.492439190640587,0.195169240297432,-2.52313935274905,0.011631229875948,0.0244586965612018
"LGALS8",2758.81782512508,-0.793777521313455,0.196334846174085,-4.04297829336741,5.27765082504083e-05,0.000196568791208108
"YTHDF3",11045.4687160828,-0.5656647680445,0.192808344190081,-2.933818919615,0.00334819483151102,0.00818724736577637
"SPDL1",893.784618343176,-1.36479794099273,0.229405985053118,-5.9492691120361,2.69342486214295e-09,2.30825924733904e-08
"TUBB4B",6285.08408764929,-1.01822496485095,0.178125860837238,-5.71632305418779,1.08853705409072e-08,8.45225420843899e-08
"FAM216A",1029.71009328483,-0.565611467041205,0.209381196893963,-2.70134795020609,0.00690590487335337,0.015510069135935
"CENPM",73.4155946341232,-3.23518244214169,0.606565050862183,-5.33361168359955,9.62783005450957e-08,6.24145340560582e-07
"ZNF267",2045.04208454939,-2.31651284742263,0.233412600374622,-9.92454067905793,3.25598353955089e-23,1.97329299848269e-21
"DDX10",1491.45517767163,-1.22537845933973,0.198164037775471,-6.18365710093243,6.26333405577853e-10,5.9549542937402e-09
"E2F8",340.891275122204,-1.94865957305993,0.326120295030485,-5.97527845630635,2.29697498785514e-09,1.99015032305513e-08
"C1orf131",495.064048607256,-1.14811986029222,0.25576780867374,-4.48891463802927,7.15869739585679e-06,3.19010127542366e-05
"STX4",826.264476851643,-0.787911950109085,0.246337558625074,-3.19850515084582,0.00138142065259454,0.00370447680334973
"KIF2C",2258.69982192564,-1.46181982910224,0.210374004576838,-6.94867140093022,3.6874230921636e-12,5.23144851178744e-11
"METTL13",943.845683557669,-0.70694725355231,0.217498394597529,-3.25035619164217,0.00115260546121889,0.00314729467206211
"TNFAIP8L1",430.278329140237,-0.672366470903104,0.269479590830209,-2.49505526126,0.012593751536929,0.0262306936311997
"ZFYVE1",1902.16454273713,-0.497601976177539,0.188910242750283,-2.63406562255763,0.00843691800501785,0.0184370371640719
"ZSWIM4",4034.6617095914,-3.31924545016977,0.265041493103877,-12.523493628482,5.55357496256303e-36,1.39642870016106e-33
"NUP58",6375.73673958129,-1.53867339307714,0.171461742514485,-8.97385836929283,2.86305355153814e-19,1.12785222906926e-17
"FBRS",6034.43935257557,-2.02739725602503,0.215092947527595,-9.4256798250669,4.2732827681465e-21,2.11303998970525e-19
"GON4L",4151.58050902091,-0.456462748686969,0.18612898806399,-2.45240009863504,0.0141906777669677,0.0291239405222937
"LRR1",489.898936406711,-1.5208981224926,0.284859204605543,-5.33912226778365,9.33976436373125e-08,6.08139588157443e-07
"RP9",674.77340217856,-1.19251007298204,0.238159105321864,-5.00719916364485,5.52277736379655e-07,3.12138607773064e-06
"RRM2",1181.7923704787,-2.49451045982919,0.232111113099366,-10.7470531096945,6.11852520211514e-27,5.78469846708773e-25
"LAT2",264.453905397694,-2.08187367727633,0.325840618607472,-6.38923927340162,1.66713023823542e-10,1.74664407406616e-09
"LIPE",255.190624482367,-1.14223574180735,0.33356380627509,-3.42433957257745,0.000616295599580232,0.00178558014117166
"KRBA1",1972.76682420412,-0.658287030272657,0.199768399325622,-3.2952510632057,0.000983337835509548,0.00272347938599762
"FLCN",4329.26172280316,-1.65286771999938,0.220528231706688,-7.49503910319187,6.62786007266289e-14,1.22196646394275e-12
"PIP4K2C",2515.64814887197,-1.2070319561267,0.227045683349832,-5.31625150638473,1.05926712643858e-07,6.80718809149059e-07
"RBBP6",9642.96960865443,-0.425461355370883,0.17490736326083,-2.43249539321233,0.0149951822646051,0.0305750628024678
"MED26",1684.63021788501,-1.60781231172935,0.208254085746074,-7.7204358606907,1.15932578871204e-14,2.37040002958457e-13
"CEP250",3756.48037172377,-0.746380907290638,0.221995837207502,-3.36213920350673,0.000773411236706225,0.00218246752516575
"PSMD11",6597.54375471357,-0.515118435251199,0.171522148817306,-3.00321817796178,0.00267140841386236,0.00670006465089671
"SLFN5",164.866195603237,-1.52041789693769,0.386664522523972,-3.93213705517404,8.41940386211857e-05,0.000298890101659709
"PINX1",334.467076957251,-2.86828181833908,0.335686410903213,-8.54452764597039,1.29063066050575e-17,4.1335157576848e-16
"PGS1",995.448163130231,-1.00862631712458,0.219867982372388,-4.58741789614589,4.48761823919285e-06,2.08715751085325e-05
"ZFP36",1489.82148758415,-0.593025833438741,0.262387816740644,-2.2601119244226,0.0238143052533951,0.0456434413695465
"PES1",3870.56538872787,-1.12684277786208,0.197913566873566,-5.69361057790415,1.24380596913499e-08,9.56985608283678e-08
"KARS",7255.81950876032,-0.732585227684887,0.183963729515778,-3.98222644003342,6.82726858996585e-05,0.000248107811181477
"CAB39",6633.45298917325,-1.31281337067944,0.172473752260029,-7.61167049175218,2.70575669345606e-14,5.31173299057536e-13
"PHF20L1",6658.71600296791,-0.517022006699796,0.174561676500748,-2.96182997931726,0.00305816603201769,0.0075530629396834
"CCDC181",149.927737351973,-0.922474149824597,0.397852037832128,-2.31863623182906,0.0204147688215955,0.0398647947676166
"EID2",1030.10878716863,-1.13539001344118,0.214801090030516,-5.28577398410726,1.25174366942114e-07,7.91075223808501e-07
"EEF2",28837.6048141019,-0.464927736308205,0.194556415303649,-2.38968083156025,0.0168630201430798,0.0338405793939407
"ALKBH1",1230.32412896085,-1.33040641932814,0.221003503395153,-6.01984311963317,1.74586196993971e-09,1.54435604496613e-08
"ATF1",1559.06593645216,-0.758394041623206,0.195426202892649,-3.88071829876266,0.00010414841660774,0.000361051917709085
"RTTN",2204.8374552967,-0.749529226590755,0.193007915653842,-3.88341184894732,0.00010300088448557,0.0003577325102604
"SNF8",493.100676368506,-0.983229570355437,0.281934400883669,-3.48744093403889,0.000487666628091577,0.00144914362856079
"HPX",79.0273698879605,-1.60945365574569,0.54899124964707,-2.93165630013294,0.00337159657841238,0.00823314584516669
"ACAD8",554.60086680655,-0.891494454400516,0.246413711859169,-3.61787681243171,0.000297029703254782,0.000933435276669527
"PCNT",2724.35224348477,-0.525741557751337,0.232407703054158,-2.26215203215026,0.0236880117813293,0.0454456044207385
"RUNDC1",1364.64825730056,-0.626615553518723,0.230142137866343,-2.72273282645283,0.00647443942371409,0.0146524176770305
"TAPT1",1885.01867567268,-1.04534687075377,0.190623109760638,-5.48384124079388,4.16188300071059e-08,2.90177777595267e-07
"PCLO",23689.6243532969,-1.54222401657095,0.263611394807383,-5.85036931995232,4.90482696570348e-09,4.00866148552446e-08
"SRP68",5000.22559621119,-1.00996897763879,0.19851209097856,-5.08769502482278,3.62441593840917e-07,2.11418299901873e-06
"NARS",6262.54264901347,-0.826965677130044,0.177464016863868,-4.65990622631068,3.16353473624964e-06,1.5160848950932e-05
"CD83",1171.43819291558,-1.98330828731963,0.223251456272223,-8.88374177009299,6.46482580722427e-19,2.44056977703923e-17
"VDAC2",2826.72194837227,-0.705224041188275,0.216753325009461,-3.2535788835419,0.00113961079943432,0.0031146902006741
"RANBP3",2162.13638162354,-0.978951262380948,0.201379116351169,-4.86123526668889,1.16655511007131e-06,6.14638800304181e-06
"PCF11",4376.93761011715,-0.723735179243896,0.181237801709065,-3.99329043068888,6.51626725652677e-05,0.000238197483568306
"DNTTIP1",1376.85009811816,-0.869964275549078,0.222499507172518,-3.90996046060695,9.23112300837288e-05,0.000324586169928446
"CCAR2",3568.29004217406,-1.19451911069777,0.218922881420656,-5.45634655887123,4.86030893993015e-08,3.34142705364133e-07
"SEH1L",4694.04099485588,-0.499993765327277,0.198382530589698,-2.52035178622347,0.0117237600044542,0.0246269811113827
"ZNF441",3285.60004808452,-1.92325417584805,0.18528101445571,-10.3802010232829,3.05132005426852e-25,2.46989728776338e-23
"ABT1",973.977465065433,-0.603367713261818,0.235074588109127,-2.56670752085598,0.0102669170704589,0.0219530352702521
"HIST1H3H",1520.27124118548,-2.35360492970114,0.261526752290691,-8.99948058501131,2.26788074791256e-19,9.05466712122658e-18
"CHD8",7731.03294339804,-0.439563684625849,0.175395725851431,-2.50612540580482,0.0122062318918884,0.025513485761998
"PKMYT1",439.197176538382,-3.29894446204342,0.351711316644677,-9.37969381683626,6.61645844886774e-21,3.14029341159514e-19
"RINT1",5075.24213773573,-0.650268286629442,0.190593298166737,-3.41181087102322,0.000645328707248105,0.00185876058061372
"DPH5",1519.00703895963,-0.741425567943611,0.205001315419593,-3.61668688040403,0.000298397904403579,0.000937391396661748
"ZCCHC7",1602.53231574517,-0.613993946620789,0.205541351029788,-2.98720400320716,0.00281541781961382,0.00702101873648367
"SOCS6",5094.63818803963,-0.465884207888788,0.17891604288062,-2.60392640250626,0.00921625451217539,0.019951950141947
"SRP72",6810.46791708371,-0.565024540657149,0.172095562293362,-3.2832022692949,0.0010263499519155,0.00283264916668317
"RANBP2",11713.5694878761,-0.398797151382976,0.174520530749652,-2.28510164202426,0.0223068685550577,0.0431602116214264
"NME1",779.902972187782,-1.35947725552684,0.252496419134896,-5.38414469474334,7.27899329266527e-08,4.82783711259913e-07
"APTX",837.574566707884,-0.666779374878093,0.242666198286838,-2.7477225076479,0.00600107745559239,0.0136912612683766
"CEP55",1225.90570779418,-1.2515025327254,0.212811363713933,-5.88080688401445,4.08271285465539e-09,3.3658641683443e-08
"ACHE",448.062946262883,-4.73041267855515,0.420853310473295,-11.2400510126326,2.59232507136569e-29,3.1912601763958e-27
"TIMM44",1160.07588524964,-1.68126249250786,0.240660472568248,-6.98603503336461,2.8276349533563e-12,4.09521934788783e-11
"RTKN2",235.282954960038,-1.33144164994981,0.332779094997915,-4.0009774350704,6.30813737641362e-05,0.000231161449657228
"TRIM36",1640.43715995434,-1.79842901184729,0.262031892906328,-6.86339739754582,6.72418260085966e-12,8.99959116386857e-11
"ZCCHC10",652.18641130805,-0.685704420969396,0.237692493996398,-2.88483834487338,0.00391614693959847,0.00939890880583475
"PPP2CA",13871.6825685221,-1.2790155468686,0.191385980508496,-6.68291137872462,2.34241243073124e-11,2.85062399366384e-10
"DDX52",736.983487483281,-0.624280170571345,0.230965307570198,-2.7029174950078,0.00687338050545217,0.0154487658450806
"TATDN1",497.024996476805,-1.08968429713243,0.262291200557312,-4.15448286033647,3.26024053162358e-05,0.000127244130127898
"ZNF593",374.194589000301,-1.72943306371023,0.344440800655593,-5.02098781682805,5.14064204231946e-07,2.91656781834524e-06
"YWHAG",33111.8388326374,-0.570580083990303,0.162988826763774,-3.50073127906656,0.000463983441011676,0.00138784011791344
"TRIP10",860.458568076208,-0.943183765811647,0.234036093409733,-4.03007823310566,5.57582921300565e-05,0.000206567867207839
"CYR61",1009.56245818049,-2.5647698560291,0.344481673570884,-7.44530131151186,9.67234017992854e-14,1.73193509464236e-12
"STRN4",5434.70670572555,-0.868507416232549,0.184893679174957,-4.69733427398954,2.63578891937254e-06,1.28659318037103e-05
"TNFAIP3",10637.6307278973,-3.16425483767649,0.1791423340304,-17.6633560950452,8.03188116766442e-70,1.89841543278916e-66
"FLT1",43.4220019623516,-3.06841709563047,0.824586582956068,-3.72115816465322,0.000198311177196648,0.000646878689514211
"STMN4",43.8493612077599,-8.60976621800869,1.5935971785431,-5.40272431071941,6.56362996347692e-08,4.40232570422079e-07
"ADM5",59.6016207510276,-1.45423354100203,0.620149442363754,-2.34497274634173,0.019028470450195,0.0375862383052657
"KIAA0586",1977.29279576097,-0.638103312103475,0.200212038423105,-3.18713758238143,0.00143688407339056,0.00384187691840037
"YKT6",10225.80330698,-0.414371151822367,0.167411773592837,-2.47516135173481,0.0133175994144423,0.0275538147548808
"ERFE",175.554869068744,-1.43424258635836,0.406004234525804,-3.53258036343759,0.000411525127371811,0.00124766648416625
"DRP2",1269.60600092364,-0.60989538176007,0.228352373632848,-2.67085194717826,0.00756590095639858,0.0167727598481522
"OSBPL2",3763.14515958647,-0.737460885296226,0.188419908336001,-3.91392232280012,9.08088587930079e-05,0.000320167170991989
"E2F4",5107.47255289417,-0.867070653652712,0.197476422319859,-4.39075532899967,1.12957588030899e-05,4.82447696186905e-05
"CCDC97",1794.87062970299,-0.476079967437408,0.195933571710613,-2.42980293413199,0.0151070343367482,0.0307500743699088
"GLDC",181.0420389872,-1.87755691871,0.450625150013954,-4.16656042977597,3.0922994814618e-05,0.000121283988149519
"WDR55",568.346739611106,-0.687092451737184,0.243311168955049,-2.82392483126873,0.00474395093479739,0.0111370703510996
"WDHD1",681.546155678116,-0.705041613555938,0.233801347874691,-3.01555837879008,0.00256506555079022,0.00645526930988901
"NFE2L2",24632.1185458396,-0.401948889190622,0.163791024217288,-2.45403489667047,0.0141263272021839,0.0289985990751103
"RPS6KB2",1120.67089159294,-1.0549520314947,0.225920426018789,-4.66957348693636,3.01825718480082e-06,1.45235193037362e-05
"LRRC49",1177.37736362035,-1.80667594238889,0.208868762810312,-8.64981396969184,5.15834490429069e-18,1.72694957730616e-16
"LRRC8E",598.516351985307,-0.620943246523597,0.259515671974305,-2.39270037836126,0.0167248927747718,0.0336147589816756
"KSR1",408.482374904699,-0.74165735835438,0.294698167201443,-2.5166676990136,0.0118470505929005,0.0248418104873844
"ETS2",3266.12695770058,-2.12848765123117,0.184019589873401,-11.5666362081097,6.08207181142854e-31,8.76560056920274e-29
"TRIM21",1348.53866114944,-0.890352428174635,0.2088714899277,-4.2626805050456,2.01989218214883e-05,8.1918619796276e-05
"SLC29A3",76.7824895826361,-1.29051937203976,0.539219951862828,-2.39330790261273,0.0166972222874277,0.033581989957934
"CLPB",1994.93260420632,-0.651040460700044,0.190368311891619,-3.41989932164076,0.000626443155315437,0.0018110567437396
"MRPL49",2239.19424819342,-0.530947975390012,0.193473593076171,-2.74429169866597,0.00606416262551461,0.0138085306181757
"TCEA1",9127.40414067205,-0.420687131486858,0.187578448304286,-2.24272636483499,0.0249144654036198,0.0473984468995458
"PTPN11",14529.7386921002,-0.508263346239468,0.183456163853279,-2.77048933960026,0.00559721324011237,0.0128792574127041
"USP10",15912.7833576802,-0.642398829688361,0.167639694151383,-3.83202100755599,0.000127094883616357,0.000432232326497296
"TRMT1",762.483874763654,-1.42348047894103,0.315319427881651,-4.51440778167118,6.34939427900192e-06,2.86620097743486e-05
"THUMPD3",4350.8002080195,-1.08525063360989,0.182759024957585,-5.93815070890075,2.88255005980011e-09,2.44902779343765e-08
"INPP5E",1382.15984446746,-1.32228335584203,0.223750768096177,-5.90962599633921,3.42885329624145e-09,2.86984336083438e-08
"CDC42EP1",3542.53749786252,-0.988252816274817,0.21450685754874,-4.60709194833207,4.08339466853453e-06,1.91270543768296e-05
"MTCH2",3177.72309559201,-0.676812009083867,0.197307794585743,-3.43023452522424,0.000603059767152876,0.0017502358369874
"DDX19A",2517.57701112319,-0.486298652688657,0.18343866363816,-2.65101502073685,0.00802502723485234,0.0176446087184158
"RPS12",2585.22724072126,-0.596654477247097,0.248638390205328,-2.3996876618867,0.0164090664242376,0.0330971836239641
"U2AF2",4360.49130903707,-0.90971669738615,0.184530463823363,-4.92989980373623,8.22718016547709e-07,4.46413292909129e-06
"SFPQ",8863.55972114572,-0.741823962550798,0.171334775976784,-4.3296753873908,1.4932929933242e-05,6.24477586521775e-05
"BNIP1",495.088172451012,-1.13136542346622,0.270905716355095,-4.17623311419264,2.96376098981007e-05,0.000116830311466229
"CCNQ",159.875248013894,-1.00127504122263,0.420851034697907,-2.37916735060745,0.0173517963431757,0.0346977206740524
"FAM107B",446.193329326198,-2.42388852721382,0.29870148184007,-8.11475226799046,4.86776817358405e-16,1.24788035304591e-14
"CDK9",4000.8299031331,-0.925528446963512,0.186281500704018,-4.96843993346437,6.74937001414475e-07,3.7450805746765e-06
"DYRK4",411.233220805142,-0.651960868917774,0.290476915383075,-2.24444984916609,0.0248034722362438,0.0472100877577596
"STPG4",178.787006697108,-3.9023024918946,0.425690246356602,-9.16700000832444,4.863657499955e-20,2.14472777367419e-18
"TBC1D15",2915.19993708687,-0.487035085624082,0.18171712989705,-2.68018257772399,0.00735820140932179,0.0163641746810999
"ZNF132",1077.18310300597,-1.23155841326615,0.247291781478937,-4.98018335223587,6.35240603329429e-07,3.54786079874631e-06
"NAV3",2966.68485140799,-3.11517563603048,0.201564949834715,-15.4549470956382,6.98689295807972e-54,8.25711009785862e-51
"GPR137",1635.37433268245,-0.571203370267805,0.206776590433043,-2.76241797522418,0.00573749761372983,0.0131508430564506
"RFC3",846.603091252762,-1.42541778878339,0.228798293616641,-6.2300193163666,4.6637766717648e-10,4.54381803024867e-09
"ZMIZ2",16430.8484054479,-1.79641097249269,0.169915426714854,-10.5723830215096,4.00194195699154e-26,3.52947388415866e-24
"LONP1",2486.59557147667,-0.692528459057056,0.191722569855888,-3.61213841217343,0.00030368239094456,0.000952725908198251
"SUCLA2",1996.63687044988,-0.52700055336525,0.207755689832693,-2.53663595827218,0.0111923273507777,0.0236451420506776
"RBM48",1608.94873206259,-0.846231817447319,0.199857542049571,-4.23417504673117,2.29392217261749e-05,9.2178076286955e-05
"MRPL15",1723.27868337695,-1.06173875119816,0.223354403605001,-4.75360563329583,1.99820626549822e-06,9.9863969139077e-06
"NFKBIB",1743.1365216639,-3.75444748467307,0.264933985608803,-14.1712565718799,1.38008726977917e-45,9.5940419730884e-43
"ZSWIM9",333.859316758263,-1.01797059043058,0.345066522687929,-2.95007056176009,0.00317701362266977,0.00781230690651505
"ZNF440",912.685897351404,-1.0208586219428,0.230963724777758,-4.4199954903096,9.87029610065847e-06,4.27122516724943e-05
"NBPF19",3263.3833799503,-1.44918844851658,0.205357860735238,-7.0568929931783,1.70266636019912e-12,2.54067058646883e-11
"CKS1B",451.520540605694,-0.685981726897613,0.283049194518321,-2.42354240952701,0.0153699585337412,0.0312422032940753
"BRD8",1968.79701793156,-0.749859555706313,0.191188148306047,-3.92210271583344,8.77795541972332e-05,0.000310220924492495
"YTHDF1",5915.78733274656,-0.811450224202091,0.187717473794226,-4.32272077713763,1.5411673340432e-05,6.4199913830534e-05
"SRP19",871.381679566677,-0.642224962287122,0.224261662289736,-2.86373050003257,0.00418684066520231,0.00996979306495282
"NUFIP1",1324.22208040666,-1.24294760603895,0.207661971337048,-5.98543680403366,2.15809904087e-09,1.8780864849044e-08
"PPP2R2A",7438.15275265667,-0.849191449734176,0.181365966691698,-4.6821984588636,2.83814503730771e-06,1.37407611843107e-05
"ESPL1",1477.78117171892,-2.31087600479777,0.279300291269591,-8.2738044929829,1.29750855733491e-16,3.69492918809254e-15
"RTF2",4703.75855731324,-0.537015764896885,0.188481225202888,-2.84917378014082,0.00438329312280597,0.0103811138527697
"AREL1",2676.35381354834,-0.473356834999054,0.18218079458004,-2.59828065900266,0.00936918808980481,0.0202311465092844
"BRCA2",3467.62948087938,-2.05160565482643,0.192755579398516,-10.6435604158819,1.86850080023957e-26,1.72805898956691e-24
"POLA1",1302.51833229661,-0.601360796389894,0.202706961302618,-2.96665093554499,0.00301062548263283,0.00745278004896415
"GPBP1L1",6170.75994299763,-0.410235113947147,0.17131453458349,-2.39463110905642,0.0166370941932745,0.0334788441343595
"GPT2",2099.72705693457,-0.787843446365895,0.193496195837405,-4.07162240557908,4.66868175848242e-05,0.000175826899368213
"COX4I1",1794.42503194989,-0.570981600459178,0.235063977085191,-2.42904764711032,0.0151385426990554,0.030798295337827
"PRPF4",3218.95848892561,-1.25879907300657,0.182826051656859,-6.88522812585359,5.76950025241339e-12,7.83723609000247e-11
"ZNF627",2104.87756163962,-2.01806709397135,0.212377627236635,-9.50225840748649,2.05386772475794e-21,1.03729097312775e-19
"ZNF678",1191.95338615342,-1.90458789512102,0.211939860223361,-8.98645442680671,2.55334513366271e-19,1.00921179898414e-17
"EHD1",6223.99492633875,-1.35111070214081,0.182731262506621,-7.39397672629692,1.42501365428926e-13,2.47658990682213e-12
"PPFIA1",4322.39068786928,-0.673772525304787,0.179350687737637,-3.75673232037121,0.000172146459348714,0.00056986746683
"RNF10",12093.3003914864,-0.977655699730297,0.173190406281195,-5.64497607415367,1.65204221856011e-08,1.23178769330873e-07
"PIK3CD",1040.06646874537,-1.29557760453316,0.222881797183969,-5.81284618529784,6.14194922433449e-09,4.9614187240728e-08
"WAPL",3648.89257517775,-0.581887640019125,0.181168269524373,-3.21186288055173,0.00131877302575475,0.00355584294281761
"DDX20",1645.10940265977,-1.54427506541798,0.204627114347148,-7.54677634166373,4.46163815015891e-14,8.42294563236069e-13
"CMSS1",795.23852052086,-0.692956348451756,0.22916246493156,-3.02386496260943,0.00249567807330141,0.00629560803162436
"RFC2",1399.71830480334,-1.72710390901505,0.217389472170557,-7.94474493990221,1.94590759613319e-15,4.50033972037221e-14
"GTF3A",4598.53228420903,-0.827476773793386,0.183880569691004,-4.5000772794205,6.7928762504674e-06,3.04430077846127e-05
"HIST1H3I",1749.15201103474,-1.68512810224733,0.236101718277346,-7.13729707069658,9.51839906548436e-13,1.47429148303924e-11
"QRICH2",324.692651802201,-1.12435526538159,0.315788814539956,-3.56046577210014,0.000370197565604211,0.00113606721119464
"ZNF140",1519.897793833,-0.936493460632522,0.198885118786534,-4.70871559595002,2.49282604144629e-06,1.22495709595893e-05
"STAT1",10157.5610013091,-0.440886135514651,0.168891541543207,-2.61046901156894,0.00904181634258009,0.0196138372864559
"HACL1",1524.36722698855,-0.918267412565918,0.211640601380445,-4.3388055343655,1.43259215599243e-05,6.00155054927987e-05
"NCAPH2",386.535744604408,-0.991987308227097,0.281282067422164,-3.52666388340451,0.000420830632315001,0.00127196327690503
"MRPL44",888.208013375826,-0.686423726171651,0.225738002802224,-3.04079826015404,0.00235951866984042,0.00599839314735893
"WDR76",616.334555292177,-1.27166408683205,0.253535972222541,-5.01571463680052,5.28367018331386e-07,2.9891055158642e-06
"SLC35F2",1015.54849361163,-1.88523045483961,0.254042284822165,-7.42093174039633,1.162992471207e-13,2.03618444810731e-12
"TONSL",539.873102677015,-1.34238511031102,0.312634022627388,-4.29379086456927,1.75647938960914e-05,7.2101679146929e-05
"RSL1D1",13131.0955537761,-1.38140714601173,0.174809962195504,-7.90233650681073,2.73723242953039e-15,6.19705227053451e-14
"R3HDM4",1439.49163244157,-0.775864268461791,0.197082048151871,-3.93675768918288,8.25899260759981e-05,0.000293990285050044
"CCDC73",122.996049190117,-1.47557818886433,0.442723374756851,-3.3329574921919,0.000859280696656552,0.00240696356318728
"EMC8",1229.95142391418,-1.17737772431481,0.210975002525855,-5.58065036245477,2.39620898823626e-08,1.73625982973489e-07
"NPIPB11",482.349234815596,-1.11379974660388,0.279320943699965,-3.9875267921201,6.67656665331407e-05,0.000243454689012236
"JADE3",792.375053065157,-0.730133581292645,0.240990522401131,-3.02971906952146,0.00244781309585058,0.00619316102906489
"ATXN2L",13574.9557956479,-0.863750983966406,0.169222093782496,-5.10424475114107,3.32118210225222e-07,1.95466783288928e-06
"RXYLT1",309.711018293951,-0.817658093991822,0.307620988752089,-2.65800489527316,0.00786047512720623,0.0173473566859614
"FOS",841.790057123955,-0.890441950360791,0.309767950854052,-2.87454511645178,0.00404609958688072,0.00966777293120832
"PHC2",7180.6569923294,-1.10290484211395,0.181004384527755,-6.09324931543208,1.10641540404964e-09,1.01518767430579e-08
"URB1",5099.97298062434,-1.05243382555907,0.203119916814068,-5.18134234232898,2.20294744965498e-07,1.3310037300625e-06
"SLC25A22",2293.95031429454,-2.15188850479656,0.238361077096031,-9.02785190859669,1.75074545990912e-19,7.11007211175462e-18
"HAUS6",1861.91222420668,-0.658095469114317,0.204744214478488,-3.21423230830027,0.001307938074295,0.00353307706560418
"BIRC3",2487.43782601881,-1.28062116054953,0.190052223655493,-6.7382592843055,1.60295340936757e-11,2.02173995644673e-10
"PLEKHF2",2324.42766120957,-1.18616166326386,0.253793751863222,-4.67372287361558,2.95788392312194e-06,1.426204496265e-05
"PPM1D",1764.46862590258,-1.74627849491149,0.199948710143658,-8.73363220826399,2.46622147130235e-18,8.49731934339684e-17
"PSMC6",1043.16424114968,-0.836670482504298,0.214829887519182,-3.89457208289788,9.83722361522367e-05,0.00034336413828524
"RASEF",136.506226800366,-3.0413760524687,0.445438954211469,-6.82781787204186,8.62159414923272e-12,1.13463251286896e-10
"PSMD7",4564.64846457599,-0.413838621939554,0.177476933130966,-2.33178821967905,0.019711835068619,0.0386839034940119
"CLBA1",284.110784016229,-1.13312657642232,0.31511375510306,-3.5959286386966,0.000323236407481897,0.00100632451623316
"C7orf26",2328.3660036791,-0.69547165834306,0.188498127802622,-3.68954146362288,0.000224658611795132,0.00072561231871956
"PUS1",271.400010199739,-1.78481296401612,0.336872868655527,-5.29817961042509,1.16962886239345e-07,7.43154510525044e-07
"ANKLE2",4550.40497539102,-1.26052593162447,0.181468377350432,-6.94625669788342,3.75105971946053e-12,5.30898488198617e-11
"SEMA4C",1840.45538361473,-0.579266194223749,0.224460441464403,-2.58070504737742,0.00985987829318841,0.0211770616204233
"GRB14",51.3827933456444,-2.0046060614977,0.698154411888256,-2.87129326602114,0.00408796076999601,0.0097599031070329
"NUSAP1",4043.18215080677,-1.23852921051935,0.200538384609624,-6.17602068018209,6.57373802908429e-10,6.23002694688999e-09
"COQ5",1058.84492727931,-0.52322345163402,0.22338003988842,-2.34230171995392,0.0191652144187915,0.037812104173836
"FBXO41",1318.70465004843,-0.749520364561925,0.25690933049803,-2.91745092756634,0.00352905174378664,0.00857449290873159
"TMEM198",639.556062883985,-0.757260037345548,0.253192428695915,-2.9908478750564,0.00278204048401783,0.00695423051050126
"PSME2",1825.68714765167,-1.19373339598474,0.219596942321037,-5.43602011652591,5.44838063923864e-08,3.70904161258769e-07
"DPH2",971.713971533604,-1.1126285903304,0.227608280537621,-4.88834847177934,1.01685420546542e-06,5.44256476457897e-06
"BRMS1",423.367161583299,-1.4229265469068,0.277424165002705,-5.12906489920559,2.91184952530575e-07,1.73448778679755e-06
"C3AR1",54.3072554037064,-1.79662257626225,0.729474114923407,-2.46290106736808,0.0137817938058216,0.0283949161780334
"SP2",2244.77834570063,-0.604201647615848,0.190521324540559,-3.1713071965717,0.0015175456846742,0.0040392691219549
"SLC30A7",12819.4045984936,-0.406466165017134,0.182486760530856,-2.22737344799546,0.0259223254560952,0.0490081654519489
"AUNIP",525.154964532943,-2.84623803151843,0.267937170059319,-10.6227815681128,2.33497798483249e-26,2.10647097898858e-24
"EIF2S1",4878.10096626028,-0.95029157289882,0.187649170550841,-5.06419277052628,4.10134478073523e-07,2.3736382281454e-06
"MPP4",406.42805406986,-3.07792629808082,0.961053415324865,-3.20265892509252,0.00136165145085873,0.00365727201051103
"ZNF92",2142.18035555474,-0.681007161666801,0.20020210066207,-3.40159848180766,0.000669929858701632,0.00192399296965635
"FAM71F2",725.424222066506,-1.89284736946277,0.232888434846966,-8.12770016126641,4.37511801898612e-16,1.13887984027264e-14
"PSME4",8689.17453971384,-0.598048424384571,0.174153987759089,-3.43402084603348,0.000594698458727879,0.00172851608097542
"GGNBP2",35.0658167022696,-3.09632201689596,0.997150511834712,-3.10517016252528,0.00190169586805414,0.00495245521565972
"THAP3",684.574895877446,-1.35939515234375,0.266381044153957,-5.10319777693369,3.33961661072546e-07,1.96356164704246e-06
"GRPR",89.5210335201174,-2.35847327329824,0.602667714828933,-3.91338911188846,9.10097032196527e-05,0.000320582018673578
"CNBP",8282.97493476879,-0.559652179214853,0.180725877374507,-3.09669089642941,0.00195693814590475,0.00508176115321958
"CENPQ",556.477206897626,-0.752120519637635,0.245301494632645,-3.0661065508956,0.00216866017466557,0.00555948502043335
"NBPF10",524.391117400991,-1.17902736667244,0.304383210895728,-3.87349671226229,0.000107284854661146,0.000370945702862908
"FLAD1",1122.81283528789,-1.12941597847505,0.234533730922888,-4.81558014717463,1.46772837654078e-06,7.5580017228579e-06
"YES1",7455.03521167815,-0.472501728092263,0.170198975933221,-2.77617256802799,0.00550030058614708,0.0126834248443095
"WIPF3",142.27165233855,-1.86675621301814,0.435165579340861,-4.28976072934282,1.78865716746156e-05,7.33715737766774e-05
"SEC11C",172.42723686494,-1.09641891019865,0.412632908440024,-2.65712910379278,0.0078809255936071,0.0173795071217109
"RPRD1B",8824.43619373063,-0.406621340270868,0.16901912829443,-2.40577113593047,0.0161383713700599,0.0326078428537131
"NPIPB2",497.200287821786,-0.802698549360783,0.275492729153997,-2.91368324610878,0.0035719213226963,0.00866796020361908
"TRAF1",7669.88641891881,-3.44378501436368,0.217029218665272,-15.8678404481338,1.05819672493462e-56,1.56322111190967e-53
"KLHL25",118.452042990409,-1.61944895050449,0.443902621680519,-3.64820767305588,0.000264076146586451,0.000839389967821055
"PELP1",3022.46239963662,-0.731063790433897,0.183461284436161,-3.98483959534408,6.75257239795628e-05,0.000245771175235748
"OIP5",166.344306564982,-1.12162215758302,0.426130231359995,-2.63211120695043,0.00848560825465648,0.0185331580767936
"TNKS1BP1",4704.08681114605,-0.695588013639396,0.192081730002188,-3.6213127278241,0.000293111943070352,0.000922748253384503
"METTL23",1112.96851447761,-0.62772682037769,0.218052795355083,-2.87878364207844,0.00399212108381721,0.00955618532885391
"RBAK",6061.06757523307,-0.626671946146548,0.171849711775266,-3.64662785682218,0.000265704298477367,0.000843657549544741
"ZNF253",909.512324742019,-0.718491299945014,0.236152495990322,-3.04248869753406,0.00234630628437081,0.00597085436449058
"CCT7",2701.52004541572,-1.17801565038033,0.196265358019948,-6.00215780443843,1.94712318633556e-09,1.70578960831087e-08
"HSF2",2267.8796051336,-0.750977286305042,0.18538651414625,-4.05087333220259,5.10268260644261e-05,0.000190687478021653
"ZNF787",948.546541001162,-1.67202801787408,0.25145478869018,-6.64941807862807,2.94254069923474e-11,3.53763438286431e-10
"ZNF131",2026.59843123931,-0.938593643579221,0.187685514729018,-5.00088483085319,5.70677964888033e-07,3.21461972785833e-06
"NXPH3",70.8155340797993,-3.03764342839606,0.616356830658914,-4.9283844638319,8.29123408446251e-07,4.49682443369334e-06
"NGLY1",1569.93910825367,-0.855415270462087,0.20824179511351,-4.10779819678278,3.99448878514907e-05,0.000152624857623316
"AAGAB",1502.51951636165,-1.18217896510548,0.200825481035217,-5.88659844862103,3.94224967106813e-09,3.26028737667482e-08
"TSG101",4181.35896230172,-0.937171056775475,0.192873902041989,-4.85898323647464,1.17990122256731e-06,6.20840278196817e-06
"PTEN",5591.13462077721,-0.682206053902728,0.179734158305575,-3.79563940618831,0.000147263415559975,0.000494515193372924
"ZNF700",685.761012601409,-0.864687009394029,0.245646439792879,-3.52004698347392,0.000431470360803267,0.00130112700279995
"RAB9A",825.487020565816,-1.44065066699675,0.248936221848917,-5.78722797468624,7.15574347111965e-09,5.70624671671336e-08
"RNASEH2A",245.087985936934,-1.28548012282204,0.322870179931056,-3.98141483086648,6.85062684268972e-05,0.000248880135342475
"UBE2J2",1261.94513292591,-1.53793769382645,0.220596102743828,-6.9717355596822,3.13054591349464e-12,4.48990189389316e-11
"UHRF2",1266.61983407494,-0.997542465349985,0.204704576158786,-4.87308336759511,1.09869831049708e-06,5.83307126390588e-06
"VXN",314.84179745793,-1.99768352822356,0.335031392979609,-5.96267564796575,2.48140679601194e-09,2.13585327860664e-08
"CKAP2",6359.12772933432,-0.79963132821955,0.21356264883866,-3.74424709830063,0.000180935521139892,0.000596789279606822
"ASB6",2108.39296755422,-0.970931662954614,0.199250772275267,-4.87291292208022,1.09964699800427e-06,5.83548640431723e-06
"GNL3",5925.25451305841,-0.497391617268939,0.170639446160989,-2.91486891489133,0.003558379690352,0.00864042144659543
"FKRP",1120.65576877335,-1.46794715403425,0.228636526083836,-6.420440247137,1.35880799214601e-10,1.43892409060766e-09
"ERRFI1",5249.04155427705,-0.47621382284654,0.179322746016071,-2.65562419395396,0.00791617783229599,0.0174377240674882
"BAK1",563.783985016384,-1.7262388145375,0.313434817286251,-5.5074890195143,3.63988106761538e-08,2.55895981303264e-07
"SLC35E4",525.139028977727,-0.896569286467065,0.264387831896115,-3.39111403137248,0.000696091323434914,0.00198801528766405
"HMMR",2104.98205558753,-1.80543076968785,0.212732374584341,-8.48686417953777,2.12287635827534e-17,6.63707746087247e-16
"SLC22A4",352.292555966584,-0.935223118840595,0.28593177219316,-3.27079118094231,0.00107247070186666,0.00294960641253436
"ALAS1",6690.10886793231,-1.02273015330373,0.180726201168476,-5.65900321420646,1.52254704206424e-08,1.14900772305972e-07
"LRRC40",2657.36017769279,-0.55268651222569,0.197888940453562,-2.79291258500313,0.00522358058191829,0.0121067415801354
"GSPT2",1682.53662111387,-0.530799390583381,0.214343846304301,-2.47639202027667,0.0132717763890667,0.0274842924290267
"CBARP",198.00569690505,-3.33994178403832,0.405440180466246,-8.23781643989374,1.75381984238116e-16,4.91152675290533e-15
"MKNK2",2977.94914676897,-0.526843805475304,0.235240627805303,-2.2395953045634,0.0251172078260186,0.0477073548839421
"ZIK1",1037.71495961041,-1.42356469396109,0.217285448092901,-6.55158781435027,5.69284950538493e-11,6.45044059967777e-10
"FAM13B",3976.02098422,-0.77706863798919,0.178154034243916,-4.36177963236736,1.29008775176618e-05,5.44509180370455e-05
"PSMC5",1786.01690439934,-0.992845692637535,0.205777629166216,-4.82484756317008,1.40110386457083e-06,7.24966964601489e-06
"SPHK1",213.842859143008,-4.55852005164924,0.450200944186796,-10.1255230814395,4.2569642449147e-24,2.87478876836582e-22
"C1orf43",5871.3409449337,-0.970406642347948,0.183961336566408,-5.27505757709932,1.32714413533474e-07,8.35598795492057e-07
"ABCC10",665.278069148754,-0.808046869945906,0.236028464212859,-3.42351450127295,0.000618169534746392,0.00179013172301712
"RNF6",4683.92930436836,-1.25104019608911,0.181097834275054,-6.90809032088707,4.91221212396506e-12,6.75815167415822e-11
"NUP54",1784.95526196198,-0.549584612634368,0.193123267510194,-2.84577109594191,0.00443040298197004,0.0104717004881844
"TNRC6C",3377.52860520096,-0.975202631272873,0.195580681292169,-4.9861909920237,6.15812710555314e-07,3.4524073118324e-06
"RYBP",6978.50071278545,-1.21862702495187,0.182970251247625,-6.66024677040329,2.73368196486655e-11,3.29784749758981e-10
"DENND4B",2817.96366267095,-1.15020808594038,0.230891608680774,-4.9815932788213,6.30628727828317e-07,3.52710378867726e-06
"RPL18",1354.91170765197,-0.646480236995079,0.275747366922386,-2.34446567599335,0.0190543642708141,0.0376248081791948
"GRINA",20514.6923535687,-0.623049212911779,0.17775565292553,-3.5050880388755,0.00045645631408715,0.00136844259763621
"HIRA",2552.92432751697,-0.918536570350378,0.197142295028471,-4.65925675775319,3.17353157456476e-06,1.52025926826941e-05
"MRPL50",2120.54861942547,-0.605024336792375,0.217547917187204,-2.78110838575274,0.00541736471628297,0.012511709247026
"ELAVL3",66.5136220338139,-1.82475863010144,0.585980009635794,-3.11402880660653,0.00184551470568512,0.00481888926022685
"NPIPB12&1",424.104925588753,-0.854158773213933,0.323809304856848,-2.63784505387066,0.00834346948038021,0.0182468953838095
"SOCS5",4199.83851646157,-0.558243317081022,0.180312817348658,-3.09597135294928,0.00196169312629182,0.00509075304490926
"ZBTB11",3912.3086744116,-0.411435519004908,0.176351288043005,-2.33304515986623,0.0196457752446034,0.0386055490257272
"TESK1",1585.91723599413,-0.607842306459589,0.200170678551633,-3.03662010269301,0.00239246775583091,0.00607263400739039
"THAP1",851.377535864727,-1.03152085532525,0.275721219445482,-3.74117326696797,0.00018316318639528,0.00060245547921498
"CDC37",1521.11301201156,-0.587157820700855,0.218646486015796,-2.68542079683108,0.00724385412851268,0.0161463349850552
"CLCN4",723.870047316918,-1.03573610759788,0.269763682620096,-3.83942010851211,0.000123325250775096,0.00042087376937604
"LPAR2",280.245700282139,-1.32210884412791,0.321884239903576,-4.1074047133341,4.00129763411089e-05,0.000152835602585399
"FAM118B",448.222246688327,-0.799497827408721,0.263228197109743,-3.03728033769649,0.00238723325590686,0.00606195157247685
"DDX55",1128.97285336352,-1.12288386170073,0.219002761924848,-5.12725890683539,2.93991094630423e-07,1.74943945435163e-06
"BIRC2",7562.8146357178,-0.901872101953683,0.18529247481948,-4.8672894181608,1.13139282802321e-06,5.99050198995444e-06
"KLHL15",3863.5653890255,-0.885383634971461,0.178794420069594,-4.95196457823928,7.34679794974945e-07,4.02710844944986e-06
"SUPV3L1",1941.05274544742,-1.23375007858273,0.212186513680252,-5.81446038762806,6.08297876088365e-09,4.92050944531985e-08
"RNF40",5106.87681867773,-0.7150777906454,0.195058734953038,-3.66596138756647,0.000246411106286031,0.000789397249685094
"IKBKE",354.264073358963,-0.964532173657373,0.305892075354248,-3.15317803686272,0.00161503274554128,0.00427372525454699
"TRAF3",2765.56707421528,-1.19714759474184,0.197894257098064,-6.04943070252214,1.45358572137948e-09,1.30833785645565e-08
"MAP1S",3113.46836669098,-1.634367258745,0.2013838688109,-8.1156811039303,4.83067702412077e-16,1.24106393632737e-14
"SPTY2D1",3058.06631048101,-1.01307317371168,0.192965798932912,-5.25001414402919,1.52087532120538e-07,9.49482543370586e-07
"DBF4B",610.957721326338,-0.936257522560392,0.269176887274275,-3.47822404828689,0.000504747845303061,0.0014950150465643
"CENPO",960.119903038585,-0.82621260582005,0.228765332504802,-3.61161630905202,0.000304294554900242,0.000954393059928624
"SOCS2",353.761394916938,-1.17103288911697,0.296279520852881,-3.95245977766534,7.73519342040471e-05,0.000277265744138134
"CLASRP",517.356321073337,-1.63277637493039,0.389410993215226,-4.19293857486956,2.75364023316904e-05,0.000109056703336433
"NDC80",1372.36826550384,-1.50660117141262,0.247602466629987,-6.08475833023127,1.16667152223563e-09,1.06386759643369e-08
"ZPR1",900.623701631048,-1.62898397065196,0.240868302327921,-6.76296530057428,1.3519562644848e-11,1.71985135992265e-10
"CYHR1",1230.57397416474,-0.557757849505027,0.238629395675937,-2.33733923653929,0.0194215519062111,0.0382520746771996
"AIMP2",1247.11371318643,-1.87324897886377,0.227159744307499,-8.24639499650084,1.63244450593259e-16,4.59338789788367e-15
"FANCI",1325.40829230394,-1.46067274605337,0.232250232960761,-6.28921972405578,3.19065600121399e-10,3.18741949470388e-09
"ZNF264",5246.8924377515,-0.52481712877624,0.189279302811821,-2.77271271068662,0.0055591174518087,0.0128065594630556
"TRMU",390.156647722497,-0.780985710707687,0.327426559695376,-2.38522406806058,0.017068721634252,0.0342011109314326
"GTPBP4",1533.53408457542,-1.40656805991935,0.203255379422054,-6.92020090153998,4.51003583792575e-12,6.25582201086931e-11
"PSMA4",3886.01224581229,-0.406473484493917,0.179905004521804,-2.25937841792863,0.0238598557292731,0.0457159168301799
"ABTB2",2205.46277124246,-1.34821303640758,0.190852479949728,-7.06416304762042,1.61586926471116e-12,2.42032230296026e-11
"WNK4",49.0194407353416,-1.4741154499714,0.662614401318307,-2.22469576127318,0.0261016690232715,0.0492857206999325
"RFK",2935.63084142811,-0.631478220900239,0.204299937701617,-3.09093692344891,0.0019952601429106,0.00516086328932315
"CCDC15",555.384422494495,-1.17400124293627,0.247882117794373,-4.73612720991088,2.17840882078936e-06,1.08306417518252e-05
"DUS4L",1334.89909927874,-0.505393319967162,0.207691178370202,-2.43338847577973,0.0149582426471151,0.0305050063164118
"DQX1",62.8126637441498,-2.52993425646892,0.614245821995617,-4.11876510327647,3.80908183153325e-05,0.000146254673484382
"UPF3B",494.132516007188,-1.57615389728697,0.277173316926237,-5.68652825158647,1.29647946606507e-08,9.92344192354731e-08
"TRIM35",1353.93387146848,-0.558959449171539,0.208406358818788,-2.68206523226847,0.00731691906476669,0.0162876906210987
"FAM83D",1778.3206579083,-1.97835696836406,0.21011249572247,-9.41570353329771,4.69924686410014e-21,2.30438586887699e-19
"PPIL4",1984.82609404376,-0.579610062858059,0.193643297877369,-2.99318421660592,0.00276083050050514,0.00690967701291184
"ZNF142",3241.13747885938,-0.64208876202928,0.197035183592755,-3.25875181437844,0.0011190351633011,0.00306625494085148
"ZNF101",1065.89600388653,-1.98430457191339,0.232220971888173,-8.54489823110784,1.28649592248746e-17,4.13146978585782e-16
"KLF16",650.344874433944,-1.54108231638951,0.252055698126074,-6.11405466270666,9.71310100335492e-10,8.96792403575379e-09
"SLC35B1",1688.07719048179,-0.813627140543716,0.210645644075042,-3.86253959400112,0.000112214370937433,0.000385957344510647
"KMT5A",2325.87685405752,-1.36182944496748,0.189675672271251,-7.17977919181937,6.98240966689526e-13,1.10466020673853e-11
"NAT10",2896.67126974303,-0.487316792680171,0.181971060142633,-2.67799062278475,0.00740652918538623,0.0164592632404841
"RAB12",3479.77322549793,-0.635925686940857,0.182563875327752,-3.4833051489469,0.000495263498906715,0.00146951988282854
"UBOX5",1933.19495986413,-0.660071346105493,0.201441919459121,-3.27673280654696,0.00105015697170745,0.00289381431479524
"KLB",90.8346752615903,-1.16483800849789,0.485814029445853,-2.39770352006213,0.0164982129102983,0.033238302109428
"HSPA9",8448.84102805758,-1.09288187319187,0.175935837793818,-6.21182066653544,5.23741803261544e-10,5.03627390638318e-09
"ELP3",2195.51220072669,-0.747926178409572,0.208670797734584,-3.58423980034276,0.000338061388341823,0.00104751166424323
"SYNJ1",3752.2540125221,-0.925277037608337,0.188593697994024,-4.90619277022532,9.28612616161262e-07,4.99742436147259e-06
"GOSR1",4052.80988804465,-0.746522226542082,0.174279866417084,-4.28346797532835,1.84002593191371e-05,7.52697350756534e-05
"PSMD1",5520.6394964227,-0.558910495359688,0.179224260604203,-3.11849798389729,0.00181775385603751,0.00475060041367787
"UBR1",4807.16081654345,-0.540302150626843,0.176883577497412,-3.05456367556082,0.00225388163279053,0.00575921581325806
"CLK4",1565.67456183577,-0.885059556820806,0.200438767609914,-4.41561064944918,1.00725240232117e-05,4.35236156878669e-05
"GRWD1",1421.89432990266,-1.94674286493621,0.215893582686215,-9.01714094839799,1.93061941747395e-19,7.81371927250245e-18
"LSM1",1249.65056581871,-0.929706546662496,0.222719561768718,-4.1743371766686,2.98854867593325e-05,0.000117689664285835
"CHORDC1",2894.11313975547,-0.864922362634147,0.179554429449824,-4.8170483194671,1.45697415810096e-06,7.50916729194815e-06
"ZNF433",709.030598880643,-1.61141868262613,0.233695223736348,-6.89538560892503,5.37188856395e-12,7.35631275188425e-11
"RPL36",965.956238193854,-0.557377209970668,0.248693958035326,-2.24121733545088,0.0250120004801042,0.0475533818651659
"ETV4",531.741748441184,-1.60394993128416,0.304700477648136,-5.26402171622578,1.40937791286538e-07,8.84646614409529e-07
"PMAIP1",2834.46191966241,-1.94292754990362,0.191694468707815,-10.1355431014813,3.84232422408361e-24,2.62477385434798e-22
"SMCR8",8686.00078590737,-0.662695973201068,0.175828578699052,-3.76898896700596,0.000163910131849049,0.000545045002305025
"RAB5A",9288.12497852694,-1.05841111454879,0.186215588494354,-5.68379437568347,1.31738658900147e-08,1.00769415591064e-07
"HIST1H2BO",1052.6503251602,-2.34827870167934,0.265969834050134,-8.82911669312354,1.05505603011335e-18,3.82473992757041e-17
"CWF19L2",578.834264859349,-0.735376067280198,0.243191601265683,-3.02385470325849,0.00249576270334745,0.00629560803162436
"F2RL1",1987.80739399259,-1.81322421963262,0.228565985902448,-7.93304485999288,2.13837144849471e-15,4.91659022924327e-14
"TOMM34",9929.92844933303,-1.34952287665555,0.186730178290625,-7.22712787514809,4.9331555731406e-13,7.91045217956249e-12
"DDX54",1797.88657281757,-1.14867359506185,0.224385402332362,-5.1191993022809,3.06835570191122e-07,1.82128717655383e-06
"L3MBTL2",929.71140326878,-0.693526607483245,0.234576734014252,-2.95650210323547,0.00311150109439999,0.00766876328125529
"HIST1H3G",4600.83706374338,-2.48407124001168,0.191316652763708,-12.984082692894,1.50632078186388e-38,4.68465763159666e-36
"HDAC7",1777.56407474959,-1.40812143462837,0.224242360059643,-6.27946224903202,3.39746075230571e-10,3.37404967821419e-09
"RRM1",3482.05496233511,-0.750014879139339,0.189090788523124,-3.96642737066813,7.29579939175165e-05,0.000263192177080955
"EN2",163.125689142082,-1.82781680202423,0.405223540652021,-4.51063824940475,6.46328616304792e-06,2.91316231406942e-05
"FNDC5",410.946943346629,-2.30903235797042,0.31786203369494,-7.26425968880087,3.75086802318555e-13,6.17378249275861e-12
"PPME1",3586.63369392188,-0.87428662147433,0.1947000069432,-4.49042932869224,7.1079756357057e-06,3.16869317475556e-05
"ADRM1",3429.80486692659,-1.1075556104019,0.236303971847517,-4.68699532107986,2.77245302925825e-06,1.3461318775585e-05
"CEP170B",1294.26082610403,-1.07017954608058,0.22871986503767,-4.67899692886022,2.88281760299897e-06,1.39399093421611e-05
"PTPN2",2035.84590770823,-1.18357970762042,0.197712241590661,-5.98637544189539,2.14568765621731e-09,1.86866151224585e-08
"SLAIN1",226.899989628921,-0.865928797242921,0.36722035764653,-2.35806316074782,0.0183705670173598,0.0364903089466201
"LRWD1",1274.55140424171,-0.746515194993852,0.208542696213794,-3.57967557026566,0.000344021049385333,0.00106402532364194
"AP1B1",3471.70932696328,-0.898072038693355,0.189991382769018,-4.72690932401489,2.27963000688214e-06,1.12958773255066e-05
"HIST1H2AG",563.128309033243,-2.62681231038283,0.288348458316179,-9.10985384046162,8.24930294765126e-20,3.49427463209113e-18
"DNAJC2",2802.60850055956,-0.953501513967897,0.197254759358673,-4.83385808823057,1.3391206443513e-06,6.95668552910041e-06
"MRPL2",692.930198262837,-0.801983671873814,0.26125593784422,-3.06972418882214,0.00214256533811204,0.00550213758492136
"UBE2S",1463.80019179529,-1.97716848097245,0.219406437656174,-9.01144242663842,2.03363842299578e-19,8.17467308944358e-18
"RSBN1",4562.96695962592,-0.447969111835287,0.182022703288459,-2.46106174527785,0.0138526523455777,0.028506119697029
"FTSJ1",2217.83919431793,-0.90498793711454,0.212824739002454,-4.25226851613385,2.11615910584723e-05,8.54416409733602e-05
"PPP1R8",3098.90663330166,-1.09185039823784,0.186229887531067,-5.86291713275991,4.54805231033058e-09,3.72222175924424e-08
"ENC1",4359.30374595197,-2.49827789642028,0.189569539453128,-13.1786884307856,1.16396783423045e-39,4.43734576288239e-37
"ATR",3954.90455862129,-0.418411555963953,0.176358674146764,-2.37250341095077,0.0176680000006863,0.0352524774621156
"ALPK3",224.005002002954,-1.71564657009057,0.425478197580449,-4.0322784571498,5.52386803012505e-05,0.000204899787759002
"RPL26L1",568.70610659568,-0.80232403033087,0.297743825694574,-2.6946789860687,0.00704564741922494,0.0157819297195603
"USP39",5600.32478172337,-1.17554745358298,0.191192347054313,-6.14850683981112,7.8215755193503e-10,7.32451501487178e-09
"HARS",1504.75498760449,-0.824992469799745,0.21043181294409,-3.9204740873422,8.83749388513497e-05,0.000311951919756646
"RRP36",985.384152839356,-1.18146298510665,0.219965333818399,-5.37113264439231,7.82436270766942e-08,5.15430983719271e-07
"TFPI2",958.058356434184,-2.35465694845317,0.253803704505956,-9.27747273443724,1.7354599644967e-20,7.91878990749886e-19
"DEPDC1B",151.888426150524,-1.08832387915537,0.398104551460884,-2.73376397019741,0.00626149111467863,0.0142195046105442
"NRARP",149.133871839839,-3.78816881162512,0.503589493704089,-7.52233487589608,5.38065520501072e-14,1.00455897650579e-12
"FASTKD2",3267.25415049316,-0.533793785389105,0.178476541460823,-2.99083443134893,0.00278216295935437,0.00695423051050126
"ARHGAP23",572.7064737646,-1.64228345503252,0.268814285352331,-6.10936079114993,1.0003096389725e-09,9.22126311495865e-09
"ZNF763",361.632578758212,-1.48391638264003,0.301305490076072,-4.92495633672449,8.43791933767041e-07,4.57218389420398e-06
"ZBTB10",6957.35860511266,-1.00065137761609,0.182623229224091,-5.47932145252031,4.26960051982648e-08,2.96987280419713e-07
"ZNF682",368.086782780656,-2.19701210620186,0.341193121813911,-6.43920397492691,1.20101708846084e-10,1.2844904933421e-09
"TBCEL",1198.15986941111,-0.684566625661435,0.205330222979394,-3.33397887426506,0.000856131598899692,0.00239927987569281
"MITD1",482.024001282993,-1.43830003543827,0.300056285916508,-4.79343410868749,1.63950324097892e-06,8.33549056032228e-06
"TTC19",3866.55692905132,-0.565462636442047,0.199955769462243,-2.82793858843278,0.00468487927069596,0.0110071378173131
"IL1RAP",2323.77398577985,-0.726035388198896,0.253993776465733,-2.85847707885412,0.00425679860910239,0.0101179075393342
"RPS6KA4",268.700713304091,-1.00237785080112,0.330935356874033,-3.02892341353136,0.00245426891675767,0.00620683716204626
"RPA2",429.039662106313,-0.977122573627322,0.26516404095259,-3.68497391319371,0.000228726065975559,0.000737137891382372
"CHUK",1289.58617597874,-1.12065104187488,0.203205099401972,-5.51487657137017,3.49024820903028e-08,2.46108313450596e-07
"HIST1H4D",4816.00854656156,-2.30860999688662,0.205804659023323,-11.2174817025157,3.34665039013046e-29,3.99502164753149e-27
"E2F1",504.893245885514,-1.71085325293854,0.271638686300073,-6.29826802743625,3.00989737756232e-10,3.02731635813034e-09
"ILKAP",1381.28635245145,-1.77114770625775,0.228240998899998,-7.75998928673534,8.49365600670743e-15,1.77660224225254e-13
"FRS2",10449.2722153426,-0.699737242433339,0.168290437558571,-4.15791445185235,3.21166244118717e-05,0.000125513977281581
"PPM1H",37.9415818155505,-2.08324529153708,0.758903996979769,-2.74507091783392,0.00604978226500389,0.0137837529993861
"GNL2",1988.58237040629,-1.60568280102791,0.21183171916172,-7.57999230418402,3.45575458461684e-14,6.67322020931402e-13
"USP53",3521.87441373071,-1.20757583163579,0.190428937338581,-6.34134627075469,2.27765960701521e-10,2.33455171168307e-09
"LCORL",1831.87897578475,-1.05166099879483,0.197163017753045,-5.33396684013066,9.60900781851486e-08,6.23267038414976e-07
"MMP19",122.568961497015,-2.13687120867431,0.48054311236321,-4.44678355322924,8.71655859713853e-06,3.80681040284491e-05
"VAPA",20763.7379821892,-0.461018055596361,0.185161146406143,-2.48982070236884,0.0127807553317484,0.0265967540958977
"PGP",437.564081507081,-1.25969214427303,0.279824640534554,-4.5017198695105,6.74057858667539e-06,3.02395312723557e-05
"RRN3",628.477957152389,-1.75418796364356,0.2397222892757,-7.31758389653161,2.52475293397871e-13,4.2686023138427e-12
"NEPRO",3937.20972993564,-1.05183465458839,0.187544253364739,-5.60846112700007,2.04133535361782e-08,1.504021272385e-07
"ANKHD1",381.861081982918,-1.07541981083898,0.285516349165216,-3.76657874052836,0.00016549990328243,0.000549403892413415
"FGF18",123.70851211518,-5.15263607125886,0.605533779548851,-8.50924629687514,1.75067604991285e-17,5.54678004232442e-16
"WBP11",7425.3813957115,-1.12479631388822,0.178376221569825,-6.30575254924276,2.86796932855071e-10,2.89442028392932e-09
"LANCL2",1424.44609933044,-0.749277393198226,0.220066744512504,-3.40477337844952,0.000662189823689053,0.00190268887341533
"SLC12A4",3347.70001422602,-0.734479091693064,0.226086574004025,-3.24866301738019,0.00115948749187599,0.00316248073146538
"HIST1H2BD",2822.46636218126,-1.0148985927782,0.193867256701462,-5.23501807394454,1.64968720002342e-07,1.02126785384373e-06
"TRMT6",1616.05362960008,-1.96473026997136,0.215523748980959,-9.11607319036075,7.78956525090459e-20,3.3114058322011e-18
"RPL10A",3314.33332852441,-0.803745143043395,0.204296397712011,-3.93421103869098,8.3470420411033e-05,0.000296677722832357
"CPM",342.474763841213,-2.04995373527851,0.345779073789756,-5.92850721939564,3.05700975542494e-09,2.59166006381721e-08
"PTAR1",17907.0640227771,-0.567895877364359,0.167623977251627,-3.38791553974326,0.000704259473797153,0.00200843109588194
"ASXL1",5200.24499095952,-0.638514305251976,0.19283864616026,-3.31113248285996,0.000929192058380498,0.00258807253027121
"HSPA14",2155.51433639512,-1.20707818866852,0.198802200195319,-6.07175467616852,1.26520112770092e-09,1.14663703429214e-08
"NOLC1",1941.0497305194,-0.46729279855848,0.205155819756811,-2.27774575984441,0.0227417296440957,0.0438866363380017
"CNOT4",12954.9292391718,-1.02661397038493,0.180734799649118,-5.68022302499584,1.34519221711085e-08,1.02696909701654e-07
"NET1",1163.80965722151,-1.00070092732501,0.208325371975066,-4.80354801644027,1.55878485974079e-06,7.96098507883173e-06
"NUP50",1936.64032550542,-0.589271511096067,0.20372419291776,-2.8924964809356,0.00382193463621412,0.00919349145751648
"CHERP",1610.77844211506,-0.572596215016404,0.216614210024944,-2.64339174678552,0.00820800077001167,0.017976677742772
"FBXO38",3382.53564371406,-0.794835380456074,0.181763359565735,-4.37291312371798,1.22599520589132e-05,5.19871235853017e-05
"SDE2",1488.79918822399,-1.15328533679143,0.199162624289805,-5.7906715223498,7.01055638063179e-09,5.6055991411574e-08
"ZDHHC11",36.1080708391428,-1.90037813708961,0.771094933879979,-2.46451902819193,0.0137197278585634,0.0282867661954819
"TMEM222",1343.14829701613,-0.549742785186232,0.213268633746221,-2.57770106897388,0.00994599981890943,0.0213402007733972
"NCOA5",3377.47314737038,-0.511337578533053,0.185732357333527,-2.75308829260602,0.00590359722975733,0.013507979101892
"SNRPB2",3294.6380057989,-0.571018979755169,0.203060020794108,-2.81206993637685,0.0049223799408614,0.0115102267790067
"RACGAP1",5861.64038988605,-1.3570058053792,0.182829476634334,-7.42224848180946,1.15148520209232e-13,2.02202854655677e-12
"POLG",1326.19223274246,-1.24781536900758,0.264745656734426,-4.71326096299025,2.43783663007425e-06,1.20243544633629e-05
"SLC37A2",170.10398642299,-1.48692562712507,0.382969159519837,-3.88262498470989,0.000103334872131443,0.000358547128258777
"DYNLL2",2723.50697127305,-0.434266172016423,0.187828125837954,-2.31204017012383,0.0207754697272923,0.0404821931141204
"RHBDD2",8988.15593537075,-0.790673994152378,0.17577255434479,-4.49827902370592,6.85057508219194e-06,3.06667031520244e-05
"CENPA",204.595715965639,-1.78481794676589,0.372638414041185,-4.78967782041018,1.67049307276936e-06,8.47113939097647e-06
"DHFR",1083.17339587997,-1.41081508241473,0.228239917297594,-6.18128107965979,6.35834895008785e-10,6.03557975037254e-09
"GPATCH4",894.219102987748,-1.50384215188291,0.247215900793648,-6.08311256296644,1.17871532202731e-09,1.07319396577186e-08
"C12orf75",2381.17649804644,-0.72486304129883,0.219146257831479,-3.30766789481863,0.000940763010536076,0.00261721686876538
"CSNK1A1",13812.4234810189,-0.446238046167177,0.17381566367084,-2.56730628726437,0.0102492037298773,0.02191912589209
"EFNA2",37.6741284045236,-2.04535548808525,0.76170002002229,-2.6852506686627,0.00724754272762155,0.0161515104572943
"ZGRF1",1110.88662459066,-0.996566331883544,0.23309006988139,-4.27545597455377,1.90746493541345e-05,7.77324848507453e-05
"SLC4A5",354.667623209427,-0.895485403581116,0.319181769655828,-2.80556563285777,0.00502283509844739,0.0117057513692469
"PMEPA1",1186.05435191806,-2.01389656290598,0.227277384811072,-8.86096328757065,7.93259894567289e-19,2.93879167209913e-17
"RFWD3",4327.5555581764,-1.89181961199093,0.179001340977399,-10.5687454723024,4.16022392140138e-26,3.64189083726826e-24
"ZNF724",396.425091305216,-1.8268180850791,0.278161897565212,-6.56746341274445,5.11795815068691e-11,5.86085556442034e-10
"INO80D",8010.08873097469,-0.936885315092697,0.172868660238668,-5.41963658305213,5.97203097301201e-08,4.02839395200091e-07
"SRRM5",101.450737648013,-2.06543435754386,0.480748755140369,-4.29628643955781,1.73683131621407e-05,7.13943391131057e-05
"AUP1",4239.56754677049,-0.976925075129023,0.193474059418187,-5.04938531845986,4.43233923335821e-07,2.54897250899403e-06
"TTLL9",186.445159118769,-1.7604803490787,0.388368323937645,-4.53301734608344,5.81470380277442e-06,2.64809901892825e-05
"MCAT",351.784098295969,-0.875983888095383,0.307905992222781,-2.84497187525203,0.00444153445501877,0.0104959116555513
"SF3B4",3672.94433868485,-0.631053058979391,0.189150323763489,-3.33625154016892,0.000849162939054302,0.00238144461645556
"NLE1",396.899666630796,-0.692158014420482,0.275065863787745,-2.51633556010639,0.0118582221580345,0.0248520073530151
"CFAP20",1663.64462955466,-1.23380180536708,0.205834141017809,-5.99415529059548,2.04545843581034e-09,1.78796063568096e-08
"RAB21",5932.65015814269,-0.674644811381344,0.173755987412996,-3.88271403723084,0.000103297022206991,0.000358521059748082
"RRS1",756.640452246269,-1.90826288004447,0.267942503602214,-7.12191180715948,1.06440161528653e-12,1.6336491285008e-11
"MED19",283.691449167158,-0.779318510272881,0.30430765769127,-2.560955962086,0.0104384586901194,0.0222529617438781
"ATF3",5622.4890882355,-3.38135457206798,0.259017140348119,-13.0545591211587,5.98555341104515e-39,2.07073909467767e-36
"YRDC",861.661945105451,-1.19746656163222,0.246433275578376,-4.85919183933979,1.17865884070426e-06,6.20462814229085e-06
"MRPL38",2978.79111481335,-1.13173040623828,0.210750102837617,-5.37001116962811,7.87317655938034e-08,5.18357663391403e-07
"SART3",4988.06018386925,-1.17776509202424,0.187609012413922,-6.27776393505947,3.4347687975246e-10,3.4053773195592e-09
"GINS4",592.436042631093,-1.82581481900163,0.262994855282781,-6.94239747404354,3.85500720403889e-12,5.43009238823976e-11
"SGO2",2528.48716750203,-1.42416462113955,0.205331116554935,-6.93594154180971,4.03524451049115e-12,5.66371967042571e-11
"TERF2",4612.96106480467,-0.782936297844005,0.178793979390173,-4.37898580541933,1.19232896961304e-05,5.06686219449368e-05
"GAP43",35.732810274474,-2.77129037564817,0.819241789797463,-3.38275025781253,0.000717638601026457,0.0020411679872276
"AOC2",301.240295644308,-3.02432062194617,0.375773261988212,-8.04825922404515,8.39799283001222e-16,2.08942061610704e-14
"PGAM5",1764.21720508777,-1.68183085101426,0.206912550599001,-8.12822057504702,4.35637971173853e-16,1.13650541795421e-14
"GLYR1",5136.26359718384,-0.714868209905979,0.174120005668064,-4.10560640153422,4.03255611222684e-05,0.000153930065033258
"RALY",3145.08943102888,-0.435150313698564,0.193338093510362,-2.25072206825729,0.0244031461378631,0.0465530881448372
"MBD1",4122.35964742159,-0.872907077956275,0.198238981844056,-4.40330690682695,1.06613176073598e-05,4.58165278122827e-05
"ATXN1L",5593.8943529091,-0.763003001995711,0.178012567845142,-4.2862310859954,1.81729949240116e-05,7.44299988743194e-05
"MIEF1",2057.17329409738,-0.427537153687357,0.187924332314642,-2.27504947561304,0.0229029620357513,0.0441617238274611
"PSMC4",2636.28457082672,-1.21349573796701,0.212239763504758,-5.71757015711058,1.08058066394131e-08,8.40704561320497e-08
"SYTL5",1379.473143889,-0.729453983852897,0.234399906005622,-3.1120062984812,0.00185820534492273,0.00484881226899909
"NCAPH",1352.48877607213,-1.67292636486023,0.208278943610739,-8.03214350840399,9.57842356763842e-16,2.36321105892173e-14
"MAPK8IP2",377.384833686102,-1.97102115526777,0.289393021284398,-6.81088004997457,9.70034887276155e-12,1.25976618657468e-10
"XPOT",14744.6992754243,-0.583504167541955,0.170910229530368,-3.4140973840204,0.000639936977475105,0.00184547955095188
"WNK3",2695.82635263743,-1.07964265513217,0.192848527197872,-5.59839720229964,2.16342623395137e-08,1.58464577496311e-07
"SDSL",3418.85463528589,-2.3285299857352,0.295778844994042,-7.87253728637051,3.47520050507435e-15,7.763689899616e-14
"TYK2",1747.4045045985,-1.05655104666402,0.213945184033896,-4.93841939670225,7.87583188346415e-07,4.28726767382678e-06
"CRTC2",2547.01625097767,-1.19207200874431,0.201515937758171,-5.91552222621149,3.30824229438641e-09,2.78269092064474e-08
"WNT5B",97.2326184973865,-1.48324196938566,0.520916803259089,-2.84736825555603,0.00440823360252868,0.0104239396990769
"KRR1",1602.863475935,-0.553760631883223,0.209264081969843,-2.64622875875577,0.00813947521953404,0.0178497528566438
"MEIOC",317.049318319003,-0.935395061549794,0.309117720826156,-3.02601565206237,0.00247799474959174,0.00625746622877675
"DNAJB12",1567.70046255094,-0.494801875864579,0.204341591612142,-2.42144475806842,0.015458950455869,0.0314014913178858
"RNF185",2334.48503631338,-0.485303918574844,0.184369026539605,-2.63224212701798,0.00848233881499094,0.0185294417958527
"STEAP1",643.567901191887,-1.89825935908203,0.283663960488437,-6.69192997169412,2.20246266749178e-11,2.69448279548839e-10
"ZMYM5",1834.83374617191,-0.565500048034345,0.204109669164681,-2.77056961754264,0.00559583364957039,0.0128785904713969
"CHCHD3",5073.66092174805,-1.54446066445957,0.193741995454902,-7.97173922377134,1.56456679843259e-15,3.69062882712104e-14
"CHRNA10",191.479816942009,-3.61720989549402,0.408445191380862,-8.85604720492617,8.29017848746785e-19,3.06166654265297e-17
"NUP188",9455.45811876924,-0.92675062779303,0.187081386083311,-4.95372974936336,7.2804304497338e-07,3.99814716798114e-06
"MATR3",14910.4309598758,-0.617896630525185,0.17020561397858,-3.6302952416302,0.000283097210456981,0.000894317784865171
"DNAJC5",6447.11808507004,-0.695085453789034,0.170433190940723,-4.0783455966085,4.535730963652e-05,0.000171475587103133
"NUP37",1587.47728996931,-0.951825141869225,0.211087269519829,-4.50915464506405,6.50864533884431e-06,2.93137083134383e-05
"NEMP1",9712.36007930498,-2.09079946604653,0.169438229036171,-12.3395970197505,5.54326266931757e-35,1.2598130428076e-32
"VPS18",1801.03742149244,-1.68138469505703,0.218574820472086,-7.69249034003788,1.44298379118988e-14,2.90020109596633e-13
"KIF24",856.172214933723,-2.14809321769572,0.235153351942704,-9.13486114465042,6.54907655880551e-20,2.8042386511581e-18
"EGR2",166.72131172029,-3.38163583217933,0.496440149749086,-6.81176942253462,9.64055400257605e-12,1.25337807703458e-10
"STX5",1987.68462168992,-0.73265124964906,0.212977405253965,-3.44004214332225,0.000581623612537298,0.00169297909805078
"FJX1",513.642460916765,-2.16835656837856,0.302290796423254,-7.17308166187941,7.33280820952415e-13,1.15699769586324e-11
"NUMB",1949.08293114767,-0.466147995185824,0.188076965540456,-2.47849593833199,0.0131937613290142,0.0273598651318284
"PIM3",3612.18187571642,-2.47130095965384,0.207742969005606,-11.895954753526,1.24224187197371e-32,2.03900200597018e-30
"MCM10",296.689874401894,-2.67298139536011,0.326036068278707,-8.198422369255,2.43562273580248e-16,6.66300682678557e-15
"SRSF10",6787.56561672782,-0.702259578407334,0.170564742168531,-4.11726110261081,3.83401623029528e-05,0.000147159479732477
"BCL3",2704.27499157688,-1.46453998921313,0.196183713194608,-7.46514562990433,8.32075339569599e-14,1.51284097892823e-12
"ALG3",1967.94211751556,-0.550501235370455,0.19447295111332,-2.83073420863386,0.00464412959186868,0.0109179080001401
"MICALL1",2609.43991273513,-1.17896358359268,0.211851249546667,-5.56505371630095,2.6207166842513e-08,1.88621374996845e-07
"VPS72",2469.64187703393,-0.713878949877085,0.215771643420487,-3.30849289814189,0.000937995637828533,0.00261057853990623
"NECAP2",2063.71451998101,-0.639365963479739,0.216065207421262,-2.9591342868691,0.00308504634492643,0.00761467788311207
"FGF2",2845.82126750226,-1.18998591818301,0.185578804411717,-6.41229434554906,1.43345727551256e-10,1.51255340017923e-09
"SFR1",591.309882595267,-1.32428853557767,0.243072731481524,-5.44811640329276,5.09060399212812e-08,3.49365609633973e-07
"PPRC1",3765.45596786311,-1.76406627757396,0.200111782290838,-8.81540435740111,1.19253866861428e-18,4.25783141561438e-17
"DDX49",705.615849526214,-0.72684154994163,0.244049994387687,-2.97824858289897,0.00289900759547454,0.00720817836383719
"ZNF557",1672.7069523976,-0.910488236250644,0.207113644998808,-4.39608040433978,1.10223119138476e-05,4.71962616658881e-05
"SMAD7",520.79085901694,-1.01419253847666,0.272234172512049,-3.7254417001296,0.000194973512794368,0.000636694383587688
"HGH1",1229.22684610927,-1.31477577881794,0.238211619558667,-5.5193603958271,3.40235766465601e-08,2.4005410675167e-07
"PITHD1",1437.55887481887,-1.59557594461837,0.204336404484391,-7.80857404555271,5.78386116353215e-15,1.2382911454823e-13
"RNF25",1028.51492346399,-1.01226687516282,0.219856369842122,-4.60421899938459,4.14016614329023e-06,1.9377617220358e-05
"ZBTB48",573.057817267951,-1.64499740958594,0.278407681124726,-5.9085920436548,3.45044005929625e-09,2.8817880297359e-08
"SNRPA1",632.900489603448,-0.737327799657631,0.23757379544884,-3.10357376858261,0.0019119856308023,0.00497377199753942
"LPXN",1432.65695797375,-2.8776249865473,0.224753703326117,-12.8034597159535,1.56806354073415e-37,4.63284373109906e-35
"FAM222A",198.917908187352,-2.14468565520293,0.363604974754639,-5.89839469784529,3.67055098574131e-09,3.05160426775057e-08
"EIF2S2",4014.01578353913,-1.17852632102112,0.200404132048483,-5.88074861019334,4.08415063242996e-09,3.3658641683443e-08
"RBM39",15300.2446828604,-0.415376948408764,0.17739992227883,-2.34147198641887,0.0192078673656939,0.0378772862552595
