"","baseMean","log2FoldChange","lfcSE","stat","pvalue","padj"
"HS1BP3",309.987274438328,-0.622833129058445,0.245225882566485,-2.53983438672949,0.0110904971291256,0.0239890167360326
"TMEM205",336.886313662307,-0.612291307080954,0.230639670244239,-2.65475278573092,0.0079366549167769,0.0180965239268044
"TBCB",985.921809161381,-0.968845861401002,0.204255274676268,-4.74330889587337,2.10255289011814e-06,1.16327940225765e-05
"FAIM2",320.827803856271,-0.990846473140684,0.252973305648653,-3.91680248870543,8.97312059380575e-05,0.000350497030929318
"FLYWCH1",764.029152015616,-0.478682695181518,0.210381206718478,-2.27531110144295,0.0228872739533793,0.0441079123034556
"ESS2",238.169908379025,-0.84240298335132,0.257902279874951,-3.26636501142904,0.00108937731721125,0.00329040484765241
"DYNLRB1",2991.03064814216,-0.493433728693514,0.182378166593458,-2.70555263225908,0.00681908413503463,0.015945025931626
"UBA52",9632.57118983199,-0.443975595567803,0.18049754866384,-2.45973199555561,0.0139040801343746,0.0290037060421581
"POFUT2",1882.29010302452,-0.529978267936476,0.193604182922119,-2.73743190842973,0.00619209372648786,0.0147019956178515
"RPL27",9440.85972307225,-0.440151938833465,0.170999420796357,-2.57399666492228,0.0100531242270161,0.0220041479628964
"TMEM147",639.145216105446,-0.549899687338996,0.211959184398295,-2.59436593370576,0.00947655643731467,0.0209888018833163
"WDR13",558.756094084254,-0.535798720572568,0.225199813164964,-2.37921476506769,0.0173495644261845,0.0349605025835453
"PSMG3",305.245489471526,-0.867700229807937,0.251489168217059,-3.45024891513033,0.000560069887666696,0.00182054901416255
"SIRT6",243.09043608475,-0.970396522979574,0.283944216863393,-3.4175604409173,0.000631850628140717,0.00202593376007024
"PSMB6",1693.95159591273,-0.749101692052518,0.194806616653413,-3.84536061927132,0.000120375273619068,0.00045790717074617
"ATAD3B",203.412839628743,-0.640004022124058,0.282249931859593,-2.26750815458985,0.0233592013216584,0.0448514790847285
"SNRPB",2919.20535752803,-1.07410501820998,0.189986024255363,-5.65360016569564,1.57121476419132e-08,1.45616888913537e-07
"MYO1C",2932.42057233853,-0.562463179197062,0.184126756864947,-3.05476069189453,0.00225240167322024,0.00621559794458386
"DOHH",97.0406799446491,-0.909283298816351,0.33776548963375,-2.69205506993126,0.00710132183154232,0.0164775121773949
"CAPG",2059.06561270092,-0.777092924965625,0.19830104241174,-3.91875360570278,8.90080455058388e-05,0.00034794693302401
"SHISA4",267.765925248367,-0.553505520809012,0.245527229546955,-2.25435493175375,0.0241738481306915,0.046191650347024
"CD63",10701.2343234399,-0.581243149545374,0.190612355598163,-3.04934665815008,0.00229339677898639,0.00631082605460308
"UBL5",1294.16830389069,-0.496163563887194,0.192361862369081,-2.57932397709486,0.00989938955339654,0.0217452636039767
"FCGRT",827.191852135932,-0.57687442746684,0.213693686723892,-2.69953893496257,0.00694356304691339,0.0161901971821787
"ST3GAL4",530.234416925065,-0.737218161457832,0.220260475086318,-3.34702883560441,0.000816827131745536,0.00253765064344548
"CENPN",918.134700529022,-0.426475393191405,0.191136258742734,-2.23126368589978,0.0256636676161867,0.0484214605537583
"EIF4G1",6092.55493016197,-0.529957353352118,0.188361758599173,-2.81350820513333,0.00490041355253655,0.0120149351852878
"SQSTM1",18299.9790103147,-0.657832398463485,0.181295007650298,-3.62851910259098,0.000285051661280377,0.000995568575636264
"ATP6AP1",1668.80925923203,-0.41649344073709,0.1836449701184,-2.26792729726585,0.0233336382649244,0.044811088774975
"FBXL18",414.584668268415,-0.564429113987873,0.230744765813817,-2.44611881876142,0.0144403402548786,0.0299768751773324
"PRMT5",1287.81997216782,-0.545843174094512,0.190290863989225,-2.86846757984882,0.0041246546777755,0.0103908964114589
"CTSB",5852.78936857101,-0.507493804714846,0.173664345402004,-2.92226826145621,0.00347492102619918,0.00894299748240236
"RPS14",7441.32776080001,-0.412934993400371,0.180675212306417,-2.28550993868518,0.0222829443330404,0.043144871480523
"XKR8",233.49295931345,-0.569051735983677,0.254636364570248,-2.23476225378913,0.0254329611466377,0.0480686365150697
"IRF2BP1",270.371049081164,-0.745221417808217,0.250430621127175,-2.97575997078159,0.00292263515708849,0.00773356059143881
"ZNF503",533.37992028015,-0.584091598073151,0.213502483453557,-2.73576020580673,0.0062236359896351,0.0147548620420139
"ARL4C",669.759841154036,-0.462373802373078,0.201352511529447,-2.2963398810422,0.0216564554968617,0.0421030290329468
"DUS3L",286.756239280326,-0.766405313920791,0.256974421300098,-2.98241867826126,0.00285980612465127,0.0075929079994094
"CMTM3",542.1581835629,-0.586662776578496,0.213929113190077,-2.74232322955148,0.0061006276365849,0.0145305695568855
"HLA-DRB5",278.73654066514,-0.933543544379495,0.261279515906435,-3.57296874629009,0.000352956900903512,0.00120095132524681
"IVD",741.036249847214,-0.535225845743244,0.205252513078885,-2.60764576138243,0.00911672462032515,0.0202917338187494
"SLC2A1",2009.5125981999,-0.467286902575573,0.184204679953587,-2.53678083908244,0.0111876968023669,0.0241675737559642
"RPA2",857.107871658224,-0.598588515462852,0.20051166577203,-2.98530518490336,0.00283295526993786,0.00753960457529715
"CCT3",5066.64810627857,-0.541113518591013,0.177470673934529,-3.04903061781709,0.0022958108217766,0.00631571303889517
"NOTCH3",998.628847850813,-0.599350416855918,0.201404741258237,-2.97585058381245,0.00292177177836852,0.00773356059143881
"C7orf50",357.114664214345,-0.865341412937107,0.246440930280601,-3.51135427037959,0.000445829826329021,0.00148330205748055
"ALDH18A1",2156.40373834374,-0.488816473249294,0.178908663243083,-2.73221242833355,0.0062910564187462,0.0148897361149569
"PPM1G",1319.90168819631,-0.594622855557889,0.210541630200132,-2.82425311798273,0.00473909424659887,0.0116685459832924
"BCL7B",481.342319116836,-0.828070575806934,0.221705274208831,-3.73500620931079,0.000187710555672852,0.000684583301418529
"DVL1",374.330494265541,-0.616316566792996,0.23459858457113,-2.62711119046044,0.00861131902186562,0.019349565420755
"PTPRN",156.342644654071,-1.02273278817111,0.303749134515539,-3.36703111863117,0.00075982113880902,0.00237856678090724
"HADH",860.520840079544,-0.450992163582854,0.192760144274713,-2.33965462767096,0.0193015797598224,0.0382999284914038
"PTMA",5996.17164180795,-0.611810261011038,0.184398123052621,-3.31787683563595,0.00090704470921012,0.00278990942565624
"IRF1",736.568072229505,-0.515433429217744,0.199488993235635,-2.5837687626651,0.00977272916642269,0.0215339432968058
"JMJD6",854.58380392986,-0.508205135129896,0.196397172181365,-2.58763977854319,0.00966359792995667,0.0213314657249579
"SELENOH",572.712101644703,-0.731238242814988,0.22094767832798,-3.30955386518939,0.000934447839138012,0.0028670690365121
"SLC7A1",2338.34465232649,-0.915798315219133,0.180514304512017,-5.07327282286467,3.91031239053543e-07,2.56150046601719e-06
"AURKAIP1",256.443759311221,-0.932059134271582,0.282321684445061,-3.30140823615324,0.000962007974262836,0.0029443274363802
"ANP32B",1947.47473229389,-0.478988222682294,0.196589735914158,-2.43648642415109,0.0148307261454016,0.0306652449106299
"TMA7",910.751605111422,-0.595857170263647,0.199104831318479,-2.99268062114746,0.00276538975801476,0.00739779130400814
"LYPLA2",713.71117352234,-0.522379111582923,0.2094224259455,-2.49438000359554,0.0126177381301142,0.0267288035097338
"CNOT3",241.269631900077,-1.12820969955229,0.355725925375052,-3.17157007424405,0.00151617283866479,0.00439703450252097
"EEF1A2",218.87498920076,-0.901713521113724,0.289724996181228,-3.1123083372126,0.00185630506281352,0.00525714091894942
"OASL",368.658486481283,-0.515067581875193,0.228879746636142,-2.2503851452353,0.0244245071496451,0.0465806882017702
"DDX56",1802.95859700169,-0.461112836572826,0.191113030603463,-2.41277549268517,0.0158315679719671,0.0324096917862525
"ZNF408",315.869593399292,-0.610709657332586,0.241137886197112,-2.53261595249026,0.0113214918206945,0.0244086530257535
"VASP",474.744681742736,-0.602821829227019,0.225749846665923,-2.67030891993964,0.00757814902523468,0.0174033686895065
"PSMD13",2290.07785019445,-0.487418485854403,0.191320221113733,-2.54765796849382,0.0108448740785299,0.023540035883616
"KXD1",1286.29515383603,-0.658740410493865,0.1952080575436,-3.37455542964324,0.000739350246936402,0.00232541745922355
"FEN1",882.961933315845,-0.877256350881719,0.201732542624353,-4.34861098496766,1.37002481804597e-05,6.42373550403554e-05
"SFI1",192.358994677131,-0.590407755964972,0.26557981611749,-2.22308970838274,0.0262097514828484,0.0492359309503195
"RAB1B",2803.71477871041,-0.968105447063043,0.191565103275091,-5.05366285670948,4.33416411014814e-07,2.79711075410188e-06
"CDC45",282.927343837156,-1.20520942830107,0.240268028288094,-5.01610404383875,5.27297812679712e-07,3.33708040275178e-06
"DTYMK",806.425756328192,-1.14092807374364,0.216720145779845,-5.26452245423761,1.40554221251607e-07,1.02445190128748e-06
"TCEA3",597.517047879354,-0.49359406537135,0.21097429168313,-2.33959342360393,0.0193047426999003,0.0382999284914038
"KIF1C",1008.70700864463,-0.589005191910899,0.207665815119431,-2.83631271508098,0.00456377361180331,0.0112902352435964
"POLDIP3",3664.16012072558,-0.560826928947053,0.180816158248295,-3.10164165846799,0.00192450767573205,0.00542081014327426
"RAB32",502.339943828208,-0.571486370504695,0.221467048761531,-2.58045778683787,0.00986694186632379,0.0216980650061926
"RPS5",10516.0800514209,-0.431248705266702,0.176443900559034,-2.44411228668353,0.0145209063275289,0.0301063952303897
"SNAPC2",439.425265092524,-0.772516859800581,0.244487885548967,-3.15973471677744,0.00157912848679374,0.00456090276109846
"GPX4",5351.25008639296,-0.695380879619013,0.188346456824183,-3.69203058737726,0.000222470700845251,0.000794951262442707
"NFASC",1634.66560175125,-0.47419825760363,0.184198709975237,-2.57438424876797,0.0100418680997093,0.0219947799183277
"FAM20C",801.7067666179,-0.538558687676309,0.206946131945209,-2.60241002145862,0.00925711030899157,0.0205764378707385
"XRCC6",6346.82274198401,-0.490922195892579,0.18933141454808,-2.5929251997846,0.00951634654814973,0.0210675012600282
"TALDO1",2111.95558444085,-0.524650028235453,0.191702582976308,-2.73679164928254,0.00620415731045439,0.0147192591224539
"UHRF1",372.430537521234,-1.07914073200557,0.228038573018558,-4.73227278052538,2.22019771600905e-06,1.22222007747817e-05
"TUBB2A",333.168902285806,-1.03351151786036,0.235603523212174,-4.38665561435441,1.15106821648441e-05,5.48544689781545e-05
"ILK",2050.40866670602,-0.538793855537322,0.185434317793677,-2.90557789921502,0.00366575588748988,0.00937077783429103
"SELENOW",1879.20626808672,-0.525851421783894,0.188160887433659,-2.79469037883496,0.00519494429641389,0.0126400094999766
"MYL6",5886.48694530808,-0.660134029350774,0.17551236987423,-3.76118235896318,0.00016911207853731,0.000622951750413954
"MRPL4",648.50259739815,-0.738545893803334,0.213764905031689,-3.45494455085529,0.000550406006285469,0.00179266819684553
"TTYH3",2182.7766392398,-0.653905040116122,0.187638787013612,-3.4849140229663,0.000492295197442267,0.00162154338245709
"CTDSPL",701.832941335495,-0.458462338333646,0.199006442549433,-2.30375626266352,0.0212363295758654,0.0414590118623109
"WRAP53",317.731614359598,-0.778994142990529,0.240245870258201,-3.24248713267503,0.00118491298757157,0.00354114394655296
"RELT",111.238544809845,-0.842454205929741,0.324738178541293,-2.59425673234358,0.00947956714915115,0.0209907730743396
"PRDX2",2870.30573169748,-0.430789017128719,0.192106040971532,-2.24245429737713,0.0249320259201962,0.0473206505384664
"LRRC15",134.771370404987,-0.895148916300721,0.299621076926913,-2.98760329373984,0.00281174261898319,0.00749747533477791
"NEURL1B",289.79226385756,-0.736791528189258,0.237477389437341,-3.10257549122865,0.00191844611374389,0.00540755350503908
"LAMTOR4",570.839166903162,-0.574734507224033,0.215970673621426,-2.66116921148045,0.00778698127223113,0.017816814755558
"E4F1",272.492261453405,-0.815099976395416,0.252675989601472,-3.22587032381279,0.0012559024535843,0.0037218330795142
"SF3B3",9096.36655721101,-0.385550709899299,0.1714339549901,-2.24897518068438,0.0245140751760202,0.046706509353657
"ZNF574",555.395530022274,-0.67023001186266,0.214547767811288,-3.1239197624847,0.00178459114335307,0.00507582848761744
"MGAT1",922.897663860787,-0.676383355011247,0.222591969491879,-3.03866916922142,0.00237625647680851,0.00651167957016906
"EBP",564.715538242966,-0.764891127388026,0.214064618807423,-3.57317865815152,0.000352673964021122,0.00120040127093572
"ELAVL3",457.933613347973,-0.725068678724487,0.222850804105015,-3.25360584466552,0.00113950265926459,0.00342092730403425
"PAFAH2",240.581384820283,-1.0966372200275,0.260713348850367,-4.20629486316367,2.59591495370049e-05,0.000113591362562898
"SHISAL1",382.89626820755,-0.84022087864963,0.226298344359786,-3.71289008333965,0.000204905893305936,0.000740744533214811
"MT1M",139.053190755454,-1.10765758403586,0.297486614202562,-3.72338630094342,0.00019656840547421,0.00071530664609696
"TCF3",1531.72840033559,-0.573722496140769,0.194750109037044,-2.94594184813339,0.00321972925647455,0.00839538466295708
"NOB1",1945.69840976524,-0.497349738162554,0.186153928528377,-2.67171228721471,0.00754653217692844,0.0173428315503222
"FKBP8",1536.37590920178,-0.642774213695436,0.219998035226397,-2.92172706467113,0.00348096436429292,0.00895622180342379
"PSMB5",1414.97145961373,-0.612644615645044,0.191742911603486,-3.19513566640711,0.00139765124160593,0.00410259548915051
"MUL1",977.987387047892,-0.559377031085741,0.205261048778746,-2.72519815334619,0.00642629063556356,0.015160566811293
"NACC1",639.564473645266,-0.644357901266628,0.225396255182208,-2.85877820261804,0.00425276018704311,0.0106512703267593
"IP6K1",1695.10239009154,-0.505064822848087,0.202465176338154,-2.49457626236196,0.0126107624341462,0.0267226132676471
"NDUFA9",1391.5171513268,-0.424083152367808,0.184828660755617,-2.29446640274333,0.0217637227608803,0.0422552624337374
"TMBIM1",1672.37384781441,-0.414663053862953,0.183956211613517,-2.2541399946534,0.0241873622940254,0.0461996356592557
"CENPM",114.184535720259,-1.1929861185464,0.349972597362606,-3.40879865319955,0.000652496195544366,0.0020813430046723
"TEAD4",114.332505823977,-0.896413361449736,0.321511963068246,-2.78811821773318,0.00530151939469864,0.012855080590085
"PCOLCE",4706.97327902199,-0.670379031788392,0.195510291595479,-3.42886825198666,0.000606103668920002,0.00195350508465327
"RFC2",610.055502135875,-0.707108477674865,0.212513992371002,-3.32735021249994,0.000876761101024508,0.00270095903452866
"FBLIM1",535.092978541604,-0.680313986586768,0.217595084426785,-3.12651358085103,0.00176892334063566,0.00504285807189279
"STARD3",666.294943935106,-0.493510858101522,0.213816777672535,-2.30810165354444,0.0209934832452759,0.0411065276284353
"MAN1B1",2207.10959002149,-0.586691651598238,0.213543141764266,-2.74741509725421,0.00600670585527314,0.0143451361385956
"CDC6",485.525121914474,-0.822199211554578,0.215839474797385,-3.80930880380618,0.000139355821025927,0.000522874873584012
"ZNF622",341.160120474068,-0.686649082400339,0.25915958744915,-2.64952220814546,0.00806056744043161,0.018332604900136
"MCRS1",967.368030610284,-0.494354587202915,0.198013257080743,-2.49657318146801,0.0125399790883248,0.0265842637479988
"PIEZO1",3958.36212288923,-0.513445850020771,0.182176010998885,-2.8184053828246,0.0048262833103394,0.011853735038645
"FLNA",11442.9983499376,-0.7447763469366,0.202455560530146,-3.67871519550435,0.000234411855979395,0.000834907718777997
"SPHK1",332.687577990822,-0.649032929730362,0.252471678752475,-2.57071578458778,0.010148857886287,0.0221947404680665
"SLC35B1",799.483347483612,-0.475990564693844,0.210173926920837,-2.26474602091405,0.0235282696096066,0.0451410762930579
"AP2S1",1776.2042728254,-0.628986710755387,0.189994501416163,-3.31055217949522,0.000931120903279155,0.00285774719400219
"NOP14",861.523160252422,-0.460002317793619,0.204953071225308,-2.24442754160015,0.0248049061133229,0.0471398781014727
"LDLRAP1",405.969660262197,-0.555994612842117,0.229810197324249,-2.41936441165681,0.0155476557922029,0.031947414787466
"DBN1",1743.38580822879,-0.629335904556177,0.211732320658434,-2.9723185510795,0.00295559853302827,0.00780509843574887
"MED10",495.234179530528,-0.662770299139957,0.214156045556293,-3.09480079078945,0.00196945125423933,0.0055285390001307
"NCAPH2",421.461457118717,-0.755627337980954,0.249029821296827,-3.03428454490315,0.00241106904954797,0.00658883529884754
"FAM69B",245.482219341162,-0.734585387354997,0.266090117206018,-2.76066392494484,0.00576840014582417,0.0138480777694319
"MFN2",2597.97325234603,-0.500327988335748,0.186030017253257,-2.68950138113793,0.00715588509314992,0.0165759304123562
"PLIN3",1877.62328368573,-0.699291754300987,0.205339511858905,-3.40553918712679,0.000660335357991131,0.00210228349096051
"ANAPC11",1079.23349409808,-1.06190836402889,0.198394317754777,-5.35251400365934,8.67405880078027e-08,6.61957085660163e-07
"PI4KB",2139.83420564535,-0.416738173732678,0.182440408716849,-2.28424271061278,0.0223572707322453,0.0432380355036662
"SMOX",597.490352150245,-0.710259338792221,0.223087679983273,-3.18376765066307,0.00145371648939086,0.00424325739073746
"THAP3",313.669684000276,-0.741326945352674,0.243083340924485,-3.04968223051933,0.00229083608796571,0.00630553270263755
"ZNF672",467.365558804977,-0.492210213706425,0.214045265394539,-2.29956132315825,0.0214730854153924,0.0418814856089111
"CXXC5",1525.95705491821,-0.532850509531758,0.196617734092036,-2.71008366560838,0.00672662379416772,0.0157735423631064
"ACLY",4737.93940295644,-0.408025170691557,0.17455928929785,-2.33745893634652,0.0194153337190721,0.0385039016532509
"METTL26",420.443048262999,-1.01971293182137,0.248087531483394,-4.1102949661524,3.95154018832657e-05,0.000165379893378674
"GNA11",1095.84398407411,-0.568233583590718,0.207738986848202,-2.73532470824042,0.00623187682435313,0.0147673250676196
"MSI1",325.689305963182,-0.534422012880001,0.239631636899766,-2.23018137251861,0.025735404382007,0.0485198157282105
"RFLNB",334.940242300096,-0.962819503831184,0.233151835738728,-4.12958148401683,3.63424184519171e-05,0.000153071173547692
"PDAP1",1016.47508425818,-0.648812088312728,0.221886924242096,-2.92406634833886,0.00345491097608127,0.00890539292740947
"CDC42EP2",446.309631306369,-0.69064763026326,0.222865830671462,-3.09893907102063,0.001942149562461,0.00546429686447952
"ZNF282",716.834131517222,-0.52794882328567,0.208040674871517,-2.5377192398156,0.0111577456726437,0.0241127136152439
"TYRO3",698.361637085194,-0.632121722966067,0.214124589101182,-2.95212112546012,0.00315599105169526,0.00825746746753361
"DRG1",1307.1322888882,-0.532203797413167,0.1963885871104,-2.70995277904814,0.00672927878251283,0.01577603064645
"CD276",2944.19679743825,-0.672987282250804,0.187605805835392,-3.58724123304207,0.000334195116896756,0.00114538201767455
"ARPC1B",1523.10942807952,-0.741672425986675,0.204813961542239,-3.62120052950453,0.000293239107651661,0.00101967928258236
"FKBP4",2519.24040136535,-0.866975133030661,0.197352946116665,-4.39301844786321,1.11787637353493e-05,5.33754961179387e-05
"ICAM1",533.904398531603,-1.54443675902751,0.21015914841425,-7.34889140292496,1.99857476250905e-13,1.38334916079123e-11
"HES1",270.312283547203,-0.78820508012532,0.259854170343115,-3.03325930495772,0.00241927619291759,0.00660761472337151
"BRF2",601.733403400797,-0.723917825400792,0.220765048219422,-3.27913241357518,0.00104126765530032,0.00315858634758276
"NRSN2",1469.59966141404,-0.468012229091869,0.197443939354873,-2.37035500112614,0.0177710129320918,0.0356573050885555
"SUPT5H",2428.9745350567,-0.52161023707911,0.192686567867502,-2.70703995017331,0.00678860875512212,0.0158812690754429
"PLAUR",284.851724904959,-0.934701379915019,0.23963767297785,-3.90047761814735,9.60031017530243e-05,0.000372496550823769
"SF3A1",3331.57928510194,-0.46360275051402,0.186318783450141,-2.48822336604661,0.0128383071988973,0.027140872416635
"ITM2C",1015.8879072021,-0.716286448417396,0.199235475675392,-3.59517523668535,0.00032417329788058,0.0011145075729149
"PLD3",4514.57900988712,-0.450822767844158,0.190238943132102,-2.3697711962745,0.017799096255744,0.0356991802916624
"DRAP1",686.065297532874,-1.22098056416363,0.239392580299751,-5.10032751489123,3.39066250784587e-07,2.25542859560876e-06
"AKT1",1718.90360280775,-0.667434511658071,0.194921219453587,-3.42412444129509,0.00061678370430648,0.00198340646693487
"UBAC1",708.227080501099,-0.622595523948227,0.212642489235537,-2.92789802351588,0.00341261953333964,0.00881014818492324
"SCAND1",1380.16944648684,-0.698842800180597,0.192053048467876,-3.63880087171587,0.000273910487813181,0.000960044620529344
"ATP5MF",1000.48831211694,-0.471565534235591,0.195981180829692,-2.40617763521581,0.0161204241635034,0.0328989604887332
"ECI1",321.18448655794,-0.806652581951588,0.255829252266918,-3.15308970652806,0.00161552152965776,0.00465785962730921
"PPP2R5D",973.059470951846,-0.579544339463165,0.200873802614017,-2.88511658524616,0.00391268736174347,0.00992002548835472
"PSMD9",369.689407315294,-0.636071220634389,0.236383347085257,-2.69084615510151,0.00712710531804711,0.0165208638028174
"AP1B1",818.97493944478,-0.510457610278031,0.214179448731406,-2.38331741584682,0.01715739327232,0.0346508628054323
"BTBD2",2057.99862757465,-0.567395456261154,0.196681819696211,-2.88483936714404,0.00391613422383301,0.00992368063172022
"POLR3H",402.056210569817,-0.592143633075078,0.227062293623793,-2.60784661171514,0.00911137728381849,0.0202887915628263
"JPT2",1817.94157083264,-0.623551619967913,0.17928515945718,-3.47798792636174,0.000505192679502053,0.00166036136234341
"SLC25A25",527.499725153572,-0.733494165097812,0.212069936376961,-3.45873713940293,0.000542714282217136,0.00177111307793775
"TRIP13",417.349042376644,-0.672153386825327,0.220740081200666,-3.04499927321445,0.00232680872194219,0.0063921045600288
"MTA2",1333.07744360881,-0.492930068439681,0.192987168370478,-2.5542116224712,0.0106428549537718,0.0231421305651216
"YIF1A",708.595978404874,-0.693295283299311,0.22346085071892,-3.10253577335285,0.00191870356735677,0.00540755350503908
"EHD2",4572.02702139895,-0.610102304605358,0.187010674342949,-3.26239294494239,0.00110475891279001,0.00332736012151472
"CDKN2AIPNL",326.664657527095,-0.749873547199196,0.243540258860026,-3.07905374950835,0.00207659212886629,0.00578012061066324
"DHX30",2077.17808361374,-0.559234569583404,0.188825689150573,-2.96164453099101,0.00306000838058447,0.00803820672797907
"CBX4",552.933888486961,-0.48893732440957,0.212782661754244,-2.29782502191967,0.021571750037094,0.0420309413124324
"SLC10A3",227.077360997512,-0.614548621052774,0.265719246736484,-2.31277421037636,0.0207350564205613,0.0406568122921386
"DCTD",1296.94725903474,-0.45530814910168,0.194301127700442,-2.34331192253108,0.019113396132791,0.0379888343217602
"MYL6B",779.607825618689,-0.604579064472172,0.21140780279835,-2.85977649107325,0.00423939681225581,0.0106258672189689
"TGFBI",12232.0593450165,-0.436073928110705,0.173233011986833,-2.51726806056948,0.0118268809803943,0.0252889323706942
"ZNF76",277.188616937157,-0.582052727074867,0.253596494789732,-2.29519231942647,0.0217221051635942,0.0421992928183033
"VKORC1",1263.17082449026,-0.839345657623276,0.187090647536544,-4.48630473342785,7.24690718641784e-06,3.60451695131476e-05
"AGPAT2",403.637929268208,-0.755181267536096,0.2441604074888,-3.09297185118245,0.00198162930467443,0.00555642120613811
"LMNA",16092.980676476,-0.764122937121366,0.196905757287674,-3.88065309845158,0.000104176342866578,0.000401376972243436
"FRMD8",512.59745323475,-0.487762455755378,0.214045959752397,-2.27877441050329,0.0226804788075813,0.0437519741254024
"ASF1B",874.102144759665,-0.945463987192558,0.198967118083749,-4.75186048980513,2.01553425266328e-06,1.11888715832087e-05
"TMED1",412.055598561575,-0.706043348825537,0.228916952446918,-3.08427725111034,0.00204047343958411,0.0056923917996064
"ALDH3A1",1613.69642638538,-0.979451701694165,0.209766958135126,-4.66923728313413,3.02320036174081e-06,1.62099876384131e-05
"UQCR11",1376.75456313251,-0.576692033216158,0.193988960495448,-2.97280851314057,0.00295088484929532,0.00779499819544305
"SH3GL1",1822.70531712585,-0.592814903516611,0.201354701798536,-2.94413241022674,0.00323861409442428,0.00843351810223929
"HELZ2",1239.44842854353,-0.577713707240077,0.222337926789745,-2.59835879366814,0.00936705619797785,0.0207928060658409
"TMSB10",13567.9415041038,-0.46904405821777,0.182028831650763,-2.57675695637969,0.00997320478674247,0.0218734280919958
"SF3A2",1028.60533603533,-0.65333707395561,0.222005744207909,-2.94288364603647,0.00325170606465763,0.00846093234174059
"SCARF2",780.73041582291,-0.6148733459782,0.211867280215444,-2.90216283209445,0.00370595854639274,0.0094624779382393
"TUBB6",1096.12436056069,-0.908570731436043,0.197564495799494,-4.59885632668605,4.24816616579303e-06,2.21773991081326e-05
"MRM2",599.218854620827,-0.534750460323794,0.214791071428796,-2.489630768945,0.0127875866327967,0.0270451992503037
"INTS5",570.923382389728,-0.473956048891156,0.213867457136674,-2.21612046655733,0.0266832529176194,0.0499831259232773
"NDUFB2",697.017470857334,-0.690452782641192,0.203988694241327,-3.38476004863465,0.000712405014179337,0.00224566395870926
"ERBB2",1308.71864343586,-0.453945361174726,0.202825718830424,-2.23810552129365,0.0252141746951192,0.0477371654805452
"ERCC1",915.741747412246,-0.620737229959409,0.204908062981164,-3.02934506787304,0.00245084574523667,0.00667541859833587
"CARMIL2",212.171612528173,-0.877041380557398,0.270794900286897,-3.23876623831618,0.00120047920176345,0.00358225599609725
"RBP4",323.788499511311,-0.7805445367389,0.250158115748201,-3.12020473293205,0.00180725381727174,0.00512996796196033
"MAP3K14",459.469702444788,-0.564344582443466,0.218138110309075,-2.58709760364138,0.00967881714826698,0.0213602970197428
"YKT6",1553.11656627361,-0.631087852628862,0.213362141657133,-2.95782488743013,0.00309818071330314,0.00812984960240575
"LTBP4",2236.36632759805,-0.548520968984758,0.203727376315552,-2.69242641271322,0.0070934187389104,0.0164697768420678
"ETV4",160.47736768358,-0.766829714788887,0.298833826529365,-2.56607400740001,0.0102856879968429,0.0224443870795307
"KEAP1",1356.33504420145,-0.683265192826743,0.207607011913734,-3.29114699223481,0.000997797605622494,0.00303789624744739
"HSPA8",23189.5122572125,-0.459103164319546,0.172817861206792,-2.65657242320681,0.0078939493142158,0.0180157505907558
"BSG",9765.93501304144,-0.789960642431111,0.199127881188055,-3.96710213415608,7.27518210155574e-05,0.000289195792936541
"NCS1",3535.63709503184,-0.584926348647996,0.184168399578433,-3.17604078651338,0.00149299958468999,0.00434127787581125
"DNAJB2",1069.78654979626,-0.630239412121218,0.207856698344405,-3.03208613020954,0.00242869893393196,0.00662421109067472
"ABHD17A",414.44449064059,-0.624398165392178,0.220223909494841,-2.83528780696178,0.00457844186692453,0.0113184968554827
"LSM4",565.530255593232,-0.927686184193417,0.217182280447121,-4.27146350191902,1.94194313599348e-05,8.75688071073508e-05
"MOB2",179.436542428583,-0.644705562930474,0.277435306864046,-2.32380503483071,0.0201359457773014,0.0396785967158529
"CAVIN1",7420.61478213295,-0.805855686467387,0.20174784013673,-3.9943708241002,6.486627441971e-05,0.00026046506458673
"CLTA",1255.04742207836,-0.585708837987488,0.194438036177685,-3.01231615738108,0.00259262422264677,0.00700758999338005
"C1orf122",352.572758082692,-0.70220637329495,0.238159862636227,-2.94846648600701,0.00319354764263932,0.00833590046593988
"MCRIP1",395.953403421814,-0.891734727882159,0.25381697120344,-3.51329827810219,0.000442580331777518,0.00147447328304742
"RPLP0",26996.9269897755,-0.455470134928826,0.178417809956919,-2.55282886298629,0.010685198358669,0.0232189008461263
"RPN1",4542.75709484288,-0.606376692981499,0.178284159711318,-3.40118097964147,0.000670953915924455,0.00213265955678235
"AACS",1087.98006361682,-0.426322388190931,0.19132860131911,-2.22822089981143,0.0258657880414415,0.048715750143666
"SRD5A1",256.723255177343,-1.41461593633321,0.25842786049871,-5.47392968236205,4.40163781924464e-08,3.59763923492018e-07
"SMIM29",154.145036336302,-0.89862191266474,0.305959464753222,-2.93706198430417,0.00331337870394684,0.00860556872518127
"UBE2J2",638.210927657452,-0.631219807674371,0.220611625746465,-2.86122639973558,0.00422005574139322,0.0105983241193735
"RPSAP58",7748.43087737283,-0.502660474625468,0.187756069267762,-2.67719960577474,0.00742403915624735,0.017120955165083
"CYB561A3",648.930671213478,-0.555879218611735,0.204909507726809,-2.71280344566953,0.00667166664236012,0.0156632249587477
"SSU72",1563.28511388866,-0.462943482170269,0.20385424963938,-2.27095330604695,0.0231498047779698,0.0445185093631912
"HIRIP3",261.861301496332,-0.937309982153754,0.252602022646154,-3.71061946509724,0.000206752698209948,0.000746058405717122
"MARS",1696.01619472595,-0.480344646030719,0.18336948883349,-2.61954510036782,0.00880471293513991,0.0196968785951333
"RNF126",337.108133450029,-0.786774356350456,0.257791382923084,-3.05198082041866,0.00227336626300818,0.00626441516460327
"KIAA2013",1014.88571505399,-0.441200985683526,0.196441008969584,-2.24597189760841,0.0247058079965579,0.0469994402363886
"B4GAT1",273.520194793912,-1.08054684567851,0.249514747823343,-4.33059310162914,1.48708253794382e-05,6.91080367678191e-05
"TARBP2",365.974123382197,-0.628944757053968,0.235449731912051,-2.67124855885969,0.00755696653285315,0.0173587502302577
"POLR2E",1208.05813635161,-0.943127140688214,0.210494309008508,-4.48053510392099,7.44561321384716e-06,3.68667731819206e-05
"SNRPA",1010.70703811209,-0.716466550846396,0.197150394138781,-3.63411168400734,0.000278940021966551,0.000976635421798698
"ARRB2",253.620357945076,-0.683061890714245,0.252934065275393,-2.70055316578466,0.00692242720277913,0.0161485233214961
"GAS6",452.444683294894,-0.620206785401321,0.233442162659215,-2.65678992319273,0.00788885853952743,0.0180093154687047
"CLSTN1",2412.57017321082,-0.506282328485243,0.199077956610574,-2.543136051349,0.0109862442353774,0.0238155596674915
"HSPBP1",467.941172538697,-0.662214097926675,0.227496494951822,-2.91087604697785,0.00360416968461389,0.00923003144587536
"TNFRSF10D",1422.37152867673,-0.500364678782862,0.182787338333439,-2.73741432718989,0.00619242470507403,0.0147019956178515
"FANCA",920.908407215142,-0.578981381867384,0.193189886763995,-2.99695492122049,0.00272691033564008,0.00732057458697192
"TAB1",453.943062012621,-0.641450935293552,0.218588852013229,-2.93450891656054,0.00334075954570332,0.00865624030978311
"NFE2L1",4319.73924034349,-0.497000453864822,0.186623394082656,-2.66311978896225,0.00774198481787698,0.0177302558369612
"TRAF4",1173.8787854132,-0.520242738964562,0.195527787605795,-2.6607099959287,0.00779760859840634,0.0178328858380374
"IGFBP2",451.047847447234,-0.780325218618393,0.232485291079032,-3.35644984246821,0.000789500399029587,0.0024620273943273
"STRN4",1267.01589486512,-0.474565712247208,0.198484701444333,-2.39094352760636,0.0168051375190922,0.0340855022876997
"DMAC2",1285.53636355302,-0.606479286561014,0.18714955524542,-3.24061302612075,0.00119272977691677,0.00356127883315904
"FBL",1471.45911022437,-0.53418699766951,0.207827095786579,-2.57034336955791,0.0101597758167085,0.0222088032318421
"MED8",769.926329308408,-0.564952411138339,0.198057050316786,-2.85247311436132,0.00433804818953112,0.0108057370990332
"C19orf47",216.084149339342,-0.611916888708409,0.259022002412724,-2.36241277964249,0.0181564132872123,0.0363275073209677
"PTMS",2211.57770033475,-0.536875622757532,0.195049383604688,-2.75251125041047,0.00591401143580974,0.0141564414006396
"LMF2",521.320109983976,-0.702786521664861,0.217708759568999,-3.22810401867237,0.00124613652274647,0.00369616346966384
"ALDH3B1",589.48149741119,-0.773402252452364,0.226979197140451,-3.40737064099225,0.000655919915820177,0.0020902431831256
"BAG3",1714.98721178003,-0.563641924013129,0.183944254258773,-3.0641996744307,0.00218253186283909,0.00605287205894686
"WLS",6137.44059557468,-0.405831307460682,0.172308752700824,-2.35525648639172,0.0185099245681561,0.0369377486644374
"GRK2",1020.33345127561,-0.47728013122968,0.200831846841787,-2.37651616880104,0.0174769954190623,0.0351814725763431
"H2AFY",993.753213629904,-0.594132926710197,0.205671117779846,-2.88875235922122,0.00386773538871372,0.00982871498780191
"MAPK12",180.315310740521,-0.752022598212131,0.272717403478738,-2.75751598034983,0.00582423664170275,0.013955045819311
"PRADC1",280.294787827534,-0.800636607653276,0.260708138881456,-3.07100733827617,0.00213337907608342,0.00592818250844293
"SDF4",1809.66141155659,-0.720805353120906,0.205592937187408,-3.50598305069136,0.000454924188235513,0.00150950037383678
"NRGN",82.5332966436123,-1.09210816204078,0.365673632480051,-2.98656524571911,0.00282130627527487,0.00751972453548585
"PYCR2",864.170554778367,-0.574554141626257,0.205167523407142,-2.80041466643866,0.00510369992626735,0.0124608835397618
"CNTN2",118.418058997425,-0.819515611755209,0.313430703213557,-2.61466283728059,0.00893155744488555,0.019942376627448
"ZBTB17",535.195633136834,-0.628741796011864,0.234266470240421,-2.68387445871619,0.00727744276236083,0.0168260052468693
"AIP",1025.51351244098,-0.969406199460648,0.208265128749306,-4.65467361378366,3.2449431630048e-06,1.72911489207449e-05
"PIAS4",571.979026998654,-0.55634453845217,0.24279208064068,-2.29144433782226,0.0219377277075431,0.042551367597347
"CALM3",6338.96848106627,-0.62221428216507,0.184203188957764,-3.37786921977631,0.000730498131673942,0.00229903672728416
"SNRNP70",1272.7821483299,-0.688012350661045,0.206063645071033,-3.33883422485261,0.000841307548971034,0.00260715783334856
"CEND1",216.323464692293,-0.653023247631838,0.26268765891954,-2.48593044042414,0.0129213219127625,0.02728140876547
"GPX1",3349.1762195303,-0.968621746366979,0.199145732657852,-4.86388401819862,1.15104377444517e-06,6.75342695877786e-06
"GUSB",622.086469332148,-0.527782442443412,0.208178216434213,-2.53524336735875,0.011236922957807,0.0242578998387308
"NOSIP",1037.90480495786,-0.920869065486592,0.195528753588859,-4.70963502085692,2.48160773438426e-06,1.35482368201519e-05
"RAN",5539.75529447818,-0.465365099025103,0.178058253267764,-2.61355534205587,0.00896055704292795,0.0199890902886862
"HNRNPUL1",5880.08261380453,-0.465161700633858,0.179232759955732,-2.59529396717847,0.0094510046972378,0.0209415814849473
"OLFML2A",758.73308071539,-0.455883577622713,0.195741668056075,-2.32900629768882,0.0198587320766609,0.0392397718759901
"LAMTOR2",399.617447489934,-0.649715241685893,0.243660010712474,-2.66648285775779,0.00766495152956086,0.0175863908761227
"TMEM184B",1324.14200819942,-0.44432832097978,0.190701804935245,-2.32996389903418,0.0198080592418775,0.0391590309279439
"STUB1",191.011641511815,-0.780120687876172,0.278457362671578,-2.80158039418147,0.00508529687840718,0.0124251465076461
"COMP",148.784814523205,-0.820925922051952,0.338960678299283,-2.42189131249944,0.0154399676816082,0.031765703619322
"RNPS1",2815.74085563537,-0.51305850468735,0.182300019682739,-2.81436340807993,0.00488739428600072,0.0119948992419626
"THEM6",171.107161839345,-0.767800972341867,0.296138729226067,-2.59270705438782,0.00952238424560008,0.0210739836324279
"FXYD5",1042.7898082694,-0.434211042256557,0.192775880112684,-2.25241374596628,0.0242961378642306,0.0463705948153366
"IDH3B",1172.05324791883,-0.624590169991845,0.217825932075918,-2.86738206070964,0.00413883033531116,0.0104160037271573
"ST8SIA5",187.058085702095,-0.800042211631639,0.271349481673331,-2.9483830471981,0.00319440983048235,0.00833595267653949
"GRWD1",615.293369647973,-0.698149534979261,0.234188783951634,-2.98113992992699,0.00287177539176149,0.0076205986133124
"MELTF",201.276835823592,-0.745946572010255,0.287132452761371,-2.59791801601121,0.00937908841347698,0.0208110338122696
"TMEM132A",148.697550823584,-0.865860033794419,0.319339713128283,-2.71140731389895,0.00669982691008148,0.0157218792688446
"DDB1",8071.93974805604,-0.508089598637089,0.179405337987449,-2.83207626003099,0.00462468175227261,0.0114180843063094
"GIPC1",211.680536684384,-0.850877944246581,0.286864691461332,-2.96612991969168,0.00301573064941243,0.00793242146369498
"CEBPD",512.004415710541,-0.515217805749032,0.220567766908944,-2.33587079821018,0.01949797632772,0.0386368307691237
"MGAT5B",463.918879429134,-0.56600286869446,0.219531730467916,-2.57822806520072,0.00993084298600717,0.0217998411788643
"TUBB3",6122.05195073248,-0.919263068168439,0.189874378596865,-4.84142765844246,1.28909605380598e-06,7.46167996524654e-06
"IER5",242.89566125174,-0.603108866475882,0.252840525838917,-2.38533306508039,0.0170636647412159,0.0344756386218729
"NRBP1",4638.86806347409,-0.419853607525573,0.184093259258447,-2.28065714745233,0.0225687427935153,0.0436044146340454
"SFRP1",462.158372727303,-0.569192711146227,0.220699126641552,-2.57904378602585,0.00990742277527886,0.0217580809029754
"OAS3",686.896134821201,-0.557687870249399,0.206760242904509,-2.69726840332144,0.00699108957789059,0.0162703514323915
"RPS19BP1",226.463688925907,-0.838645608619489,0.267980303257459,-3.129504662937,0.0017510129345193,0.00499755652418456
"BAALC",672.471147997534,-0.493251537615673,0.202666640924394,-2.43380723816152,0.0149409494521455,0.030880250089233
"MAFF",223.058450935614,-0.622641600812923,0.262922082939571,-2.36816015547857,0.0178767955104662,0.0358404946247913
"PHPT1",1468.04497673482,-0.688322443214442,0.200704693785117,-3.42952837939799,0.000604631199067864,0.00195094711850474
"CERK",2224.30409432602,-0.408291800072928,0.175766301917917,-2.32292422163835,0.0201832236677891,0.0397559299231396
"HPCAL1",1126.77882367468,-0.624694173178136,0.208965089042866,-2.98946669053408,0.00279464916760434,0.00746194698164224
"SLC27A4",404.029882119419,-0.694634451211002,0.238540204673878,-2.91202253373044,0.0035909672913734,0.00920574831650193
"SHARPIN",554.608690934863,-0.618838637998324,0.219933347671582,-2.81375536975144,0.00489664759809817,0.012011652521927
"MAP1S",440.906205809762,-0.79474902889471,0.253243336701864,-3.13828209359895,0.00169941239542813,0.00486712496815614
"NDUFS2",2063.65856353589,-0.489060672051419,0.197097744367624,-2.48131034487756,0.0130900348680734,0.0275787920656004
"PTGS1",360.211338215395,-0.563933334948279,0.238457720886973,-2.36491958763449,0.0180339861027117,0.0360971475115551
"PNKP",226.801698291771,-0.718547508430961,0.263640596548333,-2.72548127199838,0.00642078189254655,0.0151597437628191
"CDKN2D",101.324110069913,-1.1382824398031,0.338221156983145,-3.36549744538844,0.000764057747029223,0.00238983650499057
"NHP2",807.175824823077,-0.79548639154885,0.220750784431791,-3.60354955746328,0.00031390086383945,0.00108343308097675
"ZNF593",265.621000599835,-1.1782074039224,0.260420588082565,-4.5242483038586,6.0610534034391e-06,3.05459809507333e-05
"ATG13",2621.59467078815,-0.435361681803226,0.178959939177205,-2.43273262052315,0.0149853622559421,0.030952653507787
"C1R",4990.70282783696,-0.553602423346323,0.176003942386374,-3.14539785779925,0.00165861100914205,0.00476543737837098
"BAK1",270.457440339581,-0.702662144565891,0.258375847657357,-2.71953493694086,0.00653737885897886,0.0153881036732872
"NOC2L",1442.05427646866,-0.526214802141219,0.195265629014748,-2.69486649952858,0.007041683793404,0.0163727005372593
"SERTAD1",395.432329408818,-0.954961389958571,0.222508119279861,-4.29180469031542,1.77226803287378e-05,8.07761801792531e-05
"SHB",330.285281662802,-0.512893603717749,0.229658266050798,-2.23329041247878,0.0255297993584991,0.0482148357279955
"GPS1",1120.33657170697,-0.645719022716419,0.203400654650715,-3.17461624607485,0.00150034780657505,0.00435624599280722
"TUFM",1839.91941681588,-0.715498641306402,0.208781149175431,-3.42702702869595,0.000610228326952349,0.00196551903032032
"TCOF1",322.28921787115,-0.648877564992175,0.236810287231513,-2.74007338354271,0.00614254679633362,0.0146081038419294
"DNAJB1",4377.75194553625,-0.576127990928545,0.180481516720165,-3.19217170488336,0.00141207363489167,0.00414001920561545
"CAMK2N1",521.324515393288,-0.730892276638972,0.215689809726231,-3.38862683205421,0.000702435346780555,0.0022191845076393
"RAVER1",899.349247331791,-0.460357845837705,0.20462414512459,-2.24977284844564,0.0244633684179101,0.0466368298537122
"ATP5IF1",601.754997600233,-0.625613451137165,0.220834776425998,-2.83294805855367,0.00461208795202862,0.0113926744569951
"SEPT3",277.44757042282,-0.567598129340666,0.239915155374087,-2.36582857158665,0.0179897722134266,0.0360377991031161
"ISCA2",202.415622473477,-0.906958797546651,0.286869539682618,-3.16157232500208,0.00156919844487203,0.0045348689656477
"SLC35C2",1491.02549525888,-0.425919857050612,0.190101549999155,-2.24048597737633,0.0250593901298866,0.0475259328426169
"PPP1R16A",172.66447149888,-0.942126084470697,0.295453633382842,-3.18874428343858,0.00142892220049877,0.00417827826899169
"ALKBH4",152.878941906551,-0.791811403719641,0.325596610869534,-2.43187851865239,0.0150207442864377,0.0310127924378723
"SCD",20721.5078588868,-0.544347859351679,0.168589721271316,-3.22883183652486,0.00124296961040059,0.00369124308543205
"C12orf10",741.186229280437,-0.522660112460969,0.202506672056713,-2.5809525540699,0.00985281220072552,0.0216718078139514
"PSMA7",3529.24490393034,-0.835736178777404,0.189190072952026,-4.41744202397621,9.98758478616532e-06,4.80822539948756e-05
"CDC20",970.576367779732,-0.923029639400677,0.197758700733546,-4.66745400317097,3.04954990083479e-06,1.63424173895304e-05
"ARPC1A",3020.55097306417,-0.549623130850299,0.18562668869742,-2.96090575502433,0.00306735785134548,0.00805537490385183
"WNT7B",134.947365707587,-1.33571408098582,0.314182229242996,-4.25139920931922,2.12439111328655e-05,9.49739080366316e-05
"PFAS",634.126274008722,-0.531043074778878,0.203119124018413,-2.61444153693149,0.008937345451284,0.0199463010770708
"NUTF2",2337.14190917411,-0.590240981212448,0.179196166851665,-3.29382593156158,0.000988336831029059,0.00301372703435786
"PHF19",207.464495013123,-0.98053937650585,0.266700896265836,-3.67655073617934,0.000236408853576924,0.000841112448851329
"RNF187",847.87092891161,-0.497156057337493,0.206804638638781,-2.4039889076466,0.0162172653579693,0.0330693227262422
"CD68",3140.75590074034,-0.556319207342955,0.175008340947547,-3.17881538863164,0.00147878242627388,0.0043075304459267
"ZFPL1",505.186919770144,-0.772178843648298,0.236015214441898,-3.27173333072725,0.0010689034521827,0.00323349827924949
"PYCR1",538.521625478706,-0.816157322679433,0.222226118367288,-3.67264356087305,0.000240054211156161,0.000852855916017115
"CYFIP1",1566.59235607377,-0.439753626607948,0.183287086944405,-2.39926136608486,0.016428183905916,0.0334494691664983
"DAGLB",618.789735622467,-0.743130334946019,0.213862045287591,-3.47481168968854,0.000511212080987509,0.00167826772060178
"POFUT1",3127.16080219691,-0.399828383757259,0.177025113614357,-2.2585969617185,0.0239084669885073,0.0457463766194173
"FBXO17",638.610071895128,-0.521516660113258,0.208594321186893,-2.50014792898411,0.0124141457230115,0.0263793933804997
"SNTA1",355.680357874386,-0.564200880203865,0.241003902227086,-2.34104458471484,0.0192298705642439,0.038181997762264
"BIRC5",1816.66188692617,-1.24916020274155,0.196216328860922,-6.3662398027381,1.93718486761109e-10,3.27205730710146e-09
"MAP2K3",844.553090240502,-0.549767413257252,0.204764391922505,-2.68487801074963,0.00725562832441173,0.0167798610375077
"TELO2",287.631450605341,-0.650735813099253,0.246129331045572,-2.64387755142749,0.00819623007229098,0.0185898912134592
"ALKBH7",334.129207960864,-0.803898156981158,0.241023854349852,-3.33534686493844,0.000851930611932113,0.00263265975551172
"LOXL2",2587.25491814069,-0.66196920266855,0.180002048224855,-3.67756483438251,0.000235471235675491,0.000838379241264752
"DNAJC8",2645.91025424428,-0.406212377205267,0.180786640184313,-2.24691590479878,0.0246454020544113,0.0469025551883412
"SLC41A3",709.193327534896,-0.45235020226472,0.203821163471332,-2.21934854340258,0.0264630214725725,0.0496645784102241
"PLPPR2",987.470570198822,-0.620912281454099,0.203171604924588,-3.05609773415219,0.0022423814976921,0.00619476491625163
"TMED9",1151.17599623846,-0.702988228911896,0.220870903665711,-3.18280143398097,0.00145857604444753,0.00425618681837903
"SHC1",3232.7934166115,-0.468263093511398,0.186906434944515,-2.5053342526725,0.0122335721244848,0.0260628275695545
"NEIL2",356.720504035413,-0.817648429380133,0.244368259004971,-3.34596822316232,0.000819957919706612,0.00254577901168634
"LIMK1",1079.89849866641,-0.476100737604733,0.212386261581819,-2.24167389198722,0.0249824564409613,0.0473981893526231
"ALYREF",706.508504200924,-1.0076241449165,0.225158404827931,-4.47517891098288,7.63473548415698e-06,3.77088881348232e-05
"ORC1",301.103450650402,-0.76830103938196,0.235103721771453,-3.26792376400078,0.00108339543931264,0.00327433528498214
"H2AFX",688.076275776057,-0.839393120863166,0.207300007541295,-4.04917072034335,5.13994409168424e-05,0.000210576020776037
"NDUFB9",2300.76858707222,-0.445897378029246,0.180012504814161,-2.47703557310963,0.0132478697251088,0.0278343057820265
"SOCS3",952.235820716112,-0.810580880376874,0.205700873780566,-3.94058063769613,8.12846202514436e-05,0.000320029901053615
"TGFB3",290.551404230281,-0.654330367325404,0.238185459405882,-2.74714656787838,0.00601162627085939,0.0143519239819021
"SLC9A3R2",255.774439834415,-0.864191512448708,0.27479502433188,-3.14485866165099,0.0016616708786976,0.00477007492962554
"EDF1",2251.81585771823,-0.919367731907638,0.218505635169435,-4.20752412721409,2.58183844905026e-05,0.000113025373590002
"C8orf33",3241.85953758107,-0.465923614016091,0.184220295531433,-2.52916549000211,0.0114334103246241,0.0245910246399672
"HAX1",1167.03085362213,-0.463947812500412,0.199935837191376,-2.32048350619768,0.0203147361553977,0.0399735967471944
"NANS",921.57602877253,-0.715697353020566,0.214983663177529,-3.32907785848619,0.000871340424504445,0.00268844374119233
"POC1A",254.46662547184,-1.07242006835087,0.254030514349975,-4.22161908814393,2.4255375015228e-05,0.000106941781313993
"BID",557.163756249905,-0.512566125426683,0.210248250769166,-2.43790910769306,0.0147724878710046,0.0305575935103873
"RRP9",289.590434615333,-0.65490257579515,0.247777799867349,-2.6431043303547,0.00821497178414433,0.018615879907639
"APOBEC3B",220.505134079629,-0.78275438338354,0.256362122062879,-3.0533152756145,0.00226328016937995,0.00624009668983921
"HAUS8",205.648718452472,-0.790587540420175,0.265426637454801,-2.97855387839437,0.00289612107474357,0.00767286038485328
"POLR2I",349.981435429116,-0.674119274766237,0.236316233973042,-2.85261517345922,0.0043361096250126,0.0108057370990332
"PEPD",995.128492933083,-0.666923691711155,0.19211252863827,-3.47152627909504,0.000517508676794739,0.00169556467491371
"PLEKHO1",535.341479877976,-0.641925099756154,0.227273253177889,-2.82446390316643,0.00473597825419473,0.0116637752575316
"B4GALNT1",496.94406324563,-0.53701403140941,0.222837671499797,-2.40988890161644,0.0159573789190547,0.0326267582195422
"CTPS1",551.284413546262,-0.508390906880736,0.206542943844017,-2.46142955754847,0.0138384569696682,0.0288972673176742
"CYTH2",917.311879284238,-0.54593590502157,0.209942917858299,-2.60040162626514,0.00931147118789735,0.0206833352373896
"RPL13",12379.1572638861,-0.695237820535791,0.185009815610037,-3.75784289197505,0.000171384426515577,0.000629681905586926
"FITM2",695.14579154966,-0.560132951506834,0.200654439118404,-2.79153032431197,0.00524594417845599,0.0127450398675874
"HDAC7",556.117597042679,-1.445721344662,0.217260307850406,-6.65432797627004,2.8459740130387e-11,6.44609857690092e-10
"PKM",26998.5156078773,-0.718848957316318,0.182305619001923,-3.94309819550178,8.04357016054496e-05,0.000317218956915614
"CENPO",746.815384836348,-0.617327561135511,0.196288796672935,-3.14499641140564,0.0016608886728053,0.00477007492962554
"ATF3",2300.51671883616,-0.581546355078965,0.176638905340471,-3.29228917014649,0.000993753754902193,0.00302651528185289
"USF2",553.832285767828,-0.548639329333365,0.241047865317792,-2.27605968885081,0.0228424373560553,0.0440386530873072
"SMARCA4",2924.55540793707,-0.438347345529457,0.192332771659075,-2.27910897216446,0.022660588307168,0.0437306498468219
"RHOC",2665.42791159757,-0.640659312593089,0.187299861667854,-3.42050072481738,0.000625059691643651,0.00200675991822538
"ARL6IP4",268.249498970179,-0.711833581197872,0.256940544042541,-2.770421397878,0.00559838107029885,0.0134988491677998
"AP2A1",2039.5025511608,-0.48252485508733,0.190071877110628,-2.53864412990715,0.0111282954750613,0.0240602596356829
"PSMC4",1923.11088948909,-0.589467287670172,0.187097208100637,-3.15059371357966,0.00162938974822438,0.00469101213726729
"CLASRP",373.633818064011,-0.637162691658826,0.243507595536318,-2.61660294519969,0.00888095799362643,0.0198473068911525
"POMGNT1",1015.8595862833,-0.578662245917182,0.20230937262402,-2.86028392264649,0.00423261879781939,0.010615854577507
"MRPS18A",406.662381962126,-0.804796003982218,0.224677452055611,-3.58200610083035,0.000340965828145617,0.00116697087378469
"MAF1",1038.87648145409,-0.457792069536186,0.192865187147978,-2.37363764972752,0.0176138263820855,0.0354137017123466
"PTH1R",305.823370570173,-0.61887283658139,0.256048209560113,-2.41701684868097,0.0156482927773882,0.0321142031744949
"CHMP4B",1287.89891567405,-0.454450456685318,0.201152864114173,-2.25922936114584,0.0238691213323024,0.045688757096718
"TMEM161A",304.822863779214,-0.64555280799751,0.259141383211803,-2.49112202766119,0.0127340376048195,0.0269434596435449
"PMVK",126.227315880929,-0.765555207293161,0.33263473210015,-2.30148909123136,0.0213640012906206,0.0416835964467894
"MOB3C",250.072423148946,-0.641713786342308,0.252876907706737,-2.53765277407816,0.0111598647273623,0.0241127136152439
"KHSRP",1983.09200002549,-0.609301101693772,0.211361093861092,-2.88274956645621,0.0039422071819841,0.00998719393070862
"PMEPA1",1465.02915411707,-0.448448824832764,0.190106561036878,-2.35893397043657,0.0183275164889501,0.0366254306900116
"TACC3",733.240329395548,-1.02245598202498,0.212422703153837,-4.81330840274882,1.4845192441189e-06,8.48370177730302e-06
"PSMB3",1335.63810500679,-0.455862494417286,0.186467067382209,-2.44473461623594,0.0144958763176011,0.030067096351973
"DNAJC5",1570.15203837258,-0.629714937404852,0.198688848622673,-3.16935218946653,0.00152779144521544,0.00442813461925109
"RRM2",1862.73098242238,-0.76791258164521,0.179958384354291,-4.26716756988322,1.97970457022499e-05,8.90282409635937e-05
"GAK",1066.26672059605,-0.502251195334499,0.20338724373182,-2.46943311743165,0.0135327313387534,0.0283545670599028
"PSMD2",3636.42090916368,-0.5631568802052,0.181572243456007,-3.10155819791723,0.00192505027819853,0.00542081014327426
"PGLS",468.781056189569,-0.567527392460808,0.221562451908577,-2.56147820883923,0.0104227779625551,0.0227184884988703
"CX3CL1",528.052464472548,-0.514468434085528,0.214609380764967,-2.39723180902776,0.0165194691327315,0.0335955836194321
"ATAD3A",210.110599354381,-1.0373880762424,0.290362824325085,-3.57273035435474,0.000353278483077292,0.0012016324486251
"YIF1B",704.145925370306,-1.00027951544711,0.223210750396491,-4.48132320540254,7.4181669996867e-06,3.67676599714066e-05
"ATP5F1B",11195.5397436505,-0.444871952090971,0.179975951493704,-2.47184108987213,0.013441925245208,0.0282001221019645
"RAD51",101.076894950053,-0.852275119192837,0.335074550218927,-2.54353879945817,0.0109735868941396,0.0237933325472494
"GNB1",7618.21023799102,-0.403116487011664,0.168956195243356,-2.38592308752594,0.0170363135895706,0.0344398627565852
"GPC1",1943.19896770762,-0.751529715695945,0.219265483234244,-3.42748755805343,0.000609194219107034,0.00196282694684942
"ALG3",442.552136626451,-0.657197074605044,0.231793077781832,-2.83527481016328,0.00457862814804535,0.0113184968554827
"AGFG2",163.201300066635,-0.756574372961437,0.29341434626522,-2.57851868046548,0.00992249346376623,0.0217863443443563
"CNP",1891.00960839064,-0.481886474508415,0.183962929268939,-2.61947598042394,0.00880649742793313,0.0196968785951333
"MTX1",491.455628257769,-0.774364741731953,0.219291436621836,-3.53121286294153,0.000413658710092822,0.00138464454261033
"CDC25A",296.202528326458,-1.06645080542889,0.252312399919182,-4.22670786600455,2.37135210466722e-05,0.000105065546696491
"NUP62",1746.88477126573,-0.616669001228459,0.190024323185744,-3.2452108808496,0.00117363675027221,0.00351487339007393
"MCAM",181.668362687017,-0.824102895489825,0.289798616728952,-2.84370886511376,0.00445917722730562,0.0110535778101355
"APRT",716.522776656636,-0.522358690106828,0.212452665377109,-2.45870622135819,0.0139438668261146,0.0290744457225368
"SNRNP40",1019.71711270621,-0.49441766519458,0.203563593024214,-2.42881184129899,0.0151483916745643,0.0312502669434843
"SF3B5",1105.10185504801,-0.495837916647782,0.199892503787627,-2.48052281727673,0.0131189867051301,0.0276339073009954
"CTU2",143.872460357892,-0.891243821697952,0.33493024530658,-2.66098339635511,0.00779127990640434,0.0178225302781581
"ADGRB1",1643.22231606697,-0.669458602281225,0.19694628398699,-3.39919387524695,0.000675847900894905,0.00214683649648837
"FAM129B",5712.8609685241,-0.613925241394464,0.195912416412455,-3.13367193686165,0.00172633746173047,0.0049342443535109
"TMEM141",438.991851992412,-0.613271684486766,0.22181809636767,-2.76475046233491,0.00569663556650273,0.0136990521956375
"EPDR1",337.938901504995,-0.689192179226674,0.229994738051333,-2.99655629109589,0.00273047821213549,0.00732658023766887
"PRRX2",1693.65117621011,-0.489063627810821,0.188253160461429,-2.59790394281867,0.00937947280627751,0.0208110338122696
"JAGN1",651.017644903096,-0.5258803793824,0.212079480303904,-2.47963819332652,0.0131515756070532,0.0276966585869388
"MCM2",2094.75231852161,-1.0774469128227,0.191508537179949,-5.6261038212113,1.84325432295713e-08,1.65370557983707e-07
"L1CAM",524.309246501209,-0.597373332103652,0.216478156561591,-2.75950858780383,0.00578883656210947,0.0138937692269058
"CHTF8",1803.53811006446,-0.424362268814549,0.184788453165547,-2.29647611387479,0.021648673373462,0.0421030290329468
"NUP93",1095.51333743125,-0.492696915028098,0.195188233171433,-2.52421422655824,0.0115957241071948,0.0248591027102046
"NSUN5",251.172296224756,-0.701508205850836,0.253855218091696,-2.76341849942766,0.00571993750682623,0.0137417333598461
"NDOR1",383.850252555762,-0.559484609683428,0.240646706050421,-2.32492112136454,0.020076178357348,0.0395844648169384
"SAE1",3866.71881135848,-0.695974411548598,0.189513573941609,-3.67242513068239,0.000240259553008087,0.000852973118964867
"ST6GALNAC4",770.714937620232,-0.568401398682919,0.21045534066793,-2.70081717517342,0.00691693492460937,0.0161395148240885
"KIFC3",267.521337069344,-0.925242100340618,0.266118797821752,-3.47680099231604,0.000507434306666295,0.00166697137981513
"SCYL1",1220.84366287356,-0.568505330010172,0.193679059496114,-2.93529580063652,0.00333229857543922,0.00864216215296603
"PLEKHF1",177.593945432257,-0.942846726201725,0.273347419791756,-3.44926148167051,0.000562122088383654,0.00182617793683015
"KIF22",974.518131699595,-0.927869301336917,0.204674827611568,-4.53338259601628,5.80465357887301e-06,2.94336378707403e-05
"DGCR8",872.187669535583,-0.470458926313181,0.206497708076107,-2.27827674552101,0.0227100942642584,0.0438005676203487
"TOP1MT",365.771725931725,-0.696629996653325,0.239285172964302,-2.91129612429957,0.0035993271590421,0.00922001558493756
"UBL4A",420.641975204296,-0.596083283963471,0.236008415420133,-2.52568656461825,0.0115472451992294,0.024784094393285
"CLPP",708.410916760833,-0.578615718093206,0.224630842321203,-2.57585161554011,0.00999935476722312,0.0219210661098504
"FIBP",1519.64703368786,-0.516845855254386,0.194695038622315,-2.65464317381505,0.0079392340259523,0.0180982354649645
"ACTN1",2169.32476706681,-0.68369014229983,0.184519982171643,-3.70523633404567,0.000211193721629909,0.00075959137234478
"CNPY4",326.436310796979,-0.735081404995166,0.236359190073561,-3.11001829362501,0.00187075757259162,0.00529504102187928
"SRSF9",610.274305648105,-0.493004761317051,0.205598378092093,-2.39790199656254,0.016489276353865,0.0335548637645056
"MAP7D1",1544.29133698452,-0.645516902556354,0.208826215553613,-3.09116794002632,0.00199370837391114,0.00558712499574533
"PLOD1",3624.50287398751,-0.66201569575725,0.183897848937374,-3.59990994773788,0.000318327404486645,0.00109631975317285
"MCM7",3291.43268547784,-1.00080620962289,0.190431942989527,-5.25545343870137,1.47660208553984e-07,1.07229695103986e-06
"MBD3",968.401076505347,-0.801657233697395,0.219916500749019,-3.6452800538705,0.000267100772574865,0.0009395037124897
"RAD54L",312.401197800448,-0.82202199075766,0.234197736036255,-3.50994849339793,0.000448193503330578,0.0014896639677522
"TRMT112",1761.09131001244,-0.60585102686018,0.190376981106118,-3.18237542868942,0.00146072337597746,0.00426119657395369
"CHCHD2",3955.60418122412,-0.503026990323197,0.175938134372751,-2.85911290418404,0.00424827552504814,0.0106427312444765
"DHRS7B",234.996903835655,-0.564260976826426,0.251443026357509,-2.24409077873626,0.0248265611505138,0.0471657010110914
"PCCB",331.342295517534,-0.521714889641479,0.233081417859719,-2.23833754930853,0.0251990512082991,0.0477176600076037
"EPHB4",1676.64385920026,-0.647073731761772,0.202844896764082,-3.18999265983185,0.00142276407321076,0.00416273094786877
"TRABD2B",190.979851579551,-0.749704066138738,0.268120143382413,-2.79614972855453,0.00517154352866335,0.0126016587510364
"SORBS3",1440.12923317004,-0.60337621540011,0.223490240266659,-2.69978776111291,0.00693837232892456,0.0161819060583636
"RIC8A",2048.27657849054,-0.529315392145973,0.185059487376405,-2.86024456054697,0.00423314422498106,0.010615854577507
"POLA2",411.123757074584,-0.773570334145024,0.226823623105004,-3.41044871585935,0.000648560799357795,0.00206945673502368
"ARMC6",357.159679450279,-0.662247220256352,0.237562020644101,-2.78768137457664,0.0053086728127074,0.0128661223066058
"LIN37",248.712690720764,-0.60036235873565,0.261895944762281,-2.29236981611376,0.0218843122350973,0.0424644035489105
"PITPNM1",1073.86651147954,-0.600252315831167,0.218744723453865,-2.74407677750346,0.0060681343737865,0.0144728660317443
"HGS",1331.20930326968,-0.560796757927011,0.20981132496169,-2.67286219192127,0.00752071387043334,0.017291527500476
"LMNB2",2085.73262750884,-1.01726803382057,0.200713082833346,-5.06826968855446,4.01448342255974e-07,2.62279583607236e-06
"AK1",1846.23006910493,-0.719418707908608,0.213228649494985,-3.37393079969551,0.000741029938038143,0.00232884944341945
"GAMT",264.301718791566,-0.790146459264048,0.276293211191392,-2.8598113426562,0.004238930967768,0.0106258672189689
"MRPS34",460.814476656158,-0.843277839786963,0.241866337929298,-3.48654487022278,0.000489303293533306,0.00161329913370841
"MRPL20",1128.5116160737,-0.457432355447483,0.202087686957006,-2.26353402493444,0.0236027896231646,0.0452489660449513
"LRRC8E",179.565883596909,-0.756180944203868,0.311638458661547,-2.42646863115541,0.0152465683172977,0.0314069788146957
"GREM2",240.673263505171,-0.688795933222145,0.255994806622661,-2.69066369864853,0.00713100400239095,0.016526030816124
"SDC4",8903.80267156551,-0.412954962394434,0.183214590879823,-2.25394145963683,0.0241998509953897,0.0462145717060327
"UBE2O",1035.99341976289,-0.501010823852483,0.197975763438733,-2.53066746732122,0.0113845723493424,0.0245126162962347
"ZNF511",215.77090794604,-0.81121631856912,0.258041327667779,-3.14374571663008,0.00166800313064343,0.00478686430475752
"POLR2L",1703.71133344582,-0.622329515788343,0.191829686349466,-3.24417730973408,0.00117790397800113,0.00352551967773063
"SLC25A1",661.156174201708,-0.660857364958311,0.217648352066384,-3.03635363504497,0.00239458334906011,0.00655282996654602
"FPGS",671.77559838397,-0.668673075925592,0.222467710102607,-3.00570844918206,0.00264962916286457,0.00714022037953539
"GRAMD1A",986.826941806443,-0.449059806309624,0.194920650678269,-2.30380826632284,0.0212334088961327,0.0414590118623109
"PPP1R7",811.465824552533,-0.461121439261204,0.205202299638262,-2.24715531977023,0.0246301025189773,0.046882452833238
"IMP3",496.765152445401,-0.53463410118688,0.221753318614425,-2.41094069990663,0.0159114352643134,0.0325462670481863
"AIMP2",369.453471310877,-0.655396531946299,0.239711672874824,-2.73410353399245,0.0062550372854328,0.0148115691510081
"JMJD8",257.859425610625,-0.59306620963893,0.258506192682279,-2.29420503812784,0.0217787240612265,0.042276095461467
"ASNA1",1480.83565422891,-0.744526329505053,0.194750203523892,-3.82298100866279,0.000131847938156645,0.000497374221186685
"FTL",56369.5615025357,-0.445254211537847,0.172985802603353,-2.5739349983466,0.0100549161702885,0.0220041479628964
"MAP2K2",1388.62172377921,-0.697808854743307,0.203178076070438,-3.43446925101009,0.000593715427114385,0.00191794885691194
"SGSM3",358.474827321434,-0.552628733626684,0.243633262598015,-2.26828113589112,0.0233120769388857,0.0447870608581309
"SPRYD3",854.300744523521,-0.605009268157029,0.208121366061739,-2.90700219590888,0.00364910636096297,0.00933062639132304
"VAMP5",513.810259246076,-0.909505573834065,0.227909744040399,-3.99063926671273,6.58954416925255e-05,0.000264069652516521
"COPS7B",855.271015219001,-0.664748366518042,0.194388969640055,-3.41968151664644,0.000626944894701197,0.00201150747739139
"CDT1",223.691409612256,-1.4407373202971,0.274655101295591,-5.24562374228959,1.55754479083916e-07,1.11957722147611e-06
"INF2",524.942232845825,-0.539033182226544,0.219407848123408,-2.45676345143023,0.0140194965371182,0.0292136793103991
"CRCP",1810.3264999352,-0.487444228086841,0.188809504093624,-2.58167209551663,0.00983229556122144,0.0216411077307026
"TRAIP",182.36873029014,-0.617956993637046,0.271754104106099,-2.27395643451177,0.0229686060290263,0.0442388134803078
"CSRNP1",555.735754293051,-0.55624990919844,0.207817824077856,-2.67662271831913,0.00743683255409437,0.0171425167360684
"CHCHD5",454.140214816945,-0.568616029926021,0.234252051406717,-2.42736841155243,0.01520880293813,0.0313487570765537
"SLC7A8",4213.37679378439,-0.473354856978345,0.174357008900252,-2.71485993000227,0.00663038071404219,0.0155773815114146
"YIPF3",1316.34422892316,-0.568150354963085,0.193003931466139,-2.94372425808726,0.00324288784449287,0.00844020612274269
"THOC3",172.866541350379,-0.974227787251872,0.287940491213144,-3.38343448379656,0.00071585284815064,0.00225581390989972
"ARFGAP2",1418.63617821495,-0.709088643492526,0.198223964579791,-3.57720947109347,0.00034728187069995,0.00118449205933429
"NPM3",225.20565324864,-0.929280008051588,0.266972547331615,-3.48080736142994,0.000499904890728935,0.00164496629269781
"EMC1",2250.42535543803,-0.398500514368253,0.176191664181314,-2.26174442599149,0.0237131982071482,0.0454430272709299
"GOT2",1218.86037857206,-0.425030094558364,0.189719554363876,-2.24030725764393,0.0250709824055918,0.0475388091667715
"PCYT2",384.990648980444,-0.626044623827682,0.238508928843788,-2.62482678054251,0.00866930588001717,0.0194537809589745
"PRC1",1936.13253146934,-0.471890659157106,0.177895715413746,-2.65262520831148,0.00798684996546539,0.0181942096566574
"IMPDH1",964.13215824182,-0.542367361555745,0.205869932501161,-2.63451469073894,0.00842576575681368,0.0190016471772481
"ACTB",32148.6581097444,-0.632701154356602,0.176821253194592,-3.57819630234332,0.000345973569887727,0.00118084358439611
"NDUFS7",723.039916687719,-0.747101082375021,0.216368846123809,-3.45290505430492,0.000554584164529741,0.00180457798179955
"KCNJ12",153.723585739334,-1.5771505380953,0.298907591743849,-5.27638166998062,1.31759524366251e-07,9.69632544369627e-07
"ARF1",7084.01076513552,-0.544433158991867,0.175257959324146,-3.10646752416487,0.00189337104414925,0.00534528995863926
"RHBDD2",1586.49564717455,-0.54454492245197,0.196580724369284,-2.77008299872282,0.00560420098839799,0.0135063017733536
"CASKIN2",352.407337174081,-0.630694175396595,0.249330104598089,-2.52955485023861,0.0114207321469861,0.0245690951512428
"CXCL14",3668.97586399842,-0.597505571388436,0.185296430501898,-3.22459299280629,0.00126151877945493,0.0037362396406478
"UBE2R2",778.242329024486,-0.718348584833702,0.194998513557871,-3.68386697789116,0.000229722156404563,0.000819383749222473
"TSPAN17",350.791446934892,-0.589503350548929,0.232665503280455,-2.53369469146589,0.0112867022033488,0.0243495593741818
"ZNF358",610.901476927137,-0.671647714276254,0.221824702932871,-3.02783100978392,0.00246315788163194,0.00669973528782439
"G6PD",2018.59420866411,-0.533156663100069,0.197781315862194,-2.6956877133508,0.00702434869943528,0.0163400713106957
"NOTCH1",1407.72951146374,-0.555530743117616,0.197796778226052,-2.80859348721408,0.00497584330581548,0.012184784027947
"POLR3D",943.755664721445,-0.44003629974128,0.196988079370793,-2.23382197108991,0.025494789295654,0.0481617687677375
"BGN",2688.28199073451,-0.474066869459499,0.188651367397471,-2.51292569992712,0.0119734549303738,0.0255692032148523
"MRGPRF",870.736464246699,-0.922257003596032,0.219009196887036,-4.21104235212428,2.54195080455211e-05,0.0001114764247384
"EPHA2",713.429846746097,-0.651747503166909,0.201273403802751,-3.2381203420479,0.00120320044883079,0.00358929416592138
"TRIM16",1709.70725864951,-0.490887137189376,0.186318546759823,-2.6346659832108,0.00842201149982042,0.0189975090759395
"RPL18",9352.97556635385,-0.59049593222392,0.186051569210144,-3.17382935672506,0.00150442109779449,0.00436551158779531
"PKN1",789.30066627646,-0.838913782520207,0.231655861524513,-3.6213794764327,0.000293036315297235,0.00101949857603235
"TWIST2",572.755727112382,-0.650741653091423,0.208638921673692,-3.11898493277861,0.00181475241132768,0.00514830019126436
"HCFC1",2600.35862961617,-0.450162722688698,0.180651672034649,-2.49188240340425,0.0127068100409514,0.0268973493980618
"FAAP20",249.588615240134,-0.600339191343196,0.259100280478197,-2.31701482621017,0.0205029241410772,0.0402814496126205
"FARSA",821.803097032429,-0.789475289343057,0.204702612360427,-3.85669376780108,0.000114930998348263,0.000439562218566888
"COPE",1630.98126794235,-0.750690199367648,0.199613858949618,-3.76071182290565,0.000169430531611354,0.000623892634631392
"AKT1S1",1078.30625658548,-0.570207371803516,0.211400706842427,-2.69728223864707,0.00699079909577869,0.0162703514323915
"XAB2",1420.09895100491,-0.537808651556718,0.193698209394195,-2.77652877245873,0.00549427718562617,0.0132672250752203
"MRPL37",2041.83764849879,-0.661114645790152,0.200726602944969,-3.29360750438945,0.000989105093694842,0.00301514081225486
"PGD",4062.11798310072,-0.742711783765136,0.179006679051347,-4.14907302733713,3.33824312608285e-05,0.000141932690987835
"WDR1",3226.22418832826,-0.677455322273294,0.18211029110754,-3.720027671985,0.000199200951273765,0.000723025674993664
"LOC728392",386.441502952187,-0.626877156669166,0.244027542436569,-2.56887870282968,0.0102028163245821,0.0222930410553453
"BABAM1",639.251654337548,-0.613960306785506,0.215912717680608,-2.84355786625648,0.00446129074891201,0.0110560480302281
"C19orf53",1593.9697368764,-0.541510705682151,0.189554889756943,-2.8567488096799,0.00428004405828807,0.0107033542417724
"GPR107",5313.58381948971,-0.383526521489262,0.171112209972514,-2.24137436802942,0.0250018353993191,0.0474258656156497
"MEX3D",408.097832476762,-0.665738650498147,0.225132353694416,-2.9570989667784,0.00310548425216308,0.00814469611232384
"TUBGCP2",1216.07777957387,-0.488191199387977,0.189625718301215,-2.57449888001215,0.0100385411550267,0.0219923595290958
"APBB1",628.516419318586,-0.591817650397681,0.2165133092076,-2.73340078983426,0.00626840043967407,0.014839662174574
"CDC42EP1",591.426521256386,-0.674365072350297,0.228189103231131,-2.95529042711228,0.00312374842081415,0.00818392320519282
"DTX1",189.260689013378,-0.727935014296749,0.275241369901718,-2.64471512606072,0.0081759717105662,0.0185481934428568
"C20orf27",865.884431866089,-0.886187643819948,0.230043133129164,-3.85226731946123,0.000117029162275265,0.000446551522051107
"NQO1",13111.8748474038,-0.558228043689602,0.172818282028654,-3.23014461859449,0.00123727616205858,0.00367875021089091
"CCDC137",198.265555933189,-1.00943590225358,0.292654738054044,-3.44923820118426,0.000562170557033891,0.00182617793683015
"TECR",2275.02688830384,-0.574215375124733,0.195383972196389,-2.93890726383413,0.00329371609210891,0.00855899235486847
"CHMP7",1054.87697954152,-0.436046575817352,0.193287382015427,-2.25594951553822,0.0240737930005691,0.0460271205562358
"NDUFA8",1024.96411514937,-0.760594879364441,0.220563611354561,-3.44841506127576,0.000563886791407663,0.00183115205424969
"ALDOA",16739.0634115956,-0.553111715945846,0.185355299113365,-2.98406206130398,0.00284449070392556,0.00756238758728315
"ELAVL1",1611.95441150443,-0.4105785835814,0.18457002927255,-2.22451383466548,0.0261138927484563,0.0490838037265895
"RAB11B",1009.25635862393,-0.627403015148598,0.208516120169142,-3.00889453841587,0.00262200114465019,0.00707732951452074
"DUSP1",976.273916678002,-0.553386407608206,0.194527397800034,-2.8447736096129,0.0044442998015144,0.0110277461607896
"PFKFB3",1218.98799074751,-0.484191730619934,0.206186091847357,-2.34832391594283,0.0188581134460064,0.037544791565157
"RELB",518.374443688118,-0.691636900317333,0.227454902656065,-3.04076497029022,0.00235977954460732,0.0064719030015304
"SLC7A5",2404.30051168389,-0.597654514002845,0.183216430992613,-3.26201373296559,0.00110623784263287,0.00332914021477049
"RNASEH2A",677.02298524376,-1.1009926947071,0.208968300131973,-5.26870675605711,1.37388237365937e-07,1.00582009870418e-06
"CDK4",3921.64952127117,-0.596453387968963,0.18401171647994,-3.24138809951259,0.00118949123149471,0.00355268081150714
"GLRX5",259.587747970351,-0.612858305173906,0.264157475795105,-2.32004906667595,0.0203382231678407,0.0400055113106691
"ADI1",529.707595641879,-0.555355887585529,0.233682514495339,-2.37654019080065,0.0174758574608513,0.0351814725763431
"SART1",419.004832424682,-0.712635424526969,0.274183969061204,-2.59911411658022,0.00934646963545043,0.0207517623265339
"IGFBP7",292.337990585738,-0.717812109543338,0.243233630841942,-2.95112196063786,0.00316621869163832,0.00827329266363149
"PEA15",4195.37012022838,-0.568172614980908,0.184279907420485,-3.08320436521853,0.00204784469299809,0.00570812919495777
"SPNS1",667.52837032397,-0.575743568106769,0.228307033665397,-2.52179514079522,0.0116757682768195,0.025011506793194
"NOP16",215.422863702557,-0.718039381461516,0.266047302808423,-2.69891622234775,0.00695656863487318,0.0162090669369055
"CARS",1184.82003456521,-0.478140329424524,0.197033558851539,-2.4266948849297,0.0152370642826529,0.0313939346939421
"SMO",1550.06300088577,-0.458148563671574,0.187161893395339,-2.44787309724333,0.0143702258959749,0.0298439983043139
"RGCC",1913.04342217709,-0.473954518272829,0.181924749259073,-2.60522287485957,0.00918145140014862,0.0204266140612882
"P3H4",446.354687243586,-0.511112775597234,0.219899775498059,-2.32429876037661,0.0201094872137839,0.0396343497495089
"PIN1",176.876915993885,-1.03943365947625,0.292638122520471,-3.55194207276783,0.000382399035825117,0.00128916405197446
"CDC37",794.639635970967,-0.729627155648947,0.221487042504189,-3.29422049885897,0.000986950440046879,0.00301092477884015
"MRPS5",616.597057026023,-0.517751187568767,0.219932601050721,-2.35413569927891,0.0185658320680359,0.0370269203726415
"TRIM16L",1456.7923201827,-0.516296656188626,0.195483135058029,-2.64113145123932,0.00826296527418516,0.0186942975390786
"CTBP1",731.349471075269,-0.520752775655805,0.219959577383166,-2.36749307236876,0.0179090553125139,0.0358906316021993
"ASPSCR1",207.5922553598,-0.730127790906213,0.273113065912425,-2.67335357415794,0.00750970525548924,0.0172742418356571
"NT5C",136.739744859027,-0.711723086728797,0.317270185644648,-2.24327125248998,0.0248793279890409,0.0472387470622534
"ASL",347.433036204767,-0.533087748011042,0.240111134859414,-2.22017087347143,0.0264071706622409,0.0495691589635616
"STX1A",365.08906099732,-0.786505542841912,0.239789067092699,-3.27998916872161,0.00103811072029472,0.00315094140125028
"PTTG1",794.920903672759,-0.514366344453852,0.19464356390327,-2.64260648612801,0.0082270590632379,0.0186299315049025
"IGFBP4",316.856400391723,-0.754488278376986,0.247896220282204,-3.0435650754097,0.00233792870014144,0.00641553043360132
"FXR2",700.219838300122,-0.600633569098972,0.208999399338763,-2.87385308761303,0.00405497536655773,0.0102388128005583
"PSMC3",1944.18439953333,-0.930216631296854,0.220363577244341,-4.22128122500671,2.42917646577524e-05,0.000107052487347477
"POLD2",2311.74577771893,-0.765508880614085,0.187898059205162,-4.07406486183149,4.6199605441181e-05,0.000191252068028778
"NSMF",1208.24167843864,-0.536390971239411,0.199262932632436,-2.69187532348952,0.00710515011893188,0.0164779773279164
"CRIP1",888.855894961707,-0.469258867643549,0.201728724040141,-2.32618765560711,0.0200085419207118,0.0394825653770346
"RNPEP",738.096197311123,-0.50025530936694,0.19754906837826,-2.53230912944154,0.0113314043208313,0.0244247038256943
"ATP6V1F",2250.34008011303,-0.547508632396573,0.180421751815133,-3.0346043472495,0.00240851422060506,0.00658367129399307
"LMAN2",1186.42847538252,-0.676917010317584,0.213020052923973,-3.17771496638946,0.0014844060349945,0.00431755831160023
"TFIP11",760.53748180435,-0.500808921373549,0.207099180507064,-2.41820812688569,0.0155971528272654,0.0320320671326248
"SCARA3",806.468094344926,-0.715143835972826,0.202616010238473,-3.52955245309156,0.000416263179199602,0.00139242073258454
"TOR1B",1375.7449771478,-0.435741524385962,0.1847039499744,-2.35913484495787,0.0183175983288761,0.0366150488968042
"EVI5L",351.826888227418,-0.642155993348604,0.247818199694254,-2.59123823085175,0.00956312647431422,0.0211379691475574
"ITPA",778.638058258564,-0.776253395902671,0.225492189042247,-3.44248463416725,0.000576396609280496,0.00186673624408643
"NDUFS5",2973.96240665058,-0.409830126527742,0.177570225100498,-2.30798900151077,0.0209997482275088,0.0411106621748184
"HARS",675.471121688982,-0.483152704948357,0.216563638622226,-2.23099643145159,0.0256813653957605,0.0484271584467971
"ATP6V0B",1298.91286456385,-0.576714317125931,0.188702718875334,-3.05620565810149,0.00224157446906476,0.00619476491625163
"FOXM1",1673.1471621967,-0.693347896852814,0.184429300543465,-3.75942377273946,0.000170305156212684,0.000626880043210543
"FOXF2",355.560572274908,-0.66292555724892,0.228020680244353,-2.90730453281041,0.00364558100893499,0.009326430815828
"COMMD5",375.532282773494,-0.533735097747888,0.225514087304657,-2.36674836648604,0.017945129149151,0.0359556454085621
"RRP36",398.917196643024,-0.550665496852047,0.219670851506515,-2.5067754464261,0.0121838086786782,0.0259735813701393
"PLPP2",439.905557187504,-0.918484608621396,0.240445455013378,-3.81992917508169,0.000133489999353388,0.000502771694672691
"ADPRHL2",479.646441887319,-0.702227415953643,0.238393329279391,-2.94566722179819,0.00322258901698864,0.00840060279322602
"PPP2R1A",7007.79688746592,-0.558214571975189,0.1829619870523,-3.05098660639067,0.002280907491257,0.00628169792667273
"MCM3",988.565713933107,-0.86799053370316,0.19937548733217,-4.35354689444366,1.33952425046631e-05,6.29563676691147e-05
"PNKD",760.011972695809,-0.522391033276189,0.203138257881294,-2.57160339329804,0.0101228783536974,0.0221477121894114
"TRIM47",1382.95665821119,-0.563632039205028,0.204366996326986,-2.75794061338173,0.00581667641362395,0.0139443848315994
"STEAP3",827.337752923678,-0.504728492454931,0.199851097317303,-2.52552274783648,0.0115526302020401,0.0247853702088124
"ENO1",40261.6257741146,-0.674160915705351,0.185424865232518,-3.63576327727121,0.000277158762807769,0.000970742191886516
"RPS15",5239.47973520098,-0.691567017849229,0.195408506437582,-3.53908348442411,0.000401518849227276,0.00134811179431872
"ITGB4",2458.0523859539,-0.479870423960928,0.187795217937743,-2.55528564161847,0.0106100689493646,0.0230809807606177
"GUK1",1083.10361500109,-0.75119747110519,0.216597565590198,-3.46817134836342,0.000524013050527923,0.00171460534681831
"DDX54",596.67142363124,-0.60590822149452,0.230581771532763,-2.62773686517725,0.00859549766311197,0.0193227880693805
"TIMM50",1434.5198983351,-0.697493389108045,0.192681234206969,-3.61993419846394,0.00029467794370696,0.00102305236296439
"MRPL34",308.773714440484,-0.604740464524711,0.236209584243282,-2.56018597408759,0.0104616162635151,0.0227931053876894
"PPP6R1",1023.89813595296,-0.487490253186678,0.210493853618075,-2.31593580908634,0.0205617737828019,0.0403890527688378
"PLK1",1600.08602208401,-0.956580379043187,0.189196431615438,-5.05601702355328,4.28103136324816e-07,2.76951950545296e-06
"FAM102A",1458.68286972021,-0.494876278603267,0.197032391456668,-2.51164935341153,0.0120168424437958,0.025656321507483
"MYBL2",982.14269976941,-1.33947253204655,0.21143234956488,-6.33522984918408,2.3698771228466e-10,3.87079930064944e-09
"GDF5",206.25068877873,-1.16231546370461,0.273582210898945,-4.24850526606039,2.15201588998303e-05,9.61220815841699e-05
"DNAL4",170.364213098376,-1.27052292968793,0.290217845580459,-4.37782496505955,1.19869554981043e-05,5.69049810648616e-05
"OAZ1",11214.2809954379,-1.02163405406118,0.17763529971721,-5.75130087143484,8.85593477848830e-09,8.83629460055213e-08
"ZMYND19",232.942693167114,-0.812159631490448,0.270988557523151,-2.9970255530847,0.00272627860060094,0.00732057458697192
"MRPL38",733.281225688192,-0.671790427929743,0.205717664426346,-3.26559427846444,0.00109234635917654,0.00329736025103061
"ARFIP2",941.1701479373,-0.497012139120156,0.194392392731422,-2.55674685689394,0.0105656074622964,0.0230095451401122
"PA2G4",2549.65664906121,-0.620442187977808,0.188089428549387,-3.29865528734325,0.000971491298065546,0.0029678459469916
"CALR",13283.7540209317,-0.654067757420783,0.176839941367013,-3.69864269556238,0.000216755479225194,0.000776210467934503
"TMEM109",1475.78665691018,-0.850097607291913,0.183827516782537,-4.62443067376881,3.75628687433415e-06,1.97659369921103e-05
"TMEM250",598.166666292706,-0.584556332929318,0.236825583377741,-2.46829892527676,0.0135756898641018,0.028432538780127
"C11orf68",728.587933019791,-0.541089610828648,0.202653375400545,-2.67002515876769,0.00758455637414865,0.0174140429114645
"TRIB3",475.100432528683,-0.635516959808583,0.217566853250001,-2.92101921922052,0.00348888304066542,0.00896727196481597
"FKBP10",2981.55373130737,-0.640867196448117,0.19329407233258,-3.31550361950803,0.000914781564343894,0.00281108597450353
"NOP53",1424.67416588498,-0.826865192643556,0.236411396354494,-3.49756909097431,0.000469519079004207,0.00155272296825381
"UBE2Z",2815.90601167299,-0.520764098573705,0.176418938646891,-2.95186051207367,0.00315865583249664,0.00826225566333291
"NAXE",491.783957086945,-0.615892805469282,0.21989906256842,-2.8007977763782,0.00509764523685122,0.0124491716146937
"PKMYT1",108.792249126756,-1.16877886340447,0.343906047304863,-3.39854117880161,0.000677462635740778,0.00215058536515786
"THOP1",397.190959024763,-0.869825820740061,0.237685245298968,-3.65957011612549,0.000252638711131303,0.00089148590473356
"COMMD4",367.936191753891,-0.713432073790067,0.249527006138813,-2.85913771350738,0.0042479432760493,0.0106427312444765
"DEAF1",378.425563443107,-0.589505606800359,0.245708754950831,-2.3992047288601,0.0164307253068817,0.0334494691664983
"KLHL21",3246.86487519967,-0.517573135853381,0.180470767582436,-2.86790566021704,0.00413198720573152,0.0104040725928086
"ASTN2",551.162949142158,-0.463746419505327,0.209210290909486,-2.21665204655715,0.0266468780393914,0.0499338884577615
"PRELID1",388.211053301958,-0.83262759435935,0.221485943860106,-3.75927961769552,0.000170403305608787,0.000627008148295828
"RPS16",9254.30105596108,-0.439893755986998,0.180426977685332,-2.43807085631164,0.01476587938574,0.0305566954129322
"PRKCSH",3275.32150649998,-0.597116010225268,0.191553869003299,-3.11722239457865,0.00182563794537172,0.00517325061073269
"TSPO",1237.32127093242,-0.568406031282651,0.204603877969442,-2.77808043974388,0.00546810795850905,0.0132169310313364
"SRA1",495.512591461946,-0.837712522020181,0.232370773826325,-3.60506834928514,0.000312070785585045,0.00107823215134249
"C19orf24",292.668497829625,-0.754125964294055,0.246951110030939,-3.05374599935823,0.00226003343088179,0.00623288127580605
"PSME2",932.734352361551,-0.477161562779558,0.193129128419562,-2.4706866679528,0.0134853917808416,0.0282793236963495
"HSPA6",439.509910291839,-0.949196428898753,0.243588068493705,-3.8967279258314,9.7501046867758e-05,0.000377476995002485
"AP1M1",1244.95460796543,-0.585621038203061,0.198749129337023,-2.94653385479748,0.00321357239028564,0.00838153874019691
"SMG9",535.449386656406,-0.516217914810239,0.217828100441441,-2.36984077703516,0.0177957471058758,0.0356991802916624
"GLIPR2",145.468120277449,-0.921318875861365,0.305827811031041,-3.01254118373117,0.00259070280566794,0.00700430930633741
"MMP14",11070.5365014488,-0.435460603738829,0.180810696659367,-2.40837855162519,0.0160235565915667,0.0327282631331671
"CRIP2",1235.03712359625,-0.674552169014909,0.21495046315176,-3.13817499680686,0.00170003347409657,0.00486749532155273
"POLD1",433.745130186526,-1.10664528792473,0.246247226350036,-4.49404163583006,6.98839553040498e-06,3.49702421435534e-05
"EFNB1",361.451247308865,-0.612736591069059,0.241145213228407,-2.54094444947032,0.0110553482916121,0.0239443845493165
"NDUFS8",794.522861964091,-0.725290377011685,0.213484272383894,-3.39739489430606,0.00068030716318523,0.0021582308657716
"MICALL2",117.069989954754,-0.747064850683013,0.33593330197424,-2.22384874108224,0.0261586227868986,0.0491585434487796
"ECSIT",560.126198867524,-0.699476222244257,0.216227627844184,-3.23490679344782,0.00121682446016979,0.00362140714803241
"NUPR1",614.197711911841,-0.86845190585721,0.236344474638661,-3.67451749056101,0.000238299320626905,0.000847229409326546
"UBXN1",450.788255405952,-0.873642403538131,0.243159370206978,-3.59287985815428,0.000327043399119094,0.00112242564649126
"DFFA",862.746202204278,-0.64388950555183,0.19670941717032,-3.27330289934375,0.00106298498004102,0.00321854552843255
"PPIB",2653.76236541376,-0.629521006675925,0.185719489978367,-3.38963350992,0.000699861199364358,0.00221175803043053
"UPF1",2023.67043210827,-0.683879348155739,0.195181491169232,-3.50381249809584,0.000458648170974999,0.00152083738569867
"EPN1",622.863087984802,-0.730366432943133,0.218564853630474,-3.34164629313165,0.000832831155729118,0.00258250713640564
"CSRP1",821.649070953206,-0.530580733421205,0.202951328581677,-2.61432500653808,0.00894039459508906,0.0199486081384562
"ELOF1",496.554941364214,-0.559401038588132,0.233734590821332,-2.39331729472486,0.0166967948270795,0.0338946030709167
"NDST1",1739.23518518902,-0.45080505474856,0.200078635302491,-2.25313939225448,0.0242503613902147,0.046302098194511
"DHFR",469.934943399516,-0.474137940168329,0.213709244739734,-2.21861221186645,0.0265131180280028,0.0497303093123312
"CAVIN3",325.373459516948,-0.546496585334635,0.239658203008047,-2.28031662791149,0.0225889163156232,0.043634873866518
"LONP1",928.023862863857,-0.737232440384047,0.212827295342765,-3.46399384156393,0.000532218694990083,0.00173972940654288
"TMEM54",307.659144157101,-0.728335605694153,0.24024716513066,-3.0316095729914,0.00243253614501852,0.00662919679608847
"TFDP1",1191.26234739127,-0.431590374853319,0.186735548173938,-2.31123842821458,0.0208196888522179,0.0408065901503472
"SLC3A2",10077.7490573444,-0.707819366305474,0.179181811264262,-3.9502858092084,7.80579254839614e-05,0.000308757144945487
"DUT",638.409326848881,-0.45578712358616,0.205075559379986,-2.22253263608867,0.0262473309933342,0.0492878167657032
"IGFBPL1",492.065249301132,-0.574847545923628,0.217652247521915,-2.64112846280509,0.00826303816260545,0.0186942975390786
"GALK1",334.041775135895,-0.709574571414385,0.241466234630557,-2.93860784510941,0.00329689934534713,0.00856501567460523
"EMILIN1",486.704716451108,-0.679704128981979,0.236254543450751,-2.87699918509152,0.004014766321167,0.0101580156050386
"ODF2",2058.76701287159,-0.467084896426393,0.193515090635516,-2.41368719562105,0.0157920134405109,0.0323487891213113
"ACAT2",812.261562645393,-0.554112300526561,0.203245982211904,-2.72631367418051,0.00640461014029427,0.015129553978194
"TNFRSF1A",4176.76621215801,-0.432844100437693,0.176317953324279,-2.45490656099903,0.0140921212409983,0.0293464792853779
"HMG20B",548.479348963702,-0.73224895773738,0.248888118700413,-2.94208080948528,0.00326014840167611,0.00848066987642317
"LRPAP1",641.732072288602,-0.583867297621227,0.227898940523974,-2.5619570511334,0.0104084188983303,0.0226921872809854
"SRRT",1788.29830757583,-0.576756137045371,0.199160203464673,-2.8959406900168,0.00378023838375687,0.00962366242860739
"RHOB",1655.2316813965,-0.537837304153496,0.18869673700434,-2.85027347421025,0.00436816532551114,0.0108688035173226
"SPOUT1",510.393863750606,-0.476158185420325,0.212156136946247,-2.24437620459203,0.024808206206362,0.0471398781014727
"BUD23",837.363025416473,-0.619789458983334,0.216653326121824,-2.86074287470125,0.00422649681516537,0.0106090141996124
"PSMB4",3734.81597822298,-0.463757227251785,0.184223074313995,-2.5173677563395,0.0118235345735968,0.0252872396736087
"SFXN5",359.718659792305,-0.713480278172265,0.248771351264716,-2.86801625084657,0.00413054316681389,0.0104030830191155
"C12orf75",461.91166898403,-0.659541031325625,0.215851610194785,-3.05552981851955,0.00224663261870203,0.00620456742743101
"IDH2",367.371854111058,-0.837896623516866,0.226853276766389,-3.69356191570344,0.000221134635975507,0.00079046248713816
"C15orf39",428.046811927753,-0.58296426829309,0.219222214606228,-2.65923902529779,0.0078317378471666,0.0178985317966417
"H1F0",6329.22745432535,-0.591542538822827,0.18613925074613,-3.17795702116378,0.00148316734804288,0.00431608530265251
"ADIRF",844.55869195072,-0.535105166325331,0.192752362267784,-2.77612766987483,0.00550106023466288,0.0132738893716951
"TMUB1",137.950589528508,-0.744562436842441,0.30873034208555,-2.41169180784997,0.0158786973096898,0.0324860161164344
"PARP1",3309.81350677656,-0.507207367421225,0.180425743015348,-2.81116961994764,0.00493617557646645,0.0120966243762973
"MMP24OS",352.521118361592,-0.559915887448485,0.23070417324648,-2.42698638507194,0.0152248271936213,0.0313752528757991
"MRPL58",458.240040186476,-0.591030679529488,0.215327982411061,-2.74479272462234,0.00605491274486403,0.0144482946838631
"DNALI1",433.136595662985,-0.49074911455474,0.215001103712867,-2.28254230364386,0.0224573428775679,0.0434076761607576
"LETM1",648.17766592812,-0.45034371526429,0.200833207952156,-2.24237674564047,0.0249370334375108,0.0473210807063808
"MPV17L2",132.05325061505,-0.952782010312581,0.315041974020685,-3.02430180382892,0.00249207697693711,0.00676909383033028
"NUDT16L1",194.780449829092,-0.804643456454336,0.276593800835439,-2.90911601787151,0.00362452326389542,0.00927495637694851
"MT2A",2812.48932119768,-0.668878398026377,0.177353827581199,-3.77143480436101,0.00016231156752424,0.000600358705289584
"DCPS",789.045531429931,-0.603030788690379,0.198492972993074,-3.03804603053338,0.00238117579250825,0.0065215489746117
"INO80E",417.600915484358,-0.851199884838377,0.229415637460914,-3.71029583797834,0.000207017189408665,0.000746740576081256
"GINS4",511.934123143715,-0.866156962028985,0.209549354130324,-4.13342701829708,3.57393818069569e-05,0.000150980965055595
"GET4",386.77523779467,-0.715356631619715,0.235902371386933,-3.0324266238357,0.00242596069298165,0.00662221702678774
"CABLES2",490.55040304724,-0.489105228882921,0.21145616758422,-2.31303363940954,0.020720789700356,0.0406529983060702
"PCBP1",4612.72975225411,-0.565253451942644,0.179690278518146,-3.14570969895604,0.00165684371729962,0.00476174190297086
"EI24",1779.68161074146,-0.738041870009255,0.187916470151321,-3.92749964606584,8.58335472208375e-05,0.000336734225284126
"MRPL54",208.308913553643,-1.01504313004757,0.268316215415396,-3.78301076018133,0.000154942713501036,0.000575252429944956
"PCIF1",1186.54839975713,-0.438595890894233,0.196890731901344,-2.22761064809287,0.0259064899867011,0.0487680558935654
"TAOK2",796.554018571072,-0.499863795765553,0.223547011137055,-2.23605671676411,0.0253480562013523,0.0479447850718489
"ID3",10048.7059030536,-0.505154329430233,0.180156815093002,-2.8039701366249,0.00504775802230187,0.0123456162354198
"SLC25A11",601.651171616559,-0.70998902668427,0.212079671695572,-3.34774672653878,0.000814714310698597,0.00253188139632487
"TADA3",1089.65725050828,-0.642838555515338,0.219775434257832,-2.92497911646115,0.00344479339938472,0.00888625620722177
"PEX10",254.211129763459,-0.617457049066304,0.256842491819408,-2.40402997452794,0.0162154436400982,0.0330693227262422
"NSFL1C",1980.12901389095,-0.587176420962218,0.200992337246544,-2.9213870986632,0.00348476552484616,0.00895901536751357
"SLC19A1",126.632192877381,-0.999752802379725,0.332771099766862,-3.00432580557671,0.00266170127391875,0.00716300141632622
"C1QBP",1441.42065865204,-0.445541858483238,0.181668179170613,-2.45250357281783,0.0141865970578106,0.0294997768231531
"NUMBL",782.152890294982,-0.477471348446636,0.197613960810811,-2.41618227015727,0.0156842079164653,0.0321745678667716
"SPAG7",723.326252866839,-0.687575526231883,0.208638782739899,-3.29553075992134,0.000982359483839553,0.00299919622795925
"FLOT2",1040.29061730032,-0.665775564370727,0.203200435664591,-3.27644752430391,0.00105121845380949,0.00318584208689723
"PTK7",2180.26503240994,-0.48467198450553,0.189579064320469,-2.55656913511414,0.0105710062687012,0.0230162384618577
"SERF2",1661.87660495928,-0.548231221596764,0.202165733779026,-2.71179102090565,0.00669207683197207,0.0157074167614085
"AMOTL2",1033.63726434053,-0.861627710467769,0.188619802159299,-4.56806602808372,4.92244982091933e-06,2.53498482452963e-05
"PNPLA2",1170.48141018767,-0.528438282450621,0.205865238103103,-2.56691361455578,0.0102608171158452,0.0223950535419263
"ACADVL",1684.06990809664,-0.463794082864425,0.197367621071424,-2.34989954454882,0.0187784782830733,0.0373982652003741
"COG4",2233.50940338444,-0.470058494348572,0.179450658823729,-2.61943030708125,0.00880767676925236,0.0196968785951333
"PI4K2A",698.346550031017,-0.495799953594904,0.199371276126147,-2.48681737524316,0.01288915453882,0.0272367317731086
"NAPA",1694.05992544149,-0.565547019294759,0.192986638129677,-2.93049832245246,0.00338418820898333,0.00875272926378808
"UBE2M",605.008231362165,-0.56566709590839,0.229819699963719,-2.46135164216858,0.0138414629693057,0.0288974478949985
"JOSD2",153.481816310164,-0.878361882178329,0.294359296024896,-2.98397874312093,0.00284526537758615,0.0075624158720053
"ANGPTL2",1669.37928191785,-0.42974920303626,0.189206261502172,-2.2713265386903,0.0231272178273812,0.0444837159066107
"ARF5",1771.74250671142,-0.60310251506514,0.190424508860327,-3.16714754143074,0.00153942193438803,0.00445923274994813
"PPP1CA",2308.21686355606,-0.815913897716199,0.204285298686651,-3.99399224007653,6.49699906898808e-05,0.000260775737164818
"TUBA1C",8243.50704736234,-0.869209143960228,0.177868087127725,-4.88681897914638,1.02478235903663e-06,6.09206954339015e-06
"TNFRSF21",595.237743253031,-0.537716666855647,0.203471907433556,-2.6427071610917,0.00822461346871422,0.0186286554035088
"PAQR7",376.515653746294,-0.617571933459049,0.226045453714162,-2.73206969355808,0.00629378259354909,0.0148926273275039
"JRK",946.577191945978,-0.439495549220537,0.194963730133872,-2.25424261691524,0.0241809091057572,0.0461962243444866
"MTCH2",1502.34491850111,-0.446183131402903,0.18093320222457,-2.46601025083893,0.0136627424139646,0.0285904504362048
"FAM57A",425.128191871781,-0.794404932533056,0.220961173159593,-3.59522408925338,0.00032411247046716,0.0011145075729149
"PSMC5",1263.70571363404,-0.703696126945967,0.221705074308464,-3.17401903921647,0.00150343828554034,0.00436393904700243
"TCTA",500.665398511482,-0.515675169137483,0.222130652440619,-2.32149486561894,0.0202601508835351,0.0398836462699344
"ZFAND2A",490.911353839418,-0.576993574830864,0.22227008774463,-2.59591194067365,0.00943402400479593,0.0209133190592318
"VCP",5436.12559709995,-0.428607324974435,0.177957621096563,-2.4084797399144,0.016019115384483,0.0327259451136455
"TRIR",1003.29525151569,-0.531428121926303,0.196217653127343,-2.70836040211638,0.00676165511592205,0.015835470048983
"SEC13",1637.39462396922,-0.566907467794648,0.192769189977683,-2.94086138900246,0.00327300958870384,0.00850965298371174
"RHOG",499.603603188997,-0.689627980124139,0.220717976731155,-3.1244758145103,0.00178122164219033,0.00506915808349623
"PFN1",6724.53970470754,-0.893618816138689,0.187151164501171,-4.7748504184867,1.79840877000886e-06,1.01140056849703e-05
"CYC1",1678.41240660459,-0.568747377355685,0.190821115382439,-2.9805264276745,0.0028775340787007,0.00763383337201273
"MRTO4",1025.80606324039,-0.810469501166261,0.19961584876136,-4.06014605651466,4.90420282588002e-05,0.000201669296097052
"PSRC1",295.728950690759,-1.01476866936699,0.240194053338963,-4.22478681408045,2.39167075757473e-05,0.000105823679742846
"ARSB",268.57266981972,-0.63825866361428,0.244527939495805,-2.61016661298628,0.00904981341147398,0.0201692687010287
"VPS28",1898.95446117958,-0.490154412967736,0.184945542110122,-2.65026346337066,0.00804290239656292,0.0182966324801608
"TOP3A",1153.26477706665,-0.567212396413798,0.189113854290439,-2.99931699103694,0.00270585625379219,0.00727391776209537
"FTSJ1",677.449207731399,-0.608629598085819,0.199077124567511,-3.05725531955541,0.00223373923024843,0.00618103184260523
"MANF",649.912855513195,-0.547736491719981,0.208511376627514,-2.62689019937008,0.00861691341415653,0.0193577414828237
"RABEPK",1073.10786745798,-0.450219314477598,0.189923460839882,-2.3705302782849,0.0177625889892919,0.0356476289164661
"DCTN3",837.490715564399,-0.776049705017977,0.201628456234802,-3.84890962074442,0.000118644768846747,0.000451845295130858
"APEX1",2223.36108846078,-0.495979827206126,0.182590298410266,-2.71635367007122,0.00660053660521792,0.0155161256291748
"LAS1L",450.577101042606,-0.618948763673793,0.225898329864526,-2.7399439564028,0.00614496615621372,0.0146103471088646
"TOMM22",971.585560544728,-0.520364397981105,0.192779060498136,-2.69927862827269,0.00694899699138515,0.0161990513944254
"WDR5",1268.64282637376,-0.491611778245839,0.185383078889424,-2.65186974556115,0.00800474155827789,0.0182265773967873
"MPDU1",1173.48208409584,-0.619188635330731,0.194081069113219,-3.19036080211162,0.00142095273773515,0.00415866061445966
"EMC4",689.063125430286,-0.553221605651351,0.206427850786782,-2.67997561154076,0.00736275243256159,0.0169994223413797
"PPP1R12C",383.48122669973,-0.601559471231731,0.236826804590331,-2.5400818639272,0.0110826524658008,0.0239775867167937
"RNF167",1764.8857149599,-0.440294586724985,0.193567136862391,-2.27463501223349,0.0229278339613665,0.0441774772337172
"GEMIN4",782.105260599427,-0.578797687616007,0.199442589090149,-2.90207668410476,0.00370697785619332,0.0094624779382393
"ATCAY",452.268806788536,-0.747783692136304,0.215330556999462,-3.47272445934449,0.000515203998162091,0.00168857257410873
"TOMM40",394.939604185361,-0.879573396916505,0.25783878126542,-3.41133088125743,0.00064646590327887,0.00206410306795298
"SF3B4",1656.10811433835,-0.420311465925664,0.185498244221314,-2.26585145153287,0.0234604799334765,0.0450284720538202
"PARK7",3958.52889802085,-0.568281311544623,0.186622027033007,-3.0450923751038,0.0023260885382039,0.00639190015301005
"AP3D1",3097.72298999006,-0.426922346422381,0.185110670842347,-2.3063086772884,0.0210933906315612,0.0412613400140697
"GTSE1",794.51027419991,-0.752471112495412,0.200410324954199,-3.75465242455636,0.00017358218656774,0.000636575206612629
"TOMM40L",199.46479742476,-0.975819519635843,0.2776701689738,-3.51431168584739,0.000440895155215291,0.00146935361828988
"TUBB",4236.9694966718,-0.624283831489609,0.171869702020627,-3.63230880225001,0.000280896691096824,0.00098244362136974
"RBM14",702.053033104267,-0.470782679650915,0.202063781111627,-2.32987167250344,0.0198129346218573,0.0391590309279439
"PIGS",1284.47671146276,-0.562850510534975,0.195099526861299,-2.88494041779568,0.00391487746544597,0.00992303640281285
"DNAJC22",276.47806811262,-0.557261573220204,0.246747640355726,-2.25842716232999,0.0239190408806524,0.0457577631690563
"NOP56",2269.4790014205,-0.52597664409345,0.186438029664325,-2.82118752831947,0.00478462243139807,0.0117674595524792
"MRPL49",1247.66780144029,-0.500918795463436,0.186876215329245,-2.68048448316925,0.00735156727208768,0.0169894496519084
"TAF6",1324.30404704413,-0.57494953725485,0.188118237705401,-3.05632002653161,0.00224071954065803,0.00619476491625163
"DBF4B",240.807863278969,-0.660704585550567,0.25058488334742,-2.63664981193036,0.00837292189493572,0.0189040102454548
"EIF3B",3255.71899841135,-0.536402892878905,0.192444297796256,-2.78731507777282,0.00531467773460321,0.0128775226969651
"PRKD2",840.192570220399,-0.538153462138577,0.205162774029742,-2.62305608160944,0.00871449266716609,0.0195370438096512
"SDC1",852.718969374401,-1.08830223322384,0.210592443876876,-5.16781235446473,2.36849923953861e-07,1.63141304613452e-06
"EFEMP2",2174.29070307256,-0.557471433765599,0.188668503658439,-2.95476681563571,0.00312905454474141,0.00819348727085992
"COPS6",1256.33746657965,-0.640053878872977,0.205265297041352,-3.11817870871778,0.00181972427270353,0.0051594473936464
"LIF",225.780231304359,-0.797720112621606,0.258697940980459,-3.08359668267272,0.00204514645045649,0.00570382067247629
"SSRP1",2964.00140514907,-0.566361714644504,0.192369086182681,-2.94414100458254,0.00323852415834963,0.00843351810223929
"MTCH1",1819.94297721944,-0.593415380696322,0.204358761905814,-2.90379220916311,0.00368672755177202,0.00941709143417793
"SLC9A3R1",254.766340574203,-0.562118769233426,0.252904131799501,-2.22265553841985,0.0262390361304299,0.0492815900605304
"SEZ6L2",1198.88883382494,-0.525939629422148,0.216662211384162,-2.42746358980713,0.0152048129592899,0.0313470607521458
"SELENOM",1009.62467234964,-0.718471635172033,0.202297532977145,-3.55155905560748,0.000382956042796333,0.00128986656495667
"PQBP1",403.145756976126,-0.788923913727816,0.246981816719333,-3.19425909245918,0.00140190236951077,0.00411263475205027
"UCP2",730.292884672123,-0.465424508597769,0.19884910356561,-2.34059143467149,0.0192532233784736,0.0382130348907424
"OLFML2B",306.414654317234,-0.982348775352532,0.239420600938976,-4.10302526808425,4.07782694238136e-05,0.000170377083476955
"ZDHHC18",559.237081072162,-1.04134383307826,0.229213168482233,-4.54312393992746,5.54266408373494e-06,2.81628794151994e-05
"SYMPK",2198.23621979905,-0.552222468772379,0.189665870242915,-2.91155424043936,0.0035963546095195,0.00921717191222787
"ARPC4",1662.65523522097,-0.725548275272862,0.189851511618321,-3.82166182975415,0.000132555382656118,0.000499441635907976
"CCT7",5512.58352197697,-0.687517943990262,0.194195404226962,-3.54034096083313,0.000399610401431957,0.00134261498756738
"FAM50A",362.266085114476,-0.731939520394518,0.261618117354127,-2.79774018633336,0.00514614894311334,0.0125459562164867
"RALY",2454.5671707503,-0.632073446204166,0.196310959265679,-3.21975629159219,0.00128299618076094,0.00379303948541571
"NDUFB8",624.3923382967,-1.0364763555439,0.238576459217089,-4.34442006116275,1.39644081569751e-05,6.52287456053514e-05
"PHB2",2247.81038281771,-0.534925498162457,0.187322249975847,-2.8556431402646,0.0042949757740364,0.0107352702554072
"CLIP2",1056.64998881495,-0.620182464172459,0.20850771198275,-2.97438621466322,0.00293575313003656,0.00776331404784982
"CAPN15",436.718592479337,-0.629925508426638,0.231703489202624,-2.71867079168485,0.006554480758287,0.0154246910474381
"HSD17B10",450.662905018126,-1.02662217442819,0.240032964257293,-4.27700494223681,1.89424598983211e-05,8.57304380766264e-05
"AXIN1",369.171450316279,-0.658445418095764,0.237921919842214,-2.76748531002286,0.00564905912732547,0.0135978568196176
"SMAGP",573.2214127795,-0.481632970516912,0.205170251230747,-2.34747955723483,0.0189009103136004,0.0376118235392072
"PLEKHM2",2194.31682335032,-0.437771038873814,0.181713711661591,-2.40912496294767,0.0159908216497796,0.0326792579774713
"TOLLIP",1122.05615260108,-0.614203596993817,0.210415906972723,-2.91899793048174,0.00351158555010704,0.00902093791200608
"FBLN2",1683.45039240637,-0.528661705529852,0.185191606846086,-2.85467421841221,0.00430809957364583,0.0107599216704382
"ATP5F1D",288.528138056032,-0.790743878098995,0.255278054812225,-3.09757875067108,0.00195108549643693,0.00548631938742407
"CLU",1747.01072963706,-0.675469380720042,0.190897119734801,-3.53839482574919,0.00040256761836572,0.00135025899240389
"MLF2",2210.73536378018,-0.68057720296885,0.188680438756221,-3.60703635975837,0.000309714274451327,0.00107112225315137
"CLPTM1",2947.09689759776,-0.486600432572327,0.180621712920732,-2.69403066056558,0.00705936704971717,0.0163984076644216
"METTL13",506.413912516701,-0.517213869960489,0.220697205112156,-2.34354517402088,0.0191014489296531,0.0379727136986757
"ADAMTSL1",665.19325868227,-0.718088872223094,0.208633739661264,-3.4418635901795,0.000577721499265227,0.00186994355779176
"EIPR1",436.686484394929,-0.511312406520857,0.220409014103997,-2.319834370656,0.0203498389770569,0.0400204065557141
"COLGALT1",3776.76850801445,-0.498652467965533,0.181298449048426,-2.75045082063741,0.00595133241946443,0.0142268646992652
"SYNPO",225.904025401302,-0.761856517551229,0.266030376277135,-2.8637952109558,0.00418598547397853,0.0105213012243371
"THAP4",709.315213040056,-0.792047849680008,0.21523488007265,-3.67992329780684,0.000233304117630995,0.000831560733277489
"COX7A2L",1875.39122802217,-0.434284239796911,0.182829711830628,-2.37534827052196,0.0175323989332593,0.0352778643695502
"USP11",3169.77754190828,-0.456823151580197,0.183792835267402,-2.48553296931059,0.0129357604364175,0.0272936932200425
"ATP6V0C",2294.12217463283,-0.554530236652373,0.189071721112185,-2.93290944510599,0.00335801819095754,0.00869640608427466
"HASPIN",104.90220390883,-0.866612855477721,0.334267678369571,-2.59257149750381,0.00952613782842758,0.0210750362596728
"MAD1L1",205.512226860238,-0.653922973701118,0.262130363145073,-2.49464795247398,0.0126082151781606,0.0267226132676471
"NDUFB7",893.567220751192,-0.760137436752183,0.209518004423653,-3.6280291941649,0.000285592973315986,0.000996755729859531
"NSD2",1829.96850518168,-0.486890510965058,0.18163236743533,-2.68063736568547,0.00734820984485139,0.0169856564792945
"MVK",467.858554475965,-0.956417844001417,0.246120412540905,-3.88597530016923,0.000101919869734331,0.000393295466132713
"RASD1",425.573126616985,-0.519265413207589,0.225848040815764,-2.29918050797342,0.0214946913828527,0.0419055456583565
"NUCB1",3200.10331909588,-0.596371421338035,0.191826279312319,-3.1089140834925,0.00187776313627316,0.00531183181561352
"PAFAH1B3",484.845026980767,-0.940180334296168,0.219845728223843,-4.27654583917544,1.89815486570988e-05,8.58288572900701e-05
"MRM3",338.874057742907,-0.75281966155476,0.278036228114942,-2.70763154376968,0.00677652097273088,0.015860488197704
"MDK",3698.0156392639,-0.746312201748952,0.188554338532251,-3.95807493775223,7.55562550164461e-05,0.000299262029672983
"NRM",164.118550028708,-0.781295046512555,0.297656677200087,-2.62481948620075,0.00866949159527544,0.0194537809589745
"GUCD1",975.314204587692,-0.536188982758051,0.191794417606394,-2.7956443646782,0.00517963626806281,0.0126128668604655
"AAMP",1059.23023285331,-0.614599955870956,0.215083644186032,-2.85749275913965,0.00427002376539299,0.0106809944983219
"ANXA6",2556.40447019114,-0.518108005622586,0.193714768671434,-2.67459218094706,0.00748202038602241,0.0172305811495695
"PLCD1",1757.1603771783,-0.47967596232458,0.19126558511787,-2.50790523569085,0.0121449233300194,0.0259074248104594
"PTPA",2970.634327477,-0.705016317952002,0.208887996861196,-3.37509253066598,0.000737908758055047,0.00232162138818463
"PRPF6",2851.97385133178,-0.523463257044713,0.211526008420695,-2.47469926253049,0.0133348410414668,0.027987331770237
"RAB5C",2359.30721212634,-0.666239671891164,0.185053459441314,-3.60025515817201,0.000317905060136558,0.00109562126923108
"COX7A2",1235.4698834351,-0.475519824708527,0.192559813576733,-2.46946554359348,0.0135315049373284,0.0283545670599028
"YWHAH",1344.02640739242,-0.458214118676963,0.187690871361072,-2.44132341308955,0.0146335430814088,0.0303272214028024
"HAAO",168.793485252282,-0.782252414399699,0.279868739681383,-2.79506891441415,0.00518886528165006,0.0126283227336544
"ANKS6",843.113374358498,-0.478269019802021,0.199370726702818,-2.39889289521891,0.0164447239570671,0.0334710832257968
"HNRNPL",4328.2463181892,-0.533163997158021,0.172931936836178,-3.08308579035403,0.00204866085810793,0.00570879650156313
"TEF",407.746027257538,-0.758252052314128,0.22546751413125,-3.36302129925791,0.000770944153364582,0.00240871377209679
"CRLF1",206.728423507022,-0.69688179491212,0.264346201334335,-2.6362466772531,0.00838287664377226,0.0189221694458513
"NTSR1",84.3201698967599,-1.05658810886869,0.357572692095511,-2.95489038236304,0.00312780161582951,0.00819237374794403
"IMPDH2",2786.27134306618,-0.465521030467996,0.185071805895093,-2.51535358514778,0.011891305758729,0.0254157081407687
"ZNHIT1",1055.28020047475,-0.46994862356004,0.198356650640771,-2.36921031909905,0.0178261132862171,0.0357461242518187
"MMP1",229.728066916803,-0.683052307555215,0.265721371766265,-2.57055841242625,0.0101534702227931,0.022199922302895
"RCN3",403.330994167787,-1.13826734655058,0.265227222049127,-4.29166862193254,1.77335461234105e-05,8.07761801792531e-05
"ZNF787",170.255663001156,-0.846538055358684,0.286876081775596,-2.95088405460332,0.00316865839161874,0.00827748238591772
"HJURP",880.770312474838,-0.58071652422082,0.194274802623114,-2.9891499894991,0.00279754764257428,0.00746767167373253
"HSPB1",7640.23064164437,-0.875799985937276,0.182947730160741,-4.78715961749174,1.6915829591045e-06,9.56551623832246e-06
"MUTYH",150.542905436143,-0.795300753192381,0.289965106212887,-2.7427464069021,0.00609277184185836,0.0145188166664657
"EXOC3",1109.05374802291,-0.446133070777089,0.200076808332115,-2.22980901432882,0.0257601247039416,0.0485571727898712
"CARM1",2260.06598391864,-0.448384848814399,0.188507189177808,-2.37860874574636,0.0173781102319691,0.035003771891744
"WFS1",262.039624963693,-0.614692579213382,0.245006586623807,-2.50888185368341,0.0121113985339811,0.0258470510326315
"CD99L2",1470.28900299221,-0.497824603312305,0.209790158651583,-2.37296452089103,0.0176459588333234,0.0354638985852254
"ICMT",1325.5823481404,-1.04494340164818,0.184142655843267,-5.67464065760831,1.38980082038026e-08,1.31136782841981e-07
"SARS",1917.42503884057,-0.452172771151726,0.186516946829761,-2.42429858968492,0.0153379886885353,0.0315821535342464
"NUDC",1125.73917861944,-0.822511970733641,0.230413944152597,-3.56971438407788,0.000357370652991521,0.00121388288377147
"MAPK8IP1",263.945638838426,-0.56054140582486,0.243929523789442,-2.2979645805758,0.0215638051119433,0.0420237336085873
"SBF1",1356.22177595951,-0.458964010587125,0.200467312833366,-2.28947055806863,0.0220520266497608,0.0427479357186314
"UQCC2",297.898510806961,-0.698693428383492,0.236059072332062,-2.95982451121661,0.00307814327430124,0.00807941186131894
"FBLN1",4509.6947578721,-0.683956708974018,0.179464435166714,-3.81109888618685,0.000138350405713371,0.000519693478463358
"TFE3",1594.70524106013,-0.485044327560772,0.192059751023023,-2.52548659975419,0.0115538187657568,0.0247853702088124
"ETFB",425.013512517239,-0.827088560101037,0.268097059917531,-3.08503405578359,0.00203528847094572,0.00567952785041464
"SPIRE2",226.778754734546,-0.602352119212168,0.25607630553823,-2.35223683794611,0.0186608890202183,0.0371940152078375
"CIZ1",2856.58764080728,-0.501983258336163,0.191463884936736,-2.62181694736858,0.00874623942513746,0.0195816054806629
"IL11",459.076354629713,-1.04104599421218,0.235448932947875,-4.42153625917114,9.80016143896834e-06,4.73180477672725e-05
"RRP7A",586.014084609263,-0.731599261402346,0.216098768503428,-3.38548556509123,0.000710524463923794,0.00224044955206044
"TRAP1",1382.8505954347,-0.564560448043044,0.200164552708101,-2.82048165074632,0.00479516157949746,0.0117831453112875
"PGAM5",489.65707050443,-0.678200268749603,0.213192841162696,-3.18115873427495,0.00146687232572065,0.00427787338832733
"SERTAD3",759.468787399233,-0.642459953605087,0.208044434511623,-3.08809007610917,0.0020144740081188,0.0056293799357312
"COX8A",2355.11207924855,-0.517774198884702,0.185735585504621,-2.78769519302384,0.00530844639865894,0.0128661223066058
"COPS7A",1363.19180976386,-0.57056524390964,0.186649865130161,-3.05687466482633,0.00223657773737944,0.0061863006520043
"MTG2",667.680462315255,-0.744712540784281,0.205966678899746,-3.61569427036676,0.000299543735107543,0.00103848822770384
"MRPL57",293.451536637839,-0.694838788829654,0.237055086133845,-2.93112795073014,0.00337733644892744,0.00874186092350518
"CBX6",942.34044915859,-0.97396960763074,0.225300423906722,-4.32298169147687,1.53934512479447e-05,7.11318302764504e-05
"VEGFB",406.091140414979,-0.674582496581089,0.252803245778546,-2.66840915947741,0.00762113843546957,0.017493976863237
"TUBA4A",2115.54125127867,-0.754544769535631,0.180527211929132,-4.17967331059118,2.91928167405245e-05,0.000125794732302008
"MLPH",1253.84552325484,-0.663131673862904,0.194841564800427,-3.40344050583938,0.000665429032622517,0.00211781883115681
"NTMT1",289.143947881208,-0.856492428181065,0.253958807986706,-3.37256437361252,0.00074471675592991,0.00233709779651054
"PTGFRN",1029.54050029064,-0.423370118678712,0.188023670096062,-2.25168521847494,0.0243421714227729,0.0464415598964159
"CTNNBIP1",609.383207215113,-0.706493351922799,0.209586959261309,-3.37088411613413,0.000749273689783933,0.00234990842252261
"CCNB1",2107.38249029809,-0.507829223331466,0.18241918707143,-2.78385860327628,0.00537164457813327,0.012999642551189
"RPS6KA4",288.952204056238,-1.25955269600278,0.27632120071512,-4.55829191803979,5.1571324287083e-06,2.64072926949585e-05
"NARF",845.125154825766,-0.440306852206639,0.198595096908569,-2.21710837307001,0.0266156867665439,0.0498848830932118
"MSANTD3",976.821498521524,-0.429043249102798,0.19075966363135,-2.2491298261667,0.0245042374424504,0.046696754371462
"PYGB",8506.27202256379,-0.543382569686976,0.198408091695568,-2.73871173823257,0.00616804281687805,0.0146616925555857
"S100A4",3475.27695371348,-0.421532911606684,0.181558195341305,-2.32175094500283,0.0202463500403336,0.0398644067434299
"FADD",330.230826459311,-0.605163729994801,0.242628821344643,-2.49419556440574,0.012624296831964,0.0267341228161702
"PIP4K2C",538.47916505748,-0.724243003861715,0.211550797631324,-3.42349455530712,0.00061821490239239,0.00198655351951584
"THOC6",375.362675899422,-0.79712938879638,0.227692879427128,-3.5008973086991,0.000463694483441642,0.00153551287959363
"WDR18",421.085557012234,-0.98014677866874,0.226355237815132,-4.33012634533884,1.49023813773556e-05,6.92180998935079e-05
"PLCB3",683.3935524772,-0.555477274550739,0.199025212193122,-2.79098948535092,0.00525471792896843,0.0127572229730021
"TRAPPC5",297.293075507925,-0.666001326806741,0.235403020850875,-2.82919617768476,0.00466650843733316,0.0115098680569957
"SOX8",2411.1250749907,-0.4337765000628,0.185766902029281,-2.33505805030019,0.0195403883861661,0.0386976319020152
"EME1",229.067634476178,-0.603767615248127,0.252955384325419,-2.38685417532524,0.016993230220849,0.0343824596741544
"ZC3H7B",1508.79596063604,-0.707964926879084,0.196962369565197,-3.5944171896487,0.000325118529258652,0.0011169813268317
"TIMM13",264.062499493446,-0.923074954273686,0.281823584767454,-3.27536446261358,0.00105525736961842,0.00319710359488312
"RCC1L",1082.01483402801,-0.614156885825443,0.215289032573747,-2.85270865163586,0.00433483443313381,0.0108057370990332
"SLC44A2",3135.3935980377,-0.438132312893155,0.17866667670792,-2.45223295673318,0.014197271526264,0.0295157726458646
"UBB",32209.5340630061,-0.515363783912311,0.180066042392936,-2.86208202870199,0.00420867965716013,0.0105729723976068
"GATD1",746.77380646578,-0.506632666611771,0.211370791205066,-2.39689061919747,0.016534858801848,0.033613068889031
"SH3BP5L",547.052164948008,-0.658357726180037,0.216931481078042,-3.03486484722423,0.00240643497654099,0.00657980480602286
"SLC43A3",843.526062473057,-0.732736873963683,0.196887944601707,-3.72159339387674,0.000197969619018392,0.0007193477566241
"IER2",654.149277123115,-0.581012528965225,0.214426111992787,-2.70961649010718,0.00673610460625159,0.0157845557274333
"FSCN1",4649.8875924177,-0.728869229301683,0.201101700400577,-3.62438123521502,0.000289654083387202,0.00100915034050212
"GFER",233.94142374093,-0.690619024052179,0.27389143705213,-2.52150644607678,0.0116853534466638,0.0250241515393939
"PIGQ",284.832884614857,-0.64574538768685,0.239969734878473,-2.69094512278338,0.00712499140166738,0.0165198324885696
"CES2",1182.7939623554,-0.51355581429534,0.215805007512847,-2.37972149123911,0.0173257272789358,0.0349195782135832
"AKIP1",332.455147318909,-0.763564648069804,0.248832338514567,-3.06859089388458,0.00215070891605237,0.00597298452611851
"MRPS12",410.867242239646,-0.744723524974655,0.232720789882787,-3.20007303752169,0.00137392766073858,0.00404134798989317
"DPF2",3114.4133642434,-0.46517641318636,0.175519218599636,-2.65028762603735,0.00804232715363294,0.0182966324801608
"RAB7B",339.190787703904,-0.59231818064111,0.234622316992248,-2.52456027301392,0.0115843138099848,0.0248400212502663
"CCDC9",146.052708338465,-0.872254073668041,0.319023241959887,-2.73413958277596,0.00625435248552004,0.0148115691510081
"LMAN2L",852.232502587954,-0.515932630534286,0.198996984894691,-2.59266556630151,0.00952353291451302,0.0210739836324279
"BLOC1S3",330.673294233012,-0.525148596470714,0.229893059481646,-2.28431688044345,0.0223529145369883,0.0432380355036662
"DRAXIN",797.750728552037,-0.578694371338154,0.209285501364345,-2.7650953724248,0.00569061553143325,0.0136879009793746
"SSR2",4644.22993991037,-0.419005638583833,0.183042151735033,-2.28912102820105,0.0220723213559007,0.0427788989192687
"PEBP1",3683.60702637927,-0.482758572380689,0.192261657449648,-2.5109456497176,0.0120408233650012,0.0257019774998451
"PRDX5",860.868505450563,-0.887173943579694,0.210512804292374,-4.21434670713677,2.50502223735035e-05,0.000110100844162051
"XRCC1",753.171756733465,-0.478912854721446,0.213472677564406,-2.24343864603916,0.0248685421339723,0.047227327329635
"APMAP",2673.86059789915,-0.637691651893823,0.189904629761704,-3.35795737415149,0.000785207206946373,0.00244941094685005
"AIFM2",170.721387971729,-0.874070340767436,0.276290620110212,-3.1635903543116,0.00155835970723888,0.00450749397494167
"KIF2C",1835.73947581519,-0.740537993710589,0.1816081430924,-4.0776695422397,4.54893575524103e-05,0.000188627423985655
"PHB",2745.05364044017,-0.635075798797937,0.182188718774818,-3.48581296947853,0.000490643913374655,0.00161664229513393
"AXL",3787.31160618525,-0.460515539489573,0.174509926471736,-2.6389074180497,0.00831736919084488,0.0188043216653684
"PSMD3",2160.18190136972,-0.565746493297121,0.194214688805782,-2.91299539069817,0.00357979885314361,0.00917949457212837
"SUV39H1",142.174887990608,-0.748289775628437,0.299014414806651,-2.50252074339726,0.0123312399087504,0.0262426602057216
"CBR1",607.625846326851,-1.97240271336674,0.220203502691938,-8.95718137656559,3.33083533846385e-19,5.4947680300192e-16
"PSMB2",2502.98553551466,-0.40449274948399,0.181569849725749,-2.22775284605321,0.0258970008670608,0.0487594663462369
"GSN",10321.2392495115,-0.426176864910258,0.184892051807535,-2.30500370753574,0.0211663657730971,0.0413877298344754
"MIEN1",202.631312369443,-0.846282906403161,0.284218479080935,-2.97757875962094,0.00290534987208716,0.00769523870471726
"H2AFZ",3360.08274855891,-0.51738872218036,0.173316102208036,-2.98523169854884,0.00283363598909935,0.00753960457529715
"TPPP3",232.838363223484,-0.894382768427749,0.261908542980799,-3.41486672503584,0.000638132268431362,0.00204342710868121
"NT5DC2",1978.90238704129,-0.591223012950883,0.187613048459984,-3.15128941085878,0.00162551334745994,0.00468121359125937
"PRMT1",3040.90328930243,-0.647155619457222,0.1960046682899,-3.30173574488568,0.000960885500904705,0.00294180163561855
"PMPCA",1659.65462460687,-0.581289859569999,0.210793639416198,-2.75762523565657,0.00582229059841362,0.013953760857893
"OCIAD2",153.841297289209,-0.908771640145187,0.286519998246004,-3.17175640691203,0.00151520043238804,0.00439550230943047
"JUN",2899.41647960649,-0.641649245555879,0.202999516585,-3.16084124903425,0.00157314211600843,0.00454493889791345
"CDCA4",462.361674043827,-1.09375733137643,0.216903136817438,-5.04260725513165,4.59231194966434e-07,2.94014900891188e-06
"TMBIM6",15686.7465200385,-0.45794757626155,0.171259440152994,-2.67399902657887,0.00749526690675665,0.0172490471618408
"WDR34",1024.99805264119,-1.1186364076964,0.205504419331753,-5.44336910774919,5.2282154673037e-08,4.20722574759123e-07
"GPRC5C",251.401529275121,-0.831377287530961,0.251428512905343,-3.30661498142797,0.000944305866315154,0.00289552028029349
"KLHDC3",1008.94433740949,-0.64424591158873,0.198964160070921,-3.2379998053875,0.00120370891635821,0.00358972909132677
"NME1",316.757974503265,-1.02636332579632,0.249640717329762,-4.11136186746552,3.93332167654234e-05,0.000164687047184501
"GPAA1",1395.95094566654,-0.811358757771767,0.201094154800559,-4.03472074350672,5.46672753703069e-05,0.000222581938138749
"COX6A1",3444.88676354043,-0.580841874383312,0.182728807613323,-3.17870992521577,0.00147932053575704,0.00430783014502007
"ABHD11",240.018089408744,-0.689778544806183,0.25799415269438,-2.67362084606349,0.00750372353491873,0.0172644945487275
"ACTG1",50747.1501325966,-0.606523042645307,0.17250257812591,-3.51602306026176,0.000438062934013732,0.00146089855824391
"HDGF",3316.24695209221,-0.925483852675032,0.199464921631152,-4.63983263376216,3.48691460154564e-06,1.84959703784023e-05
"BCAT2",605.600365662525,-0.609665406367888,0.213732302426794,-2.8524719915779,0.00433806351436885,0.0108057370990332
"FOSL1",3074.99636449796,-0.782456808019786,0.175726181817484,-4.45270477015471,8.47953087460837e-06,4.14675872514198e-05
"LTO1",327.164607845567,-0.526660368030682,0.232512571263765,-2.26508341105235,0.0235075614196357,0.0451100897502045
"PSMB7",4047.24890261165,-0.458181059545516,0.178008303652361,-2.57393082313909,0.0100550375061811,0.0220041479628964
"SLC6A8",1203.71709866659,-0.465421241195155,0.199304522953697,-2.33522668877556,0.0195315816144906,0.0386956755044491
"DPYSL4",357.949253412514,-0.66709032091147,0.235223246865547,-2.83598806580873,0.00456841530678351,0.011298894229521
"MAGED2",4895.13987492107,-0.387548035071376,0.173409061337474,-2.23487764758246,0.0254253823903185,0.0480686365150697
"HM13",4311.16743070269,-0.505419639108886,0.179230390158124,-2.819943864782,0.00480320512023744,0.011799981206282
"IGFBP6",251.048296853821,-0.673332964815017,0.255374381226232,-2.63665040158637,0.00837290734209674,0.0189040102454548
"TRIL",216.763585357604,-0.607196962182949,0.256957020150366,-2.36302927947884,0.0181262374520071,0.036274463869787
"TRABD",165.735269143825,-0.809626804246348,0.294267788441164,-2.75132663529099,0.00593544275369508,0.0141974413668617
"ARAF",809.890685045249,-0.559211358490507,0.19606549209131,-2.85216614369894,0.00434223985114992,0.0108097308970528
"BUD31",977.381675372633,-0.45894029908797,0.196538296915281,-2.335118937587,0.0195372082821411,0.0386976319020152
"RAB35",1108.55254946607,-0.559383642516624,0.199144258481867,-2.80893683192759,0.00497053982820381,0.0121748090125121
"SURF4",9516.16450020795,-0.619473156803653,0.176763089535222,-3.50453908919836,0.000457398414423653,0.00151720157706613
"CYHR1",845.376615515858,-0.489172759217432,0.206300084675382,-2.37117090856826,0.0177318296099289,0.0356075572081713
"SLC39A1",1667.12424376524,-0.736114502162673,0.198766119098712,-3.70342040937621,0.000212711937884982,0.000763664403766977
"CPZ",341.46709721939,-0.900104267774162,0.246518187700986,-3.65126920722759,0.000260947534288564,0.000919821472360474
"FAU",3812.42851197817,-0.504529937095136,0.175807642308942,-2.86978387554131,0.00410752444800176,0.0103586430302669
"NSDHL",540.937697188376,-0.466860352452595,0.209525305449042,-2.22818122828672,0.0258684323307202,0.048715750143666
"RPL11",11142.0061967467,-0.411457327739181,0.17176071507868,-2.39552640166117,0.0165965189430281,0.0337314875766103
"LAMB3",207.206250249459,-0.811807810724199,0.262784261324249,-3.08925582770161,0.00200658571220747,0.00561416959737443
"NES",1002.65464126844,-0.549472487940916,0.211969886347437,-2.59221957141725,0.00953588885477159,0.0210918944993361
"CORO1B",713.34615904954,-0.610315042831163,0.2324286643085,-2.62581659042319,0.00864413809519214,0.0194056881075554
"GPR176",2260.62165918312,-0.408758191133391,0.182906643813117,-2.2347913810667,0.0254310479603908,0.0480686365150697
"SARS2",257.241919834318,-0.631583133871218,0.246219274605706,-2.56512466330117,0.0103138741322859,0.0224910169996399
"MDH2",3406.34124816977,-0.514521195127093,0.182385228939734,-2.82106834044717,0.0047864005009377,0.0117674595524792
"NFKBIB",173.728770925272,-0.926995085114405,0.285031317733622,-3.2522569536753,0.00114492466644296,0.00343616262839672
"PSMB1",1823.98527563396,-0.450235990213294,0.184528851501177,-2.4399219230518,0.0146904365650377,0.0304196529541304
"CCDC86",431.735947145024,-0.805360333683807,0.228558399431612,-3.52365231681097,0.00042564237265355,0.00142331358260974
"NELFA",560.728746256625,-0.556834358584671,0.234696822508391,-2.37256880017948,0.0176648729120977,0.0354947040365292
"SH3BGRL3",3476.11569441217,-0.634059008473716,0.175984449540931,-3.60292633881976,0.000314654718562692,0.00108517505377475
"PACS2",495.491700407974,-0.511829371446798,0.222792980866338,-2.29733167291238,0.0215998562993785,0.0420691416078804
"ARHGEF2",2785.7257421723,-0.440203950202273,0.17687894338348,-2.48873009857309,0.0128200248915148,0.0271080124708852
"RCE1",332.045275328945,-0.774241542538693,0.239340853678954,-3.2348908706461,0.0012168923190903,0.00362140714803241
"CPSF1",1550.15508182009,-0.465552799007962,0.189617632932134,-2.45521891508154,0.014079881604631,0.0293271608002184
"PRMT7",616.458160800798,-0.533020384560145,0.215106131813782,-2.47794137742937,0.0132142854635738,0.0277873374800198
"COL4A2",2089.4231159881,-0.428569504482224,0.187760837904647,-2.28252871719645,0.0224581440310406,0.0434076761607576
"ARL4D",279.660733907493,-0.917391092282153,0.25840291903293,-3.55023501946293,0.000384887383921999,0.00129470482886596
"DNASE1L1",240.864111000374,-0.950119716428949,0.262252906455096,-3.62291396222002,0.000291302738095717,0.00101453712233336
"PDLIM4",683.654635366016,-0.705392743193427,0.211918354256553,-3.328606177922,0.000872817281437142,0.0026913225706121
"SFT2D3",230.493838759652,-0.651752889516887,0.25377152963181,-2.56826638694458,0.0102208578230913,0.0223226060752334
"CSPG4",2389.87456872422,-0.854435064869681,0.197098118116791,-4.3350746979907,1.45710634499661e-05,6.78424866663664e-05
"CDK2AP2",359.101026365157,-0.720911610010144,0.233427890449729,-3.08836964006836,0.00201257969188362,0.00562567460894212
"AES",1224.59311458981,-0.547698154333431,0.200993156907657,-2.72495921134798,0.00643094312568997,0.015162809685107
"FOXL1",132.666173303515,-0.704891123787131,0.300171607681168,-2.34829379511417,0.0188596386807396,0.037544791565157
"MRTFA",310.529741385083,-0.654275389883118,0.257812074377933,-2.53779964131548,0.0111551827968344,0.0241127136152439
"ELAC2",1558.69920114453,-0.462543009401552,0.18609010547929,-2.48558626053887,0.0129338237526868,0.0272936932200425
"NAGK",581.85269672417,-0.543063236338673,0.207266880193257,-2.62011584210809,0.00878999024734298,0.019675107071054
"NAA10",271.239519716891,-0.664424433353591,0.254265837908626,-2.61310933005621,0.00897225953249953,0.0200106860866788
"CDCA7L",275.277460911749,-0.719744160052237,0.242944192108917,-2.96259051844121,0.00305062098283434,0.00801567467164701
"SSNA1",533.344166138181,-1.01668074016555,0.230082946667714,-4.41875747372899,9.92699680943094e-06,4.7860406439234e-05
"CPXM1",308.964313277412,-0.747548901023329,0.250505300935974,-2.98416400064281,0.0028435431569085,0.00756189956127898
"RGS3",1386.1437850196,-0.777640011179185,0.208251506451478,-3.73413870770906,0.000188358669257914,0.000686693962546901
"PPP1R9B",790.400560597972,-0.584469208324492,0.217248531751181,-2.69032524000621,0.00713824117305696,0.0165389305081736
"IQGAP3",2212.0626130275,-0.802311479151483,0.178453532316962,-4.49591257026198,6.92721980726183e-06,3.47167704568494e-05
"SMG5",1541.04010373841,-0.426540294941114,0.18564737076999,-2.29758327937529,0.0215855182120937,0.0420494901128328
"ATG4D",222.953248550779,-0.6831905040243,0.259167202483374,-2.63609938864902,0.00838651633364408,0.0189260690083012
"HMGA1",837.863914733512,-0.794184174954699,0.214202201233861,-3.7076377851394,0.000209201595798096,0.000754070427971432
"ELP5",857.838200225637,-0.559553192828192,0.199082281839028,-2.81066294629187,0.00494395475437384,0.0121126891482159
"DVL2",1092.95619325269,-0.526138117994743,0.19493384147955,-2.69905991695105,0.00695356557841394,0.0162058846468428
"POLD4",283.02361910913,-0.630903248318212,0.249470213142301,-2.52897225833666,0.0114397068866786,0.0245938789670601
"NDUFS6",258.675837554337,-1.17580322522887,0.29145803662557,-4.0342110268841,5.47860658815067e-05,0.000222882235961839
"TMEM222",673.379523989105,-0.517962230072904,0.208408503807174,-2.48532195477081,0.0129434315428724,0.0272989740914876
"AVPI1",217.823821404791,-0.752628750818698,0.25867263681149,-2.90958007810924,0.00361914658945846,0.00926359269264543
"DDX41",655.174858029372,-0.631637426600789,0.215472973453635,-2.9313997782497,0.0033743822648554,0.00873649899490943
"EIF5A",4404.12835538424,-0.764299730493135,0.2024467306178,-3.77531278554486,0.000159807010134462,0.000591979710445697
"SDC3",2181.71926761045,-0.414475445438629,0.186423174585129,-2.22330429873331,0.0261952878551843,0.0492181015927513
"REXO4",645.997009439591,-0.694971191339906,0.235226490809442,-2.95447672134388,0.00313199781057152,0.00819685730540372
"BCL2L12",236.546882669611,-0.695292393075241,0.259825790662746,-2.6759945242608,0.0074507862436743,0.0171706361443279
"SNF8",482.741735486661,-0.49486768783638,0.219975369099451,-2.24965044887662,0.0244711432996515,0.046642668280368
"TSPAN18",128.952005103897,-0.674666536573702,0.302259647753037,-2.23207610274509,0.0256099335562913,0.0483292892926923
"AUP1",1489.04068609135,-0.512796789066856,0.187482458119599,-2.73517210201998,0.00623476688537236,0.0147706372980889
"NOC4L",257.408054238699,-0.570343709992583,0.25095266440428,-2.27271430389665,0.023043402109759,0.044357951212591
"UCK1",673.682467836448,-0.713506907131555,0.22784937705932,-3.13148500268138,0.00173924668958624,0.00496683893061876
"SRPRB",1761.41553072044,-0.627103756194753,0.18978482604091,-3.30428817348956,0.000952179017955358,0.0029169507643832
"PLOD3",1987.71958134604,-0.519210521675628,0.194680764163041,-2.66698419799092,0.00765352703340514,0.0175642500757348
"CTTN",2358.53315747678,-0.414286575344947,0.186080826612523,-2.22637970223347,0.0259887588978878,0.0488836796056373
"DEDD2",249.018175503772,-0.562441506894874,0.246141813091651,-2.28503032390295,0.0223110497447692,0.0431823954582959
"TIMELESS",1067.5115373194,-0.763422236088032,0.200346200779584,-3.81051516383848,0.000138677505233105,0.000520724562517933
"IMP4",800.873654991051,-0.591710799462743,0.20580865713606,-2.87505301135881,0.00403959668547926,0.01020518835959
"YBX1",10432.2177968938,-0.656186421193144,0.182143648753852,-3.60257645919848,0.000315078680771902,0.0010862587190109
"MED15",1249.48781474895,-0.48376416608685,0.193179135101239,-2.5042257583011,0.0122719701266311,0.0261333821672536
"SLC4A2",1272.1678093925,-0.677359479025462,0.196559608846591,-3.446076653287,0.000568788994706612,0.00184525515227992
"SLC2A6",173.999775603021,-0.684512189605487,0.279236778021342,-2.45136831350049,0.0142314249419254,0.0295805636445143
"DOK4",524.039911072776,-0.518506511597015,0.219861027583851,-2.35833752482243,0.0183569936417645,0.0366769323912363
"TP53I13",399.125714317289,-0.902167571817547,0.247022467122343,-3.65216808951523,0.000260035578157432,0.000916933435198527
"GALNT2",2211.28055197622,-0.574584506838012,0.199556335291688,-2.87930977484704,0.00398546649044191,0.0100864605784695
"NR2C2AP",158.996665665838,-0.765597293833732,0.294128824578534,-2.60293187833862,0.00924303173523092,0.0205497592352461
"LITAF",1352.11890750002,-0.445834320608478,0.183258907987201,-2.43281118230617,0.014982111445128,0.030952653507787
"ICAM5",194.358415046296,-0.713241467530104,0.279848604908472,-2.54866901253047,0.0108134875406917,0.0234770563013307
"ALAS1",1308.62125020938,-0.421060451653473,0.187558067755727,-2.24496048979272,0.0247706691005784,0.0471047229121086
"EHD1",1372.70683708583,-0.70281256359255,0.197047549455848,-3.56671557465894,0.000361483455215273,0.00122574965389543
"SLC26A10",377.657534124429,-0.729602051578796,0.229818623799625,-3.17468636577915,0.00149998532910741,0.00435624599280722
"GMEB2",797.983700388823,-0.531891096851881,0.220976879890826,-2.40699885487867,0.0160842202970831,0.0328318441947882
"CIT",2133.71852545104,-0.420647446393513,0.181416567517001,-2.31868264376732,0.0204122502936813,0.0401272002794156
"OLFML3",1546.96582538663,-0.522823811735205,0.192395065430982,-2.71744917450993,0.00657872586523952,0.015470712429114
"MTA1",946.780095105621,-0.537147010078398,0.207323490030003,-2.59086420936028,0.00957352588071459,0.0211562311157207
"TMEM101",743.567084233598,-0.60609841085752,0.204207512191389,-2.96805149014042,0.00299694122284311,0.00789348702067617
"PGK1",4516.81291156412,-0.414482888286206,0.1746541961663,-2.37316306956376,0.0176364755837495,0.0354520380438571
"RBM15B",1646.03936981852,-0.467311187162715,0.204944298987406,-2.28018632121809,0.0225966402673022,0.0436412771445379
"GADD45B",313.274625371267,-0.810533360542257,0.233399599948224,-3.47272814830042,0.000515196917315965,0.00168857257410873
"TOR3A",468.425758743659,-0.545339083270903,0.219971446004324,-2.4791357841062,0.0131701158515785,0.0277239061460918
"RAB40C",231.948645021805,-0.623197258400845,0.254000018241613,-2.45353233718291,0.0141460819863245,0.0294217103384409
"NCLN",724.916564166668,-0.875656383591309,0.24148624905054,-3.62611282022955,0.000287719688380129,0.00100382427761245
"JPT1",2283.55976389602,-0.595253798131234,0.196119973141131,-3.03515133414219,0.00240415020852664,0.00657537407128949
"CTNNBL1",1372.76719377414,-0.546536909121821,0.205714751708172,-2.6567706233199,0.00788931015076818,0.0180093154687047
"KMT5A",881.018393805797,-0.810624011259389,0.198750319634475,-4.0786048180965,4.53067746032512e-05,0.000188027863741292
"MICALL1",744.43555777346,-0.571303460693958,0.205080702632082,-2.78574947989566,0.00534041271902807,0.0129335466339466
"TUBA1B",21691.4818181269,-0.850925771681338,0.179222289363884,-4.74787915443742,2.05560790480798e-06,1.13857901744764e-05
"SCAF1",633.40812768195,-0.701696888633499,0.249983423862529,-2.8069736696597,0.00500093291765093,0.0122371406721654
"SAT2",702.069893772868,-0.536055818897826,0.214597304969985,-2.49796156094692,0.0124909737415622,0.0265085030218659
"SPR",211.446742474223,-0.870791558796537,0.259581001457436,-3.35460435820578,0.000794785681352869,0.00247772871623014
"MRPL12",454.50635638966,-0.863122565428888,0.245019118522393,-3.52267435551159,0.000427215930584696,0.00142809296890487
"COPZ2",646.372609582705,-0.568794205241204,0.222565833125565,-2.55562229500117,0.0105998106195083,0.0230637339001743
"CIB1",531.517996961266,-0.658950860676327,0.208110447075328,-3.16635166536264,0.00154364052393123,0.00447014450142519
"PES1",1015.40129569005,-0.594238838187911,0.207896374062957,-2.85834152166578,0.00425861772460321,0.0106611271849387
"EMILIN2",176.936061877649,-0.695302592349468,0.30383035325666,-2.28845664989275,0.0221109418580447,0.0428453607108313
"DNAJC11",1014.54990100643,-0.485322383639676,0.198142275650116,-2.44936312580093,0.0143109089906706,0.0297332865637402
"P4HB",11449.2199628613,-0.850357231427192,0.18447377517589,-4.609637497885,4.03371685033376e-06,2.11359075619923e-05
"MCM5",688.675565183215,-1.25333567612872,0.209489708093625,-5.98280310538492,2.19329840145325e-09,2.59991228474064e-08
"RPN2",5343.22152025665,-0.490964184490135,0.17120149193087,-2.86775646025552,0.00413393611250987,0.0104063325639936
"TBC1D10B",693.65788788526,-0.721409269363993,0.225249581141581,-3.2027108139684,0.0013614061530127,0.00400928238694428
"SLC16A3",258.313684119262,-0.812442722894292,0.272645527984605,-2.97984980314868,0.00288389749063014,0.00764520086867864
"TRIM28",4765.27816348165,-0.634994684721984,0.187196292518236,-3.39213280444711,0.000693508175690225,0.00219378201437579
"PXMP2",319.565972753859,-0.709395218287775,0.237552688512373,-2.98626474290913,0.00282408038124666,0.00752024417906362
"KIAA0930",756.655496093763,-0.58874773533404,0.223867614954838,-2.6298923828389,0.00854119013721327,0.0192356541474714
"FHL3",398.892756741244,-0.719026597491143,0.219361636704964,-3.27781378864445,0.00104614383063524,0.00317143388533769
"CRABP1",942.873619977514,-0.770593941244041,0.203961675009145,-3.77813106903289,0.000158009716377347,0.000585760364308232
"PDLIM7",356.063025924064,-0.586876736172114,0.247445146205113,-2.37174478939117,0.0177043148029535,0.0355595186525231
"SUMO3",2596.76151225026,-0.660066799144565,0.189607496375256,-3.48122733416729,0.000499121671284118,0.00164293525186904
"CDC34",375.391855452894,-0.568642837717163,0.238259524242064,-2.38665312342117,0.0170025252082693,0.0343942355429082
"CERS2",3352.99621283389,-0.442598771762653,0.176543217140716,-2.5070279047304,0.012175109951101,0.0259606286721237
"BLVRB",791.44687004389,-1.0171748655555,0.213183960788448,-4.77134800288698,1.82997049661084e-06,1.0262350127736e-05
"CFL1",7907.81964718326,-0.643517809448136,0.188826023022672,-3.40799323709142,0.000654425166203206,0.00208615146379367
"FAM89B",402.934421989974,-0.572018424509489,0.229121751292613,-2.49656971144115,0.0125401017821183,0.0265842637479988
"TPX2",5011.27064673187,-0.546933476917652,0.172105361353415,-3.1778991230525,0.00148346354815355,0.00431608530265251
"MAEA",1051.90172450966,-0.543630811035702,0.197058808121854,-2.75872373438664,0.00580275681458743,0.0139204282478881
"CARHSP1",911.271988932748,-0.560196930611492,0.196410887993016,-2.85216841253429,0.00434220885690696,0.0108097308970528
"SRC",1128.33477942379,-0.564159970669622,0.209566340838199,-2.69203522098616,0.00710174448866101,0.0164775121773949
"AP1S1",924.554957456646,-0.816184181385714,0.214797596558746,-3.79978265335242,0.000144823047642352,0.000541745474513983
"TMEM198",267.130266106165,-0.741131650676433,0.249605006310109,-2.96921789203078,0.00298558810838805,0.00787196353138651
"ABL1",4207.01486567671,-0.421070840411712,0.182626779538289,-2.30563579709531,0.0211309913081295,0.0413267243564248
"RBM38",578.070121245407,-0.499576294667881,0.209906631974099,-2.37999290431912,0.0173129714229193,0.0349009757930866
"RANGAP1",1104.93851687167,-1.14204519551273,0.224945143407259,-5.07699423163398,3.83452509130579e-07,2.52186906004948e-06
"MPC2",691.23198274258,-0.59251005198889,0.206310080126594,-2.87193942062996,0.00407961163976507,0.0102931419858258
"COX5A",625.977453378247,-0.626709448004014,0.202021064594566,-3.10219852202913,0.00192089092913204,0.00541217717522031
"COL1A1",38951.1782265236,-0.509425076714518,0.181820433372687,-2.80180322566014,0.0050817859308956,0.0124196338627172
"TBL2",1002.57966614285,-0.582875283610576,0.198605839705515,-2.93483456717508,0.00333725561766155,0.00864942553118984
"DHRS2",131.350528748182,-0.731503882108648,0.300691217360035,-2.43274109743211,0.0149850114597213,0.030952653507787
"MT1E",234.338645337386,-0.560780195305451,0.250391053690193,-2.23961753840974,0.0251157631198988,0.0476054813023283
"GTF2F1",836.478827863237,-1.01230104002831,0.209613240962736,-4.82937545061035,1.3696195022704e-06,7.89085787745775e-06
"PRPF19",2419.11070116208,-0.601457433728702,0.184062682041304,-3.26767722309802,0.00108433953906633,0.00327618826546963
"TXLNA",2655.90845926208,-0.421530345379308,0.185537241167849,-2.27194466580412,0.0230898526688182,0.0444291138639119
"MCM4",3029.91675973944,-0.54815228039576,0.174201989945145,-3.14664763914792,0.00165153858319641,0.0047492530204759
"SNRPD2",3335.42415725121,-0.418030104673802,0.175588742897429,-2.38073408224123,0.017278179534042,0.0348379346155933
"SLC2A4RG",952.793514457573,-0.8946101359274,0.227211468654145,-3.93734586210149,8.23878191735943e-05,0.000324244387348007
"BTBD6",517.8612271943,-0.638291587198879,0.215133791608671,-2.96695178579818,0.00300768119716191,0.00791335153894434
"COL18A1",1363.43474860542,-0.571509226544171,0.228495303167808,-2.50118588268947,0.0123778192100571,0.0263191524255951
"LGALS1",24397.848818323,-0.685005155635106,0.176960111313527,-3.870957983415,0.000108408478317043,0.000416871452362895
"TMEM201",352.329239951559,-0.563534079436901,0.236018263388948,-2.38767149349041,0.0169554900409029,0.0343201309662285
"UNC45A",1028.6094709386,-0.539563581086835,0.214048460874341,-2.52075431368596,0.0117103583499606,0.0250668527136483
"MAN2B1",1258.48046403433,-0.536182308608934,0.195358862175522,-2.74460192201159,0.00605843382007639,0.0144532123285409
"CENPX",194.909950716077,-1.39848458159942,0.293271158017373,-4.76857182633887,1.85536523584636e-06,1.0369511634335e-05
"C1orf159",129.489399474126,-0.716557820931747,0.309591184605336,-2.3145291486423,0.0206387142512609,0.0405241011027535
"VAT1",4799.03936659074,-0.498064241662997,0.192942579323952,-2.58141175166287,0.00983971447446591,0.0216478092616723
"TMEM11",726.488307862024,-0.57778727042108,0.201695464713563,-2.86465177212399,0.00417468045827839,0.0105008861946733
"RIN1",426.491728067757,-0.624149511170135,0.246377780565513,-2.53330275862344,0.0112993311469643,0.0243661829395756
"UBE2C",1998.28970097169,-0.765676636843085,0.183314605980379,-4.1768446804781,2.95580707802161e-05,0.000127147233629978
"TSPAN14",1874.16610389843,-0.662242171891793,0.180156498775233,-3.67592718771705,0.00023698711390665,0.000842866853556603
"UBALD2",394.039775149783,-0.564285039106768,0.223163512012527,-2.52857213985364,0.0114527547576523,0.0246032954153526
"INTS1",1868.05164868476,-0.487968875689128,0.201013658804796,-2.42754088747269,0.0152015732330099,0.0313469108042359
"ZYX",1420.21843204824,-0.53057622934714,0.191586879332914,-2.76937664622208,0.00561636670093245,0.013529033245517
"DDX23",2302.45759484683,-0.499601699073881,0.185960969185889,-2.68659440344426,0.00721845468025161,0.016713044309972
"RPS6KA1",533.292841796111,-0.518693587582977,0.21205397577625,-2.44604509622719,0.0144432933643866,0.0299768751773324
"RFWD3",1119.24312262464,-0.43604178989835,0.185927004933651,-2.34523107632457,0.0190152905238123,0.0378242254028727
"CCAR2",3228.44109986878,-0.413373554116652,0.182996294191292,-2.25891762422544,0.0238885094767742,0.0457170276104237
"CFAP20",798.974724177268,-0.528619127374017,0.197385228481988,-2.67810885059343,0.0074039152763912,0.01708250662138
"STX10",331.94114452008,-0.683315051054577,0.253539876508625,-2.6950989345904,0.00703677340216423,0.0163651276162175
"BAIAP2",1498.34433171691,-0.683278143800428,0.211607335142542,-3.22899082557872,0.00124227880020824,0.00369029878885389
"LLGL1",2140.85228056994,-0.486991602560127,0.183990889407455,-2.64682454728324,0.00812514969529526,0.0184582813137555
"CCDC167",207.096360411673,-0.610013670183853,0.26538944971497,-2.29856036417051,0.0215299164324719,0.0419659536921242
"DHPS",719.20501933742,-0.471759589620199,0.20538661846197,-2.29693440182692,0.0216225121350063,0.0420771185111163
"GNAI2",6462.17337720024,-0.559268057409274,0.185063557462301,-3.02203234974127,0.00251083713555324,0.0068163099198316
"COL6A3",1514.27274715193,-0.639922375265337,0.207538210227742,-3.08339546034978,0.00204652998990212,0.00570607150423977
"MED16",1426.89408027976,-0.524639948172576,0.202625417368292,-2.58921094395078,0.00961961466458715,0.0212438522869441
"CLN6",290.786037416002,-0.776573695856201,0.249719383266077,-3.10978541472993,0.00187223305124876,0.00529770232740429
"DNASE2",362.405895596967,-0.519723078294521,0.231272162841706,-2.24723577584322,0.0246249629146787,0.0468816855028832
"CDCA8",1026.93465236809,-0.719749522589746,0.193429702067814,-3.72098759857166,0.000198445184599491,0.000720546748776874
"EMP2",1477.76915617501,-0.426997777064808,0.181861962372772,-2.34792241045749,0.0188784534315179,0.0375746897376161
"SPARC",38690.9897522583,-0.453444059090571,0.170456131049248,-2.6601804012527,0.0078098807959639,0.0178568260841882
"SRPX",1857.69669765078,-0.498963028177091,0.181956081460026,-2.74221682602407,0.00610260432895263,0.0145305695568855
"RPL3",11556.4080651779,-0.55677557922893,0.187530870965139,-2.96898092758516,0.00298789140895732,0.00787593852619429
"PIK3CD",268.36595368836,-0.802463449091264,0.242140483471802,-3.31404083111411,0.000919580776820423,0.00282495671290147
"CENPT",499.678861513142,-0.520564799797349,0.214830974013505,-2.4231366179284,0.0153871387964036,0.0316701808706182
"OLFM1",1016.27559689713,-0.479327069078342,0.194988079334382,-2.4582378097912,0.0139620685024085,0.0291062666463435
"RECQL4",409.39136920474,-0.958359041731121,0.247091227232443,-3.878563607722,0.000105075053980303,0.000404682056146707
"RBM42",561.454021191144,-0.701557066534035,0.253689930337178,-2.76541156206555,0.00568510182280772,0.0136779625284761
"ITPRIP",862.207810766559,-0.519688682140047,0.207930678424997,-2.49933625031433,0.0124426187742402,0.0264342220707082
"MLST8",811.561828522704,-0.64888419757818,0.21122277584454,-3.07203707073597,0.00212603320062707,0.00590942898618556
"GPS2",651.172713736163,-0.501618301911381,0.200493648862733,-2.50191616919901,0.0123523169537099,0.0262818644040888
"PTGES",4576.11995649047,-0.535501239160299,0.18308755503244,-2.92483691240193,0.00344636788444044,0.0088880013861885
"FAM32A",1517.22521001451,-0.526186756120346,0.193245371221855,-2.72289448794227,0.00647127219771348,0.0152506314792781
"RPL13A",32665.2880426554,-0.54958267666843,0.183834644671044,-2.98954899198604,0.00279389638678277,0.00746194698164224
"NDUFB10",743.08094364753,-0.720169318381651,0.212995409845307,-3.38114947596613,0.000721832642216384,0.0022732101472026
"DDX11",511.343166182262,-0.571044634575425,0.230548606891012,-2.47689475237375,0.013253097669441,0.0278393804609776
"PRKAR1B",205.874483375248,-0.63937565992638,0.276378310396417,-2.31340751381433,0.0207002443659367,0.0406207412240367
"LIG1",481.948347496439,-0.797942264935539,0.219601383317145,-3.63359398234375,0.000279500572834719,0.000978252004921516
"COMT",684.360316114796,-0.672783467137312,0.217700294307136,-3.0904113808323,0.00199879441256093,0.00559820800665762
"PTGIS",479.81973156966,-0.559146686671446,0.221386625990806,-2.52565702272668,0.0115482161387988,0.024784094393285
"PIMREG",883.320429879013,-1.1485769018002,0.19785459052678,-5.80515669988836,6.43058342332834e-09,6.60954462347912e-08
"FEZ1",1089.36283054173,-0.593483180472794,0.205565725661494,-2.88707263121327,0.00388844457491171,0.00987373637826477
"RPS2",8723.96267123087,-0.466404182964132,0.180814840238049,-2.57945742921375,0.00989556545316779,0.021741688536172
"APLP2",16183.3629224027,-0.496427589641002,0.175246266142898,-2.83274274863129,0.00461505101278482,0.0113971494322715
"HS6ST1",1137.27367653849,-0.664024629814929,0.208112375358852,-3.19070227645011,0.00141927451477286,0.00415620684829047
"EXOSC4",237.340750952362,-0.88011855472662,0.263670503685894,-3.33794847138113,0.000843993995279753,0.00261384623444274
"H1FX",547.883237950649,-0.869405947343773,0.244308104153262,-3.55864554864856,0.000372772197464303,0.00126186703505529
"ELN",639.006951955059,-0.568408842407334,0.229329109674828,-2.47857257725937,0.0131909271629033,0.0277559092386091
"TOMM34",2020.92295258643,-0.428811588479933,0.193459280081067,-2.2165470082399,0.0266540621887879,0.0499378965634341
"CRABP2",1401.06202533631,-0.95959130714214,0.201554468161142,-4.76095278808183,1.92681123623592e-06,1.07203921395521e-05
"DNM2",2687.92813584783,-0.444464840316119,0.190435390661993,-2.33394033940365,0.0195988461006786,0.0387978757409034
"DDX49",848.217141202703,-0.589037795775385,0.212631519790479,-2.7702280280732,0.00560170605007835,0.0135035768347968
"MSN",9144.13520658794,-0.423463951521736,0.176281675606398,-2.40220062615723,0.0162967677754783,0.0332177527680569
"KIF20A",1465.34884997031,-0.714379898432,0.192782619999386,-3.70562397395718,0.000210870953391175,0.000758982071514853
"JUNB",1225.20481893667,-0.689104318595109,0.20093497810974,-3.42948910676347,0.000604718706766269,0.00195094711850474
"EMD",686.321543982849,-0.511381654018691,0.205110688096172,-2.49319847134887,0.0126598059872117,0.0268035849543148
"SLC12A4",1536.3688725279,-0.63086719122589,0.197129603450896,-3.20026612026862,0.00137300750759975,0.00403984194715288
"AIF1L",149.437085171552,-1.14079313514469,0.293526316053089,-3.8865105878219,0.000101695493052291,0.000392582679497495
"PARVB",231.723221617185,-0.598692519554273,0.263427181030033,-2.27270594178365,0.0230439063583697,0.044357951212591
"LAYN",1031.82084916651,-0.449369511929462,0.188744274133185,-2.38083785054253,0.0172733134073403,0.0348352192554715
"NAA38",531.184011881687,-0.751180171342903,0.211197342600396,-3.55676904876688,0.000375443946430753,0.00126917492546844
"HK1",2071.09625429888,-0.610410564856205,0.193599201954692,-3.15296012944857,0.00161623880284214,0.00465857066701559
"MRPL11",651.377046349214,-0.563260377177707,0.201346266409879,-2.79747117848752,0.00515043621427063,0.0125533163380573
"ACOT7",872.31686620721,-1.0615800601096,0.208086398004589,-5.10163119881668,3.36738459612161e-07,2.24145075537402e-06
"GSTP1",5177.17372854379,-0.585601589354838,0.178212966628122,-3.28596510363252,0.00101633600182815,0.0030924358272656
"TNNT1",260.802459770038,-0.763992040163881,0.280355130426708,-2.72508671056265,0.00642846018458243,0.015160566811293
"PTPN1",3551.53217564123,-0.413398329416559,0.174262312728701,-2.3722761562344,0.0176788717052413,0.0355156225164357
"ILF2",4475.21262098746,-0.489124820360183,0.182498855328115,-2.68015281236031,0.0073588557707981,0.0169943897385347
"RANBP1",827.197755908059,-0.713776459258972,0.19462756374362,-3.66739656772984,0.00024503261721607,0.00086805040987998
"ISOC2",651.905504330147,-0.76056031020791,0.224137177354615,-3.39328048646121,0.000690608845966733,0.00218740683436119
"CTDSP1",1429.01861038734,-0.528543637716548,0.211508847289731,-2.49891975909893,0.0124572513998028,0.0264596296899674
"PELP1",977.585901329102,-0.62652794964944,0.2054016869392,-3.05025707911977,0.00228645560923986,0.00629522604179587
"SUGP1",437.358145573983,-0.522586387059159,0.234484257049295,-2.22866299697594,0.0258363360476682,0.0486822871120922
"TLN1",4920.72463307795,-0.491284717559266,0.185552828655276,-2.6476811004158,0.00810459372498718,0.0184200387347699
"LYPD1",145.86030246161,-0.953632605580272,0.293410882371458,-3.25016099564082,0.0011533969198944,0.0034594917312469
"TRIP6",935.021594130092,-0.631554633537419,0.220101060688525,-2.86938477970881,0.0041127114358801,0.0103660855086176
"DIABLO",522.19352154484,-0.738381950380631,0.224932211483984,-3.28268657258636,0.00102822918834296,0.00312574094171332
"THAP7",220.867125113044,-0.739654349058054,0.266966908257796,-2.77058439147001,0.00559557979046235,0.0134953822529231
"TRAPPC2L",553.424271194805,-0.541462050118676,0.221855140069823,-2.44061079652365,0.0146624474298505,0.0303744044915573
"PLEKHJ1",201.536461029104,-0.739414425672538,0.309440928658744,-2.38951721376191,0.0168705332577649,0.0341901183835702
"EXOSC5",330.966719473517,-0.72289745278258,0.243852881417929,-2.96448189818039,0.00303193080304726,0.00797079710187565
"SDHA",1455.52333209532,-0.516977094205982,0.206265101200837,-2.50637209686098,0.0121977179586335,0.0259941297399132
"S100A6",14652.1172320668,-0.446941430644269,0.169054358850669,-2.64377348021571,0.0081987503708352,0.0185913473471997
"ILVBL",802.708784525337,-0.984280910461624,0.225199808073695,-4.37070048540861,1.23848580197135e-05,5.86252150545786e-05
"UBL7",584.359559905962,-0.506423615283291,0.215505827281706,-2.34993003052907,0.0187769403708353,0.0373982652003741
"AAAS",716.905659085579,-0.589689846375387,0.217091307236003,-2.71632178129697,0.00660117246155335,0.0155161256291748
"STOML2",1015.45816591698,-0.674626487778327,0.20066786397471,-3.36190595950805,0.000774064807685154,0.00241693800204027
"APLP1",472.600990901441,-0.658015159033367,0.22055366403547,-2.9834696327128,0.00285000315735507,0.00757094236486862
"TYK2",787.672133231555,-0.465502619926917,0.200383602255815,-2.323057449245,0.0201760664277762,0.0397497423372072
"TNFRSF12A",666.466222417539,-1.08692746209089,0.223817491804704,-4.85631151223562,1.19592511628518e-06,6.96719646909403e-06
"STMN4",144.195782655955,-1.24204579176264,0.298201736607829,-4.16511924407765,3.11189872421772e-05,0.000133224799188179
"ID1",6414.18976347469,-0.64004749512299,0.192522935590086,-3.32452594887582,0.000885689908804787,0.00272676787475887
"UBALD1",191.520453449826,-0.754345224500397,0.272678937784211,-2.76642277775542,0.00566750059652688,0.0136389304411435
"FLII",3624.27796211227,-0.606509930524803,0.186571721206068,-3.25081382432504,0.00115075187150726,0.00345260443291266
"ATP1A1",3980.19618603986,-0.408343050377844,0.180152593300194,-2.26665097014401,0.0234115557759876,0.0449432853123983
"RITA1",219.951127901838,-0.660160271512545,0.264390626194683,-2.4969125457059,0.0125279849244506,0.0265699581706046
"PTTG1IP",6100.54142552416,-0.510194323008238,0.170941335631575,-2.98461645407899,0.00283934098692512,0.00755275385342242
"KANK2",2777.13592255736,-0.424895675276539,0.179625509747604,-2.36545285730056,0.0180080358070089,0.0360597892813623
"PIM3",445.790950973227,-0.590479870812633,0.225686606540727,-2.61637090416385,0.00888699628436511,0.0198518368816624
"USP5",2060.5318175501,-0.670846406413539,0.190843343668793,-3.51516795669744,0.000439475948976875,0.00146511719197478
"CRELD2",160.358376128931,-0.723483583283148,0.302916894144174,-2.38838967805739,0.0169223881534923,0.0342741555030217
"DGCR6L",317.28235586892,-0.903557023996775,0.251721052725426,-3.5895171032133,0.000331291095588583,0.00113582239838441
"NELFB",1600.91349912022,-0.576346817494727,0.192855843070345,-2.98848512090194,0.00280364151062015,0.00747788835141962
"MAZ",1293.05636423951,-0.528660819953593,0.204421319830895,-2.58613348348852,0.00970593344247221,0.0214058220172883
"NDUFAF3",841.080605163465,-0.429939473437037,0.193059180391355,-2.22698279649534,0.0259484235775531,0.0488191401958982
"NME4",555.468244183433,-0.927909091918393,0.214472589981052,-4.32646937308105,1.51518376054513e-05,7.01520946074058e-05
"RABL6",1257.25400734792,-0.583147895317539,0.213168894892264,-2.73561438507369,0.00622639423344187,0.0147578664086704
"RAB11FIP5",1680.64835201805,-0.606858063295747,0.196557791440752,-3.08742817492773,0.00201896555368485,0.00564033899248452
"PUS1",157.288304223884,-0.664470797858075,0.285744307102134,-2.32540345106708,0.0200503971256966,0.0395415084180404
"TUBA1A",21293.3775776681,-0.523345327129421,0.176315946296149,-2.96822458843503,0.00299525389426199,0.0078916299267626
"TIMM44",495.555189242117,-0.702029235048802,0.233128015849255,-3.01134650201264,0.00260091866506512,0.0070242545557475
"U2AF2",2024.5211626816,-0.611075969017216,0.200041486696391,-3.05474618844772,0.00225251059074786,0.00621559794458386
"NUDT1",137.557834322191,-1.34254403181773,0.324394333086911,-4.13861740136515,3.49405064552288e-05,0.000148048430177164
"YJU2",307.753820306,-0.586546530279312,0.245883782778062,-2.38546244755287,0.0170576637758936,0.0344705504397294
"CDH23",264.710902720772,-0.574653801724009,0.24937954874429,-2.30433411487664,0.0212038953330834,0.0414202005144778
"ASCC2",773.15426890836,-0.477793202707707,0.20413069354602,-2.34062401105785,0.0192515437475639,0.0382130348907424
"GPI",3931.09956892623,-0.424683540973659,0.189208769578932,-2.24452355944577,0.0247987348259503,0.0471398781014727
"DDB2",463.366666884037,-0.585239806198168,0.215977616953882,-2.70972434297733,0.00673391478536795,0.0157831609153616
"DEF8",656.711735772642,-0.691716308540603,0.209278499393097,-3.30524306389125,0.000948940655787249,0.00290883078692542
"NCAPD2",6622.38752184868,-0.712233296883054,0.172882666725823,-4.11974959879926,3.79284360270413e-05,0.000159412169764609
"GPX7",1145.69008817696,-0.476048647995961,0.18738487172644,-2.54048602541905,0.0110698517389431,0.0239653089483942
"DAPK3",790.568472787718,-0.683508285676172,0.239622022599623,-2.85244352026117,0.0043384521349321,0.0108057370990332
"NXT1",448.07892588265,-0.580527920569937,0.219373987937857,-2.64629332778682,0.00813792158849963,0.018483053667501
"OGFOD3",320.872267014336,-0.573385042217137,0.242896217680462,-2.36061741797661,0.0182445416347701,0.0364890832695401
"MEPCE",918.555734064851,-0.529634085423599,0.201533950813651,-2.62801420448174,0.00858849293451021,0.0193158152842041
"HDAC10",180.327328466962,-0.737239814182255,0.28950784549177,-2.5465279289062,0.0108800504868268,0.023611212391715
"URGCP",753.222657331618,-0.482577704362032,0.201084426176717,-2.39987607960217,0.0164006229528177,0.0334019271578169
"SERPINE1",3924.92969210453,-1.56317884808449,0.173079110562184,-9.03158586271373,1.69201676896226e-19,3.3495163958377e-16
"RPUSD1",184.934658465082,-0.744096206238541,0.273949927343562,-2.71617595760617,0.00660408086122035,0.0155192764397814
"BRAT1",651.189323575438,-0.656912447744274,0.222753077755482,-2.94906115041595,0.00318740901036466,0.00832426764764893
"KCTD5",1000.5734978889,-0.517867073608415,0.19550189329205,-2.64891078489353,0.00807516455910005,0.0183615848394147
"GPT2",481.979522761647,-0.525579365992318,0.217352224350001,-2.41809978050181,0.0156017979032516,0.0320320671326248
"CD70",1062.99795478955,-0.855308317397649,0.192939030303452,-4.43304973624276,9.2909422418928e-06,4.50792874069877e-05
"TUBG1",1050.97933726079,-0.792148697048644,0.194670279880054,-4.06918147719685,4.71785897544763e-05,0.000194978572605347
"UQCRC1",2160.6219540291,-0.6083501261491,0.196926154604707,-3.08922970323699,0.00200676217776427,0.00561416959737443
"SLC52A2",366.935142723419,-0.831955024045893,0.255025480466116,-3.26224274737297,0.00110534446574774,0.00332746335826372
"LAGE3",145.435556089722,-0.836033616549141,0.346983327046956,-2.40943455025435,0.0159772615134599,0.0326606638703481
"VPS72",863.855377921072,-0.633025125115322,0.211738330672605,-2.98965767371671,0.00279290259908977,0.00746194698164224
"ITGA5",4873.96985064462,-0.515411173281417,0.176929712515026,-2.91308433137055,0.0035787793885525,0.00917925845760369
"HMGN2",6533.23678790206,-0.732067808471679,0.183450786239341,-3.99054058845286,6.59228658587788e-05,0.000264069652516521
"AHCY",2990.11302791155,-0.53145369124499,0.184822526309873,-2.87548115403398,0.00403412227388983,0.0101965633981005
"PITX1",163.250686392732,-0.729004122673292,0.294224660440107,-2.47771251255022,0.0132227639102319,0.0277933568026069
"DPM3",236.390250350164,-0.780095852775817,0.260215816695529,-2.99788023142569,0.00271864490439609,0.00730234661159091
"C9orf16",166.70914743838,-0.685499237601688,0.288641731858391,-2.37491381855344,0.0175530480044316,0.0353058461995253
"NFKBIA",2238.65630539427,-0.494620428991002,0.18582507659153,-2.66175285953601,0.00777349301504946,0.0177900656330542
"ODC1",8021.12445951779,-0.532313235340687,0.178247693882102,-2.9863681473084,0.00282312551766674,0.00751972453548585
"EZR",776.117738781819,-0.457128757866277,0.199065790916039,-2.29637023901852,0.0216547211261231,0.0421030290329468
"GNB2",1936.99196471524,-0.902707662711671,0.193844179063242,-4.65687268544267,3.21048841333682e-06,1.71214516784525e-05
"SYNE3",1451.25744994115,-0.512168001263439,0.183367652426875,-2.79312078485428,0.00522021959048563,0.0126921477540228
"B4GALT2",1108.43642810439,-0.685539177708617,0.204374001259115,-3.35433652756769,0.000795555444459813,0.00247934754070001
"ERGIC1",2166.73314690396,-0.627000580425674,0.18437388060432,-3.40070176084899,0.000672131146734025,0.00213571559883576
"CENPB",1574.35394329692,-0.548249752385324,0.204546731146578,-2.68031539449266,0.0073552822028086,0.01699406705028
"ELOVL1",2103.88399384504,-0.685100530229025,0.188981489269778,-3.62522558625315,0.00028870932168021,0.00100654326617808
"CSNK1D",2430.68503437264,-0.521174164998997,0.188973350609629,-2.75792413754472,0.00581696958675228,0.0139443848315994
"RACGAP1",2424.56197433912,-0.472329582508321,0.177687578672373,-2.65820259377399,0.0078558652830723,0.0179453853154511
"MRPS11",529.570684970248,-0.496270578927992,0.213098410599424,-2.32883285019364,0.0198679223933328,0.0392442019256052
"STK25",1204.30796518212,-0.554828752423429,0.197190871150799,-2.8136634783622,0.00489804740684268,0.0120121093243134
"PPP1R15A",3043.04198455721,-0.798324083238694,0.209468706147129,-3.81118544112244,0.000138301964985705,0.000519693478463358
"PMF1",154.852607074022,-0.781105490798399,0.289168998004495,-2.70120758514458,0.00690882026589819,0.0161281846678916
"RPL8",19571.9987716137,-0.772995423888045,0.200495600926811,-3.85542336248176,0.000115529519764595,0.000441680643735019
"NKIRAS2",1093.60798889423,-0.469840898076867,0.190902207273279,-2.46116011327352,0.0138488546644526,0.0289067826800405
"ENTPD6",1142.23015671535,-0.574638204577744,0.191767266467219,-2.99653958240039,0.00273062785378465,0.00732658023766887
"CD151",4199.3745786066,-0.584707214292718,0.185828172869114,-3.14649391028858,0.00165240702494486,0.00475037023900792
"STT3A",5377.87686842236,-0.406971557020899,0.17313668736522,-2.35057955199537,0.0187442004281608,0.0373450273425797
"ARPC2",3153.05436873382,-0.408198493738983,0.182533451437113,-2.23629417252112,0.0253325079268651,0.0479245343004798
"ESYT1",3465.11183450926,-0.437861558403028,0.176700843125765,-2.47798228156378,0.0132127706500005,0.0277873374800198
"BMP7",244.044453354285,-0.770647195598301,0.249625644219569,-3.08721164449132,0.00202043688503755,0.00564259234192921
"NGRN",1269.78288390478,-0.590281161447745,0.195425719805236,-3.02048861345389,0.00252367197009767,0.00684739724781433
"R3HCC1",533.45785075891,-0.719256705078161,0.225873629511701,-3.18433234828284,0.00145088327478303,0.00423748676712967
"COX4I1",3511.29409903963,-0.525133272845281,0.201129928750455,-2.61091562109993,0.0090300170899762,0.0201304299902217
"RCC1",493.158286024351,-0.892393488263443,0.225265735199772,-3.96151455289923,7.44758418390786e-05,0.000295574130923496
"NOP2",802.851115373133,-0.526594035624469,0.199719637260721,-2.63666629304476,0.00837251514596025,0.0189040102454548
"UBAP1",1002.72609990561,-0.448595739653929,0.201069759424189,-2.23104528964768,0.0256781291829747,0.0484271584467971
"ELF4",755.384917332373,-0.578615963122705,0.197438863137447,-2.93060825983333,0.0033829909338004,0.00875272926378808
"TRIP10",686.806112641239,-0.787482778533291,0.224802681086537,-3.50299549243432,0.000460057248437536,0.00152499887643494
"COL5A1",13307.9763821199,-0.504713581087945,0.1780826297027,-2.83415390894968,0.0045947197024186,0.0113526049961406
"COX5B",1697.58082793529,-0.498631024957078,0.18406837648688,-2.70894454807461,0.00674976199092161,0.0158128151919863
"MAGED1",6571.67759717868,-0.389233593681316,0.172581372646728,-2.25536271795724,0.0241105708729879,0.0460885342798057
"PLP2",1374.28778557798,-0.458737996581493,0.188912985494976,-2.42830314379682,0.015169657822177,0.0312876168209852
"CAPS",731.734418790098,-0.487607490149248,0.21792177185467,-2.23753453360516,0.0252514248876077,0.0477985472437448
"GINS1",615.646071506149,-0.49004836034197,0.205380223523833,-2.38605427501204,0.0170302374767748,0.0344362187017603
"NT5C3B",783.337206058628,-1.14391255429477,0.219878116611663,-5.20248477621395,1.96641472352226e-07,1.3794169336232e-06
"BCAR1",1393.78659468304,-0.661715983816251,0.210967740470436,-3.13657425699632,0.00170934144388511,0.00488990219987713
"CDR2L",526.495702076971,-0.63167588499565,0.211093634154079,-2.99239665623732,0.00276796364086837,0.00740267606520269
"GSS",747.779039239921,-0.652504732828151,0.208799517493325,-3.12502988829469,0.00177786994637597,0.00506253070461143
"CLTB",136.688370318106,-0.936411817138106,0.311447991199413,-3.00663945056093,0.0026415286385684,0.00712226926302097
"ABHD12",1017.86502217813,-0.510916398326923,0.197551836499704,-2.58623967956728,0.00970294331709776,0.0214039966464528
"RUSC1",464.930885544843,-0.681097324538946,0.222865773153229,-3.05608759435064,0.00224245733430285,0.00619476491625163
"PCBP4",599.150524884554,-0.607077688595546,0.212427156475517,-2.857815821046,0.00426567905708758,0.0106740232151661
"TEX264",518.832208172231,-0.520037817425456,0.226469542916048,-2.29628148107418,0.0216597922646762,0.0421030290329468
"RAD23A",2008.4938419367,-0.808270746275704,0.201227507057386,-4.01670108672172,5.90185058254749e-05,0.000238434763534919
"ENG",1558.26070920824,-0.430440296121142,0.193245136213181,-2.22743146117942,0.0259184517252132,0.0487720218966084
"PFKL",1092.58228658824,-0.708012320317849,0.21277416818015,-3.32752949464427,0.000876197133459819,0.00270006202583602
"GAPDH",76831.4464449791,-0.534194087417369,0.176347199937597,-3.02921785889656,0.00245187802196524,0.00667639302927426
"EIF3G",2080.95300503883,-0.817722163682951,0.205379601686225,-3.98151596832996,6.84771197015476e-05,0.000273411266964872
"GAA",790.920942549663,-0.542233156509017,0.206261264450703,-2.62886566681846,0.0085670195154897,0.0192811670153228
"SEPT9",10065.1504291665,-0.676369470018849,0.194664302078345,-3.4745429069303,0.000511724517209875,0.00167939299447723
"BLVRA",413.108451112633,-0.688208522892118,0.227535011104277,-3.0246269334644,0.0024893998603745,0.00676367823716355
"AARS",4525.99246431719,-0.655514217102844,0.186860725909138,-3.50803634050737,0.000451427379705817,0.00149940543769402
"TRAFD1",1512.56817950633,-0.586008272838925,0.188533364985991,-3.10824703565052,0.00188200682990984,0.00531927572885426
"IRAK1",783.587399396326,-0.857583801904774,0.204804905555508,-4.18732060923386,2.82266963302398e-05,0.000122103743055049
"MYL9",390.430249418662,-0.679734904394774,0.250035245173422,-2.71855635361854,0.0065567485636042,0.0154263601812585
"WDR45B",1775.96959656741,-0.47010350035933,0.182223376945386,-2.57981993441063,0.00988518442812707,0.0217285266421501
"UCKL1",683.222860180485,-0.470217839168304,0.202302703108421,-2.32432800918284,0.0201079207338023,0.0396343497495089
"DPP7",500.108466837144,-0.607839915900419,0.240832024620293,-2.52391648020553,0.0116055497705427,0.0248747794778761
"SF3B2",4623.16441720126,-0.59067597434714,0.203908372290906,-2.89677156318256,0.0037702417680279,0.00960315311887292
"MPG",340.584470802237,-0.992061890253594,0.252400820665392,-3.93050184083503,8.47687445056513e-05,0.000333084967493822
"TPD52L2",4577.90179027718,-0.582278616827474,0.175779728472721,-3.31254702625073,0.000924505819742765,0.00283832462897453
"PCDH1",75.1247278975629,-0.955260444986618,0.374517306905776,-2.55064432904018,0.0107523993301057,0.023354673813778
"PEX14",474.990856370684,-0.500383822467704,0.213448199131587,-2.34428692536884,0.0190634996089909,0.0379048853213724
"HLA-DRB1",854.723703060385,-0.777532763219579,0.205388864335437,-3.7856617287183,0.000153300093579393,0.000570866939897982
"URM1",1661.08082898899,-0.5394633649247,0.189587991111024,-2.84545113729691,0.00443485629854877,0.011015203527841
"UBE2I",2198.6412112095,-0.694535446026085,0.189299013312659,-3.66898608646704,0.000243514330223312,0.000863289699337516
"SRM",1120.17667337911,-0.510498479602937,0.200660864298234,-2.54408592023308,0.0109564130484402,0.0237665080765859
"LSM7",925.616491486846,-0.844616344359666,0.201437734278159,-4.19294005359175,2.75362227684443e-05,0.000119698521283294
"ZNF687",615.592577603198,-0.529866311842272,0.203629931843043,-2.60210425376309,0.00926536815032345,0.0205901692752361
"PAK4",519.449309238364,-0.705927656214259,0.247703135582536,-2.84989390446791,0.00437338147000459,0.0108763140176144
"EEF1G",13073.6688344517,-0.453996280331994,0.183967572076919,-2.46780601171479,0.0135943969248601,0.0284656951051969
"NDUFB6",412.996434474413,-0.49850796520307,0.219395294396193,-2.27219078045878,0.0230749898859852,0.0444091483358899
"TAGLN2",3428.32424276892,-0.872102085664565,0.18836065815834,-4.62995879389771,3.65738507222716e-06,1.93380328231327e-05
"SNRNP25",183.66793484626,-0.752001834616632,0.297440937180065,-2.52823919177401,0.011463622267908,0.0246185578667288
"MTHFD1",1376.00238263449,-0.484001580894025,0.189775976247096,-2.55038382868775,0.010760437905227,0.0233670062277176
"SAP30BP",1639.28398779697,-0.568150540851304,0.199018354425118,-2.85476453914242,0.00430687466742276,0.0107595773493565
"NDUFA13",1403.34681900807,-0.782306061598876,0.211178115296862,-3.70448453192772,0.000211821032335043,0.000761294327542577
"LDLR",12892.6953801871,-0.526887374357783,0.170189252639786,-3.0958909930286,0.0019622248290285,0.00551137949992171
"SEMA4F",178.165645456538,-0.637301310385802,0.278495598365324,-2.28837121350049,0.0221159125628208,0.0428466045305932
"USB1",362.39663012076,-0.576309766143568,0.227774295757293,-2.53017911537157,0.011400431141211,0.0245307537903709
"C1orf43",4508.4381095147,-0.40126817936631,0.177547759834103,-2.26005768668243,0.0238176708120307,0.045599092011118
"CTSD",3232.20122205486,-0.570345324267733,0.208348480014707,-2.73745853210675,0.00619159254830462,0.0147019956178515
"SLC25A39",702.098537185913,-0.593697160518989,0.208616034090566,-2.84588460856872,0.00442882404052816,0.0110031376388423
"EIF4A3",1419.43824200707,-0.454453518012681,0.194941122258805,-2.33123474794275,0.0197409848231439,0.0390558200638574
"SMTN",437.383152246042,-0.579891303760585,0.239477375222756,-2.42148680317372,0.0154571622668937,0.0317902526512652
"PGS1",483.276222077308,-0.538502393964525,0.213637218813054,-2.52063941365829,0.0117141824178046,0.0250696167722011
"ELFN1",410.587878253815,-0.713598997102769,0.238695299295777,-2.98958127457097,0.00279360116053548,0.00746194698164224
"TBCD",1148.40435053626,-0.616457789472573,0.205778559201673,-2.99573382117237,0.00273785308149649,0.00733800969419233
"STK10",492.644926675334,-0.578051178638059,0.215273468582905,-2.68519470812281,0.00724875639297989,0.01677143309437
"GADD45GIP1",286.730878739147,-1.1062031141374,0.262752435891478,-4.2100584543935,2.55304624350173e-05,0.000111863885427978
"MTLN",489.542502318964,-0.535025013190244,0.230831658513642,-2.31781470806624,0.0204593934078655,0.0402118895851971
"TXNRD2",227.773130478828,-0.661518307200506,0.272834761329252,-2.42461152668959,0.0153247754478386,0.0315615121478791
"TMEM8A",507.304436569851,-0.581400672464314,0.209427053438186,-2.77614884476193,0.00550070195709204,0.0132738893716951
"ZNF777",424.956226725648,-0.618693318915394,0.239591093619392,-2.58228847144975,0.00981475081221312,0.0216121031233116
"EIF5AL1",481.068207335976,-0.70648638877696,0.237275246132376,-2.97749723282474,0.00290612267915065,0.00769523870471726
"TMEM39B",818.028364983266,-0.476453045786116,0.202099440925739,-2.35751788131462,0.0183975692355559,0.0367431679365481
"CLUH",792.207387533255,-0.537940738878567,0.205353024178287,-2.61959005001811,0.00880355262829891,0.0196968785951333
"CYB5R2",115.426616374499,-0.722996851638303,0.319677535172909,-2.26164422610192,0.0237193932233069,0.0454461002950624
"FADS2",5391.88250273848,-0.534878971916896,0.178219841294618,-3.0012313333434,0.0026889020342304,0.00723226965619906
"HNRNPAB",862.691182833229,-0.652338646743796,0.208403893736716,-3.1301653488678,0.00174707933934756,0.00498776789756623
"PLEKHG5",470.243494054035,-0.553970072747288,0.222810069811573,-2.48628831370042,0.0129083340186106,0.0272598016036287
"PAQR4",124.250446709778,-1.00562556696182,0.310697858057283,-3.23666720218076,0.00120934356531136,0.00360436091823302
"C12orf57",998.3607374553,-0.472889044943368,0.195789481947904,-2.41529340717698,0.0157225388505904,0.0322198114996156
"TBRG4",1141.84525183272,-0.549665724338349,0.19574160782345,-2.80811898119342,0.00498318119078108,0.0121997347084717
"GANAB",15550.8156010721,-0.532334450326923,0.177147713021572,-3.00503145791161,0.00265553382894992,0.00715029212158497
"PEMT",458.197672875805,-0.650570328901887,0.224180876724199,-2.90198851217027,0.00370802137738822,0.0094624779382393
"CNN2",1027.07903514791,-0.670742313103962,0.221080061783737,-3.03393398614159,0.00241387243426567,0.00659467550493005
"DGKZ",424.983407641478,-0.546846094151306,0.220075203539288,-2.48481466951674,0.0129618895805391,0.0273320799037444
"ABCB8",293.866136229946,-0.647247755288224,0.254423581198947,-2.54397706469711,0.0109598280644387,0.0237687068759453
"GINS2",273.805868278175,-1.23340237928125,0.249549072019763,-4.94252440731807,7.71174472255934e-07,4.73222872063809e-06
"EHD4",110.127252414022,-1.00023779065327,0.327758323326324,-3.05175405006392,0.00227508432876202,0.00626740458839034
"MTHFD1L",531.579156988446,-0.53016884406954,0.211953864894702,-2.50134077212003,0.0123724064396747,0.0263189509864389
"SIVA1",290.892811296079,-0.944118509786524,0.247263665380904,-3.81826625570778,0.000134392836154581,0.000505979571037671
"CBX2",420.789029482528,-0.506111433400089,0.225079217606539,-2.24859246794088,0.0245384360670241,0.0467439261338346
"STK11",604.99846247809,-0.638928749101714,0.223310928215404,-2.8611620318259,0.00422091267716412,0.0105983241193735
"AGRN",661.924874405099,-0.575590021806329,0.22229142687075,-2.58934872077187,0.00961576625963534,0.0212400924878087
"DOK1",266.591921671579,-0.673734719639435,0.256960264630369,-2.62194125853888,0.0087430499017541,0.0195808270681365
"TMEM183A",971.158448371495,-0.530672293079761,0.195081220489972,-2.72026334337518,0.00652299448749213,0.0153578971068499
"TBC1D10A",290.186478616816,-0.839868877764067,0.28052896441152,-2.99387580004761,0.00275458049926528,0.00737685004916876
"SND1",4622.88890512521,-0.571039375828379,0.181381241618903,-3.14828242839014,0.00164232931176458,0.00472551614181565
"SYDE1",589.849410518159,-0.64202922185935,0.212985374918006,-3.01442867664747,0.00257463739005631,0.00696658307457009
"GALE",378.461432260352,-0.631350601947195,0.221642367908472,-2.84851045359664,0.00439244103308572,0.0109209699436027
"COTL1",2904.19290268454,-0.898248565028913,0.189703247734074,-4.73501943566132,2.19034108220019e-06,1.20711549242213e-05
"THY1",768.511558906335,-0.896611272516039,0.210503036036378,-4.25937454109257,2.04999721146865e-05,9.20638493607835e-05
"IL17RA",456.481108428342,-0.511322212083368,0.217275967575016,-2.35333073321526,0.0186060767899569,0.0370997075074522
"RBM10",788.93715632824,-0.513878894380985,0.211518816153161,-2.42947130532767,0.0151208617997496,0.0311999770885807
"NQO2",379.047174073127,-0.553940349637718,0.229321294700103,-2.41556437382816,0.0157108450825409,0.0322025149362165
"RRP1",453.80457202565,-0.654709554290872,0.234409383311241,-2.7930176900025,0.00522188361691176,0.0126930756483774
"CMC2",358.686325090941,-0.700099851529383,0.232287724379858,-3.01393391923077,0.00257883968947687,0.00697604680143266
"MANBAL",1525.14079286257,-0.531572726543278,0.188735819379485,-2.81649094639774,0.00485514113546306,0.0119186971624041
"ECH1",1885.46732383358,-0.507774160796288,0.196170612330354,-2.58843133925274,0.00964141659101178,0.0212872499259056
"POLE",1901.15004604796,-0.566164021117995,0.190427522113191,-2.97312076970399,0.0029478843627173,0.00778915094024981
"CACNB3",222.897138358713,-0.705009676888928,0.263162352726138,-2.67899138910117,0.0073844292834226,0.0170454946472288
"PNPLA6",1216.6029934343,-0.521881682597906,0.207248384718948,-2.51814595952405,0.0117974421069877,0.0252368882591235
"RAB11FIP4",452.378243246146,-0.895842069437594,0.225633632673599,-3.97033925670787,7.17703637227904e-05,0.00028598351857012
"ST6GALNAC6",1592.23480113667,-0.613334262357004,0.203095106103748,-3.01993619700364,0.00252827939662891,0.00685801848940339
"PSMF1",2817.47068216752,-0.500616181361063,0.181189343203096,-2.76294495311415,0.00572824262358639,0.0137559501841237
"TGFB1I1",867.807343844011,-0.488112760514331,0.202357066183905,-2.41213598180322,0.0158593653312019,0.0324531730511135
"SNX11",378.074576124903,-0.591549577007561,0.223957972004008,-2.64134190765477,0.00825783365295193,0.0186910673443673
"BCAP31",1720.93037643481,-0.739252268468726,0.203913310262461,-3.62532621101203,0.000288596923291687,0.00100653007284747
"ZNF385A",478.828174404069,-0.733623601625347,0.242603421028795,-3.02396231064801,0.00249487517370368,0.00677483524535502
"TMEM158",231.607242167088,-0.767954089179165,0.274454465993917,-2.79811110523589,0.00514024276952956,0.0125377335960581
"PRKCZ",241.072218769625,-0.661071920825462,0.266817948046974,-2.47761413976949,0.0132264096708489,0.0277951173932192
"FAM83D",673.09641166931,-0.612187230986308,0.202034279284657,-3.03011564747269,0.00244460113463435,0.00666024278299223
"LASP1",4813.31821233717,-0.503282712588888,0.189840576760028,-2.65108082359586,0.00802346386384337,0.018265005824361
"PPM1F",916.005123391815,-0.571329962798251,0.195124076297951,-2.92803417004184,0.00341112554747722,0.00880858874743792
"MRPS2",1002.9552735216,-0.526861927744958,0.194800013088553,-2.70462983750136,0.00683805409023676,0.0159818322042889
"MEA1",443.925388662025,-0.945971778846391,0.224948279947143,-4.20528567308303,2.60752588536947e-05,0.000114049011106438
"KREMEN1",684.39943849937,-0.710612470192404,0.199362296128868,-3.56442759734801,0.000364651087104699,0.00123564411508467
"DCAF11",667.852869336338,-0.689337964259079,0.207863691325694,-3.3162980983484,0.000912184722555023,0.0028048475874028
"CREB3L1",167.652773278176,-0.763920856300957,0.283122238689412,-2.69820152538066,0.00697152231472995,0.0162362653814581
"CAPN5",852.892243170039,-0.534482508734355,0.200733820137904,-2.66264303826413,0.0077529610662817,0.0177512858279103
"SLC1A5",1906.66383913408,-0.609813107824003,0.188069033874588,-3.24249609444291,0.00118487572253573,0.00354114394655296
"MYH9",4860.29068796939,-0.707597858940859,0.190929581209999,-3.70606720266457,0.000210502466854786,0.000757931399392024
"PARL",887.43959469946,-0.586733897088067,0.211699686345304,-2.77153881149849,0.00557920207566029,0.0134591621118415
"TSR2",307.019503600947,-0.552470320799505,0.239156712462695,-2.31007658162922,0.0208839146998786,0.0409162683490495
"RUVBL2",1232.50768691447,-0.83459123892376,0.200185589899498,-4.16908749197562,3.05821583729439e-05,0.000131039914967705
"AK2",2957.16010079597,-0.465359477581635,0.176725720867008,-2.63323004313466,0.00845770408997206,0.0190673577968741
"CHERP",1261.05529185769,-0.45505012739258,0.193450928847237,-2.35227677687669,0.0186588853028179,0.0371940152078375
"RNASEH2C",615.901664285492,-0.770892136229611,0.215344028317207,-3.57981664155585,0.000343835385455315,0.00117476100974688
"MPP2",271.237105205402,-0.561967217376339,0.245926233263005,-2.28510480529072,0.0223066831170313,0.0431823879312294
"ANAPC2",677.569457605681,-0.645546355540228,0.231807088633499,-2.78484303196127,0.00535536411773951,0.0129634125794536
"RNF26",1208.08928985993,-0.540712804634873,0.19477048003566,-2.77615378129107,0.00550061843440048,0.0132738893716951
"HOMER3",261.413929799645,-0.726338069857434,0.255414458735675,-2.84376253972807,0.00445842616567535,0.0110535778101355
"TRIOBP",473.651877728411,-0.567723475911214,0.218693213175498,-2.59598122716146,0.00943212184643399,0.0209133190592318
"RPL7A",17974.807194255,-0.506689048823669,0.176246588230414,-2.87488713348172,0.00404171948136627,0.0102079457582453
"PTDSS1",1478.7240995802,-0.53828754910002,0.181351166203893,-2.96820561106744,0.00299543883964913,0.0078916299267626
"ADAM15",1007.0574815052,-0.672296463930633,0.196592042210088,-3.41975420964488,0.000626777396289439,0.00201150747739139
"NADK",710.236743233066,-0.599734603562484,0.205583377014343,-2.91723296052599,0.00353151900943699,0.00906743843201228
"SIRPA",308.82781231863,-0.719857956558796,0.237678215317133,-3.02870818681591,0.00245601790600905,0.00668432259911703
"CCND1",7127.86986855827,-0.501945248324473,0.172407421654399,-2.91139002896669,0.00359824546379556,0.00921963075346841
"SERPINH1",8219.23561066984,-0.746887695716046,0.172996288942963,-4.31736253002686,1.57904691430642e-05,7.27287406133314e-05
"DCTPP1",412.069389601024,-0.758744545686106,0.237597758836826,-3.19339942178152,0.00140608309858838,0.00412367718809712
"ARFRP1",270.437113071471,-0.680130823973647,0.282777103953759,-2.40518349775895,0.0161643470200207,0.0329750014023424
"ZNF324",301.607639895699,-0.583499238311451,0.236737628230348,-2.46475071442255,0.0137108604718127,0.0286489543909652
"CYB5R3",4142.16973615593,-0.592709058488373,0.184111685852916,-3.21929081113231,0.00128508085562422,0.00379806817228085
"QSOX1",1540.04585904268,-0.488615186522793,0.195622294753737,-2.49774795422932,0.0124985023183499,0.0265187944152256
"AKR1B1",1384.94044528612,-0.567218873183302,0.190896113014741,-2.97134846920377,0.00296495148698259,0.00782589061817431
"TMEM9",2068.58070785635,-0.649725144558756,0.183843118683001,-3.5341281697852,0.000409122632914167,0.00136992416122613
"TMEM258",1132.81038895489,-0.439590265364364,0.189996876059995,-2.31367101649374,0.020685774905801,0.0406084490316577
"TSKU",864.760725816506,-0.596829080660845,0.192064222171287,-3.10744538422455,0.00188711851303829,0.00533067895035758
"TMEM203",850.119040182601,-0.458865532777407,0.206181078661146,-2.22554628076005,0.026044587852059,0.0489628358138043
"MAD2L2",1073.81824957813,-0.922219904578573,0.213407247434547,-4.32140855413742,1.55036303915705e-05,7.1540761592431e-05
"TROAP",639.509992270278,-0.702090501526475,0.204500766243261,-3.43319252257134,0.000596518365466811,0.00192637480632642
"CHTF18",168.772654576306,-0.891078722569472,0.295383288592091,-3.01668630888596,0.00255554120211157,0.00692058736484276
"RPS3",17752.4596976199,-0.600478755851966,0.184162163713467,-3.26059785432492,0.00111177597472966,0.00334377350284844
"MTSS1L",1861.86327000885,-0.551560514914557,0.207431948693312,-2.65899500240457,0.00783741255489997,0.0179073659899353
"MAPKAPK3",1040.54173685395,-0.615570346043001,0.194627546978489,-3.16281202532464,0.00156253188142815,0.00451692189321725
"DPP9",1711.70622972916,-0.634358302163057,0.191435601233926,-3.31369033802599,0.000920734157242984,0.00282762230480641
"BEGAIN",219.658068710255,-0.775276637047776,0.270152598885673,-2.86977301068227,0.00410766557827819,0.0103586430302669
"VPS4A",1643.77919956488,-0.656604986867159,0.200116917902393,-3.28110683369318,0.00103400570896655,0.00314040895052266
"NDUFB11",1448.35918185862,-0.480294095346121,0.195091781705749,-2.46188789269726,0.0138207859227206,0.0288664568607488
"GPSM1",152.033766526119,-0.812541907458366,0.325753991981632,-2.49434213381545,0.0126190845424314,0.0267288035097338
"POLR2C",1686.05381546429,-0.419259039964705,0.184220706471395,-2.27585187352327,0.0228548767843949,0.044054054607973
"MMAB",584.041050801915,-0.579482426645907,0.214368737681479,-2.70320398819969,0.00686745862077796,0.0160429798037433
"TK1",1403.47063832589,-1.19436970666636,0.195736102490325,-6.10193874032713,1.04789540257411e-09,1.37743276157749e-08
"NABP2",686.681251651983,-0.501201604758136,0.203845305338188,-2.45873508799539,0.0139427458032677,0.0290744457225368
"CUEDC1",559.337171958713,-0.577660536777295,0.213291688166778,-2.70831246047248,0.0067626320364772,0.015835470048983
"RASSF1",307.048714920822,-0.769576479998143,0.263307951430107,-2.92272404163389,0.00346983891146349,0.00893224071408729
"GPRIN1",158.248362565981,-0.699382434077376,0.282212915324553,-2.47820845928708,0.0132043973221146,0.0277783474376812
"DNMT1",3854.74031420723,-0.564266831258295,0.179424764370573,-3.14486594555527,0.00166162950888323,0.00477007492962554
"COPRS",648.546004769063,-0.594991179050124,0.221477722676945,-2.68646061490346,0.00722134611873391,0.0167158287846652
"NIPSNAP1",1029.91806977669,-0.463097388699084,0.202384464187129,-2.28820621463758,0.0221255149776846,0.0428568194225288
"EIF4H",5238.10364583338,-0.477509109217368,0.176540935286999,-2.70480672621957,0.00683441410732283,0.0159770975045539
"DTD1",514.875392663724,-0.674281577284812,0.212359588696139,-3.17518780962431,0.00149739551107777,0.00435150345526945
"STMN3",727.642223342008,-0.693523949375557,0.202406013667885,-3.42639992166199,0.000611639107931577,0.00196878175294528
"DCLRE1B",264.724219265362,-0.567408845742061,0.241804574260887,-2.34655960283809,0.0189476354583787,0.0376972252798055
"SIGMAR1",668.849416902665,-0.540903869307121,0.204441794857993,-2.64575973656872,0.00815076859144969,0.0185079852071964
"DHCR7",566.467259118915,-0.600985838505057,0.206081941887519,-2.9162469695335,0.00354269949791402,0.00909378621119113
"COPS9",480.08887385393,-0.481479251888075,0.213712993846173,-2.25292455654164,0.0242639062310694,0.0463190248553761
"CHAF1A",312.407318365797,-1.02628950370928,0.238701921274108,-4.29946059181805,1.71214315907534e-05,7.83599936270223e-05
"ECE1",6643.02140875128,-0.416343084140953,0.184127137513038,-2.26117176296988,0.0237486229241125,0.0454756954348744
"CCNF",732.20546542714,-0.716238962773807,0.208044669742503,-3.44271719943749,0.000575901199959259,0.00186588218566178
"GOT1",659.235067906796,-0.502264558969482,0.206139142205911,-2.43653172121854,0.0148288687731677,0.0306652449106299
"P4HA2",643.712035457046,-0.719798344817831,0.204580221932104,-3.51841609134981,0.000434131081598195,0.00144876245639209
"IFI6",532.876284771823,-0.50589592294495,0.212365175400177,-2.38219812637194,0.0172096354912197,0.0347492803125444
"LRRC47",1030.09638625909,-0.48445910942263,0.20383911651375,-2.37667390689436,0.0174695243157629,0.0351807429659046
"ILF3",4559.66547793616,-0.575066269356873,0.179333797315621,-3.20668093780882,0.0013427583288164,0.00395907713393648
"TMEM106C",1270.3771354764,-0.627299743995156,0.199878747619835,-3.13840141318209,0.00169872067980836,0.00486655203726284
"SLC1A4",560.083614836143,-0.473545712024019,0.212048372428382,-2.23319663622486,0.0255359800613614,0.0482173084027767
"ATP5MC1",864.255575855129,-0.526197981709518,0.199462909524083,-2.63807433153874,0.00833783036738018,0.0188462765417513
"FASN",5482.29989083878,-0.50414752476728,0.19508377931259,-2.58426162617788,0.00975877366597774,0.0215127709901665
"LSM10",648.632048801767,-0.755705932675667,0.22900867773103,-3.29990086036496,0.000967189890355816,0.00295744378583314
"B3GAT3",264.012111637336,-1.49292533055759,0.255125611755562,-5.85172660747197,4.86495856148983e-09,5.21140258026259e-08
"QTRT1",504.973203698008,-0.533421491603403,0.220629151339747,-2.41772897354796,0.0156177045219823,0.0320580753543303
"SNX17",2510.25633322563,-0.500561957245625,0.180716595074335,-2.76987266742009,0.00560782109683887,0.0135117364207671
"DHX38",1695.40150370101,-0.487004672047972,0.202238525858264,-2.4080707173928,0.0160370742539193,0.032749115115596
"TOE1",312.485738162846,-0.590397507222448,0.232486858789096,-2.53948765232377,0.0111014963969932,0.0240075620138604
"EPN2",1306.76718965526,-0.494261217139558,0.186313659373092,-2.65284477156772,0.00798165677848519,0.0181865650997805
"B3GALT6",269.610243580095,-0.660925701982772,0.244399170093155,-2.70428783260947,0.00684509674308068,0.0159945154775762
"CAD",3429.41068209409,-0.621182376852312,0.181305175426661,-3.426170132157,0.000612156816824414,0.00196980759848116
"PTBP1",4796.29196356816,-0.69199017617498,0.182287412916193,-3.79614897762098,0.000146961203862237,0.000548706901481863
"ALDH2",844.240169722485,-0.634863012233155,0.203250304939111,-3.12355256944556,0.00178681942913284,0.00508070632276843
"SRXN1",2734.43939769443,-0.498287215477934,0.185093306448233,-2.69208662938493,0.00710064986108205,0.0164775121773949
"MMP24",168.071757124775,-0.657206563939177,0.28169226691758,-2.33306569303682,0.0196446977091003,0.0388808674114526
"PARP3",378.790968325201,-0.503558916275182,0.223196364456368,-2.25612508295861,0.0240627986711149,0.0460149886488978
"PRDX4",1065.13066669784,-0.62845667858842,0.197266034250285,-3.18583318703033,0.0014433779496748,0.00421805578561595
"DPH2",340.648263779227,-0.698537711070418,0.230741453079531,-3.02736115139939,0.00246699020425604,0.00670647323310253
"FLNC",2354.19654817968,-0.794749926453981,0.20825452391835,-3.81624327529891,0.000135498914947699,0.000509949908803167
"UBXN6",757.677937716438,-0.712111427683753,0.216913980697715,-3.28292083983343,0.00102737510702692,0.00312410408889477
"RNF220",855.823384610993,-0.55066875346398,0.204567404461089,-2.69186948387334,0.00710527452369642,0.0164779773279164
"SERINC2",528.258182853307,-0.623969609944148,0.218523433980593,-2.85538991666936,0.00429840211945782,0.0107411219839418
"C19orf48",582.181792442149,-0.828469008804961,0.214386365250817,-3.86437359407493,0.00011137464787984,0.000427447175151088
"FIS1",406.094037179513,-0.639715776744932,0.258180359157032,-2.47778637706458,0.0132200270263033,0.0277933568026069
"RPS26",907.645606370948,-0.472319252309707,0.191928995814963,-2.46090618201883,0.0138586600341469,0.0289150541774844
"TIMM10",300.946875082331,-0.633659739656281,0.243962619548833,-2.59736405859277,0.00939422972791751,0.0208391048513957
"HYOU1",1926.65105627819,-0.680926142807817,0.187036619396466,-3.64060334818414,0.000271999899150851,0.00095368579588917
"MVD",410.581134921666,-0.641859837928479,0.236547183421998,-2.71345373317511,0.00665858656880576,0.015636225351848
"IL6R",371.294796913353,-1.36492055302432,0.228797353330477,-5.96563086572431,2.43690643203406e-09,2.84104827612169e-08
"PPP5C",1102.09426885273,-0.507048038823995,0.202424571168534,-2.50487396810063,0.0122495033384095,0.0260911521505438
"FAM83G",169.445684961025,-0.820092069219758,0.312784120166602,-2.62191082073777,0.00874383076586534,0.0195808270681365
"IFRD2",643.792864138306,-0.590674403955324,0.213692474534172,-2.76413292158713,0.00570742842724772,0.0137150100929589
"FUNDC2",893.164246174926,-0.578013474873245,0.199516549575795,-2.89707032375107,0.00376665311950038,0.00959648200175412
"UBA1",8631.90685745127,-0.561291727295946,0.179618045815254,-3.12491834964769,0.00177854419805317,0.00506299409615481
"PHGDH",728.305677122711,-1.1345201733929,0.223691175424092,-5.07181461781845,3.94040148665591e-07,2.5795035658016e-06
"C12orf43",419.556701662267,-0.638535977335106,0.22295123323005,-2.86401635050046,0.00418306418652561,0.010516629240089
"NUBP1",302.046670494849,-0.754352983711795,0.251995157865665,-2.99352174105635,0.00275777859665012,0.00738341697312495
"SOD3",1196.8634944546,-0.498302171651213,0.198735974547907,-2.50735767786769,0.0121637555460346,0.0259420065491598
"CDCA5",703.655800142963,-1.09732229446376,0.214704722007898,-5.11084378676776,3.20723103644495e-07,2.15221510499879e-06
"ARHGDIA",3965.91626396958,-0.842803128206301,0.201087630889615,-4.19122312236575,2.77454635695696e-05,0.000120449385268246
"APCDD1L",229.752834849225,-0.882316605979366,0.254438521693537,-3.46770056714167,0.000524931849740119,0.00171704410070314
"GPR153",660.55913484181,-0.600606831138851,0.213143930341781,-2.81784627962787,0.00483469503228751,0.0118714491266638
"DYNLT1",978.522491751989,-0.466938391754564,0.203718207322411,-2.29207981894113,0.0219010377021091,0.0424885282586193
"CDKN1A",1833.92262672718,-0.538152177003052,0.184912956052826,-2.91030000542155,0.00361081975358348,0.00924466992265112
"CSK",455.652837362068,-0.526093639539874,0.225707099976728,-2.33086881003796,0.0197602783787531,0.0390783687098697
"POR",1040.57570204612,-0.585221144896388,0.205135750195953,-2.85284814732372,0.00433293212102773,0.0108055838079951
"TONSL",330.829206333001,-0.770302434877666,0.239892987257986,-3.21102523121806,0.00132262321389326,0.00390436163767237
"EVA1A",121.28900920865,-1.32261654120817,0.31912060688027,-4.14456638867072,3.40457314320026e-05,0.000144504566772711
"RAB34",2846.05596614373,-0.531373760228326,0.186410160084306,-2.85056222250979,0.00436420105010932,0.0108616701015796
"ECM1",273.363860909755,-0.725349592301839,0.240843100824595,-3.01171007107282,0.00259780585260001,0.00701967849550501
"EIF6",4775.3446775768,-0.648929459724673,0.17792267199645,-3.64725558830199,0.000265056237586372,0.000932975334150038
"PYM1",407.309289941307,-0.716070522806612,0.228444943000399,-3.13454311310958,0.00172121959220124,0.00492103741294276
"CHMP1A",1239.7149261594,-0.633416435132694,0.212866856642658,-2.97564611571269,0.00292372032058639,0.00773356059143881
"SLC39A3",225.040385959603,-0.783869272768198,0.284967093122439,-2.75073610843692,0.00594615231636411,0.014219622040921
"CD320",444.640540672955,-1.08222717024508,0.223709605603723,-4.83764283310271,1.31387964108179e-06,7.59181592961329e-06
"PTOV1",857.843250020611,-0.518625051615346,0.204500408569406,-2.53605875530233,0.011210792289649,0.0242121802493881
"MRPL2",406.741131699591,-0.684848982572005,0.228596927784664,-2.99588008119307,0.00273654027788544,0.00733647770057154
"CD82",189.097675159484,-0.698160996213593,0.280198187884528,-2.49166849180806,0.0127144645817823,0.0269077978256322
"TSPAN5",1208.54078552512,-0.443700253081361,0.185951311102112,-2.38610983946066,0.0170276645130377,0.0344362187017603
"FOXK2",1632.72514607258,-0.421624992314718,0.180879466070937,-2.33097211902078,0.0197548298921957,0.0390754009338434
"SELENON",2853.1769299309,-0.452496462838706,0.182056942551786,-2.48546667046215,0.0129381701948312,0.0272936932200425
"SUMF1",555.596130140922,-0.507397344082944,0.206095507864587,-2.46195246728194,0.0138182978607828,0.0288664568607488
"DCTN1",3221.20534335741,-0.489717333350163,0.198605317037334,-2.46578158457916,0.0136714670511123,0.0285907840422375
"GADD45A",724.87226128012,-0.589741946089458,0.203055819767796,-2.90433412233077,0.00368035166562821,0.00940323200474652
"NENF",457.167662501279,-0.517189686773723,0.222885868830301,-2.32042385409142,0.0203179597125818,0.0399735967471944
"FANCG",328.59317874375,-0.512516700926579,0.23110246436831,-2.21770331323589,0.0265750682023838,0.0498181865657566
"MED18",387.969677045363,-0.548461333510449,0.226808522311304,-2.41816898201763,0.015598830923631,0.0320320671326248
"CCDC85B",354.313008967968,-1.04198470697368,0.248159723566567,-4.19884698450744,2.68277521926162e-05,0.000116926944607008
"ZNF469",257.339235275017,-0.632553916044074,0.265264666282191,-2.38461429827656,0.0170970360325075,0.0345360127856652
"PTPMT1",378.994975208915,-0.691756136345065,0.235646411196282,-2.93556830691076,0.00332937300454741,0.00864030781305984
"SURF6",385.379505380266,-0.580535579798471,0.237489258481954,-2.44447089316498,0.0145064785748514,0.030082783350907
"REEP4",358.369338771992,-0.84031499806038,0.235771407849757,-3.56410900593961,0.000365094219746837,0.00123672230905345
"MIDN",1040.39461356426,-0.565584029663361,0.190579809215944,-2.96770173078777,0.00300035325568108,0.00790037151495913
"S100A11",3418.25497672026,-0.633021768176806,0.175667379025036,-3.60352486437785,0.000313930700772007,0.00108343308097675
"E2F1",244.648437823959,-1.03405255078356,0.272473533719342,-3.79505685072765,0.000147609628770316,0.000550920100138984
"DAB2IP",864.697324174827,-0.484467810379578,0.205770908647927,-2.35440380548885,0.0185524448705971,0.0370076782203084
"EIF4EBP1",524.774715265855,-1.01114527252912,0.231306415015232,-4.37145365148015,1.23422052277003e-05,5.84512666716639e-05
"ATP13A1",1483.98065596625,-0.42641434684766,0.190840178936438,-2.23440550739414,0.0254564036617741,0.0481037578167697
"DCXR",386.262560515808,-0.790995878265549,0.239868604763237,-3.29762154178661,0.000975074635227633,0.00297787372399973
"KAT5",606.763257198587,-0.540291661734618,0.225020041567865,-2.40108240123878,0.016346655038913,0.033298866345989
"SLC25A5",1300.56220564197,-0.673271413109417,0.194100659694632,-3.4686714314554,0.000523038706121802,0.00171254949162871
"RPSA",11123.0112841083,-0.474265573361592,0.188662381605861,-2.51383221882777,0.0119427235648047,0.0255090802426493
"MFGE8",1042.40225251722,-0.479134761381223,0.200621945702483,-2.38824700709347,0.0169289594912381,0.0342804502954735
"CHMP2A",1111.76428559525,-0.596147257333096,0.219678269811312,-2.71372884466518,0.00665305983914202,0.0156269545058917
"ZNF526",398.296316884184,-0.594264430965421,0.220648142279223,-2.69326732066204,0.00707555131954153,0.0164321461663121
"LGALS3BP",2041.62813981881,-0.44549945059135,0.186607437674771,-2.38736170509874,0.016969786049326,0.0343420450452318
"NNMT",1270.69294099245,-0.527139430046932,0.197860930432693,-2.66419160616577,0.00771735915982776,0.0176820418898091
"THAP11",521.98103599411,-0.513201588198999,0.214035828428691,-2.39773682736477,0.0164967129265054,0.0335630965152211
"TSPAN4",660.199906561726,-0.512372043919805,0.212601368562942,-2.41001291470104,0.015951955838394,0.0326224088612446
"CAPZB",2755.57648509136,-0.627966848691317,0.200288994385605,-3.13530381745453,0.00171676212341867,0.00490971149887259
"RFNG",320.544323348874,-0.567422099793894,0.241347016823641,-2.3510632418901,0.0187198518840087,0.0373040253569394
"POP7",257.69021672304,-0.793972178417142,0.24637257594481,-3.22264836243382,0.00127011370682645,0.00375944541572017
"AURKA",1321.96076498863,-0.502817971446752,0.188209684595966,-2.67158394386645,0.0075494187381528,0.0173454379457373
"GMPPB",167.178057679538,-0.783618484637762,0.291864527750377,-2.68487058251892,0.00725578957774632,0.0167798610375077
"KIF18B",639.042561901744,-0.863147033095222,0.203576253725217,-4.23992001670431,2.23599444158561e-05,9.95138173687697e-05
"MAPK3",1120.07213334758,-0.541794010553982,0.20498473311033,-2.64309445066023,0.00821521150096657,0.018615879907639
"EXT2",2862.77060347666,-0.429837916952068,0.177932162471789,-2.4157404202864,0.0157032517669757,0.0322025149362165
"ZFYVE19",195.344099109751,-0.678575669609705,0.27574051858796,-2.46092113369709,0.0138580825162324,0.0289150541774844
"TRIM11",179.791473484015,-0.770342468585996,0.282619427281798,-2.72572369137912,0.0064160684269941,0.0151530053186322
"MGLL",199.978036449455,-0.654926897144136,0.272558382335862,-2.40288664590435,0.0162662286949376,0.033162334010812
"RABAC1",1664.25527061293,-0.66316567796997,0.190612786796628,-3.47912482218481,0.000503054213210633,0.00165422943599962
"DPP3",562.490305558427,-0.582290689495792,0.21889986605086,-2.66007787031034,0.00781225872455817,0.0178581378419577
"OAZ2",1257.0550639756,-0.487818966991902,0.198769477691977,-2.45419454061176,0.0141200569592769,0.0293817866972138
"LRRC59",1852.00026831614,-0.563314806663025,0.180478777188274,-3.12122464169502,0.00180100590481824,0.0051166350303935
"NDUFV1",1076.60384033165,-0.737816084470956,0.217271879877627,-3.39581949070682,0.000684234675783403,0.00216930007075725
"CILP2",299.806928973129,-0.871176679809556,0.291983219039663,-2.98365324786428,0.00284829360556747,0.00756843224373338
"SH3RF3",137.501565224831,-0.789111020207922,0.300172692242047,-2.62885679011605,0.00856724313329861,0.0192811670153228
"BANF1",3173.60412591136,-0.934092742217389,0.186963947923988,-4.99611156369652,5.84978269947622e-07,3.66927434470314e-06
"COL6A1",58695.0318494082,-0.573481187225004,0.188390438780688,-3.04410983347522,0.00233369922754059,0.0064057002091505
"S100A16",1924.63332965304,-1.17010091961207,0.185760812571367,-6.29896533835696,2.99638980554568e-10,4.72915842658459e-09
"AP2M1",8576.35939962248,-0.719053378419735,0.182693009159356,-3.93585601183312,8.29006688129193e-05,0.000326133076275944
"CCDC71",358.078009037326,-0.651602835048052,0.245421117606741,-2.6550398001698,0.00792990517648308,0.0180852998702372
"C1QL1",287.60973275561,-0.680128407327397,0.272217406683861,-2.49847508141631,0.0124728911224683,0.0264871650568958
"R3HDM4",445.548850074792,-1.03980744975274,0.232052500707547,-4.48091464897937,7.4323831784676e-06,3.68196840342704e-05
"PPP4C",1005.43499036799,-0.441175945463524,0.19722832116995,-2.23687928207515,0.0252942309835909,0.0478612690261103
"ERP29",660.413743390621,-0.513450061239079,0.211956563694606,-2.42243057864853,0.0154170711345586,0.0317251912868733
"NUBP2",264.801070159289,-0.761148306300496,0.256898991086668,-2.96283104531039,0.0030482383338603,0.0080115408997741
"NCAPD3",1649.16866589959,-0.413803397292758,0.182232343733905,-2.27074617388992,0.0231623480748947,0.0445339784858795
"RPL18A",2919.1584756355,-0.4195998229844,0.186804772870983,-2.2461943371982,0.0246915628033828,0.0469813703629147
"KRI1",342.427904432678,-0.609662118112894,0.240764385507626,-2.53219394067559,0.0113351277012027,0.0244274099687578
"PKIG",469.210781083039,-0.993163778615069,0.222253977304114,-4.46859845057398,7.87337736205442e-06,3.87714871291615e-05
"CITED2",1716.35897393422,-0.408214610755993,0.179134680919015,-2.27881395529737,0.0226781269834801,0.0437519741254024
"USE1",361.291222233649,-0.879401958751703,0.232342986975289,-3.78493007342301,0.000153751803944495,0.000572333717729451
"RHOBTB2",1134.7399886416,-0.444777085924801,0.192609998734934,-2.30921078264942,0.0209318875184232,0.0410021418280928
"SMPD4",1629.62302621045,-0.41339760790032,0.180939873516405,-2.28472364806223,0.0223290370912906,0.0432003145288495
"GRHPR",855.263807774672,-0.602678212196353,0.206814695738658,-2.91409761788847,0.00356718342475268,0.00915188738678124
"TNIP2",220.861367953757,-0.691296080003911,0.269481182450644,-2.56528516654599,0.0103091039492096,0.0224855687283553
"ACD",406.516887692278,-0.773432857695807,0.219699709163749,-3.52040911041599,0.000430881637643129,0.00143986038129362
"PPP1R14B",568.31055478758,-0.84169356332055,0.226787386834634,-3.71137731717984,0.000206134568743989,0.000744099183598834
"CYREN",353.134395089571,-0.66604812446502,0.243251063757068,-2.73810981205079,0.00617934387968409,0.0146815040137094
"GRK6",222.134787843085,-0.649078141985381,0.273435628096775,-2.37378774120708,0.017606668618074,0.0354065026374841
"CCDC12",170.518378235785,-0.716275498962454,0.278799538191046,-2.5691416263094,0.0101950781556397,0.0222810517960967
"SPC24",337.749992065906,-1.2385912543864,0.238864075499899,-5.18533920094201,2.15622057637076e-07,1.49665296387923e-06
"HMBS",404.117770495617,-0.533602518602659,0.225379545592088,-2.36757296320234,0.0179051891459042,0.0358901502969138
"CNPY2",803.723532671993,-0.517897247511809,0.209577619843893,-2.47114767262637,0.0134680190628852,0.0282488774495524
"ANPEP",540.82000080272,-0.907090589706485,0.216630933941073,-4.18726251696458,2.82339194806859e-05,0.000122103743055049
"CDCA3",625.891023538858,-0.873035182308981,0.206663351985684,-4.2244315400897,2.39544653714147e-05,0.000105943386169018
"ZNF395",7768.01469353908,-0.459770767931957,0.172010112512785,-2.67292870875706,0.00751922282323663,0.017291527500476
"FN3KRP",406.500485199396,-0.580272216563981,0.239637382665379,-2.42145949897247,0.0154583235007617,0.0317902526512652
"INTS11",1270.14649706395,-0.515296708310546,0.195822845348482,-2.63144326900947,0.0085023060769411,0.0191568007169504
"SLC35A2",366.170055764748,-0.664612979377492,0.226431603347701,-2.93515997569002,0.00333375763803814,0.00864262260379819
"RPL35",10511.3969023526,-0.663506464573008,0.174338833558976,-3.80584434935177,0.000141321241411055,0.000529246177633986
"PEF1",1167.32477397859,-0.486487487799331,0.190009717674975,-2.56032951236474,0.0104572958525196,0.0227887085751298
"VPS18",331.971657903796,-0.564066411787521,0.236420074516636,-2.38586512985736,0.0170389985773891,0.0344398627565852
"SLC4A3",706.515058520477,-0.496371282089272,0.205002167749957,-2.42129772351822,0.0154652053042462,0.0317977985254319
"EPHB2",1545.49840649857,-0.414343687358094,0.185102308096779,-2.2384577027611,0.0251912227438392,0.0477119637808113
"MON1A",142.545364374587,-0.788047635099911,0.311228677423123,-2.5320534136658,0.0113396715899805,0.0244318827596053
"TMEM115",599.843089548824,-0.652007282136359,0.21158477741327,-3.08154154617111,0.0020593173639716,0.00573687679949081
"CAPNS1",2996.23986071344,-0.608046328163398,0.18719866687476,-3.24813385861446,0.0011616460728814,0.00348212381265296
"SCAP",1699.27086104819,-0.430687544257539,0.192361931555917,-2.23894374928515,0.0251595764018699,0.0476611458805183
"IRF3",303.156753785363,-0.602380095986068,0.242338213237994,-2.48569999727812,0.0129296912457014,0.0272932574002883
"GSDME",488.050569100927,-0.503871229437051,0.210187979012644,-2.39724094500542,0.0165190572193816,0.0335955836194321
"ROMO1",1181.06095830802,-0.75401485883039,0.199489934340365,-3.77971380522844,0.000157008722845967,0.000582485884081479
"PATZ1",379.390988756332,-0.509435402443354,0.228186154820382,-2.23254299913314,0.0255790966236347,0.048280300987936
"PQLC1",380.954082317111,-0.680373912528832,0.231110081198397,-2.94393870228778,0.0032406417648013,0.00843657869226809
"IER5L",1075.36773667284,-0.638166224327045,0.205320928025503,-3.10814017092197,0.00188268751107357,0.00531968055512596
"DDX28",336.978898858003,-0.524834447231285,0.229115525948006,-2.29069786981782,0.0219808939212839,0.04262674138575
"CCDC124",211.769473049405,-0.805946391651551,0.288939065001485,-2.78932996355965,0.00528172229463393,0.0128102149650298
"TKT",16150.3638256495,-0.630374092921168,0.188987608945171,-3.33553134218473,0.000851365562587208,0.00263173527123304
"RANBP3",1617.40090365863,-0.5537190944165,0.195052969325563,-2.83881397105156,0.00452815472962286,0.011210524140522
"MRPL14",271.179701771722,-1.28660960308392,0.253240276191569,-5.08058837414407,3.76267639022128e-07,2.48286472736068e-06
"POLRMT",449.239753329951,-0.719166324729108,0.241682546453971,-2.97566512468899,0.00292353911865618,0.00773356059143881
"PRKAB1",660.031182650328,-0.501293385724274,0.200009838578762,-2.50634363432512,0.0121987000042328,0.0259941297399132
"CNDP2",638.763748015664,-0.587170861575501,0.208174000198814,-2.82057731039769,0.00479373209774404,0.0117825578106458
"CCNQ",137.619783337382,-0.874601529756664,0.302987884620576,-2.88658911511233,0.00389442443450807,0.00988638447108512
"SH3GLB2",498.546598740954,-0.587883322039079,0.212671085135173,-2.76428420753776,0.00570478267370425,0.0137119812783693
"PIH1D1",580.041812077097,-0.578635018603408,0.210922943892873,-2.74334791618163,0.00608162120244103,0.0144980459204627
"SORD",370.1540941354,-0.751577467273792,0.224863722812286,-3.342368692798,0.000830666458795464,0.0025766018831581
"NAGA",619.183440421332,-0.459599224980729,0.20523106473806,-2.23942328403023,0.0251283877711642,0.047620291433847
"PSMD4",2887.85443962542,-0.53885926345799,0.186401220150344,-2.890856953744,0.00384192950209281,0.00976564412216605
"ATG101",483.843165244883,-0.76015018837224,0.225371600484399,-3.37287478430478,0.000743877730074186,0.00233591563675288
"MRGBP",969.568411519743,-0.539621814680096,0.212443050344299,-2.54007751162277,0.0110827903848587,0.0239775867167937
"CARD19",757.903385260294,-0.6617565008447,0.209848572937806,-3.15349535896453,0.00161327793679992,0.0046527462174958
"TRAPPC1",1317.40328106054,-0.529824810166373,0.200849900544063,-2.63791422714764,0.00834176779566907,0.0188508716076558
"AHSA1",1033.46299124084,-0.717114489911565,0.2003425895229,-3.5794410545422,0.000344329903095251,0.00117604464487122
"MRPL18",685.145429394448,-0.495858200017696,0.207511990481597,-2.3895399917224,0.0168694871476846,0.0341901183835702
"PPDPF",3343.00891625515,-0.47686413050205,0.184023043473653,-2.59132835486619,0.0095606221455068,0.0211371538968565
"EPAS1",305.623258924078,-0.800652947532037,0.233489175808385,-3.42907950554889,0.000605632087323463,0.00195325721744139
"ELP6",502.661009746852,-0.678053469305812,0.221815718624765,-3.0568323719783,0.00223689331516704,0.0061863006520043
"ZC3H18",881.56652942643,-0.525298961836639,0.20760509622275,-2.53027970600981,0.0113971629476369,0.0245290538933921
"AEBP1",615.420104155006,-0.592818570629873,0.234155571328411,-2.53172951327485,0.0113501509489794,0.0244491390844392
"PROCR",662.198225175107,-0.46204720731568,0.199776948807341,-2.31281541776507,0.0207327897403493,0.0406568122921386
"BOP1",403.816077398483,-0.817210049074657,0.226005661292323,-3.61588309072333,0.000299325451292078,0.00103809506548318
"XKR5",100.573114927425,-0.750952800845296,0.331085876293559,-2.26815111913581,0.0233199975612088,0.0447935835165621
"SZRD1",3069.18210069264,-0.658191796193433,0.195694083845308,-3.36337094745142,0.0007699682657953,0.0024064243431771
"OBSL1",1452.05898428962,-0.547256154810981,0.207494903546084,-2.63744383817811,0.00835334564010971,0.018872726579732
"CDK2",1413.10896140305,-0.697324355121813,0.185552110664717,-3.75810521703977,0.000171204892640982,0.000629255858655937
"ACTN4",14119.9452749411,-0.582779450340047,0.182877631208944,-3.18671806107442,0.00143896969836888,0.00420641526120944
"NDUFA11",2081.67928883841,-0.537469335064507,0.188583441295189,-2.85003461265302,0.00437144716391467,0.0108742357447669
"SNAI1",1402.49767938633,-0.735837670957041,0.185838828529177,-3.95954751103864,7.50919049222116e-05,0.000297899669306634
"PIDD1",202.92353067569,-0.663113337080606,0.26900350049286,-2.46507326434664,0.0136985238645895,0.0286292206950394
"FDFT1",8543.81726356469,-0.431309777605577,0.17639363030475,-2.4451550595133,0.0144789876873235,0.0300421245594803
"TNIP1",622.317945939158,-0.516522184265851,0.210448826081968,-2.45438377529685,0.0141126276790193,0.0293817866972138
"ADRM1",1647.98550774509,-0.911245211049064,0.201097051263119,-4.53137032753789,5.86023044227206e-06,2.965468349571e-05
"MIIP",233.948715734863,-0.728945410772028,0.27938737129314,-2.60908503987892,0.009078467819662,0.0202247748095914
"XBP1",1316.45639775152,-0.484079144765913,0.187370883451913,-2.58353451639752,0.00977936811597232,0.0215389821121259
"CKB",5115.67040770571,-0.513571333127978,0.19832925089492,-2.58948859439841,0.00961186069054154,0.0212362047131652
"BCKDHA",693.39332073848,-0.637966182722451,0.206652704117221,-3.08714171173184,0.0020209122905778,0.00564259234192921
"NGEF",1104.619287963,-0.539071219017099,0.206717127822204,-2.60777239262318,0.00911335292870536,0.0202887915628263
"FBXW5",1425.00472576781,-0.651283020481983,0.204113110595737,-3.19079464607202,0.00141882086557139,0.00415610799864625
"FDPS",877.306564455031,-0.564750573418969,0.199569841630371,-2.82983926231178,0.00465713949855389,0.0114896228207095
"TSSC4",349.014345720628,-0.828159119094894,0.235490417811728,-3.5167423234902,0.000436877673410522,0.00145743687610966
"SMARCD2",938.646535157333,-0.46847855124577,0.201327470542668,-2.32694798172853,0.01996803400946,0.0394262119739947
"ZWINT",743.997535525892,-0.780410283924113,0.196688674217047,-3.9677438827155,7.2556247159127e-05,0.000288534244427898
"TWF2",922.052769718397,-0.879339597017759,0.205215936256029,-4.28494790931192,1.82782009429498e-05,8.29897398776684e-05
"LRWD1",224.375650384004,-0.856542584572739,0.255563043454701,-3.35159017123132,0.000803488677092194,0.00250092167479828
"UBE2T",493.086221150814,-0.626311772996129,0.210219700409267,-2.97932007217587,0.00288888838346357,0.00765574758220144
"PFKP",872.541610809136,-0.717717723214018,0.210264619959427,-3.41340223263671,0.000641571735219881,0.00205178579489705
"LRP3",893.35312623903,-0.645951681770133,0.205815866862631,-3.13849311822622,0.00169818922631447,0.00486643803186468
"MRPL28",536.450397025625,-0.80631909845696,0.235529681638478,-3.42342881308099,0.00061836445682242,0.00198655351951584
"RNF40",2249.89072286821,-0.617300795710992,0.204716097719001,-3.01539938768429,0.00256641069398305,0.006948121731139
"RTF2",3354.2212453257,-0.566789951858007,0.187833908985029,-3.01750602391596,0.00254863975586202,0.00690378661836953
"CH25H",377.466231971644,-0.69898785442616,0.23052032208086,-3.03221793252994,0.00242763864769138,0.00662314424885591
"CDC42EP4",1812.00329382525,-0.468557797272531,0.196769482204845,-2.38125237726013,0.0172538865172496,0.03481732288435
"LAMTOR1",875.002194346874,-0.450321787846779,0.196190693765246,-2.29532695564865,0.0217143939410617,0.0421925934881486
"ARPC5L",498.748678169535,-0.881576841324974,0.225511243603145,-3.90923675130085,9.25881901717058e-05,0.000360802325322655
"POLE4",411.016250965641,-0.855329287241416,0.226959476978733,-3.76864318964555,0.000164137318465107,0.000605979551722354
"TYMS",265.917294033421,-1.16151534231984,0.252337945490059,-4.60301497685611,4.16418270819118e-06,2.17619499010238e-05
"ECHS1",1506.68041513772,-0.600151675425558,0.198662586214649,-3.02095974315522,0.00251974858482035,0.00683862667742031
"TIMM17B",234.756211518851,-0.878699423656913,0.27492282728314,-3.19616756578728,0.0013926620650774,0.00409037659351219
"RHOT2",630.569853600754,-0.561128000633693,0.21229258253464,-2.64318231910969,0.00821307971695784,0.018615879907639
"SEC61A1",6905.58877497929,-0.392319240310275,0.173247761243926,-2.26449818164117,0.0235434914683484,0.0451527763134495
"RPL36",3192.53002798408,-0.429241153290128,0.181950144944525,-2.3591141046961,0.0183186221597266,0.0366150488968042
"MICAL2",325.55172402174,-0.789663776693594,0.232813883775519,-3.39182424985872,0.000694289588502576,0.00219555218753946
"ARL2",366.573417211739,-0.79547751662471,0.23530860035308,-3.38057136641457,0.000723352875174602,0.00227727314200961
"TNFRSF10B",3677.04625931665,-0.466484667710617,0.172633824709017,-2.70216261788152,0.00688900597752836,0.016089518915898
"HSF1",1550.61755231909,-0.60274805063711,0.203788413499238,-2.95771501572323,0.0030992851335041,0.00813059216841336
"TPI1",7524.64309779688,-0.602259793320319,0.185465225549605,-3.24729227021179,0.00116508679000744,0.00349138027474829
"PLTP",3058.40230342716,-0.460333505934677,0.183883412774755,-2.50339875135206,0.0123006869747069,0.0261832687474513
"WDR74",422.367171687675,-0.535782021630334,0.233391544846766,-2.29563595365935,0.0216967052422754,0.0421665007830438
"SPAG5",1768.29843291105,-0.593790207946203,0.186748086014503,-3.17963209486436,0.00147462142156217,0.00429793958498893
"SAPCD2",377.483450095844,-1.25340178902206,0.234968082113738,-5.33434914966597,9.58878636482646e-08,7.24502346862995e-07
"SGTA",1711.0657688798,-0.676221825729262,0.203065526928044,-3.33006707716018,0.000868250650153423,0.00268058170156537
"TUBB4B",6187.75437108447,-1.12418814214171,0.187189473720446,-6.00561623363824,1.90606555266072e-09,2.29516263263209e-08
"LAMC3",166.090111339922,-1.01862509473817,0.294789225459307,-3.45543529669737,0.000549405039405375,0.00178999706386912
"HDHD5",235.299204102934,-0.74717647107385,0.268450340046105,-2.7832949324837,0.0053809866616815,0.0130158861137154
"MRPL24",923.382539897114,-0.748709692386098,0.209703498919819,-3.57032522701194,0.000356538277820961,0.00121188731932413
"SLC29A1",137.095259628478,-0.844993395892298,0.307058839337203,-2.75189405951069,0.00592516855069544,0.0141797191283326
"COL6A2",63639.6550447878,-0.774303494732506,0.198456859046509,-3.90162123119689,9.55505874979442e-05,0.000371177282203553
"TTC38",438.515529603392,-0.494419784091834,0.215240507456201,-2.29705732408405,0.0216154998349881,0.0420771185111163
"ELOB",1909.30880581381,-0.586789785173333,0.191312364584956,-3.06718170802158,0.00216087455781944,0.00599616943462204
"MSRB1",375.886859528137,-0.528764889780722,0.232187708174857,-2.2773164606221,0.0227673346753146,0.0439024115753485
"PPIA",9579.22726434881,-0.440445956862252,0.18233628240343,-2.41556946898664,0.015710625270478,0.0322025149362165
"SRF",556.20750109114,-0.575354868689472,0.207171244019448,-2.77719464114171,0.00548303334160921,0.0132465374701606
"UBE2S",535.104119916406,-1.23595843626491,0.230057014171657,-5.37240057954809,7.76952693832688e-08,5.99865660183771e-07
"NDN",611.469611411312,-0.549903974163855,0.213164432931384,-2.57971729430521,0.00988812273741987,0.0217301596036816
"MRPL27",680.260171798125,-0.538617703912054,0.202804951517513,-2.65584099343622,0.0079110906518558,0.0180465488066533
"PLXNB2",3434.84461235495,-0.577243918958249,0.190629642478553,-3.0280910746774,0.00246103904787236,0.00669581212090177
"CKS1B",1918.46505230094,-0.850400789561967,0.198385400953554,-4.28660972770403,1.8142060968139e-05,8.24094169172278e-05
"CHID1",1405.81268720029,-0.544197949227566,0.1918385806173,-2.83674924760411,0.0045575389921173,0.0112776302359943
"HYAL2",524.698762651612,-0.475861812520201,0.213281700650517,-2.23114224553163,0.0256717081755862,0.0484271584467971
"MYDGF",1105.42147592642,-1.04863676249822,0.223061469312197,-4.70111115887317,2.58749603482832e-06,1.40642700454315e-05
"ESPL1",882.713219509984,-0.821094995366716,0.198232847469835,-4.14207335387068,3.44180219000907e-05,0.000145897036731091
"CREB3",529.368099319778,-0.737702467374703,0.228772204402242,-3.22461581074608,0.0012614182476432,0.0037362396406478
"RRAS",802.098973151833,-0.686755403332169,0.210454563385094,-3.26320034256293,0.00110161614396913,0.00332129046390694
"LAMP1",1373.54808837338,-0.959010457923389,0.196164139719297,-4.88881637232826,1.01444065024019e-06,6.04231805920548e-06
"SHKBP1",552.656613323421,-0.52008483954695,0.216206607370754,-2.40549928548252,0.0161503835408696,0.0329533078308653
"BIN1",644.809976296184,-0.627367604661391,0.228099583240196,-2.75041100798836,0.00595205563948851,0.0142268646992652
"BAD",281.731944985164,-0.77013355525012,0.25030654524303,-3.07676155452657,0.00209262623184353,0.00581984109097703
"DDA1",841.434699243227,-0.664329263930233,0.206406590970567,-3.21854675670199,0.00128841963066602,0.00380679925502456
"WDR62",327.118495024788,-1.0177597806041,0.231092601642379,-4.40412100331581,1.06213649562439e-05,5.09598983698024e-05
"CIAO2B",892.110772646424,-0.686153612348342,0.214089623054301,-3.20498304662954,0.00135070436060369,0.00398131976213678
"CSF1",5718.6652332928,-0.489675371759594,0.177128412957471,-2.76452187192106,0.00570062853089245,0.0137053245564181
"USP22",10742.795425863,-0.383377364629221,0.170869496992136,-2.24368521812214,0.0248526618559614,0.0472062266456162
"SHMT1",321.956117322465,-0.702710935356554,0.241719541492018,-2.90713332906003,0.00364757692289378,0.00932912568031076
"DAZAP1",881.350920892887,-0.548981538610867,0.21790029362212,-2.51941624072754,0.0117549604039487,0.0251514479200787
"FZR1",935.448694515051,-0.580680235044277,0.214527920317446,-2.7067816356259,0.00679389286226313,0.015889875130123
"DHCR24",5453.6757169811,-0.716198378165449,0.184491070437877,-3.88202191285248,0.000103591539975976,0.000399279230016437
"RHOA",10857.4529262144,-0.494492398602092,0.174615058718824,-2.83190007912406,0.00462723060031112,0.0114215282997206
"TEX261",1648.58151309463,-0.570897183575196,0.183641646189422,-3.10875662150365,0.00187876410085842,0.00531314487722762
"PDIA4",3575.99056579539,-0.669585832886472,0.187112590008768,-3.57851832875113,0.000345547639044824,0.00117979666480361
"RUVBL1",1128.15367402773,-0.76197671879573,0.200035918795239,-3.80919948469707,0.000139417443495934,0.000522907864995361
"TCIRG1",355.120723774739,-0.621159046242539,0.228529608035096,-2.71806813823067,0.00656643139787203,0.0154454700513634
"SLC25A22",362.337388352558,-1.15986141500939,0.228188990258399,-5.08289823140012,3.7171888681556e-07,2.45612385961309e-06
"UNG",1060.24819834614,-0.495926706262467,0.189570808231625,-2.61604996512188,0.00889535396838813,0.0198660229194733
"CD248",515.789917418936,-0.55405851449595,0.211171269850839,-2.62374003285252,0.00869701390223331,0.0195066946758
"CTSZ",827.747532467061,-0.766209419130565,0.221562499143915,-3.45820895725173,0.000543779449723007,0.00177341976716914
"YARS",2162.98425496525,-0.66074921159867,0.191085444494068,-3.45787306483819,0.000544457845643957,0.0017750473505217
"CANT1",1321.45949633791,-0.444334032045049,0.186543151317275,-2.38193698834497,0.0172218440206762,0.0347668391019075
"EMP3",3393.66890100241,-0.417429544340871,0.174569733440841,-2.39119082164568,0.0167938218816469,0.0340695324829967
"PMM1",530.22090668422,-0.486091177265172,0.216039820689032,-2.25000731677542,0.0244484808501041,0.0466174269802215
"FAM3A",173.320136993766,-0.672588016147446,0.291931612153529,-2.30392320717129,0.021226954718488,0.0414570634971575
"C19orf70",515.997475662297,-0.837755457177052,0.241532007140728,-3.46850699869744,0.000523358894686766,0.00171303119696085
"EVA1B",149.160373663622,-0.830936932160371,0.315563110127341,-2.63318780140384,0.00845875612104204,0.0190673577968741
"CEBPB",871.564907575529,-0.575828704579964,0.218554525123733,-2.63471417145888,0.00842081604355851,0.0189975090759395
"STIP1",6527.06504889669,-0.701158422308922,0.189321679061971,-3.70352949426046,0.000212620448138375,0.000763612915701611
"OSGIN1",296.630261720041,-0.643667421886728,0.247403191922957,-2.60169408843832,0.00927645577230275,0.0206101816462969
"AMFR",2104.13672870286,-0.461959258780808,0.181467331947675,-2.54568827249861,0.0109062533411316,0.023662888112784
"TP73",104.083849435881,-1.14283892183708,0.335839527855374,-3.4029315403553,0.000666669826515081,0.00212040422327965
"PDRG1",352.797809509697,-0.73137676625565,0.262094876591611,-2.79050386549624,0.00526260718104617,0.0127701117621954
"CDC25C",194.864831758004,-0.633084209881886,0.274993382661846,-2.30217979703307,0.021325034810031,0.0416239784164241
"SPSB1",257.020390853951,-1.07736458198811,0.264520258417886,-4.07290008119567,4.64313470828853e-05,0.000192050761983451
"PKD1",2745.08574935137,-0.477705098096528,0.199600532412063,-2.39330573082008,0.0166973211329349,0.0338946030709167
"COL5A3",349.858416905181,-0.558355449917697,0.243092241604651,-2.29688716608969,0.0216252073010758,0.0420771185111163
"STC2",570.535178352058,-0.844506843842834,0.20635941189989,-4.09240768844856,4.26917215664778e-05,0.000177921120027367
"MRPL9",862.904277856176,-0.584683359157535,0.199193189238357,-2.93525778362781,0.00333270690421008,0.00864216215296603
"CKAP4",3995.51492735807,-0.524922539254947,0.180885314076979,-2.9019632795151,0.00370832005682261,0.0094624779382393
"BRI3",704.237521841161,-0.534243005151594,0.207073720017651,-2.57996526602244,0.00988102530673879,0.021724208904065
"WARS",1034.92474447257,-0.443502773753479,0.198542653937796,-2.2337909006315,0.0254968345466705,0.0481617687677375
"SNX8",607.623957656223,-0.902550707305693,0.217015904966157,-4.15891502259451,3.19762821873119e-05,0.000136621998428025
"MTG1",285.226005910237,-0.597050171017923,0.249333027277577,-2.39458918674757,0.0166389962730068,0.0338039378305053
"HAUS7",105.851395553105,-0.88708399721794,0.359291455106129,-2.46898161537382,0.0135498179657765,0.0283843594127525
"ORAI2",820.252208283308,-0.655368596350828,0.212856332441507,-3.07892459121893,0.00207749259763206,0.00578100133015523
"INCENP",764.880097418249,-0.492942699206487,0.199059732722225,-2.47635567708893,0.0132731276007154,0.0278755393574966
"HTRA1",1786.13586701078,-0.521355515379596,0.189483880843937,-2.75145048252942,0.00593319891521056,0.0141955046803853
"BRMS1",368.721820882487,-0.760252859139558,0.245782528623167,-3.09319325258133,0.00198015142831204,0.00555385061984488
"CCDC85C",338.949423115162,-0.634086252086415,0.230665466078613,-2.74894314639328,0.0059787755538968,0.0142872816109296
"SELENOS",493.17680986155,-0.578634538091144,0.217025885285129,-2.66620056557278,0.00767139110271551,0.017593009530741
"FBXO44",364.943549352063,-0.627761169147147,0.237777836199082,-2.64011641783782,0.00828775522397836,0.0187416498073881
"SHMT2",2052.79236259759,-0.713374436520926,0.192771065201647,-3.70063025680075,0.000215064649507701,0.000770713215361051
"HLA-A",650.813639507322,-0.61749185176595,0.211366282924512,-2.92143024526993,0.0034842828933628,0.00895901536751357
"STK32B",816.657902631744,-0.470278481391843,0.19961864426544,-2.35588455738882,0.0184786593670563,0.0368827929855058
"RPS19",6332.76340969373,-0.505334753891462,0.177562583914887,-2.84595291840138,0.00442787410811067,0.0110031376388423
"RER1",2184.30497021018,-0.450746779847262,0.182765202557401,-2.46626148489999,0.0136531623849551,0.0285766549558649
"EEF2",28042.0831271867,-0.507728232287269,0.191944632703408,-2.64518067078129,0.00816473099875476,0.0185269388871331
"ADM",536.330765387277,-0.66711850371344,0.208343948480548,-3.20200566696914,0.00136474313225612,0.00401671945378266
"CUEDC2",392.440189340217,-0.901286193625935,0.247530833187938,-3.64110677453113,0.000271468513151495,0.000952159937340008
"PDLIM2",313.019440056843,-0.811988081719989,0.266476300256485,-3.04713057385759,0.00231037324612848,0.00635224288616103
"TMEM189",793.339856904751,-0.633451343816704,0.201535137656252,-3.14313102510764,0.00167151001131184,0.00479414838944208
"GABARAP",5129.6959086793,-0.438609585993591,0.181758155922523,-2.41314940596424,0.0158153350941432,0.0323831582047641
"EFHD2",455.515005687711,-0.744899377816436,0.246751721578664,-3.01882140092369,0.00253760078590056,0.00687764857032961
"SPOCK2",1571.92988914037,-0.684679749562628,0.198944032854698,-3.44156967031374,0.000578349514514636,0.00187136433300617
"POLR2F",297.096682720094,-1.17744762985529,0.263531269705926,-4.46796173816185,7.89684257037545e-06,3.88677015224148e-05
"GTF3C5",1486.04200916949,-0.609675502600642,0.19262810074136,-3.16503926609984,0.00155062023584825,0.00448641891096929
"ATF4",4583.56613418494,-0.442024012316169,0.182986258672679,-2.41561314779843,0.0157087410181644,0.0322025149362165
"MRPL17",1199.76680369998,-0.472287798067832,0.196045192984527,-2.40907614656539,0.0159929607640807,0.0326792579774713
"SOX13",380.522228110602,-0.530466545101183,0.222732565027622,-2.38162993828674,0.0172362087122722,0.0347887426252182
"MRPS15",692.497167728974,-0.666676357942738,0.213656474274975,-3.1203190083757,0.00180655278174426,0.00512944906302488
"PSMD8",2890.44947096512,-0.627351031389391,0.19224917459747,-3.26321833476234,0.00110154620418604,0.00332129046390694
"DCHS1",4574.28630093969,-0.434937460899595,0.178201725163011,-2.44070286357629,0.0146587102812564,0.0303730195444579
"RFXANK",629.416998892226,-0.612312322553169,0.211623486522111,-2.89340437876773,0.00381090308280516,0.0096967400292045
"PGAM1",1449.77293558407,-0.604879801549662,0.18367186861982,-3.29326317685423,0.000990317302150783,0.00301697773366834
"PLEKHO2",390.159078599983,-0.531191925663197,0.23722738252061,-2.23916783981313,0.0251449975300764,0.0476426465453093
"GDI1",2436.51744682706,-0.45400714817631,0.18253264403174,-2.48726550028698,0.0128729288868749,0.0272082532825726
"IDH3G",628.665434768268,-0.567396100332348,0.212951272515204,-2.66444099455587,0.00771163938482294,0.0176771205722505
"ZNF512B",909.687450159189,-0.594199811213344,0.205146870572797,-2.89646051901382,0.00377398126594684,0.00961020493191197
"SEC14L2",310.743861111122,-0.729456753428777,0.237192998086449,-3.07537220454928,0.0021024000469205,0.00584538080461212
"KIAA1522",1653.61152933628,-0.636189958139467,0.190295119987642,-3.34317536981917,0.000828255390650174,0.00256992848171016
"DOLPP1",474.893121788676,-0.559676071492386,0.213394412064044,-2.6227306801474,0.00872281950287696,0.0195468570159557
"MAP3K11",607.88325883164,-0.639773035843455,0.232019533938761,-2.75741022741782,0.00582612085956801,0.0139561820590523
"DAG1",3011.69091969057,-0.394450059146953,0.173738063897298,-2.27037213549315,0.0231850136598184,0.0445688998261571
"FHL2",1989.81783119282,-0.620104223290144,0.180050773205445,-3.44405198739459,0.000573065501012604,0.00185851976704546
"TRAF2",445.252173176733,-0.796898357070286,0.234729067674021,-3.39497091249464,0.000686358921820087,0.00217464167995366
"DDX39A",2460.73907453114,-0.726923613728195,0.188580656383952,-3.85470931996424,0.000115867213197987,0.00044262974767799
"CHST2",1006.59980298688,-0.581733665738754,0.198624978221566,-2.92880417632988,0.00340268718653435,0.00878909127670067
"PHF1",276.860673271695,-0.575154548018498,0.249561478669072,-2.30466076369573,0.0211855799724118,0.041408939685413
"KCNN4",549.913683160399,-0.860625018465104,0.222677821826863,-3.86488879496162,0.000111139824456539,0.000426711397389768
"RNF114",6365.2102250046,-0.396075273994599,0.174464409590711,-2.27023537306996,0.0231933058519532,0.0445761827810938
"AURKB",744.919656326236,-1.46916913800766,0.213318384851403,-6.88721292837033,5.68960309860598e-12,1.72747519846632e-10
"GMPPA",693.950294903455,-0.640969860562768,0.205289859682871,-3.12226751751367,0.00179463783038498,0.00510000724810523
"YIPF2",615.268771142313,-0.566805876766109,0.210197911172147,-2.6965342976311,0.00700651818439753,0.0163024252442799
"GPR137",326.729769844684,-0.517956982137509,0.233479298478017,-2.2184278671125,0.0265256727988106,0.0497350084036044
"TBL3",542.431344506179,-0.596509558565569,0.220058465622301,-2.71068671172775,0.00671440337218786,0.0157486171985582
